latitude,longitude,acq_datetime,frp,satellite,confidence,daynight,source,weight
0.3574,-78.04,2026-07-30T06:38:00Z,0.67,N21,n,N,VIIRS_NOAA21_NRT,1
0.9936,-77.4995,2026-07-30T06:38:00Z,2.52,N21,n,N,VIIRS_NOAA21_NRT,1
0.9964,-77.4955,2026-07-30T06:38:00Z,1.95,N21,n,N,VIIRS_NOAA21_NRT,1
0.9969,-77.4989,2026-07-30T06:38:00Z,2.52,N21,n,N,VIIRS_NOAA21_NRT,1
3.8557,-75.1437,2026-07-30T06:37:00Z,3.93,N21,n,N,VIIRS_NOAA21_NRT,1
1.8377,-77.0875,2026-07-30T06:37:00Z,2.89,N21,n,N,VIIRS_NOAA21_NRT,1
3.1972,-76.752,2026-07-30T06:37:00Z,3.97,N21,n,N,VIIRS_NOAA21_NRT,1
1.8372,-77.0841,2026-07-30T06:37:00Z,2.89,N21,n,N,VIIRS_NOAA21_NRT,1
1.8344,-77.0881,2026-07-30T06:37:00Z,2.89,N21,n,N,VIIRS_NOAA21_NRT,1
1.8339,-77.0847,2026-07-30T06:37:00Z,2.89,N21,n,N,VIIRS_NOAA21_NRT,1
2.7622,-76.4712,2026-07-30T06:37:00Z,0.96,N21,n,N,VIIRS_NOAA21_NRT,1
4.2835,-70.9949,2026-07-30T06:36:00Z,5.0,N21,n,N,VIIRS_NOAA21_NRT,1
8.4664,-81.2717,2026-07-30T06:36:00Z,2.81,N21,n,N,VIIRS_NOAA21_NRT,1
11.0331,-72.2711,2026-07-30T06:35:00Z,1.76,N21,n,N,VIIRS_NOAA21_NRT,1
10.9773,-72.723,2026-07-30T06:35:00Z,3.74,N21,n,N,VIIRS_NOAA21_NRT,1
10.7707,-71.5226,2026-07-30T06:35:00Z,5.84,N21,n,N,VIIRS_NOAA21_NRT,1
10.4867,-71.6373,2026-07-30T06:35:00Z,2.38,N21,n,N,VIIRS_NOAA21_NRT,1
10.466,-74.4667,2026-07-30T06:35:00Z,0.75,N21,n,N,VIIRS_NOAA21_NRT,1
10.3177,-75.4865,2026-07-30T06:35:00Z,0.94,N21,n,N,VIIRS_NOAA21_NRT,1
9.8744,-66.3204,2026-07-30T06:35:00Z,0.83,N21,n,N,VIIRS_NOAA21_NRT,1
9.6837,-66.3995,2026-07-30T06:35:00Z,0.77,N21,n,N,VIIRS_NOAA21_NRT,1
9.6536,-63.6326,2026-07-30T06:35:00Z,51.13,N21,n,N,VIIRS_NOAA21_NRT,1
11.135,-72.5744,2026-07-30T06:35:00Z,4.02,N21,n,N,VIIRS_NOAA21_NRT,1
8.937,-63.9262,2026-07-30T06:35:00Z,1.96,N21,n,N,VIIRS_NOAA21_NRT,1
9.2286,-64.2999,2026-07-30T06:35:00Z,1.7,N21,n,N,VIIRS_NOAA21_NRT,1
9.226,-64.0615,2026-07-30T06:35:00Z,3.0,N21,n,N,VIIRS_NOAA21_NRT,1
9.225,-64.0563,2026-07-30T06:35:00Z,2.6,N21,n,N,VIIRS_NOAA21_NRT,1
9.2231,-64.509,2026-07-30T06:35:00Z,0.79,N21,n,N,VIIRS_NOAA21_NRT,1
9.2018,-71.1275,2026-07-30T06:35:00Z,1.37,N21,n,N,VIIRS_NOAA21_NRT,1
9.0276,-73.5474,2026-07-30T06:35:00Z,4.41,N21,n,N,VIIRS_NOAA21_NRT,1
8.9321,-63.9274,2026-07-30T06:35:00Z,2.31,N21,n,N,VIIRS_NOAA21_NRT,1
8.904,-66.0223,2026-07-30T06:35:00Z,0.51,N21,n,N,VIIRS_NOAA21_NRT,1
8.8944,-73.7383,2026-07-30T06:35:00Z,18.42,N21,n,N,VIIRS_NOAA21_NRT,1
8.7256,-62.9128,2026-07-30T06:35:00Z,5.88,N21,n,N,VIIRS_NOAA21_NRT,1
8.7244,-62.9065,2026-07-30T06:35:00Z,5.88,N21,n,N,VIIRS_NOAA21_NRT,1
8.7242,-62.9116,2026-07-30T06:35:00Z,6.31,N21,n,N,VIIRS_NOAA21_NRT,1
8.723,-62.9054,2026-07-30T06:35:00Z,4.6,N21,n,N,VIIRS_NOAA21_NRT,1
8.6913,-63.1556,2026-07-30T06:35:00Z,1.02,N21,n,N,VIIRS_NOAA21_NRT,1
8.6878,-63.1578,2026-07-30T06:35:00Z,7.59,N21,n,N,VIIRS_NOAA21_NRT,1
9.6526,-63.6272,2026-07-30T06:35:00Z,51.13,N21,n,N,VIIRS_NOAA21_NRT,1
9.6516,-63.6218,2026-07-30T06:35:00Z,28.52,N21,h,N,VIIRS_NOAA21_NRT,1
9.6506,-63.6163,2026-07-30T06:35:00Z,28.52,N21,n,N,VIIRS_NOAA21_NRT,1
9.389,-64.548,2026-07-30T06:35:00Z,7.63,N21,n,N,VIIRS_NOAA21_NRT,1
9.6151,-63.7095,2026-07-30T06:35:00Z,2.4,N21,n,N,VIIRS_NOAA21_NRT,1
9.5609,-63.6357,2026-07-30T06:35:00Z,11.17,N21,n,N,VIIRS_NOAA21_NRT,1
9.5598,-63.6302,2026-07-30T06:35:00Z,18.9,N21,h,N,VIIRS_NOAA21_NRT,1
9.5291,-70.8634,2026-07-30T06:35:00Z,1.47,N21,n,N,VIIRS_NOAA21_NRT,1
9.5285,-70.8599,2026-07-30T06:35:00Z,1.28,N21,n,N,VIIRS_NOAA21_NRT,1
9.4886,-70.7222,2026-07-30T06:35:00Z,1.69,N21,n,N,VIIRS_NOAA21_NRT,1
9.488,-70.7186,2026-07-30T06:35:00Z,1.47,N21,n,N,VIIRS_NOAA21_NRT,1
9.3887,-64.5482,2026-07-30T06:35:00Z,5.72,N21,n,N,VIIRS_NOAA21_NRT,1
9.6174,-63.6866,2026-07-30T06:35:00Z,2.35,N21,n,N,VIIRS_NOAA21_NRT,1
9.388,-64.5433,2026-07-30T06:35:00Z,8.84,N21,n,N,VIIRS_NOAA21_NRT,1
9.3878,-64.5435,2026-07-30T06:35:00Z,5.72,N21,n,N,VIIRS_NOAA21_NRT,1
9.3721,-64.5266,2026-07-30T06:35:00Z,7.3,N21,n,N,VIIRS_NOAA21_NRT,1
9.3721,-64.5268,2026-07-30T06:35:00Z,9.54,N21,n,N,VIIRS_NOAA21_NRT,1
9.3712,-64.5219,2026-07-30T06:35:00Z,7.3,N21,n,N,VIIRS_NOAA21_NRT,1
9.3712,-64.522,2026-07-30T06:35:00Z,9.49,N21,n,N,VIIRS_NOAA21_NRT,1
9.2337,-64.3035,2026-07-30T06:35:00Z,4.23,N21,n,N,VIIRS_NOAA21_NRT,1
9.6172,-63.7204,2026-07-30T06:35:00Z,33.58,N21,n,N,VIIRS_NOAA21_NRT,1
9.6183,-63.7258,2026-07-30T06:35:00Z,29.34,N21,n,N,VIIRS_NOAA21_NRT,1
9.6497,-63.5764,2026-07-30T06:35:00Z,10.6,N21,n,N,VIIRS_NOAA21_NRT,1
9.6399,-63.5954,2026-07-30T06:35:00Z,2.79,N21,n,N,VIIRS_NOAA21_NRT,1
9.6486,-63.5709,2026-07-30T06:35:00Z,10.6,N21,n,N,VIIRS_NOAA21_NRT,1
9.6476,-63.5653,2026-07-30T06:35:00Z,16.8,N21,n,N,VIIRS_NOAA21_NRT,1
9.6465,-63.5598,2026-07-30T06:35:00Z,16.8,N21,n,N,VIIRS_NOAA21_NRT,1
9.6462,-63.6283,2026-07-30T06:35:00Z,5.55,N21,n,N,VIIRS_NOAA21_NRT,1
9.6422,-63.5719,2026-07-30T06:35:00Z,10.6,N21,h,N,VIIRS_NOAA21_NRT,1
9.6411,-63.5664,2026-07-30T06:35:00Z,16.8,N21,n,N,VIIRS_NOAA21_NRT,1
9.64,-63.5608,2026-07-30T06:35:00Z,16.8,N21,n,N,VIIRS_NOAA21_NRT,1
9.6395,-63.733,2026-07-30T06:35:00Z,1.62,N21,n,N,VIIRS_NOAA21_NRT,1
9.6184,-63.692,2026-07-30T06:35:00Z,3.58,N21,n,N,VIIRS_NOAA21_NRT,1
9.639,-63.5552,2026-07-30T06:35:00Z,7.79,N21,n,N,VIIRS_NOAA21_NRT,1
9.6331,-63.7342,2026-07-30T06:35:00Z,1.62,N21,n,N,VIIRS_NOAA21_NRT,1
9.6295,-63.9883,2026-07-30T06:35:00Z,1.72,N21,n,N,VIIRS_NOAA21_NRT,1
9.6247,-63.7246,2026-07-30T06:35:00Z,29.34,N21,n,N,VIIRS_NOAA21_NRT,1
9.6213,-63.776,2026-07-30T06:35:00Z,2.42,N21,n,N,VIIRS_NOAA21_NRT,1
9.6194,-63.6975,2026-07-30T06:35:00Z,3.58,N21,n,N,VIIRS_NOAA21_NRT,1
9.6193,-63.7312,2026-07-30T06:35:00Z,29.34,N21,n,N,VIIRS_NOAA21_NRT,1
8.6866,-63.1517,2026-07-30T06:35:00Z,7.59,N21,n,N,VIIRS_NOAA21_NRT,1
8.6846,-63.1571,2026-07-30T06:35:00Z,8.72,N21,n,N,VIIRS_NOAA21_NRT,1
8.6835,-63.151,2026-07-30T06:35:00Z,7.03,N21,n,N,VIIRS_NOAA21_NRT,1
8.5526,-64.1338,2026-07-30T06:35:00Z,6.6,N21,n,N,VIIRS_NOAA21_NRT,1
8.6675,-62.9826,2026-07-30T06:35:00Z,1.32,N21,n,N,VIIRS_NOAA21_NRT,1
8.0927,-73.3408,2026-07-30T06:35:00Z,0.84,N21,n,N,VIIRS_NOAA21_NRT,1
8.494,-71.3522,2026-07-30T06:35:00Z,0.46,N21,n,N,VIIRS_NOAA21_NRT,1
8.5233,-64.0733,2026-07-30T06:35:00Z,0.41,N21,n,N,VIIRS_NOAA21_NRT,1
8.528,-64.0725,2026-07-30T06:35:00Z,1.4,N21,n,N,VIIRS_NOAA21_NRT,1
8.5418,-63.9632,2026-07-30T06:35:00Z,0.58,N21,n,N,VIIRS_NOAA21_NRT,1
8.5483,-72.8585,2026-07-30T06:35:00Z,1.98,N21,n,N,VIIRS_NOAA21_NRT,1
9.2295,-64.305,2026-07-30T06:35:00Z,1.7,N21,n,N,VIIRS_NOAA21_NRT,1
8.5546,-64.1332,2026-07-30T06:35:00Z,12.6,N21,n,N,VIIRS_NOAA21_NRT,1
8.5589,-64.1325,2026-07-30T06:35:00Z,6.6,N21,n,N,VIIRS_NOAA21_NRT,1
8.5599,-64.1378,2026-07-30T06:35:00Z,6.6,N21,n,N,VIIRS_NOAA21_NRT,1
8.5621,-63.9301,2026-07-30T06:35:00Z,1.04,N21,n,N,VIIRS_NOAA21_NRT,1
8.6127,-63.109,2026-07-30T06:35:00Z,0.99,N21,n,N,VIIRS_NOAA21_NRT,1
8.5556,-64.1385,2026-07-30T06:35:00Z,9.62,N21,n,N,VIIRS_NOAA21_NRT,1
8.6666,-62.9877,2026-07-30T06:35:00Z,2.43,N21,n,N,VIIRS_NOAA21_NRT,1
9.6774,-63.4738,2026-07-30T06:34:00Z,12.84,N21,h,N,VIIRS_NOAA21_NRT,1
9.6538,-63.628,2026-07-30T06:34:00Z,21.22,N21,n,N,VIIRS_NOAA21_NRT,1
9.6548,-63.5306,2026-07-30T06:34:00Z,6.49,N21,n,N,VIIRS_NOAA21_NRT,1
9.6559,-63.5362,2026-07-30T06:34:00Z,6.49,N21,n,N,VIIRS_NOAA21_NRT,1
9.6581,-63.5474,2026-07-30T06:34:00Z,8.36,N21,n,N,VIIRS_NOAA21_NRT,1
9.6743,-63.5618,2026-07-30T06:34:00Z,1.79,N21,n,N,VIIRS_NOAA21_NRT,1
9.6932,-63.4164,2026-07-30T06:34:00Z,1.21,N21,n,N,VIIRS_NOAA21_NRT,1
9.6838,-63.4726,2026-07-30T06:34:00Z,12.84,N21,n,N,VIIRS_NOAA21_NRT,1
9.6517,-63.6172,2026-07-30T06:34:00Z,18.77,N21,n,N,VIIRS_NOAA21_NRT,1
9.7011,-63.5273,2026-07-30T06:34:00Z,5.68,N21,n,N,VIIRS_NOAA21_NRT,1
9.7018,-63.53,2026-07-30T06:34:00Z,6.61,N21,n,N,VIIRS_NOAA21_NRT,1
9.7022,-63.5329,2026-07-30T06:34:00Z,4.63,N21,n,N,VIIRS_NOAA21_NRT,1
9.6528,-63.6226,2026-07-30T06:34:00Z,21.22,N21,h,N,VIIRS_NOAA21_NRT,1
9.6484,-63.6345,2026-07-30T06:34:00Z,30.78,N21,n,N,VIIRS_NOAA21_NRT,1
9.6494,-63.5373,2026-07-30T06:34:00Z,6.49,N21,n,N,VIIRS_NOAA21_NRT,1
9.6493,-63.5023,2026-07-30T06:34:00Z,0.6,N21,n,N,VIIRS_NOAA21_NRT,1
9.728,-63.4591,2026-07-30T06:34:00Z,18.42,N21,h,N,VIIRS_NOAA21_NRT,1
9.6484,-63.5664,2026-07-30T06:34:00Z,22.09,N21,n,N,VIIRS_NOAA21_NRT,1
9.6483,-63.5317,2026-07-30T06:34:00Z,6.49,N21,n,N,VIIRS_NOAA21_NRT,1
9.6474,-63.6291,2026-07-30T06:34:00Z,36.87,N21,h,N,VIIRS_NOAA21_NRT,1
9.6473,-63.5608,2026-07-30T06:34:00Z,17.29,N21,n,N,VIIRS_NOAA21_NRT,1
9.6472,-63.5261,2026-07-30T06:34:00Z,4.81,N21,n,N,VIIRS_NOAA21_NRT,1
9.6463,-63.6237,2026-07-30T06:34:00Z,36.87,N21,n,N,VIIRS_NOAA21_NRT,1
9.643,-63.5729,2026-07-30T06:34:00Z,22.09,N21,h,N,VIIRS_NOAA21_NRT,1
9.6419,-63.5674,2026-07-30T06:34:00Z,22.09,N21,n,N,VIIRS_NOAA21_NRT,1
9.6408,-63.5619,2026-07-30T06:34:00Z,17.29,N21,n,N,VIIRS_NOAA21_NRT,1
9.6397,-63.5563,2026-07-30T06:34:00Z,17.29,N21,n,N,VIIRS_NOAA21_NRT,1
9.635,-63.7347,2026-07-30T06:34:00Z,2.68,N21,n,N,VIIRS_NOAA21_NRT,1
9.6345,-63.5975,2026-07-30T06:34:00Z,2.24,N21,n,N,VIIRS_NOAA21_NRT,1
9.7278,-63.4561,2026-07-30T06:34:00Z,17.17,N21,n,N,VIIRS_NOAA21_NRT,1
9.7313,-63.4756,2026-07-30T06:34:00Z,2.96,N21,n,N,VIIRS_NOAA21_NRT,1
9.7288,-63.4616,2026-07-30T06:34:00Z,17.17,N21,h,N,VIIRS_NOAA21_NRT,1
10.0748,-64.8583,2026-07-30T06:34:00Z,2.23,N21,n,N,VIIRS_NOAA21_NRT,1
15.4323,-88.1979,2026-07-30T06:34:00Z,1.69,N21,n,N,VIIRS_NOAA21_NRT,1
11.748,-70.172,2026-07-30T06:34:00Z,2.21,N21,n,N,VIIRS_NOAA21_NRT,1
11.7437,-70.1955,2026-07-30T06:34:00Z,4.3,N21,n,N,VIIRS_NOAA21_NRT,1
11.7397,-70.1963,2026-07-30T06:34:00Z,4.3,N21,n,N,VIIRS_NOAA21_NRT,1
11.739,-70.1926,2026-07-30T06:34:00Z,4.3,N21,n,N,VIIRS_NOAA21_NRT,1
11.7374,-70.2304,2026-07-30T06:34:00Z,2.13,N21,n,N,VIIRS_NOAA21_NRT,1
11.735,-70.1933,2026-07-30T06:34:00Z,3.69,N21,n,N,VIIRS_NOAA21_NRT,1
11.633,-70.2336,2026-07-30T06:34:00Z,6.07,N21,n,N,VIIRS_NOAA21_NRT,1
11.629,-70.2344,2026-07-30T06:34:00Z,6.07,N21,n,N,VIIRS_NOAA21_NRT,1
11.623,-70.2241,2026-07-30T06:34:00Z,2.43,N21,n,N,VIIRS_NOAA21_NRT,1
10.2884,-66.6825,2026-07-30T06:34:00Z,0.68,N21,n,N,VIIRS_NOAA21_NRT,1
10.2419,-64.5571,2026-07-30T06:34:00Z,1.89,N21,n,N,VIIRS_NOAA21_NRT,1
10.2133,-64.6137,2026-07-30T06:34:00Z,6.0,N21,n,N,VIIRS_NOAA21_NRT,1
10.058,-64.867,2026-07-30T06:34:00Z,3.99,N21,n,N,VIIRS_NOAA21_NRT,1
9.7291,-63.4646,2026-07-30T06:34:00Z,18.42,N21,n,N,VIIRS_NOAA21_NRT,1
10.0572,-64.8626,2026-07-30T06:34:00Z,3.99,N21,n,N,VIIRS_NOAA21_NRT,1
10.0563,-64.8581,2026-07-30T06:34:00Z,5.45,N21,n,N,VIIRS_NOAA21_NRT,1
10.0555,-64.8536,2026-07-30T06:34:00Z,5.45,N21,n,N,VIIRS_NOAA21_NRT,1
10.0554,-64.8856,2026-07-30T06:34:00Z,16.39,N21,h,N,VIIRS_NOAA21_NRT,1
9.9772,-63.1831,2026-07-30T06:34:00Z,3.99,N21,n,N,VIIRS_NOAA21_NRT,1
9.9761,-63.1773,2026-07-30T06:34:00Z,3.4,N21,n,N,VIIRS_NOAA21_NRT,1
9.9756,-63.1819,2026-07-30T06:34:00Z,3.8,N21,n,N,VIIRS_NOAA21_NRT,1
9.8532,-63.3416,2026-07-30T06:34:00Z,3.14,N21,n,N,VIIRS_NOAA21_NRT,1
9.7421,-63.4276,2026-07-30T06:34:00Z,1.23,N21,n,N,VIIRS_NOAA21_NRT,1
9.7378,-63.4746,2026-07-30T06:34:00Z,2.96,N21,n,N,VIIRS_NOAA21_NRT,1
9.7374,-63.4717,2026-07-30T06:34:00Z,5.79,N21,n,N,VIIRS_NOAA21_NRT,1
9.7367,-63.4691,2026-07-30T06:34:00Z,2.96,N21,n,N,VIIRS_NOAA21_NRT,1
9.7309,-63.4727,2026-07-30T06:34:00Z,5.79,N21,n,N,VIIRS_NOAA21_NRT,1
9.7717,-63.2669,2026-07-30T06:34:00Z,2.09,N21,n,N,VIIRS_NOAA21_NRT,1
9.6932,-63.4194,2026-07-30T06:34:00Z,0.9,N21,n,N,VIIRS_NOAA21_NRT,1
18.3875,-74.0515,2026-07-30T06:33:00Z,4.44,N21,n,N,VIIRS_NOAA21_NRT,1
18.3848,-74.0557,2026-07-30T06:33:00Z,1.02,N21,n,N,VIIRS_NOAA21_NRT,1
18.3842,-74.0521,2026-07-30T06:33:00Z,1.62,N21,n,N,VIIRS_NOAA21_NRT,1
18.3568,-72.0536,2026-07-30T06:33:00Z,0.53,N21,n,N,VIIRS_NOAA21_NRT,1
18.0664,-71.6595,2026-07-30T06:33:00Z,1.09,N21,n,N,VIIRS_NOAA21_NRT,1
20.1105,-74.8904,2026-07-30T06:32:00Z,1.39,N21,n,N,VIIRS_NOAA21_NRT,1
20.603,-76.4394,2026-07-30T06:32:00Z,0.73,N21,n,N,VIIRS_NOAA21_NRT,1
20.6024,-76.4351,2026-07-30T06:32:00Z,2.25,N21,n,N,VIIRS_NOAA21_NRT,1
20.6023,-74.9326,2026-07-30T06:32:00Z,1.47,N21,n,N,VIIRS_NOAA21_NRT,1
20.5995,-74.937,2026-07-30T06:32:00Z,1.21,N21,n,N,VIIRS_NOAA21_NRT,1
20.599,-74.9331,2026-07-30T06:32:00Z,1.21,N21,n,N,VIIRS_NOAA21_NRT,1
20.1362,-74.8833,2026-07-30T06:32:00Z,1.29,N21,n,N,VIIRS_NOAA21_NRT,1
19.6759,-71.6996,2026-07-30T06:32:00Z,0.84,N21,n,N,VIIRS_NOAA21_NRT,1
20.035,-75.9789,2026-07-30T06:32:00Z,1.08,N21,n,N,VIIRS_NOAA21_NRT,1
22.1907,-78.7998,2026-07-30T06:32:00Z,4.59,N21,n,N,VIIRS_NOAA21_NRT,1
18.9894,-70.9343,2026-07-30T06:32:00Z,0.49,N21,n,N,VIIRS_NOAA21_NRT,1
18.5672,-69.9641,2026-07-30T06:32:00Z,2.19,N21,n,N,VIIRS_NOAA21_NRT,1
18.4692,-70.6453,2026-07-30T06:32:00Z,5.4,N21,n,N,VIIRS_NOAA21_NRT,1
18.4017,-70.3942,2026-07-30T06:32:00Z,1.56,N21,n,N,VIIRS_NOAA21_NRT,1
22.0045,-78.5618,2026-07-30T06:32:00Z,2.18,N21,n,N,VIIRS_NOAA21_NRT,1
22.1948,-78.7992,2026-07-30T06:32:00Z,4.59,N21,n,N,VIIRS_NOAA21_NRT,1
22.1911,-78.8037,2026-07-30T06:32:00Z,4.59,N21,n,N,VIIRS_NOAA21_NRT,1
22.1953,-78.8032,2026-07-30T06:32:00Z,4.59,N21,n,N,VIIRS_NOAA21_NRT,1
22.6129,-79.6273,2026-07-30T06:32:00Z,1.47,N21,n,N,VIIRS_NOAA21_NRT,1
22.6134,-79.6318,2026-07-30T06:32:00Z,4.08,N21,n,N,VIIRS_NOAA21_NRT,1
22.6139,-79.6364,2026-07-30T06:32:00Z,4.08,N21,n,N,VIIRS_NOAA21_NRT,1
22.6173,-79.6267,2026-07-30T06:32:00Z,2.83,N21,n,N,VIIRS_NOAA21_NRT,1
22.6178,-79.6313,2026-07-30T06:32:00Z,1.71,N21,n,N,VIIRS_NOAA21_NRT,1
22.6969,-80.096,2026-07-30T06:32:00Z,1.09,N21,n,N,VIIRS_NOAA21_NRT,1
22.728,-79.8174,2026-07-30T06:32:00Z,2.94,N21,n,N,VIIRS_NOAA21_NRT,1
22.7285,-79.8221,2026-07-30T06:32:00Z,2.94,N21,n,N,VIIRS_NOAA21_NRT,1
22.729,-79.8269,2026-07-30T06:32:00Z,3.53,N21,n,N,VIIRS_NOAA21_NRT,1
23.0864,-81.271,2026-07-30T06:32:00Z,1.54,N21,n,N,VIIRS_NOAA21_NRT,1
23.1427,-81.7155,2026-07-30T06:32:00Z,1.36,N21,n,N,VIIRS_NOAA21_NRT,1
26.3231,-80.7795,2026-07-30T06:31:00Z,5.08,N21,n,N,VIIRS_NOAA21_NRT,1
26.3266,-80.7815,2026-07-30T06:31:00Z,4.22,N21,n,N,VIIRS_NOAA21_NRT,1
26.3236,-80.7856,2026-07-30T06:31:00Z,5.08,N21,n,N,VIIRS_NOAA21_NRT,1
26.3216,-80.782,2026-07-30T06:31:00Z,3.63,N21,n,N,VIIRS_NOAA21_NRT,1
26.2789,-80.1547,2026-07-30T06:31:00Z,1.28,N21,n,N,VIIRS_NOAA21_NRT,1
26.3167,-80.7826,2026-07-30T06:31:00Z,3.63,N21,n,N,VIIRS_NOAA21_NRT,1
30.9705,-81.6693,2026-07-30T06:29:00Z,1.32,N21,n,N,VIIRS_NOAA21_NRT,1
33.9648,-81.0535,2026-07-30T06:29:00Z,1.32,N21,n,N,VIIRS_NOAA21_NRT,1
33.9646,-81.0495,2026-07-30T06:29:00Z,1.32,N21,n,N,VIIRS_NOAA21_NRT,1
33.0132,-79.885,2026-07-30T06:29:00Z,6.86,N21,n,N,VIIRS_NOAA21_NRT,1
33.0026,-79.8791,2026-07-30T06:29:00Z,1.79,N21,n,N,VIIRS_NOAA21_NRT,1
32.2754,-82.6083,2026-07-30T06:29:00Z,0.67,N21,n,N,VIIRS_NOAA21_NRT,1
31.9069,-82.5085,2026-07-30T06:29:00Z,1.0,N21,n,N,VIIRS_NOAA21_NRT,1
30.9795,-81.654,2026-07-30T06:29:00Z,5.72,N21,n,N,VIIRS_NOAA21_NRT,1
30.9754,-81.6605,2026-07-30T06:29:00Z,1.37,N21,n,N,VIIRS_NOAA21_NRT,1
34.8558,-77.499,2026-07-30T06:28:00Z,0.75,N21,n,N,VIIRS_NOAA21_NRT,1
35.5228,-79.3144,2026-07-30T06:28:00Z,0.4,N21,n,N,VIIRS_NOAA21_NRT,1
35.5028,-80.3297,2026-07-30T06:28:00Z,1.23,N21,n,N,VIIRS_NOAA21_NRT,1
34.963,-78.2889,2026-07-30T06:28:00Z,1.66,N21,n,N,VIIRS_NOAA21_NRT,1
34.9606,-78.2883,2026-07-30T06:28:00Z,2.54,N21,n,N,VIIRS_NOAA21_NRT,1
36.8014,-78.7384,2026-07-30T06:28:00Z,1.24,N21,n,N,VIIRS_NOAA21_NRT,1
34.8465,-80.1666,2026-07-30T06:28:00Z,0.25,N21,n,N,VIIRS_NOAA21_NRT,1
34.5833,-85.7764,2026-07-30T06:28:00Z,1.43,N21,n,N,VIIRS_NOAA21_NRT,1
34.3771,-79.8871,2026-07-30T06:28:00Z,1.2,N21,n,N,VIIRS_NOAA21_NRT,1
34.334,-77.8358,2026-07-30T06:28:00Z,1.22,N21,n,N,VIIRS_NOAA21_NRT,1
35.8943,-79.2814,2026-07-30T06:28:00Z,0.64,N21,n,N,VIIRS_NOAA21_NRT,1
35.7142,-78.8353,2026-07-30T06:28:00Z,0.7,N21,n,N,VIIRS_NOAA21_NRT,1
37.0268,-85.6744,2026-07-30T06:28:00Z,1.64,N21,n,N,VIIRS_NOAA21_NRT,1
35.8944,-79.283,2026-07-30T06:28:00Z,1.26,N21,n,N,VIIRS_NOAA21_NRT,1
35.8946,-79.2849,2026-07-30T06:28:00Z,0.64,N21,n,N,VIIRS_NOAA21_NRT,1
36.639,-80.6128,2026-07-30T06:28:00Z,0.98,N21,n,N,VIIRS_NOAA21_NRT,1
36.8037,-78.7336,2026-07-30T06:28:00Z,0.54,N21,n,N,VIIRS_NOAA21_NRT,1
37.0312,-85.6771,2026-07-30T06:28:00Z,1.85,N21,n,N,VIIRS_NOAA21_NRT,1
37.1775,-81.5372,2026-07-30T06:28:00Z,0.68,N21,n,N,VIIRS_NOAA21_NRT,1
37.1788,-81.5398,2026-07-30T06:28:00Z,0.44,N21,n,N,VIIRS_NOAA21_NRT,1
37.181,-77.4483,2026-07-30T06:28:00Z,2.76,N21,n,N,VIIRS_NOAA21_NRT,1
37.2386,-78.0491,2026-07-30T06:28:00Z,3.15,N21,n,N,VIIRS_NOAA21_NRT,1
34.2818,-77.9844,2026-07-30T06:28:00Z,1.17,N21,n,N,VIIRS_NOAA21_NRT,1
40.7588,-81.4328,2026-07-30T06:27:00Z,0.88,N21,n,N,VIIRS_NOAA21_NRT,1
40.7204,-84.1231,2026-07-30T06:27:00Z,2.35,N21,n,N,VIIRS_NOAA21_NRT,1
40.8305,-80.3185,2026-07-30T06:27:00Z,0.81,N21,n,N,VIIRS_NOAA21_NRT,1
40.752,-81.4423,2026-07-30T06:27:00Z,1.39,N21,n,N,VIIRS_NOAA21_NRT,1
40.7575,-81.431,2026-07-30T06:27:00Z,1.29,N21,n,N,VIIRS_NOAA21_NRT,1
39.4698,-84.3892,2026-07-30T06:27:00Z,2.41,N21,n,N,VIIRS_NOAA21_NRT,1
39.7332,-82.1494,2026-07-30T06:27:00Z,1.09,N21,n,N,VIIRS_NOAA21_NRT,1
39.4701,-84.4045,2026-07-30T06:27:00Z,1.8,N21,n,N,VIIRS_NOAA21_NRT,1
37.6765,-81.7143,2026-07-30T06:27:00Z,1.4,N21,n,N,VIIRS_NOAA21_NRT,1
38.5943,-82.8307,2026-07-30T06:27:00Z,1.04,N21,n,N,VIIRS_NOAA21_NRT,1
38.5956,-82.8307,2026-07-30T06:27:00Z,0.95,N21,n,N,VIIRS_NOAA21_NRT,1
38.7752,-79.3942,2026-07-30T06:27:00Z,1.05,N21,n,N,VIIRS_NOAA21_NRT,1
38.8345,-84.2391,2026-07-30T06:27:00Z,3.83,N21,n,N,VIIRS_NOAA21_NRT,1
38.8375,-84.2438,2026-07-30T06:27:00Z,4.17,N21,n,N,VIIRS_NOAA21_NRT,1
38.9501,-81.9277,2026-07-30T06:27:00Z,1.52,N21,n,N,VIIRS_NOAA21_NRT,1
39.0883,-82.3337,2026-07-30T06:27:00Z,0.85,N21,n,N,VIIRS_NOAA21_NRT,1
39.3018,-81.5696,2026-07-30T06:27:00Z,1.0,N21,n,N,VIIRS_NOAA21_NRT,1
39.3345,-81.366,2026-07-30T06:27:00Z,1.43,N21,n,N,VIIRS_NOAA21_NRT,1
39.4657,-84.3835,2026-07-30T06:27:00Z,1.24,N21,n,N,VIIRS_NOAA21_NRT,1
39.4856,-84.3602,2026-07-30T06:27:00Z,1.26,N21,n,N,VIIRS_NOAA21_NRT,1
39.5912,-75.6374,2026-07-30T06:27:00Z,2.13,N21,n,N,VIIRS_NOAA21_NRT,1
39.4828,-84.3659,2026-07-30T06:27:00Z,2.37,N21,n,N,VIIRS_NOAA21_NRT,1
39.7776,-83.9685,2026-07-30T06:27:00Z,1.43,N21,n,N,VIIRS_NOAA21_NRT,1
40.3932,-78.3454,2026-07-30T06:27:00Z,0.93,N21,n,N,VIIRS_NOAA21_NRT,1
40.5672,-83.1388,2026-07-30T06:27:00Z,0.97,N21,n,N,VIIRS_NOAA21_NRT,1
39.7796,-83.9679,2026-07-30T06:27:00Z,0.92,N21,n,N,VIIRS_NOAA21_NRT,1
40.3937,-78.344,2026-07-30T06:27:00Z,1.14,N21,n,N,VIIRS_NOAA21_NRT,1
40.3935,-79.8584,2026-07-30T06:27:00Z,6.28,N21,n,N,VIIRS_NOAA21_NRT,1
40.7531,-81.4386,2026-07-30T06:27:00Z,2.24,N21,n,N,VIIRS_NOAA21_NRT,1
40.3932,-79.8538,2026-07-30T06:27:00Z,4.03,N21,n,N,VIIRS_NOAA21_NRT,1
39.4726,-84.3989,2026-07-30T06:27:00Z,2.73,N21,n,N,VIIRS_NOAA21_NRT,1
40.393,-79.8492,2026-07-30T06:27:00Z,4.03,N21,n,N,VIIRS_NOAA21_NRT,1
40.3052,-79.8768,2026-07-30T06:27:00Z,1.8,N21,n,N,VIIRS_NOAA21_NRT,1
40.312,-80.6108,2026-07-30T06:27:00Z,1.95,N21,n,N,VIIRS_NOAA21_NRT,1
39.9616,-76.5954,2026-07-30T06:27:00Z,1.2,N21,n,N,VIIRS_NOAA21_NRT,1
39.9414,-76.8173,2026-07-30T06:27:00Z,1.57,N21,n,N,VIIRS_NOAA21_NRT,1
40.3118,-80.606,2026-07-30T06:27:00Z,1.95,N21,n,N,VIIRS_NOAA21_NRT,1
43.2759,-79.7981,2026-07-30T06:26:00Z,2.0,N21,n,N,VIIRS_NOAA21_NRT,1
43.2708,-79.8083,2026-07-30T06:26:00Z,1.75,N21,n,N,VIIRS_NOAA21_NRT,1
43.2706,-79.8034,2026-07-30T06:26:00Z,2.0,N21,n,N,VIIRS_NOAA21_NRT,1
42.9654,-81.87,2026-07-30T06:26:00Z,1.11,N21,n,N,VIIRS_NOAA21_NRT,1
42.8066,-80.0977,2026-07-30T06:26:00Z,2.51,N21,n,N,VIIRS_NOAA21_NRT,1
42.9644,-81.8699,2026-07-30T06:26:00Z,0.63,N21,n,N,VIIRS_NOAA21_NRT,1
42.9514,-82.4198,2026-07-30T06:26:00Z,1.5,N21,n,N,VIIRS_NOAA21_NRT,1
42.9471,-82.419,2026-07-30T06:26:00Z,2.09,N21,n,N,VIIRS_NOAA21_NRT,1
42.9288,-82.4394,2026-07-30T06:26:00Z,1.08,N21,n,N,VIIRS_NOAA21_NRT,1
42.8124,-80.1023,2026-07-30T06:26:00Z,2.51,N21,n,N,VIIRS_NOAA21_NRT,1
42.8122,-80.0973,2026-07-30T06:26:00Z,2.51,N21,n,N,VIIRS_NOAA21_NRT,1
42.812,-80.0923,2026-07-30T06:26:00Z,1.63,N21,n,N,VIIRS_NOAA21_NRT,1
42.8079,-80.0996,2026-07-30T06:26:00Z,2.97,N21,n,N,VIIRS_NOAA21_NRT,1
43.4896,-79.6244,2026-07-30T06:26:00Z,0.68,N21,n,N,VIIRS_NOAA21_NRT,1
42.8077,-80.0946,2026-07-30T06:26:00Z,2.97,N21,n,N,VIIRS_NOAA21_NRT,1
42.8064,-80.0927,2026-07-30T06:26:00Z,1.63,N21,n,N,VIIRS_NOAA21_NRT,1
42.8025,-80.1051,2026-07-30T06:26:00Z,2.97,N21,n,N,VIIRS_NOAA21_NRT,1
41.0527,-78.974,2026-07-30T06:26:00Z,1.15,N21,n,N,VIIRS_NOAA21_NRT,1
41.054,-78.9735,2026-07-30T06:26:00Z,0.6,N21,n,N,VIIRS_NOAA21_NRT,1
41.0542,-78.9777,2026-07-30T06:26:00Z,0.6,N21,n,N,VIIRS_NOAA21_NRT,1
41.1302,-80.6906,2026-07-30T06:26:00Z,1.42,N21,n,N,VIIRS_NOAA21_NRT,1
41.1327,-80.6916,2026-07-30T06:26:00Z,1.66,N21,n,N,VIIRS_NOAA21_NRT,1
41.2061,-80.8154,2026-07-30T06:26:00Z,0.88,N21,n,N,VIIRS_NOAA21_NRT,1
41.2257,-83.2127,2026-07-30T06:26:00Z,2.33,N21,n,N,VIIRS_NOAA21_NRT,1
41.2267,-83.2099,2026-07-30T06:26:00Z,2.41,N21,n,N,VIIRS_NOAA21_NRT,1
41.3678,-84.9177,2026-07-30T06:26:00Z,2.88,N21,n,N,VIIRS_NOAA21_NRT,1
41.3679,-84.9264,2026-07-30T06:26:00Z,2.69,N21,n,N,VIIRS_NOAA21_NRT,1
41.3686,-84.9238,2026-07-30T06:26:00Z,3.28,N21,n,N,VIIRS_NOAA21_NRT,1
41.453,-81.6743,2026-07-30T06:26:00Z,2.72,N21,n,N,VIIRS_NOAA21_NRT,1
41.4532,-81.6803,2026-07-30T06:26:00Z,3.39,N21,n,N,VIIRS_NOAA21_NRT,1
41.459,-81.674,2026-07-30T06:26:00Z,2.72,N21,n,N,VIIRS_NOAA21_NRT,1
41.4592,-81.68,2026-07-30T06:26:00Z,3.39,N21,n,N,VIIRS_NOAA21_NRT,1
41.465,-81.6739,2026-07-30T06:26:00Z,3.99,N21,n,N,VIIRS_NOAA21_NRT,1
41.566,-84.0435,2026-07-30T06:26:00Z,3.39,N21,n,N,VIIRS_NOAA21_NRT,1
41.5661,-84.0513,2026-07-30T06:26:00Z,4.04,N21,n,N,VIIRS_NOAA21_NRT,1
41.5695,-84.0491,2026-07-30T06:26:00Z,4.92,N21,n,N,VIIRS_NOAA21_NRT,1
41.5696,-84.057,2026-07-30T06:26:00Z,1.6,N21,n,N,VIIRS_NOAA21_NRT,1
42.2846,-83.1155,2026-07-30T06:26:00Z,0.61,N21,n,N,VIIRS_NOAA21_NRT,1
42.3944,-83.5568,2026-07-30T06:26:00Z,1.64,N21,n,N,VIIRS_NOAA21_NRT,1
42.8012,-80.1032,2026-07-30T06:26:00Z,3.37,N21,n,N,VIIRS_NOAA21_NRT,1
41.4697,-83.3675,2026-07-30T06:26:00Z,2.24,N21,n,N,VIIRS_NOAA21_NRT,1
46.4879,-81.0322,2026-07-30T06:25:00Z,10.92,N21,n,N,VIIRS_NOAA21_NRT,1
46.485,-81.0389,2026-07-30T06:25:00Z,15.5,N21,n,N,VIIRS_NOAA21_NRT,1
46.4849,-81.0326,2026-07-30T06:25:00Z,13.17,N21,n,N,VIIRS_NOAA21_NRT,1
45.0724,-83.4082,2026-07-30T06:25:00Z,2.92,N21,n,N,VIIRS_NOAA21_NRT,1
45.0708,-83.4059,2026-07-30T06:25:00Z,3.67,N21,n,N,VIIRS_NOAA21_NRT,1
46.488,-81.0385,2026-07-30T06:25:00Z,10.92,N21,h,N,VIIRS_NOAA21_NRT,1
48.2542,-79.0212,2026-07-30T06:24:00Z,3.62,N21,n,N,VIIRS_NOAA21_NRT,1
51.2014,-56.7439,2026-07-30T05:37:00Z,0.86,N20,n,N,VIIRS_NOAA20_NRT,1
-4.3708,-47.7688,2026-07-30T05:33:00Z,3.57,N,n,N,VIIRS_SNPP_NRT,1
-4.3689,-47.7636,2026-07-30T05:33:00Z,2.0,N,n,N,VIIRS_SNPP_NRT,1
-4.1948,-56.304,2026-07-30T05:33:00Z,0.73,N,n,N,VIIRS_SNPP_NRT,1
-3.6872,-47.646,2026-07-30T05:33:00Z,1.54,N,n,N,VIIRS_SNPP_NRT,1
-3.6805,-47.6451,2026-07-30T05:33:00Z,1.88,N,n,N,VIIRS_SNPP_NRT,1
-3.6781,-49.4782,2026-07-30T05:33:00Z,1.43,N,n,N,VIIRS_SNPP_NRT,1
-3.6775,-49.4824,2026-07-30T05:33:00Z,3.58,N,n,N,VIIRS_SNPP_NRT,1
-3.6757,-49.4797,2026-07-30T05:33:00Z,1.98,N,n,N,VIIRS_SNPP_NRT,1
-3.675,-49.484,2026-07-30T05:33:00Z,1.98,N,n,N,VIIRS_SNPP_NRT,1
-3.1826,-48.0202,2026-07-30T05:33:00Z,1.43,N,n,N,VIIRS_SNPP_NRT,1
-3.1818,-48.0255,2026-07-30T05:33:00Z,1.43,N,n,N,VIIRS_SNPP_NRT,1
-3.1722,-48.1359,2026-07-30T05:33:00Z,1.4,N,n,N,VIIRS_SNPP_NRT,1
-4.3682,-47.7692,2026-07-30T05:33:00Z,2.0,N,n,N,VIIRS_SNPP_NRT,1
-3.1657,-48.1351,2026-07-30T05:33:00Z,1.4,N,n,N,VIIRS_SNPP_NRT,1
1.7672,-60.232,2026-07-30T05:32:00Z,2.07,N,n,N,VIIRS_SNPP_NRT,1
0.924,-60.5381,2026-07-30T05:32:00Z,0.58,N,n,N,VIIRS_SNPP_NRT,1
1.77,-60.2279,2026-07-30T05:32:00Z,0.5,N,n,N,VIIRS_SNPP_NRT,1
1.7705,-60.2315,2026-07-30T05:32:00Z,0.86,N,n,N,VIIRS_SNPP_NRT,1
1.679,-60.1396,2026-07-30T05:32:00Z,0.6,N,n,N,VIIRS_SNPP_NRT,1
6.5131,-58.2695,2026-07-30T05:31:00Z,1.18,N,n,N,VIIRS_SNPP_NRT,1
10.0573,-64.8846,2026-07-30T05:30:00Z,4.33,N,n,N,VIIRS_SNPP_NRT,1
10.0535,-64.8569,2026-07-30T05:30:00Z,3.91,N,n,N,VIIRS_SNPP_NRT,1
9.9796,-63.1817,2026-07-30T05:30:00Z,1.08,N,n,N,VIIRS_SNPP_NRT,1
9.9761,-63.1843,2026-07-30T05:30:00Z,2.14,N,n,N,VIIRS_SNPP_NRT,1
10.058,-64.89,2026-07-30T05:30:00Z,7.24,N,n,N,VIIRS_SNPP_NRT,1
9.9752,-63.1823,2026-07-30T05:30:00Z,2.58,N,n,N,VIIRS_SNPP_NRT,1
9.8737,-66.321,2026-07-30T05:30:00Z,0.63,N,n,N,VIIRS_SNPP_NRT,1
9.8727,-63.3119,2026-07-30T05:30:00Z,0.42,N,n,N,VIIRS_SNPP_NRT,1
9.8543,-63.3406,2026-07-30T05:30:00Z,1.37,N,n,N,VIIRS_SNPP_NRT,1
9.7775,-63.2695,2026-07-30T05:30:00Z,1.14,N,n,N,VIIRS_SNPP_NRT,1
10.0739,-64.86,2026-07-30T05:30:00Z,1.91,N,n,N,VIIRS_SNPP_NRT,1
10.0788,-64.8594,2026-07-30T05:30:00Z,3.64,N,n,N,VIIRS_SNPP_NRT,1
9.9755,-63.1801,2026-07-30T05:30:00Z,1.67,N,n,N,VIIRS_SNPP_NRT,1
9.7772,-63.2687,2026-07-30T05:30:00Z,2.76,N,n,N,VIIRS_SNPP_NRT,1
10.1783,-61.6963,2026-07-30T05:30:00Z,2.3,N,n,N,VIIRS_SNPP_NRT,1
8.6884,-63.1543,2026-07-30T05:30:00Z,5.99,N,n,N,VIIRS_SNPP_NRT,1
8.6902,-63.1564,2026-07-30T05:30:00Z,3.77,N,n,N,VIIRS_SNPP_NRT,1
8.6904,-63.232,2026-07-30T05:30:00Z,0.94,N,n,N,VIIRS_SNPP_NRT,1
8.7225,-62.9081,2026-07-30T05:30:00Z,1.78,N,n,N,VIIRS_SNPP_NRT,1
8.7231,-62.912,2026-07-30T05:30:00Z,1.78,N,n,N,VIIRS_SNPP_NRT,1
8.7267,-62.9075,2026-07-30T05:30:00Z,1.78,N,n,N,VIIRS_SNPP_NRT,1
8.7273,-62.9114,2026-07-30T05:30:00Z,1.78,N,n,N,VIIRS_SNPP_NRT,1
8.7597,-62.8988,2026-07-30T05:30:00Z,0.55,N,n,N,VIIRS_SNPP_NRT,1
8.7604,-62.8986,2026-07-30T05:30:00Z,0.62,N,n,N,VIIRS_SNPP_NRT,1
8.934,-63.9236,2026-07-30T05:30:00Z,0.89,N,n,N,VIIRS_SNPP_NRT,1
8.9346,-63.9281,2026-07-30T05:30:00Z,1.22,N,n,N,VIIRS_SNPP_NRT,1
9.228,-64.0607,2026-07-30T05:30:00Z,4.85,N,n,N,VIIRS_SNPP_NRT,1
9.2338,-64.3034,2026-07-30T05:30:00Z,4.54,N,n,N,VIIRS_SNPP_NRT,1
10.1759,-67.9487,2026-07-30T05:30:00Z,0.42,N,n,N,VIIRS_SNPP_NRT,1
10.1892,-61.6984,2026-07-30T05:30:00Z,4.03,N,n,N,VIIRS_SNPP_NRT,1
10.1815,-61.6905,2026-07-30T05:30:00Z,2.53,N,n,N,VIIRS_SNPP_NRT,1
8.6854,-63.153,2026-07-30T05:30:00Z,3.77,N,n,N,VIIRS_SNPP_NRT,1
7.2183,-62.0386,2026-07-30T05:30:00Z,1.55,N,n,N,VIIRS_SNPP_NRT,1
8.2796,-62.8218,2026-07-30T05:30:00Z,0.43,N,n,N,VIIRS_SNPP_NRT,1
8.5256,-64.0714,2026-07-30T05:30:00Z,2.45,N,n,N,VIIRS_SNPP_NRT,1
8.538,-63.9631,2026-07-30T05:30:00Z,0.43,N,n,N,VIIRS_SNPP_NRT,1
8.5573,-64.1325,2026-07-30T05:30:00Z,10.52,N,n,N,VIIRS_SNPP_NRT,1
8.558,-64.1371,2026-07-30T05:30:00Z,10.52,N,n,N,VIIRS_SNPP_NRT,1
8.5612,-63.9327,2026-07-30T05:30:00Z,1.16,N,n,N,VIIRS_SNPP_NRT,1
8.6135,-63.1064,2026-07-30T05:30:00Z,1.5,N,n,N,VIIRS_SNPP_NRT,1
8.6652,-62.9879,2026-07-30T05:30:00Z,0.63,N,n,N,VIIRS_SNPP_NRT,1
8.6652,-62.9864,2026-07-30T05:30:00Z,1.01,N,n,N,VIIRS_SNPP_NRT,1
8.6694,-62.9873,2026-07-30T05:30:00Z,0.63,N,n,N,VIIRS_SNPP_NRT,1
8.6841,-63.1549,2026-07-30T05:30:00Z,4.71,N,n,N,VIIRS_SNPP_NRT,1
11.7404,-70.1978,2026-07-30T05:30:00Z,10.57,N,n,N,VIIRS_SNPP_NRT,1
10.183,-61.7008,2026-07-30T05:30:00Z,2.3,N,n,N,VIIRS_SNPP_NRT,1
11.738,-70.1999,2026-07-30T05:30:00Z,8.8,N,n,N,VIIRS_SNPP_NRT,1
11.6339,-70.2456,2026-07-30T05:30:00Z,4.4,N,n,N,VIIRS_SNPP_NRT,1
11.6331,-70.2387,2026-07-30T05:30:00Z,5.86,N,n,N,VIIRS_SNPP_NRT,1
11.6317,-70.246,2026-07-30T05:30:00Z,3.3,N,n,N,VIIRS_SNPP_NRT,1
11.631,-70.2392,2026-07-30T05:30:00Z,3.3,N,n,N,VIIRS_SNPP_NRT,1
11.6244,-70.2258,2026-07-30T05:30:00Z,0.82,N,n,N,VIIRS_SNPP_NRT,1
11.6224,-70.2263,2026-07-30T05:30:00Z,3.06,N,n,N,VIIRS_SNPP_NRT,1
10.2148,-64.6122,2026-07-30T05:30:00Z,1.5,N,n,N,VIIRS_SNPP_NRT,1
10.2107,-64.6183,2026-07-30T05:30:00Z,1.5,N,n,N,VIIRS_SNPP_NRT,1
10.2099,-64.6129,2026-07-30T05:30:00Z,1.5,N,n,N,VIIRS_SNPP_NRT,1
9.3717,-64.527,2026-07-30T05:30:00Z,9.42,N,n,N,VIIRS_SNPP_NRT,1
10.1862,-61.6951,2026-07-30T05:30:00Z,6.84,N,n,N,VIIRS_SNPP_NRT,1
9.2627,-64.0779,2026-07-30T05:30:00Z,1.56,N,n,N,VIIRS_SNPP_NRT,1
9.3765,-64.5263,2026-07-30T05:30:00Z,9.42,N,n,N,VIIRS_SNPP_NRT,1
9.7726,-63.266,2026-07-30T05:30:00Z,0.87,N,n,N,VIIRS_SNPP_NRT,1
9.6456,-63.5764,2026-07-30T05:30:00Z,9.06,N,n,N,VIIRS_SNPP_NRT,1
9.6479,-63.6258,2026-07-30T05:30:00Z,26.93,N,n,N,VIIRS_SNPP_NRT,1
9.6485,-63.6302,2026-07-30T05:30:00Z,49.38,N,n,N,VIIRS_SNPP_NRT,1
9.6488,-63.5668,2026-07-30T05:30:00Z,2.27,N,n,N,VIIRS_SNPP_NRT,1
9.6495,-63.5712,2026-07-30T05:30:00Z,2.27,N,n,N,VIIRS_SNPP_NRT,1
9.6517,-63.6206,2026-07-30T05:30:00Z,26.93,N,n,N,VIIRS_SNPP_NRT,1
9.6524,-63.625,2026-07-30T05:30:00Z,26.93,N,n,N,VIIRS_SNPP_NRT,1
9.6528,-63.5304,2026-07-30T05:30:00Z,4.9,N,n,N,VIIRS_SNPP_NRT,1
9.653,-63.6295,2026-07-30T05:30:00Z,49.38,N,n,N,VIIRS_SNPP_NRT,1
9.6533,-63.5661,2026-07-30T05:30:00Z,2.27,N,n,N,VIIRS_SNPP_NRT,1
9.6534,-63.5347,2026-07-30T05:30:00Z,4.9,N,n,N,VIIRS_SNPP_NRT,1
9.6536,-63.5036,2026-07-30T05:30:00Z,0.78,N,n,N,VIIRS_SNPP_NRT,1
9.6541,-63.5391,2026-07-30T05:30:00Z,12.83,N,n,N,VIIRS_SNPP_NRT,1
9.6553,-63.5478,2026-07-30T05:30:00Z,2.31,N,n,N,VIIRS_SNPP_NRT,1
9.6568,-63.6244,2026-07-30T05:30:00Z,1.19,N,n,N,VIIRS_SNPP_NRT,1
9.6704,-63.5588,2026-07-30T05:30:00Z,0.64,N,n,N,VIIRS_SNPP_NRT,1
9.6809,-63.4728,2026-07-30T05:30:00Z,15.2,N,n,N,VIIRS_SNPP_NRT,1
9.6815,-63.4771,2026-07-30T05:30:00Z,15.2,N,n,N,VIIRS_SNPP_NRT,1
9.7013,-63.5295,2026-07-30T05:30:00Z,9.51,N,n,N,VIIRS_SNPP_NRT,1
9.7022,-63.5274,2026-07-30T05:30:00Z,5.5,N,n,N,VIIRS_SNPP_NRT,1
9.7028,-63.5317,2026-07-30T05:30:00Z,6.13,N,n,N,VIIRS_SNPP_NRT,1
9.7057,-63.5289,2026-07-30T05:30:00Z,1.12,N,n,N,VIIRS_SNPP_NRT,1
9.7279,-63.4596,2026-07-30T05:30:00Z,12.47,N,n,N,VIIRS_SNPP_NRT,1
9.7285,-63.464,2026-07-30T05:30:00Z,12.47,N,n,N,VIIRS_SNPP_NRT,1
9.7323,-63.4589,2026-07-30T05:30:00Z,2.3,N,n,N,VIIRS_SNPP_NRT,1
9.7329,-63.4632,2026-07-30T05:30:00Z,2.3,N,n,N,VIIRS_SNPP_NRT,1
9.7347,-63.4764,2026-07-30T05:30:00Z,3.48,N,n,N,VIIRS_SNPP_NRT,1
9.7385,-63.4712,2026-07-30T05:30:00Z,4.41,N,n,N,VIIRS_SNPP_NRT,1
9.7419,-63.4307,2026-07-30T05:30:00Z,1.05,N,n,N,VIIRS_SNPP_NRT,1
9.7722,-63.2651,2026-07-30T05:30:00Z,0.74,N,n,N,VIIRS_SNPP_NRT,1
9.6478,-63.5268,2026-07-30T05:30:00Z,2.86,N,n,N,VIIRS_SNPP_NRT,1
9.645,-63.572,2026-07-30T05:30:00Z,17.51,N,n,N,VIIRS_SNPP_NRT,1
9.384,-64.5459,2026-07-30T05:30:00Z,3.34,N,n,N,VIIRS_SNPP_NRT,1
9.6444,-63.5676,2026-07-30T05:30:00Z,17.51,N,n,N,VIIRS_SNPP_NRT,1
9.3887,-64.5452,2026-07-30T05:30:00Z,3.34,N,n,N,VIIRS_SNPP_NRT,1
9.4745,-64.3906,2026-07-30T05:30:00Z,0.86,N,n,N,VIIRS_SNPP_NRT,1
9.5599,-63.631,2026-07-30T05:30:00Z,3.6,N,n,N,VIIRS_SNPP_NRT,1
9.5605,-63.6354,2026-07-30T05:30:00Z,3.6,N,n,N,VIIRS_SNPP_NRT,1
9.5643,-63.6304,2026-07-30T05:30:00Z,3.6,N,n,N,VIIRS_SNPP_NRT,1
9.6158,-63.7259,2026-07-30T05:30:00Z,94.25,N,n,N,VIIRS_SNPP_NRT,1
9.6165,-63.7093,2026-07-30T05:30:00Z,1.21,N,n,N,VIIRS_SNPP_NRT,1
9.6184,-63.7227,2026-07-30T05:30:00Z,42.14,N,n,N,VIIRS_SNPP_NRT,1
9.6185,-63.7117,2026-07-30T05:30:00Z,1.81,N,n,N,VIIRS_SNPP_NRT,1
9.6191,-63.7272,2026-07-30T05:30:00Z,42.14,N,n,N,VIIRS_SNPP_NRT,1
9.6191,-63.6951,2026-07-30T05:30:00Z,2.03,N,n,N,VIIRS_SNPP_NRT,1
9.6197,-63.7317,2026-07-30T05:30:00Z,7.96,N,n,N,VIIRS_SNPP_NRT,1
9.6197,-63.7207,2026-07-30T05:30:00Z,2.99,N,n,N,VIIRS_SNPP_NRT,1
9.62,-63.6885,2026-07-30T05:30:00Z,1.77,N,n,N,VIIRS_SNPP_NRT,1
9.6206,-63.693,2026-07-30T05:30:00Z,1.77,N,n,N,VIIRS_SNPP_NRT,1
9.621,-63.7297,2026-07-30T05:30:00Z,94.25,N,n,N,VIIRS_SNPP_NRT,1
9.621,-63.7729,2026-07-30T05:30:00Z,0.86,N,n,N,VIIRS_SNPP_NRT,1
9.6223,-63.6855,2026-07-30T05:30:00Z,1.47,N,n,N,VIIRS_SNPP_NRT,1
9.6225,-63.7755,2026-07-30T05:30:00Z,1.62,N,n,N,VIIRS_SNPP_NRT,1
9.6229,-63.7221,2026-07-30T05:30:00Z,42.14,N,n,N,VIIRS_SNPP_NRT,1
9.6236,-63.6944,2026-07-30T05:30:00Z,1.83,N,n,N,VIIRS_SNPP_NRT,1
9.6236,-63.7266,2026-07-30T05:30:00Z,42.14,N,n,N,VIIRS_SNPP_NRT,1
9.6248,-63.7245,2026-07-30T05:30:00Z,1.96,N,n,N,VIIRS_SNPP_NRT,1
9.6356,-63.7367,2026-07-30T05:30:00Z,1.11,N,n,N,VIIRS_SNPP_NRT,1
9.6375,-63.6499,2026-07-30T05:30:00Z,0.86,N,n,N,VIIRS_SNPP_NRT,1
9.6398,-63.5998,2026-07-30T05:30:00Z,2.51,N,n,N,VIIRS_SNPP_NRT,1
9.6401,-63.736,2026-07-30T05:30:00Z,1.11,N,n,N,VIIRS_SNPP_NRT,1
9.6432,-63.5588,2026-07-30T05:30:00Z,29.66,N,n,N,VIIRS_SNPP_NRT,1
9.6438,-63.5632,2026-07-30T05:30:00Z,29.66,N,n,N,VIIRS_SNPP_NRT,1
8.6859,-63.157,2026-07-30T05:30:00Z,3.77,N,n,N,VIIRS_SNPP_NRT,1
-4.7098,145.6147,2026-07-30T05:18:00Z,42.02,Aqua,0,D,MODIS_NRT,1
-8.6244,148.1556,2026-07-30T05:18:00Z,26.9,Aqua,50,D,MODIS_NRT,1
-7.9194,146.8406,2026-07-30T05:18:00Z,47.79,Aqua,31,D,MODIS_NRT,1
-8.0219,147.1426,2026-07-30T05:18:00Z,88.17,Aqua,73,D,MODIS_NRT,1
-8.0358,147.1467,2026-07-30T05:18:00Z,52.1,Aqua,16,D,MODIS_NRT,1
-8.0391,146.981,2026-07-30T05:18:00Z,126.5,Aqua,60,D,MODIS_NRT,1
-8.0532,146.9848,2026-07-30T05:18:00Z,326.4,Aqua,90,D,MODIS_NRT,1
-8.0558,146.9896,2026-07-30T05:18:00Z,225.87,Aqua,85,D,MODIS_NRT,1
-8.0588,146.9659,2026-07-30T05:18:00Z,137.92,Aqua,0,D,MODIS_NRT,1
-8.5263,151.0193,2026-07-30T05:18:00Z,23.41,Aqua,30,D,MODIS_NRT,1
-8.5288,151.026,2026-07-30T05:18:00Z,11.06,Aqua,22,D,MODIS_NRT,1
-8.5306,151.0132,2026-07-30T05:18:00Z,17.07,Aqua,35,D,MODIS_NRT,1
-8.6149,148.1494,2026-07-30T05:18:00Z,41.4,Aqua,65,D,MODIS_NRT,1
-9.5043,148.543,2026-07-30T05:18:00Z,15.0,Aqua,35,D,MODIS_NRT,1
-9.5281,148.5511,2026-07-30T05:18:00Z,32.89,Aqua,72,D,MODIS_NRT,1
-9.5411,148.553,2026-07-30T05:18:00Z,78.1,Aqua,85,D,MODIS_NRT,1
-9.6356,148.6351,2026-07-30T05:18:00Z,15.64,Aqua,59,D,MODIS_NRT,1
-9.7749,149.253,2026-07-30T05:18:00Z,20.32,Aqua,52,D,MODIS_NRT,1
-7.9209,146.8467,2026-07-30T05:18:00Z,44.4,Aqua,25,D,MODIS_NRT,1
-8.0416,146.986,2026-07-30T05:18:00Z,166.38,Aqua,85,D,MODIS_NRT,1
-6.6014,146.3599,2026-07-30T05:18:00Z,82.58,Aqua,80,D,MODIS_NRT,1
-6.347,147.2205,2026-07-30T05:18:00Z,73.03,Aqua,78,D,MODIS_NRT,1
-5.847,145.6128,2026-07-30T05:18:00Z,127.21,Aqua,85,D,MODIS_NRT,1
-5.851,145.5819,2026-07-30T05:18:00Z,75.34,Aqua,62,D,MODIS_NRT,1
-5.8512,145.6097,2026-07-30T05:18:00Z,152.24,Aqua,84,D,MODIS_NRT,1
-6.6006,146.3532,2026-07-30T05:18:00Z,74.66,Aqua,79,D,MODIS_NRT,1
-6.1619,145.3322,2026-07-30T05:18:00Z,45.88,Aqua,52,D,MODIS_NRT,1
-6.165,146.6457,2026-07-30T05:18:00Z,28.66,Aqua,43,D,MODIS_NRT,1
-6.1678,146.6254,2026-07-30T05:18:00Z,27.97,Aqua,40,D,MODIS_NRT,1
-6.156,145.3376,2026-07-30T05:18:00Z,63.42,Aqua,55,D,MODIS_NRT,1
-6.3501,147.198,2026-07-30T05:18:00Z,114.68,Aqua,85,D,MODIS_NRT,1
-6.5714,146.457,2026-07-30T05:18:00Z,101.11,Aqua,84,D,MODIS_NRT,1
-6.5729,146.4641,2026-07-30T05:18:00Z,72.42,Aqua,79,D,MODIS_NRT,1
-6.5764,146.437,2026-07-30T05:18:00Z,40.9,Aqua,73,D,MODIS_NRT,1
-6.4423,146.5199,2026-07-30T05:18:00Z,84.2,Aqua,82,D,MODIS_NRT,1
-28.3474,150.746,2026-07-30T05:14:00Z,22.46,Aqua,54,D,MODIS_NRT,1
-29.3105,152.5031,2026-07-30T05:14:00Z,15.34,Aqua,40,D,MODIS_NRT,1
-29.3085,152.525,2026-07-30T05:14:00Z,21.5,Aqua,59,D,MODIS_NRT,1
-28.9493,149.6203,2026-07-30T05:14:00Z,46.02,Aqua,64,D,MODIS_NRT,1
-28.8528,151.3244,2026-07-30T05:14:00Z,24.0,Aqua,56,D,MODIS_NRT,1
-28.4675,149.6174,2026-07-30T05:14:00Z,39.32,Aqua,61,D,MODIS_NRT,1
-27.9261,149.3089,2026-07-30T05:14:00Z,50.68,Aqua,66,D,MODIS_NRT,1
-28.2256,152.5936,2026-07-30T05:14:00Z,27.07,Aqua,66,D,MODIS_NRT,1
-27.9186,149.3129,2026-07-30T05:14:00Z,65.71,Aqua,71,D,MODIS_NRT,1
-27.3508,150.6416,2026-07-30T05:14:00Z,120.72,Aqua,86,D,MODIS_NRT,1
-29.4559,151.9013,2026-07-30T05:14:00Z,29.14,Aqua,63,D,MODIS_NRT,1
-27.355,151.2521,2026-07-30T05:14:00Z,25.64,Aqua,64,D,MODIS_NRT,1
-29.4476,151.8937,2026-07-30T05:14:00Z,17.57,Aqua,34,D,MODIS_NRT,1
-29.5807,152.0801,2026-07-30T05:14:00Z,30.28,Aqua,61,D,MODIS_NRT,1
-29.4646,151.2377,2026-07-30T05:14:00Z,20.78,Aqua,48,D,MODIS_NRT,1
-29.4808,153.0254,2026-07-30T05:14:00Z,14.46,Aqua,38,D,MODIS_NRT,1
-29.6531,150.7912,2026-07-30T05:14:00Z,38.95,Aqua,64,D,MODIS_NRT,1
-29.9206,152.9147,2026-07-30T05:14:00Z,18.45,Aqua,52,D,MODIS_NRT,1
-29.9767,152.7236,2026-07-30T05:14:00Z,21.47,Aqua,56,D,MODIS_NRT,1
-29.978,152.7191,2026-07-30T05:14:00Z,31.61,Aqua,67,D,MODIS_NRT,1
-29.9787,152.7013,2026-07-30T05:14:00Z,22.17,Aqua,57,D,MODIS_NRT,1
-30.0326,152.8213,2026-07-30T05:14:00Z,27.65,Aqua,64,D,MODIS_NRT,1
-30.0347,152.7994,2026-07-30T05:14:00Z,32.17,Aqua,68,D,MODIS_NRT,1
-30.5044,151.4235,2026-07-30T05:14:00Z,28.84,Aqua,55,D,MODIS_NRT,1
-30.6492,151.1167,2026-07-30T05:14:00Z,25.76,Aqua,30,D,MODIS_NRT,1
-27.3454,150.6633,2026-07-30T05:14:00Z,50.56,Aqua,57,D,MODIS_NRT,1
-30.6504,151.1215,2026-07-30T05:14:00Z,30.61,Aqua,53,D,MODIS_NRT,1
-27.348,150.6342,2026-07-30T05:14:00Z,120.85,Aqua,85,D,MODIS_NRT,1
-26.0007,152.649,2026-07-30T05:14:00Z,22.17,Aqua,67,D,MODIS_NRT,1
-27.3335,150.6329,2026-07-30T05:14:00Z,43.7,Aqua,46,D,MODIS_NRT,1
-25.8931,150.2378,2026-07-30T05:14:00Z,156.46,Aqua,88,D,MODIS_NRT,1
-24.5997,148.6644,2026-07-30T05:14:00Z,50.06,Aqua,69,D,MODIS_NRT,1
-24.7194,150.9554,2026-07-30T05:14:00Z,22.82,Aqua,60,D,MODIS_NRT,1
-24.7265,150.961,2026-07-30T05:14:00Z,18.57,Aqua,56,D,MODIS_NRT,1
-25.4671,152.2583,2026-07-30T05:14:00Z,20.69,Aqua,66,D,MODIS_NRT,1
-25.4693,152.2377,2026-07-30T05:14:00Z,15.82,Aqua,60,D,MODIS_NRT,1
-27.1132,153.3807,2026-07-30T05:14:00Z,129.65,Aqua,0,D,MODIS_NRT,1
-25.8186,152.7696,2026-07-30T05:14:00Z,22.42,Aqua,68,D,MODIS_NRT,1
-25.8206,152.7504,2026-07-30T05:14:00Z,16.35,Aqua,61,D,MODIS_NRT,1
-25.8893,150.2614,2026-07-30T05:14:00Z,132.15,Aqua,86,D,MODIS_NRT,1
-25.8905,150.2665,2026-07-30T05:14:00Z,116.86,Aqua,85,D,MODIS_NRT,1
-25.892,150.2327,2026-07-30T05:14:00Z,107.18,Aqua,84,D,MODIS_NRT,1
-25.8142,152.764,2026-07-30T05:14:00Z,25.74,Aqua,71,D,MODIS_NRT,1
-25.9973,152.6434,2026-07-30T05:14:00Z,20.76,Aqua,67,D,MODIS_NRT,1
-26.0027,152.6292,2026-07-30T05:14:00Z,20.99,Aqua,66,D,MODIS_NRT,1
-26.0148,152.5098,2026-07-30T05:14:00Z,16.76,Aqua,65,D,MODIS_NRT,1
-26.127,152.6718,2026-07-30T05:14:00Z,101.59,Aqua,90,D,MODIS_NRT,1
-26.129,152.6524,2026-07-30T05:14:00Z,68.81,Aqua,85,D,MODIS_NRT,1
-26.5315,151.8744,2026-07-30T05:14:00Z,31.2,Aqua,70,D,MODIS_NRT,1
-26.5331,151.8676,2026-07-30T05:14:00Z,22.82,Aqua,65,D,MODIS_NRT,1
-27.0897,153.3773,2026-07-30T05:14:00Z,192.82,Aqua,0,D,MODIS_NRT,1
-27.0971,153.3856,2026-07-30T05:14:00Z,18.26,Aqua,0,D,MODIS_NRT,1
-27.1109,153.3681,2026-07-30T05:14:00Z,220.3,Aqua,94,D,MODIS_NRT,1
-33.0683,151.2916,2026-07-30T05:12:00Z,127.24,Aqua,83,D,MODIS_NRT,1
-33.071,151.2672,2026-07-30T05:12:00Z,129.1,Aqua,84,D,MODIS_NRT,1
-33.0707,151.2598,2026-07-30T05:12:00Z,84.66,Aqua,75,D,MODIS_NRT,1
-33.0689,151.299,2026-07-30T05:12:00Z,70.7,Aqua,56,D,MODIS_NRT,1
-32.1514,151.7375,2026-07-30T05:12:00Z,33.0,Aqua,53,D,MODIS_NRT,1
-32.1638,151.7039,2026-07-30T05:12:00Z,32.68,Aqua,48,D,MODIS_NRT,1
-32.1614,151.7324,2026-07-30T05:12:00Z,60.3,Aqua,68,D,MODIS_NRT,1
1.7659,-60.2314,2026-07-30T04:56:00Z,1.5,N21,n,N,VIIRS_NOAA21_NRT,1
2.1443,-50.7062,2026-07-30T04:56:00Z,3.24,N21,n,N,VIIRS_NOAA21_NRT,1
1.7708,-60.2307,2026-07-30T04:56:00Z,1.16,N21,n,N,VIIRS_NOAA21_NRT,1
1.7683,-60.229,2026-07-30T04:56:00Z,2.89,N21,n,N,VIIRS_NOAA21_NRT,1
-0.0896,-51.2814,2026-07-30T04:56:00Z,3.6,N21,n,N,VIIRS_NOAA21_NRT,1
7.2166,-62.0408,2026-07-30T04:55:00Z,1.11,N21,n,N,VIIRS_NOAA21_NRT,1
9.6262,-63.7352,2026-07-30T04:54:00Z,3.48,N21,n,N,VIIRS_NOAA21_NRT,1
9.6264,-63.7224,2026-07-30T04:54:00Z,20.92,N21,n,N,VIIRS_NOAA21_NRT,1
9.9791,-63.1865,2026-07-30T04:54:00Z,2.6,N21,n,N,VIIRS_NOAA21_NRT,1
9.5582,-63.6306,2026-07-30T04:54:00Z,3.98,N21,n,N,VIIRS_NOAA21_NRT,1
9.3848,-64.5476,2026-07-30T04:54:00Z,8.84,N21,n,N,VIIRS_NOAA21_NRT,1
9.9784,-63.1808,2026-07-30T04:54:00Z,2.6,N21,n,N,VIIRS_NOAA21_NRT,1
9.3716,-64.5277,2026-07-30T04:54:00Z,20.86,N21,h,N,VIIRS_NOAA21_NRT,1
9.2611,-64.0797,2026-07-30T04:54:00Z,0.89,N21,n,N,VIIRS_NOAA21_NRT,1
9.2322,-64.3054,2026-07-30T04:54:00Z,4.48,N21,n,N,VIIRS_NOAA21_NRT,1
9.2309,-64.0634,2026-07-30T04:54:00Z,5.06,N21,n,N,VIIRS_NOAA21_NRT,1
9.2304,-64.0602,2026-07-30T04:54:00Z,5.73,N21,n,N,VIIRS_NOAA21_NRT,1
9.2301,-64.0569,2026-07-30T04:54:00Z,4.64,N21,n,N,VIIRS_NOAA21_NRT,1
8.9324,-63.9283,2026-07-30T04:54:00Z,0.99,N21,n,N,VIIRS_NOAA21_NRT,1
8.7616,-62.8969,2026-07-30T04:54:00Z,0.44,N21,n,N,VIIRS_NOAA21_NRT,1
8.7293,-62.9107,2026-07-30T04:54:00Z,7.16,N21,n,N,VIIRS_NOAA21_NRT,1
8.7228,-62.9115,2026-07-30T04:54:00Z,1.4,N21,n,N,VIIRS_NOAA21_NRT,1
8.6897,-63.2328,2026-07-30T04:54:00Z,1.08,N21,n,N,VIIRS_NOAA21_NRT,1
8.6876,-63.1597,2026-07-30T04:54:00Z,8.78,N21,n,N,VIIRS_NOAA21_NRT,1
8.6872,-63.1554,2026-07-30T04:54:00Z,12.87,N21,h,N,VIIRS_NOAA21_NRT,1
8.6869,-63.1542,2026-07-30T04:54:00Z,8.78,N21,n,N,VIIRS_NOAA21_NRT,1
8.667,-62.9894,2026-07-30T04:54:00Z,1.6,N21,n,N,VIIRS_NOAA21_NRT,1
8.6655,-62.9854,2026-07-30T04:54:00Z,1.74,N21,n,N,VIIRS_NOAA21_NRT,1
8.6151,-63.1092,2026-07-30T04:54:00Z,0.77,N21,n,N,VIIRS_NOAA21_NRT,1
8.615,-63.1076,2026-07-30T04:54:00Z,1.2,N21,n,N,VIIRS_NOAA21_NRT,1
8.562,-63.9315,2026-07-30T04:54:00Z,1.18,N21,n,N,VIIRS_NOAA21_NRT,1
9.3884,-64.5471,2026-07-30T04:54:00Z,10.73,N21,n,N,VIIRS_NOAA21_NRT,1
9.5589,-63.6367,2026-07-30T04:54:00Z,3.98,N21,n,N,VIIRS_NOAA21_NRT,1
8.5576,-64.1334,2026-07-30T04:54:00Z,13.08,N21,n,N,VIIRS_NOAA21_NRT,1
9.565,-63.6297,2026-07-30T04:54:00Z,3.98,N21,n,N,VIIRS_NOAA21_NRT,1
9.6257,-63.7161,2026-07-30T04:54:00Z,20.92,N21,n,N,VIIRS_NOAA21_NRT,1
9.6254,-63.729,2026-07-30T04:54:00Z,5.27,N21,n,N,VIIRS_NOAA21_NRT,1
9.6247,-63.7228,2026-07-30T04:54:00Z,5.27,N21,n,N,VIIRS_NOAA21_NRT,1
9.6239,-63.7165,2026-07-30T04:54:00Z,3.34,N21,n,N,VIIRS_NOAA21_NRT,1
9.6235,-63.6974,2026-07-30T04:54:00Z,3.0,N21,n,N,VIIRS_NOAA21_NRT,1
9.6228,-63.6912,2026-07-30T04:54:00Z,3.0,N21,n,N,VIIRS_NOAA21_NRT,1
9.6218,-63.742,2026-07-30T04:54:00Z,5.68,N21,n,N,VIIRS_NOAA21_NRT,1
9.6216,-63.6979,2026-07-30T04:54:00Z,4.65,N21,n,N,VIIRS_NOAA21_NRT,1
9.6211,-63.7358,2026-07-30T04:54:00Z,32.45,N21,n,N,VIIRS_NOAA21_NRT,1
9.6208,-63.6917,2026-07-30T04:54:00Z,2.14,N21,n,N,VIIRS_NOAA21_NRT,1
9.6203,-63.7296,2026-07-30T04:54:00Z,32.45,N21,h,N,VIIRS_NOAA21_NRT,1
9.6201,-63.6855,2026-07-30T04:54:00Z,2.14,N21,n,N,VIIRS_NOAA21_NRT,1
9.6196,-63.7233,2026-07-30T04:54:00Z,20.92,N21,n,N,VIIRS_NOAA21_NRT,1
9.6194,-63.7361,2026-07-30T04:54:00Z,27.9,N21,n,N,VIIRS_NOAA21_NRT,1
9.6189,-63.7171,2026-07-30T04:54:00Z,20.92,N21,n,N,VIIRS_NOAA21_NRT,1
9.6186,-63.7299,2026-07-30T04:54:00Z,75.6,N21,h,N,VIIRS_NOAA21_NRT,1
9.6182,-63.7109,2026-07-30T04:54:00Z,5.38,N21,n,N,VIIRS_NOAA21_NRT,1
9.6179,-63.7237,2026-07-30T04:54:00Z,75.6,N21,n,N,VIIRS_NOAA21_NRT,1
9.6171,-63.7175,2026-07-30T04:54:00Z,3.8,N21,n,N,VIIRS_NOAA21_NRT,1
9.6163,-63.7113,2026-07-30T04:54:00Z,3.8,N21,n,N,VIIRS_NOAA21_NRT,1
9.5657,-63.6358,2026-07-30T04:54:00Z,3.98,N21,n,N,VIIRS_NOAA21_NRT,1
8.5584,-64.1399,2026-07-30T04:54:00Z,14.84,N21,n,N,VIIRS_NOAA21_NRT,1
9.3753,-64.5274,2026-07-30T04:54:00Z,22.04,N21,h,N,VIIRS_NOAA21_NRT,1
8.5291,-64.0721,2026-07-30T04:54:00Z,1.29,N21,n,N,VIIRS_NOAA21_NRT,1
9.6536,-63.5449,2026-07-30T04:54:00Z,9.27,N21,n,N,VIIRS_NOAA21_NRT,1
9.6557,-63.6192,2026-07-30T04:54:00Z,14.04,N21,n,N,VIIRS_NOAA21_NRT,1
9.6564,-63.6254,2026-07-30T04:54:00Z,41.05,N21,n,N,VIIRS_NOAA21_NRT,1
9.6579,-63.638,2026-07-30T04:54:00Z,5.41,N21,n,N,VIIRS_NOAA21_NRT,1
9.6693,-63.5608,2026-07-30T04:54:00Z,2.91,N21,n,N,VIIRS_NOAA21_NRT,1
9.6793,-63.4742,2026-07-30T04:54:00Z,1.03,N21,n,N,VIIRS_NOAA21_NRT,1
9.696,-63.4179,2026-07-30T04:54:00Z,0.96,N21,n,N,VIIRS_NOAA21_NRT,1
9.6994,-63.5265,2026-07-30T04:54:00Z,4.6,N21,n,N,VIIRS_NOAA21_NRT,1
9.6997,-63.4188,2026-07-30T04:54:00Z,1.32,N21,n,N,VIIRS_NOAA21_NRT,1
9.7001,-63.5325,2026-07-30T04:54:00Z,7.67,N21,n,N,VIIRS_NOAA21_NRT,1
9.7025,-63.531,2026-07-30T04:54:00Z,15.35,N21,n,N,VIIRS_NOAA21_NRT,1
9.7286,-63.4623,2026-07-30T04:54:00Z,38.6,N21,h,N,VIIRS_NOAA21_NRT,1
9.7367,-63.4734,2026-07-30T04:54:00Z,3.48,N21,n,N,VIIRS_NOAA21_NRT,1
9.7375,-63.4796,2026-07-30T04:54:00Z,3.48,N21,n,N,VIIRS_NOAA21_NRT,1
9.7451,-63.429,2026-07-30T04:54:00Z,0.57,N21,n,N,VIIRS_NOAA21_NRT,1
9.7705,-63.267,2026-07-30T04:54:00Z,1.95,N21,n,N,VIIRS_NOAA21_NRT,1
9.7725,-63.2644,2026-07-30T04:54:00Z,1.76,N21,n,N,VIIRS_NOAA21_NRT,1
9.7733,-63.2702,2026-07-30T04:54:00Z,1.76,N21,n,N,VIIRS_NOAA21_NRT,1
9.7779,-63.2719,2026-07-30T04:54:00Z,3.65,N21,n,N,VIIRS_NOAA21_NRT,1
9.8537,-63.3397,2026-07-30T04:54:00Z,1.03,N21,n,N,VIIRS_NOAA21_NRT,1
8.5285,-64.073,2026-07-30T04:54:00Z,1.67,N21,n,N,VIIRS_NOAA21_NRT,1
9.9739,-63.1822,2026-07-30T04:54:00Z,3.28,N21,n,N,VIIRS_NOAA21_NRT,1
9.6543,-63.5509,2026-07-30T04:54:00Z,1.91,N21,n,N,VIIRS_NOAA21_NRT,1
9.8709,-63.314,2026-07-30T04:54:00Z,0.89,N21,n,N,VIIRS_NOAA21_NRT,1
9.6529,-63.5388,2026-07-30T04:54:00Z,9.27,N21,h,N,VIIRS_NOAA21_NRT,1
9.6438,-63.5774,2026-07-30T04:54:00Z,6.81,N21,n,N,VIIRS_NOAA21_NRT,1
8.4063,-64.793,2026-07-30T04:54:00Z,1.68,N21,n,N,VIIRS_NOAA21_NRT,1
8.2744,-62.8216,2026-07-30T04:54:00Z,1.01,N21,n,N,VIIRS_NOAA21_NRT,1
9.627,-63.7414,2026-07-30T04:54:00Z,3.48,N21,n,N,VIIRS_NOAA21_NRT,1
9.6272,-63.7286,2026-07-30T04:54:00Z,32.45,N21,n,N,VIIRS_NOAA21_NRT,1
9.6279,-63.7348,2026-07-30T04:54:00Z,32.45,N21,n,N,VIIRS_NOAA21_NRT,1
9.6392,-63.5967,2026-07-30T04:54:00Z,1.08,N21,n,N,VIIRS_NOAA21_NRT,1
9.6416,-63.5591,2026-07-30T04:54:00Z,26.25,N21,n,N,VIIRS_NOAA21_NRT,1
9.6423,-63.5652,2026-07-30T04:54:00Z,13.97,N21,h,N,VIIRS_NOAA21_NRT,1
9.6431,-63.5713,2026-07-30T04:54:00Z,13.97,N21,n,N,VIIRS_NOAA21_NRT,1
9.6444,-63.64,2026-07-30T04:54:00Z,3.16,N21,n,N,VIIRS_NOAA21_NRT,1
9.6447,-63.5279,2026-07-30T04:54:00Z,1.05,N21,n,N,VIIRS_NOAA21_NRT,1
9.6489,-63.6202,2026-07-30T04:54:00Z,14.04,N21,n,N,VIIRS_NOAA21_NRT,1
9.6491,-63.564,2026-07-30T04:54:00Z,13.97,N21,n,N,VIIRS_NOAA21_NRT,1
9.6496,-63.6264,2026-07-30T04:54:00Z,41.05,N21,n,N,VIIRS_NOAA21_NRT,1
9.6498,-63.5702,2026-07-30T04:54:00Z,13.97,N21,n,N,VIIRS_NOAA21_NRT,1
9.6504,-63.6327,2026-07-30T04:54:00Z,41.05,N21,h,N,VIIRS_NOAA21_NRT,1
9.6512,-63.639,2026-07-30T04:54:00Z,5.41,N21,n,N,VIIRS_NOAA21_NRT,1
9.6522,-63.5328,2026-07-30T04:54:00Z,5.74,N21,n,N,VIIRS_NOAA21_NRT,1
9.6514,-63.5268,2026-07-30T04:54:00Z,5.74,N21,n,N,VIIRS_NOAA21_NRT,1
9.6519,-63.6453,2026-07-30T04:54:00Z,5.41,N21,n,N,VIIRS_NOAA21_NRT,1
6.382,124.2423,2026-07-30T04:44:00Z,14.22,N,n,D,VIIRS_SNPP_NRT,1
2.3257,125.376,2026-07-30T04:44:00Z,6.83,N,n,D,VIIRS_SNPP_NRT,1
7.2273,124.4886,2026-07-30T04:44:00Z,4.4,N,n,D,VIIRS_SNPP_NRT,1
6.767,124.2841,2026-07-30T04:44:00Z,3.23,N,n,D,VIIRS_SNPP_NRT,1
-2.8562,128.9117,2026-07-30T04:42:00Z,3.06,N,n,D,VIIRS_SNPP_NRT,1
-3.0873,130.1021,2026-07-30T04:42:00Z,5.36,N,n,D,VIIRS_SNPP_NRT,1
-3.0845,130.1031,2026-07-30T04:42:00Z,5.44,N,n,D,VIIRS_SNPP_NRT,1
-3.0736,130.4281,2026-07-30T04:42:00Z,5.91,N,n,D,VIIRS_SNPP_NRT,1
-3.0698,130.4276,2026-07-30T04:42:00Z,5.91,N,n,D,VIIRS_SNPP_NRT,1
-3.0571,130.1554,2026-07-30T04:42:00Z,5.49,N,n,D,VIIRS_SNPP_NRT,1
-3.0571,128.1318,2026-07-30T04:42:00Z,3.98,N,n,D,VIIRS_SNPP_NRT,1
-3.0551,128.1331,2026-07-30T04:42:00Z,7.74,N,n,D,VIIRS_SNPP_NRT,1
-2.8676,133.0462,2026-07-30T04:42:00Z,3.29,N,n,D,VIIRS_SNPP_NRT,1
-2.8541,128.926,2026-07-30T04:42:00Z,6.33,N,n,D,VIIRS_SNPP_NRT,1
-3.1333,130.4453,2026-07-30T04:42:00Z,7.83,N,n,D,VIIRS_SNPP_NRT,1
-2.0529,132.2799,2026-07-30T04:42:00Z,1.8,N,n,D,VIIRS_SNPP_NRT,1
-2.8522,128.9109,2026-07-30T04:42:00Z,4.3,N,n,D,VIIRS_SNPP_NRT,1
-2.85,128.9253,2026-07-30T04:42:00Z,4.12,N,n,D,VIIRS_SNPP_NRT,1
-2.8224,129.0561,2026-07-30T04:42:00Z,1.68,N,n,D,VIIRS_SNPP_NRT,1
-2.5805,121.3769,2026-07-30T04:42:00Z,19.03,N,h,D,VIIRS_SNPP_NRT,1
-2.5684,132.996,2026-07-30T04:42:00Z,5.85,N,n,D,VIIRS_SNPP_NRT,1
-2.5446,121.5761,2026-07-30T04:42:00Z,7.84,N,n,D,VIIRS_SNPP_NRT,1
-2.5243,133.0464,2026-07-30T04:42:00Z,1.78,N,n,D,VIIRS_SNPP_NRT,1
-3.0909,130.1826,2026-07-30T04:42:00Z,8.04,N,n,D,VIIRS_SNPP_NRT,1
-3.5208,126.7796,2026-07-30T04:42:00Z,4.82,N,n,D,VIIRS_SNPP_NRT,1
-3.1354,130.4478,2026-07-30T04:42:00Z,37.3,N,n,D,VIIRS_SNPP_NRT,1
-3.4896,126.8266,2026-07-30T04:42:00Z,13.2,N,n,D,VIIRS_SNPP_NRT,1
-1.5582,127.4255,2026-07-30T04:42:00Z,4.03,N,l,D,VIIRS_SNPP_NRT,1
-4.5369,121.5983,2026-07-30T04:42:00Z,11.13,N,n,D,VIIRS_SNPP_NRT,1
-4.5365,121.5951,2026-07-30T04:42:00Z,15.18,N,n,D,VIIRS_SNPP_NRT,1
-4.5306,121.7937,2026-07-30T04:42:00Z,6.46,N,n,D,VIIRS_SNPP_NRT,1
-4.4397,122.2652,2026-07-30T04:42:00Z,4.59,N,n,D,VIIRS_SNPP_NRT,1
-4.4387,122.2631,2026-07-30T04:42:00Z,7.19,N,n,D,VIIRS_SNPP_NRT,1
-4.438,122.2685,2026-07-30T04:42:00Z,11.84,N,n,D,VIIRS_SNPP_NRT,1
-3.5921,126.8226,2026-07-30T04:42:00Z,8.83,N,n,D,VIIRS_SNPP_NRT,1
-3.4797,126.8939,2026-07-30T04:42:00Z,10.0,N,n,D,VIIRS_SNPP_NRT,1
-3.137,130.446,2026-07-30T04:42:00Z,38.21,N,n,D,VIIRS_SNPP_NRT,1
-3.4464,126.9904,2026-07-30T04:42:00Z,3.21,N,n,D,VIIRS_SNPP_NRT,1
-3.3193,126.7908,2026-07-30T04:42:00Z,3.69,N,n,D,VIIRS_SNPP_NRT,1
-3.3038,126.8948,2026-07-30T04:42:00Z,6.41,N,n,D,VIIRS_SNPP_NRT,1
-3.2578,128.3788,2026-07-30T04:42:00Z,5.51,N,n,D,VIIRS_SNPP_NRT,1
-3.2431,128.9808,2026-07-30T04:42:00Z,3.13,N,n,D,VIIRS_SNPP_NRT,1
-3.2423,126.0004,2026-07-30T04:42:00Z,7.51,N,n,D,VIIRS_SNPP_NRT,1
-3.2404,128.9797,2026-07-30T04:42:00Z,5.09,N,n,D,VIIRS_SNPP_NRT,1
-3.1455,130.492,2026-07-30T04:42:00Z,3.5,N,n,D,VIIRS_SNPP_NRT,1
-1.5627,127.4263,2026-07-30T04:42:00Z,10.48,N,n,D,VIIRS_SNPP_NRT,1
-4.4332,122.2645,2026-07-30T04:42:00Z,10.02,N,h,D,VIIRS_SNPP_NRT,1
-1.5466,132.1692,2026-07-30T04:42:00Z,27.52,N,n,D,VIIRS_SNPP_NRT,1
1.4929,127.6281,2026-07-30T04:42:00Z,6.15,N,n,D,VIIRS_SNPP_NRT,1
0.5284,122.5481,2026-07-30T04:42:00Z,4.04,N,n,D,VIIRS_SNPP_NRT,1
0.6065,122.9634,2026-07-30T04:42:00Z,2.85,N,n,D,VIIRS_SNPP_NRT,1
0.7398,123.9447,2026-07-30T04:42:00Z,2.69,N,n,D,VIIRS_SNPP_NRT,1
0.8213,123.8873,2026-07-30T04:42:00Z,5.13,N,n,D,VIIRS_SNPP_NRT,1
1.0634,121.2451,2026-07-30T04:42:00Z,5.74,N,n,D,VIIRS_SNPP_NRT,1
1.1966,127.4953,2026-07-30T04:42:00Z,2.84,N,n,D,VIIRS_SNPP_NRT,1
1.3553,127.8202,2026-07-30T04:42:00Z,3.54,N,n,D,VIIRS_SNPP_NRT,1
1.4467,127.847,2026-07-30T04:42:00Z,1.96,N,n,D,VIIRS_SNPP_NRT,1
1.4935,127.6322,2026-07-30T04:42:00Z,6.15,N,n,D,VIIRS_SNPP_NRT,1
-0.4796,128.0736,2026-07-30T04:42:00Z,2.9,N,n,D,VIIRS_SNPP_NRT,1
1.4976,127.6311,2026-07-30T04:42:00Z,6.15,N,l,D,VIIRS_SNPP_NRT,1
1.5153,127.9366,2026-07-30T04:42:00Z,2.47,N,n,D,VIIRS_SNPP_NRT,1
2.0411,128.3369,2026-07-30T04:42:00Z,6.61,N,n,D,VIIRS_SNPP_NRT,1
2.0498,128.3408,2026-07-30T04:42:00Z,3.34,N,l,D,VIIRS_SNPP_NRT,1
2.052,128.3375,2026-07-30T04:42:00Z,8.5,N,n,D,VIIRS_SNPP_NRT,1
2.0538,128.3403,2026-07-30T04:42:00Z,3.34,N,n,D,VIIRS_SNPP_NRT,1
2.3894,128.5759,2026-07-30T04:42:00Z,3.61,N,n,D,VIIRS_SNPP_NRT,1
-1.4906,132.1942,2026-07-30T04:42:00Z,6.99,N,n,D,VIIRS_SNPP_NRT,1
-0.4437,127.5082,2026-07-30T04:42:00Z,6.12,N,n,D,VIIRS_SNPP_NRT,1
2.0441,128.3386,2026-07-30T04:42:00Z,10.13,N,n,D,VIIRS_SNPP_NRT,1
-0.4809,128.0741,2026-07-30T04:42:00Z,2.66,N,n,D,VIIRS_SNPP_NRT,1
-0.7556,122.9909,2026-07-30T04:42:00Z,4.55,N,n,D,VIIRS_SNPP_NRT,1
-1.4339,132.3813,2026-07-30T04:42:00Z,3.64,N,n,D,VIIRS_SNPP_NRT,1
-0.5748,133.1489,2026-07-30T04:42:00Z,6.94,N,n,D,VIIRS_SNPP_NRT,1
-1.4255,132.3911,2026-07-30T04:42:00Z,2.74,N,n,D,VIIRS_SNPP_NRT,1
-1.2592,132.34,2026-07-30T04:42:00Z,1.98,N,n,D,VIIRS_SNPP_NRT,1
-0.8494,133.1925,2026-07-30T04:42:00Z,8.99,N,n,D,VIIRS_SNPP_NRT,1
-0.8461,133.192,2026-07-30T04:42:00Z,11.44,N,n,D,VIIRS_SNPP_NRT,1
-0.7741,122.91,2026-07-30T04:42:00Z,11.03,N,h,D,VIIRS_SNPP_NRT,1
-0.7615,122.992,2026-07-30T04:42:00Z,4.55,N,n,D,VIIRS_SNPP_NRT,1
-1.2109,133.7474,2026-07-30T04:42:00Z,3.91,N,n,D,VIIRS_SNPP_NRT,1
-0.755,122.9951,2026-07-30T04:42:00Z,10.29,N,n,D,VIIRS_SNPP_NRT,1
-0.6064,123.0768,2026-07-30T04:42:00Z,5.59,N,n,D,VIIRS_SNPP_NRT,1
-0.6438,122.8703,2026-07-30T04:42:00Z,2.34,N,n,D,VIIRS_SNPP_NRT,1
-0.6251,122.929,2026-07-30T04:42:00Z,4.34,N,n,D,VIIRS_SNPP_NRT,1
-0.6229,122.928,2026-07-30T04:42:00Z,3.67,N,n,D,VIIRS_SNPP_NRT,1
-0.6223,122.9322,2026-07-30T04:42:00Z,4.81,N,n,D,VIIRS_SNPP_NRT,1
-0.7001,132.0916,2026-07-30T04:42:00Z,1.74,N,n,D,VIIRS_SNPP_NRT,1
-0.6204,123.1423,2026-07-30T04:42:00Z,3.34,N,n,D,VIIRS_SNPP_NRT,1
-8.0409,139.1832,2026-07-30T04:40:00Z,29.51,N,n,D,VIIRS_SNPP_NRT,1
-8.039,139.5935,2026-07-30T04:40:00Z,6.39,N,n,D,VIIRS_SNPP_NRT,1
-8.0392,139.4013,2026-07-30T04:40:00Z,7.16,N,n,D,VIIRS_SNPP_NRT,1
-8.0396,146.9889,2026-07-30T04:40:00Z,23.42,N,n,D,VIIRS_SNPP_NRT,1
-8.0402,139.1878,2026-07-30T04:40:00Z,29.51,N,n,D,VIIRS_SNPP_NRT,1
-8.0405,139.6087,2026-07-30T04:40:00Z,5.32,N,n,D,VIIRS_SNPP_NRT,1
-8.0429,139.5941,2026-07-30T04:40:00Z,2.53,N,n,D,VIIRS_SNPP_NRT,1
-8.041,146.9813,2026-07-30T04:40:00Z,16.82,N,h,D,VIIRS_SNPP_NRT,1
-8.0425,139.1977,2026-07-30T04:40:00Z,5.89,N,n,D,VIIRS_SNPP_NRT,1
-8.043,139.402,2026-07-30T04:40:00Z,3.58,N,n,D,VIIRS_SNPP_NRT,1
-8.0432,139.1931,2026-07-30T04:40:00Z,5.89,N,n,D,VIIRS_SNPP_NRT,1
-8.0366,139.6081,2026-07-30T04:40:00Z,9.58,N,n,D,VIIRS_SNPP_NRT,1
-8.044,139.1885,2026-07-30T04:40:00Z,29.51,N,n,D,VIIRS_SNPP_NRT,1
-8.0444,139.6093,2026-07-30T04:40:00Z,5.32,N,n,D,VIIRS_SNPP_NRT,1
-8.0373,140.532,2026-07-30T04:40:00Z,5.84,N,n,D,VIIRS_SNPP_NRT,1
-8.0285,139.6569,2026-07-30T04:40:00Z,8.35,N,n,D,VIIRS_SNPP_NRT,1
-8.0361,139.3959,2026-07-30T04:40:00Z,6.76,N,n,D,VIIRS_SNPP_NRT,1
-8.0269,139.3922,2026-07-30T04:40:00Z,8.08,N,n,D,VIIRS_SNPP_NRT,1
-8.0124,139.5146,2026-07-30T04:40:00Z,3.64,N,n,D,VIIRS_SNPP_NRT,1
-8.0447,139.1838,2026-07-30T04:40:00Z,29.51,N,n,D,VIIRS_SNPP_NRT,1
-8.0138,138.8768,2026-07-30T04:40:00Z,4.42,N,n,D,VIIRS_SNPP_NRT,1
-8.0183,142.6665,2026-07-30T04:40:00Z,7.24,N,n,D,VIIRS_SNPP_NRT,1
-8.0208,139.6556,2026-07-30T04:40:00Z,5.68,N,n,D,VIIRS_SNPP_NRT,1
-8.0228,141.591,2026-07-30T04:40:00Z,5.39,N,n,D,VIIRS_SNPP_NRT,1
-8.0276,139.3874,2026-07-30T04:40:00Z,12.66,N,n,D,VIIRS_SNPP_NRT,1
-8.0358,139.613,2026-07-30T04:40:00Z,9.58,N,n,D,VIIRS_SNPP_NRT,1
-8.0292,139.3899,2026-07-30T04:40:00Z,16.62,N,n,D,VIIRS_SNPP_NRT,1
-8.03,139.3852,2026-07-30T04:40:00Z,17.74,N,n,D,VIIRS_SNPP_NRT,1
-8.0322,140.751,2026-07-30T04:40:00Z,5.57,N,n,D,VIIRS_SNPP_NRT,1
-8.0325,140.5349,2026-07-30T04:40:00Z,3.5,N,n,D,VIIRS_SNPP_NRT,1
-8.0328,140.7472,2026-07-30T04:40:00Z,5.57,N,n,D,VIIRS_SNPP_NRT,1
-8.0339,139.3858,2026-07-30T04:40:00Z,17.74,N,n,D,VIIRS_SNPP_NRT,1
-8.0446,139.3925,2026-07-30T04:40:00Z,5.95,N,n,D,VIIRS_SNPP_NRT,1
-8.1599,140.4699,2026-07-30T04:40:00Z,5.77,N,n,D,VIIRS_SNPP_NRT,1
-8.0453,146.9933,2026-07-30T04:40:00Z,76.36,N,n,D,VIIRS_SNPP_NRT,1
-8.145,147.0645,2026-07-30T04:40:00Z,53.7,N,h,D,VIIRS_SNPP_NRT,1
-8.2096,140.4158,2026-07-30T04:40:00Z,8.53,N,n,D,VIIRS_SNPP_NRT,1
-8.2091,128.0565,2026-07-30T04:40:00Z,4.88,N,l,D,VIIRS_SNPP_NRT,1
-8.2084,128.0614,2026-07-30T04:40:00Z,4.88,N,n,D,VIIRS_SNPP_NRT,1
-8.206,128.0591,2026-07-30T04:40:00Z,4.22,N,n,D,VIIRS_SNPP_NRT,1
-8.1967,128.8915,2026-07-30T04:40:00Z,4.76,N,n,D,VIIRS_SNPP_NRT,1
-8.195,140.3542,2026-07-30T04:40:00Z,3.72,N,n,D,VIIRS_SNPP_NRT,1
-8.1941,128.8886,2026-07-30T04:40:00Z,2.28,N,n,D,VIIRS_SNPP_NRT,1
-8.1922,140.798,2026-07-30T04:40:00Z,3.34,N,n,D,VIIRS_SNPP_NRT,1
-8.1793,124.8873,2026-07-30T04:40:00Z,3.02,N,n,D,VIIRS_SNPP_NRT,1
-8.1736,124.8852,2026-07-30T04:40:00Z,5.97,N,n,D,VIIRS_SNPP_NRT,1
-8.173,124.8897,2026-07-30T04:40:00Z,6.76,N,l,D,VIIRS_SNPP_NRT,1
-8.1678,140.7391,2026-07-30T04:40:00Z,5.19,N,n,D,VIIRS_SNPP_NRT,1
-8.1605,140.4662,2026-07-30T04:40:00Z,6.99,N,n,D,VIIRS_SNPP_NRT,1
-8.0082,139.6586,2026-07-30T04:40:00Z,5.98,N,n,D,VIIRS_SNPP_NRT,1
-8.1369,140.4063,2026-07-30T04:40:00Z,7.46,N,n,D,VIIRS_SNPP_NRT,1
-8.0462,146.9884,2026-07-30T04:40:00Z,76.36,N,l,D,VIIRS_SNPP_NRT,1
-8.1317,146.1945,2026-07-30T04:40:00Z,2.08,N,n,D,VIIRS_SNPP_NRT,1
-8.1065,140.4873,2026-07-30T04:40:00Z,5.49,N,n,D,VIIRS_SNPP_NRT,1
-8.093,140.4925,2026-07-30T04:40:00Z,5.58,N,n,D,VIIRS_SNPP_NRT,1
-8.0924,140.4962,2026-07-30T04:40:00Z,8.32,N,n,D,VIIRS_SNPP_NRT,1
-8.0867,140.7327,2026-07-30T04:40:00Z,5.45,N,n,D,VIIRS_SNPP_NRT,1
-8.0753,139.9033,2026-07-30T04:40:00Z,8.22,N,n,D,VIIRS_SNPP_NRT,1
-8.0675,141.0041,2026-07-30T04:40:00Z,3.96,N,n,D,VIIRS_SNPP_NRT,1
-8.0662,142.5602,2026-07-30T04:40:00Z,7.63,N,n,D,VIIRS_SNPP_NRT,1
-8.0624,142.5544,2026-07-30T04:40:00Z,7.63,N,n,D,VIIRS_SNPP_NRT,1
-8.0579,139.2884,2026-07-30T04:40:00Z,7.56,N,n,D,VIIRS_SNPP_NRT,1
-8.0541,139.2878,2026-07-30T04:40:00Z,7.56,N,n,D,VIIRS_SNPP_NRT,1
-8.0519,139.2779,2026-07-30T04:40:00Z,5.59,N,n,D,VIIRS_SNPP_NRT,1
-8.0518,146.9931,2026-07-30T04:40:00Z,76.36,N,n,D,VIIRS_SNPP_NRT,1
-8.0476,146.9807,2026-07-30T04:40:00Z,57.09,N,n,D,VIIRS_SNPP_NRT,1
-8.009,140.4481,2026-07-30T04:40:00Z,2.97,N,n,D,VIIRS_SNPP_NRT,1
-7.9144,146.8441,2026-07-30T04:40:00Z,12.3,N,n,D,VIIRS_SNPP_NRT,1
-7.994,139.2805,2026-07-30T04:40:00Z,3.16,N,n,D,VIIRS_SNPP_NRT,1
-7.5975,138.7542,2026-07-30T04:40:00Z,8.3,N,n,D,VIIRS_SNPP_NRT,1
-7.521,140.3908,2026-07-30T04:40:00Z,11.58,N,n,D,VIIRS_SNPP_NRT,1
-7.5245,140.3952,2026-07-30T04:40:00Z,11.58,N,n,D,VIIRS_SNPP_NRT,1
-7.5245,131.6564,2026-07-30T04:40:00Z,5.74,N,n,D,VIIRS_SNPP_NRT,1
-7.5251,140.3915,2026-07-30T04:40:00Z,11.58,N,n,D,VIIRS_SNPP_NRT,1
-7.5931,138.758,2026-07-30T04:40:00Z,8.3,N,n,D,VIIRS_SNPP_NRT,1
-7.5968,138.7586,2026-07-30T04:40:00Z,8.3,N,n,D,VIIRS_SNPP_NRT,1
-7.6187,141.3766,2026-07-30T04:40:00Z,6.0,N,n,D,VIIRS_SNPP_NRT,1
-7.7503,141.6682,2026-07-30T04:40:00Z,5.9,N,n,D,VIIRS_SNPP_NRT,1
-7.6244,139.9652,2026-07-30T04:40:00Z,6.16,N,n,D,VIIRS_SNPP_NRT,1
-7.6949,141.4313,2026-07-30T04:40:00Z,63.97,N,n,D,VIIRS_SNPP_NRT,1
-7.6965,147.0056,2026-07-30T04:40:00Z,9.37,N,n,D,VIIRS_SNPP_NRT,1
-7.7112,126.2264,2026-07-30T04:40:00Z,3.22,N,n,D,VIIRS_SNPP_NRT,1
-7.7124,126.2289,2026-07-30T04:40:00Z,5.05,N,n,D,VIIRS_SNPP_NRT,1
-7.7158,126.232,2026-07-30T04:40:00Z,3.22,N,n,D,VIIRS_SNPP_NRT,1
-7.5204,140.3945,2026-07-30T04:40:00Z,11.58,N,n,D,VIIRS_SNPP_NRT,1
-7.5169,140.3901,2026-07-30T04:40:00Z,9.82,N,n,D,VIIRS_SNPP_NRT,1
-7.5163,140.3938,2026-07-30T04:40:00Z,9.82,N,h,D,VIIRS_SNPP_NRT,1
-7.5134,138.4527,2026-07-30T04:40:00Z,6.99,N,n,D,VIIRS_SNPP_NRT,1
-7.5128,140.3894,2026-07-30T04:40:00Z,9.82,N,h,D,VIIRS_SNPP_NRT,1
-7.5122,140.3931,2026-07-30T04:40:00Z,9.82,N,n,D,VIIRS_SNPP_NRT,1
-7.5097,138.4521,2026-07-30T04:40:00Z,6.99,N,n,D,VIIRS_SNPP_NRT,1
-7.509,138.4564,2026-07-30T04:40:00Z,9.96,N,n,D,VIIRS_SNPP_NRT,1
-7.5087,140.3887,2026-07-30T04:40:00Z,6.98,N,n,D,VIIRS_SNPP_NRT,1
-7.4942,140.3486,2026-07-30T04:40:00Z,18.44,N,n,D,VIIRS_SNPP_NRT,1
-7.4936,140.3523,2026-07-30T04:40:00Z,18.44,N,h,D,VIIRS_SNPP_NRT,1
-7.493,140.3559,2026-07-30T04:40:00Z,25.23,N,n,D,VIIRS_SNPP_NRT,1
-7.4901,140.348,2026-07-30T04:40:00Z,4.89,N,n,D,VIIRS_SNPP_NRT,1
-7.4846,140.7419,2026-07-30T04:40:00Z,17.17,N,n,D,VIIRS_SNPP_NRT,1
-7.4758,139.4167,2026-07-30T04:40:00Z,3.45,N,n,D,VIIRS_SNPP_NRT,1
-7.4757,139.4141,2026-07-30T04:40:00Z,6.55,N,n,D,VIIRS_SNPP_NRT,1
-7.4683,141.4926,2026-07-30T04:40:00Z,3.47,N,n,D,VIIRS_SNPP_NRT,1
-7.7496,141.6726,2026-07-30T04:40:00Z,5.9,N,n,D,VIIRS_SNPP_NRT,1
-7.7516,141.6725,2026-07-30T04:40:00Z,10.24,N,n,D,VIIRS_SNPP_NRT,1
-7.9917,139.1515,2026-07-30T04:40:00Z,6.95,N,n,D,VIIRS_SNPP_NRT,1
-7.9679,131.1175,2026-07-30T04:40:00Z,6.68,N,n,D,VIIRS_SNPP_NRT,1
-7.9344,129.6512,2026-07-30T04:40:00Z,3.66,N,n,D,VIIRS_SNPP_NRT,1
-7.9415,137.928,2026-07-30T04:40:00Z,33.56,N,n,D,VIIRS_SNPP_NRT,1
-7.9421,137.924,2026-07-30T04:40:00Z,14.99,N,n,D,VIIRS_SNPP_NRT,1
-7.9569,142.6261,2026-07-30T04:40:00Z,8.3,N,n,D,VIIRS_SNPP_NRT,1
-7.966,138.0479,2026-07-30T04:40:00Z,5.31,N,n,D,VIIRS_SNPP_NRT,1
-7.9666,138.0438,2026-07-30T04:40:00Z,2.61,N,n,D,VIIRS_SNPP_NRT,1
-7.9696,138.0485,2026-07-30T04:40:00Z,4.05,N,l,D,VIIRS_SNPP_NRT,1
-7.7555,141.6645,2026-07-30T04:40:00Z,3.7,N,n,D,VIIRS_SNPP_NRT,1
-7.9712,140.8275,2026-07-30T04:40:00Z,2.96,N,n,D,VIIRS_SNPP_NRT,1
-7.9834,139.1786,2026-07-30T04:40:00Z,6.41,N,n,D,VIIRS_SNPP_NRT,1
-7.9872,139.1792,2026-07-30T04:40:00Z,2.85,N,n,D,VIIRS_SNPP_NRT,1
-7.9879,139.1509,2026-07-30T04:40:00Z,8.22,N,n,D,VIIRS_SNPP_NRT,1
-7.99,139.4251,2026-07-30T04:40:00Z,3.8,N,n,D,VIIRS_SNPP_NRT,1
-7.9908,139.4204,2026-07-30T04:40:00Z,10.2,N,n,D,VIIRS_SNPP_NRT,1
-7.9277,138.0126,2026-07-30T04:40:00Z,5.25,N,n,D,VIIRS_SNPP_NRT,1
-7.9248,138.008,2026-07-30T04:40:00Z,5.25,N,n,D,VIIRS_SNPP_NRT,1
-7.9187,142.5934,2026-07-30T04:40:00Z,6.28,N,n,D,VIIRS_SNPP_NRT,1
-8.2107,128.0598,2026-07-30T04:40:00Z,4.22,N,n,D,VIIRS_SNPP_NRT,1
-7.9135,146.8492,2026-07-30T04:40:00Z,16.68,N,n,D,VIIRS_SNPP_NRT,1
-7.911,146.8446,2026-07-30T04:40:00Z,18.89,N,h,D,VIIRS_SNPP_NRT,1
-7.9101,146.8499,2026-07-30T04:40:00Z,18.42,N,n,D,VIIRS_SNPP_NRT,1
-7.9029,146.8368,2026-07-30T04:40:00Z,12.09,N,n,D,VIIRS_SNPP_NRT,1
-7.8992,146.8387,2026-07-30T04:40:00Z,9.02,N,n,D,VIIRS_SNPP_NRT,1
-7.8684,138.8644,2026-07-30T04:40:00Z,11.85,N,n,D,VIIRS_SNPP_NRT,1
-7.8647,138.8638,2026-07-30T04:40:00Z,6.86,N,n,D,VIIRS_SNPP_NRT,1
-7.8526,138.8208,2026-07-30T04:40:00Z,3.91,N,n,D,VIIRS_SNPP_NRT,1
-7.8518,138.8252,2026-07-30T04:40:00Z,3.91,N,n,D,VIIRS_SNPP_NRT,1
-7.85,139.0511,2026-07-30T04:40:00Z,4.1,N,n,D,VIIRS_SNPP_NRT,1
-7.8421,138.8145,2026-07-30T04:40:00Z,6.04,N,n,D,VIIRS_SNPP_NRT,1
-7.7755,141.6674,2026-07-30T04:40:00Z,3.79,N,n,D,VIIRS_SNPP_NRT,1
-7.7607,138.8159,2026-07-30T04:40:00Z,12.56,N,n,D,VIIRS_SNPP_NRT,1
-8.2102,140.4122,2026-07-30T04:40:00Z,8.53,N,n,D,VIIRS_SNPP_NRT,1
-8.286,140.3584,2026-07-30T04:40:00Z,4.09,N,n,D,VIIRS_SNPP_NRT,1
-8.2164,140.5252,2026-07-30T04:40:00Z,6.35,N,n,D,VIIRS_SNPP_NRT,1
-8.582,140.6944,2026-07-30T04:40:00Z,6.42,N,n,D,VIIRS_SNPP_NRT,1
-8.5332,126.3812,2026-07-30T04:40:00Z,0.98,N,n,D,VIIRS_SNPP_NRT,1
-8.5349,140.9192,2026-07-30T04:40:00Z,9.04,N,n,D,VIIRS_SNPP_NRT,1
-8.5534,146.5983,2026-07-30T04:40:00Z,7.9,N,n,D,VIIRS_SNPP_NRT,1
-8.5542,146.5937,2026-07-30T04:40:00Z,7.37,N,n,D,VIIRS_SNPP_NRT,1
-8.575,140.6856,2026-07-30T04:40:00Z,4.95,N,n,D,VIIRS_SNPP_NRT,1
-8.5803,140.9308,2026-07-30T04:40:00Z,2.88,N,n,D,VIIRS_SNPP_NRT,1
-8.5826,140.6907,2026-07-30T04:40:00Z,3.71,N,n,D,VIIRS_SNPP_NRT,1
-8.4314,140.8381,2026-07-30T04:40:00Z,3.01,N,n,D,VIIRS_SNPP_NRT,1
-8.5868,140.7912,2026-07-30T04:40:00Z,4.68,N,n,D,VIIRS_SNPP_NRT,1
-8.5893,140.7262,2026-07-30T04:40:00Z,4.65,N,n,D,VIIRS_SNPP_NRT,1
-8.5899,140.7225,2026-07-30T04:40:00Z,4.04,N,n,D,VIIRS_SNPP_NRT,1
-8.6428,140.6856,2026-07-30T04:40:00Z,4.84,N,n,D,VIIRS_SNPP_NRT,1
-8.6434,140.6818,2026-07-30T04:40:00Z,4.84,N,n,D,VIIRS_SNPP_NRT,1
-8.644,140.6782,2026-07-30T04:40:00Z,2.58,N,n,D,VIIRS_SNPP_NRT,1
-8.5059,140.7076,2026-07-30T04:40:00Z,6.12,N,n,D,VIIRS_SNPP_NRT,1
-8.5053,140.7113,2026-07-30T04:40:00Z,8.2,N,n,D,VIIRS_SNPP_NRT,1
-8.4972,140.9123,2026-07-30T04:40:00Z,6.71,N,n,D,VIIRS_SNPP_NRT,1
-8.4959,141.076,2026-07-30T04:40:00Z,3.8,N,n,D,VIIRS_SNPP_NRT,1
-8.4947,141.0762,2026-07-30T04:40:00Z,8.34,N,n,D,VIIRS_SNPP_NRT,1
-8.4703,140.9953,2026-07-30T04:40:00Z,2.6,N,n,D,VIIRS_SNPP_NRT,1
-8.4589,140.6844,2026-07-30T04:40:00Z,8.41,N,n,D,VIIRS_SNPP_NRT,1
-8.4582,140.6881,2026-07-30T04:40:00Z,8.59,N,n,D,VIIRS_SNPP_NRT,1
-8.4532,140.842,2026-07-30T04:40:00Z,4.62,N,n,D,VIIRS_SNPP_NRT,1
-8.4462,140.833,2026-07-30T04:40:00Z,5.75,N,n,D,VIIRS_SNPP_NRT,1
-8.4349,140.5361,2026-07-30T04:40:00Z,6.43,N,n,D,VIIRS_SNPP_NRT,1
-8.4337,140.8309,2026-07-30T04:40:00Z,6.19,N,n,D,VIIRS_SNPP_NRT,1
-8.433,140.8347,2026-07-30T04:40:00Z,6.19,N,n,D,VIIRS_SNPP_NRT,1
-8.4327,140.8305,2026-07-30T04:40:00Z,6.72,N,n,D,VIIRS_SNPP_NRT,1
-8.4324,140.8385,2026-07-30T04:40:00Z,5.02,N,n,D,VIIRS_SNPP_NRT,1
-8.432,140.8343,2026-07-30T04:40:00Z,6.72,N,n,D,VIIRS_SNPP_NRT,1
-8.4316,123.1561,2026-07-30T04:40:00Z,5.88,N,n,D,VIIRS_SNPP_NRT,1
-8.6475,140.6826,2026-07-30T04:40:00Z,4.84,N,n,D,VIIRS_SNPP_NRT,1
-8.6482,140.6788,2026-07-30T04:40:00Z,2.58,N,n,D,VIIRS_SNPP_NRT,1
-8.6728,141.8437,2026-07-30T04:40:00Z,2.96,N,n,D,VIIRS_SNPP_NRT,1
-8.8574,140.9308,2026-07-30T04:40:00Z,9.16,N,h,D,VIIRS_SNPP_NRT,1
-7.4632,138.8637,2026-07-30T04:40:00Z,5.44,N,n,D,VIIRS_SNPP_NRT,1
-9.4709,124.0253,2026-07-30T04:40:00Z,3.88,N,n,D,VIIRS_SNPP_NRT,1
-9.2049,142.8326,2026-07-30T04:40:00Z,11.81,N,n,D,VIIRS_SNPP_NRT,1
-9.1482,142.932,2026-07-30T04:40:00Z,4.31,N,n,D,VIIRS_SNPP_NRT,1
-9.148,142.9291,2026-07-30T04:40:00Z,4.76,N,n,D,VIIRS_SNPP_NRT,1
-9.1018,125.1771,2026-07-30T04:40:00Z,4.84,N,n,D,VIIRS_SNPP_NRT,1
-8.9083,141.0618,2026-07-30T04:40:00Z,4.66,N,n,D,VIIRS_SNPP_NRT,1
-8.8868,141.961,2026-07-30T04:40:00Z,6.1,N,n,D,VIIRS_SNPP_NRT,1
-8.8856,141.9553,2026-07-30T04:40:00Z,7.1,N,n,D,VIIRS_SNPP_NRT,1
-8.8848,141.9597,2026-07-30T04:40:00Z,23.48,N,h,D,VIIRS_SNPP_NRT,1
-8.8831,141.9558,2026-07-30T04:40:00Z,13.68,N,n,D,VIIRS_SNPP_NRT,1
-8.8823,141.9602,2026-07-30T04:40:00Z,14.46,N,n,D,VIIRS_SNPP_NRT,1
-8.8615,140.9315,2026-07-30T04:40:00Z,9.16,N,n,D,VIIRS_SNPP_NRT,1
-8.858,140.927,2026-07-30T04:40:00Z,9.16,N,n,D,VIIRS_SNPP_NRT,1
-8.8554,140.9422,2026-07-30T04:40:00Z,6.01,N,n,D,VIIRS_SNPP_NRT,1
-8.6866,140.7661,2026-07-30T04:40:00Z,8.56,N,n,D,VIIRS_SNPP_NRT,1
-8.8404,140.7957,2026-07-30T04:40:00Z,3.2,N,n,D,VIIRS_SNPP_NRT,1
-8.8357,140.7988,2026-07-30T04:40:00Z,6.34,N,n,D,VIIRS_SNPP_NRT,1
-8.8317,140.7216,2026-07-30T04:40:00Z,6.15,N,n,D,VIIRS_SNPP_NRT,1
-8.8057,140.7248,2026-07-30T04:40:00Z,3.43,N,n,D,VIIRS_SNPP_NRT,1
-8.7887,141.5848,2026-07-30T04:40:00Z,50.34,N,n,D,VIIRS_SNPP_NRT,1
-8.788,141.589,2026-07-30T04:40:00Z,23.34,N,n,D,VIIRS_SNPP_NRT,1
-8.735,141.8177,2026-07-30T04:40:00Z,3.82,N,n,D,VIIRS_SNPP_NRT,1
-8.7342,141.822,2026-07-30T04:40:00Z,3.82,N,n,D,VIIRS_SNPP_NRT,1
-8.7065,140.6741,2026-07-30T04:40:00Z,2.49,N,n,D,VIIRS_SNPP_NRT,1
-8.6982,141.3526,2026-07-30T04:40:00Z,6.87,N,n,D,VIIRS_SNPP_NRT,1
-8.6953,141.3437,2026-07-30T04:40:00Z,3.73,N,n,D,VIIRS_SNPP_NRT,1
-8.6946,141.3478,2026-07-30T04:40:00Z,3.73,N,n,D,VIIRS_SNPP_NRT,1
-8.691,141.343,2026-07-30T04:40:00Z,5.08,N,n,D,VIIRS_SNPP_NRT,1
-8.6903,141.3471,2026-07-30T04:40:00Z,5.08,N,n,D,VIIRS_SNPP_NRT,1
-8.4315,123.1562,2026-07-30T04:40:00Z,5.12,N,n,D,VIIRS_SNPP_NRT,1
-8.4286,140.7519,2026-07-30T04:40:00Z,3.69,N,n,D,VIIRS_SNPP_NRT,1
-8.2171,140.3468,2026-07-30T04:40:00Z,6.74,N,n,D,VIIRS_SNPP_NRT,1
-8.3136,137.8596,2026-07-30T04:40:00Z,5.4,N,n,D,VIIRS_SNPP_NRT,1
-8.2991,123.6804,2026-07-30T04:40:00Z,11.84,N,n,D,VIIRS_SNPP_NRT,1
-8.3024,130.8209,2026-07-30T04:40:00Z,10.31,N,n,D,VIIRS_SNPP_NRT,1
-8.3072,137.8545,2026-07-30T04:40:00Z,5.89,N,n,D,VIIRS_SNPP_NRT,1
-8.3101,137.859,2026-07-30T04:40:00Z,5.4,N,n,D,VIIRS_SNPP_NRT,1
-8.3107,137.8551,2026-07-30T04:40:00Z,5.4,N,n,D,VIIRS_SNPP_NRT,1
-8.3123,137.8675,2026-07-30T04:40:00Z,5.72,N,n,D,VIIRS_SNPP_NRT,1
-8.3197,137.8443,2026-07-30T04:40:00Z,4.92,N,n,D,VIIRS_SNPP_NRT,1
-8.4259,141.0521,2026-07-30T04:40:00Z,3.79,N,n,D,VIIRS_SNPP_NRT,1
-8.3219,137.8528,2026-07-30T04:40:00Z,6.92,N,n,D,VIIRS_SNPP_NRT,1
-8.3226,137.8489,2026-07-30T04:40:00Z,6.92,N,n,D,VIIRS_SNPP_NRT,1
-8.3232,137.8449,2026-07-30T04:40:00Z,4.92,N,n,D,VIIRS_SNPP_NRT,1
-8.3238,137.8409,2026-07-30T04:40:00Z,4.92,N,n,D,VIIRS_SNPP_NRT,1
-8.3261,137.8494,2026-07-30T04:40:00Z,7.77,N,n,D,VIIRS_SNPP_NRT,1
-8.3267,137.8455,2026-07-30T04:40:00Z,7.39,N,n,D,VIIRS_SNPP_NRT,1
-8.2854,140.3619,2026-07-30T04:40:00Z,4.09,N,n,D,VIIRS_SNPP_NRT,1
-8.2767,140.1639,2026-07-30T04:40:00Z,6.68,N,n,D,VIIRS_SNPP_NRT,1
-8.2684,140.4848,2026-07-30T04:40:00Z,2.9,N,n,D,VIIRS_SNPP_NRT,1
-8.2649,128.2213,2026-07-30T04:40:00Z,5.77,N,l,D,VIIRS_SNPP_NRT,1
-8.2642,140.4657,2026-07-30T04:40:00Z,4.31,N,n,D,VIIRS_SNPP_NRT,1
-8.26,140.0919,2026-07-30T04:40:00Z,6.76,N,n,D,VIIRS_SNPP_NRT,1
-8.256,140.0912,2026-07-30T04:40:00Z,12.76,N,n,D,VIIRS_SNPP_NRT,1
-8.2431,140.9845,2026-07-30T04:40:00Z,4.41,N,n,D,VIIRS_SNPP_NRT,1
-8.2389,140.9838,2026-07-30T04:40:00Z,3.51,N,n,D,VIIRS_SNPP_NRT,1
-8.2311,124.9887,2026-07-30T04:40:00Z,5.72,N,n,D,VIIRS_SNPP_NRT,1
-8.2287,130.8875,2026-07-30T04:40:00Z,10.48,N,n,D,VIIRS_SNPP_NRT,1
-8.2276,140.7719,2026-07-30T04:40:00Z,8.78,N,n,D,VIIRS_SNPP_NRT,1
-8.2275,140.5346,2026-07-30T04:40:00Z,8.1,N,n,D,VIIRS_SNPP_NRT,1
-8.2264,140.7723,2026-07-30T04:40:00Z,4.4,N,n,D,VIIRS_SNPP_NRT,1
-9.9887,123.5948,2026-07-30T04:40:00Z,7.47,N,n,D,VIIRS_SNPP_NRT,1
-8.2224,137.9111,2026-07-30T04:40:00Z,3.41,N,l,D,VIIRS_SNPP_NRT,1
-8.2201,140.7902,2026-07-30T04:40:00Z,1.56,N,n,D,VIIRS_SNPP_NRT,1
-8.329,137.854,2026-07-30T04:40:00Z,7.77,N,n,D,VIIRS_SNPP_NRT,1
-8.3398,140.9732,2026-07-30T04:40:00Z,1.66,N,n,D,VIIRS_SNPP_NRT,1
-8.3418,140.3236,2026-07-30T04:40:00Z,4.75,N,n,D,VIIRS_SNPP_NRT,1
-8.3855,140.8304,2026-07-30T04:40:00Z,8.55,N,n,D,VIIRS_SNPP_NRT,1
-8.4234,140.7318,2026-07-30T04:40:00Z,4.83,N,n,D,VIIRS_SNPP_NRT,1
-8.4228,140.7355,2026-07-30T04:40:00Z,4.99,N,n,D,VIIRS_SNPP_NRT,1
-8.417,123.9696,2026-07-30T04:40:00Z,3.82,N,n,D,VIIRS_SNPP_NRT,1
-8.4105,146.9608,2026-07-30T04:40:00Z,4.36,N,n,D,VIIRS_SNPP_NRT,1
-8.4084,141.2834,2026-07-30T04:40:00Z,2.79,N,n,D,VIIRS_SNPP_NRT,1
-8.4084,126.915,2026-07-30T04:40:00Z,1.46,N,n,D,VIIRS_SNPP_NRT,1
-8.403,140.9838,2026-07-30T04:40:00Z,5.68,N,n,D,VIIRS_SNPP_NRT,1
-8.4029,140.9839,2026-07-30T04:40:00Z,7.8,N,n,D,VIIRS_SNPP_NRT,1
-8.4024,140.9877,2026-07-30T04:40:00Z,5.68,N,n,D,VIIRS_SNPP_NRT,1
-8.4022,140.9878,2026-07-30T04:40:00Z,7.8,N,n,D,VIIRS_SNPP_NRT,1
-8.3951,123.957,2026-07-30T04:40:00Z,5.07,N,n,D,VIIRS_SNPP_NRT,1
-8.3932,140.8356,2026-07-30T04:40:00Z,4.45,N,n,D,VIIRS_SNPP_NRT,1
-8.3897,140.8311,2026-07-30T04:40:00Z,8.55,N,n,D,VIIRS_SNPP_NRT,1
-8.3862,140.8266,2026-07-30T04:40:00Z,9.54,N,n,D,VIIRS_SNPP_NRT,1
-8.3844,140.4866,2026-07-30T04:40:00Z,2.83,N,n,D,VIIRS_SNPP_NRT,1
-8.3482,140.8476,2026-07-30T04:40:00Z,7.11,N,n,D,VIIRS_SNPP_NRT,1
-8.3826,140.822,2026-07-30T04:40:00Z,7.29,N,n,D,VIIRS_SNPP_NRT,1
-8.382,140.8259,2026-07-30T04:40:00Z,7.29,N,n,D,VIIRS_SNPP_NRT,1
-8.3817,140.4851,2026-07-30T04:40:00Z,10.98,N,n,D,VIIRS_SNPP_NRT,1
-8.3817,140.5272,2026-07-30T04:40:00Z,7.99,N,n,D,VIIRS_SNPP_NRT,1
-8.3813,140.8297,2026-07-30T04:40:00Z,5.95,N,n,D,VIIRS_SNPP_NRT,1
-8.3803,140.4859,2026-07-30T04:40:00Z,6.65,N,n,D,VIIRS_SNPP_NRT,1
-8.3791,140.8175,2026-07-30T04:40:00Z,3.71,N,n,D,VIIRS_SNPP_NRT,1
-8.3779,140.4066,2026-07-30T04:40:00Z,6.41,N,n,D,VIIRS_SNPP_NRT,1
-8.377,140.3113,2026-07-30T04:40:00Z,5.16,N,n,D,VIIRS_SNPP_NRT,1
-8.3745,140.9991,2026-07-30T04:40:00Z,3.49,N,n,D,VIIRS_SNPP_NRT,1
-8.3738,140.4059,2026-07-30T04:40:00Z,6.41,N,n,D,VIIRS_SNPP_NRT,1
-8.3733,140.8519,2026-07-30T04:40:00Z,6.05,N,n,D,VIIRS_SNPP_NRT,1
-8.3687,140.3867,2026-07-30T04:40:00Z,2.78,N,n,D,VIIRS_SNPP_NRT,1
-8.3534,140.4284,2026-07-30T04:40:00Z,3.29,N,n,D,VIIRS_SNPP_NRT,1
-7.464,138.8625,2026-07-30T04:40:00Z,6.12,N,n,D,VIIRS_SNPP_NRT,1
-6.0782,145.8933,2026-07-30T04:40:00Z,3.58,N,n,D,VIIRS_SNPP_NRT,1
-7.4602,138.3175,2026-07-30T04:40:00Z,3.67,N,n,D,VIIRS_SNPP_NRT,1
-5.774,145.6277,2026-07-30T04:40:00Z,21.58,N,h,D,VIIRS_SNPP_NRT,1
-5.7391,143.2172,2026-07-30T04:40:00Z,2.37,N,n,D,VIIRS_SNPP_NRT,1
-5.7441,143.2185,2026-07-30T04:40:00Z,2.37,N,n,D,VIIRS_SNPP_NRT,1
-5.7715,145.6336,2026-07-30T04:40:00Z,4.07,N,n,D,VIIRS_SNPP_NRT,1
-5.7726,145.6269,2026-07-30T04:40:00Z,16.67,N,h,D,VIIRS_SNPP_NRT,1
-5.7728,145.6345,2026-07-30T04:40:00Z,4.75,N,n,D,VIIRS_SNPP_NRT,1
-5.7733,145.6233,2026-07-30T04:40:00Z,7.88,N,n,D,VIIRS_SNPP_NRT,1
-5.7747,145.6242,2026-07-30T04:40:00Z,11.72,N,n,D,VIIRS_SNPP_NRT,1
-5.3605,143.6487,2026-07-30T04:40:00Z,5.87,N,n,D,VIIRS_SNPP_NRT,1
-5.7784,145.6293,2026-07-30T04:40:00Z,30.84,N,h,D,VIIRS_SNPP_NRT,1
-5.7791,145.6256,2026-07-30T04:40:00Z,16.46,N,n,D,VIIRS_SNPP_NRT,1
-5.7798,145.63,2026-07-30T04:40:00Z,21.58,N,n,D,VIIRS_SNPP_NRT,1
-5.7805,145.6262,2026-07-30T04:40:00Z,11.72,N,n,D,VIIRS_SNPP_NRT,1
-5.7854,144.174,2026-07-30T04:40:00Z,5.41,N,n,D,VIIRS_SNPP_NRT,1
-5.8238,145.7664,2026-07-30T04:40:00Z,4.08,N,n,D,VIIRS_SNPP_NRT,1
-5.7307,143.2046,2026-07-30T04:40:00Z,4.53,N,n,D,VIIRS_SNPP_NRT,1
-5.7261,143.2007,2026-07-30T04:40:00Z,7.49,N,n,D,VIIRS_SNPP_NRT,1
-5.6391,146.3202,2026-07-30T04:40:00Z,5.27,N,n,D,VIIRS_SNPP_NRT,1
-5.6272,143.9834,2026-07-30T04:40:00Z,2.8,N,n,D,VIIRS_SNPP_NRT,1
-5.6204,132.7711,2026-07-30T04:40:00Z,2.89,N,n,D,VIIRS_SNPP_NRT,1
-5.5865,145.2907,2026-07-30T04:40:00Z,3.5,N,n,D,VIIRS_SNPP_NRT,1
-5.574,143.9935,2026-07-30T04:40:00Z,2.11,N,n,D,VIIRS_SNPP_NRT,1
-5.5732,145.367,2026-07-30T04:40:00Z,2.36,N,n,D,VIIRS_SNPP_NRT,1
-5.5638,145.1791,2026-07-30T04:40:00Z,4.25,N,n,D,VIIRS_SNPP_NRT,1
-5.5461,142.7242,2026-07-30T04:40:00Z,10.07,N,n,D,VIIRS_SNPP_NRT,1
-5.5337,148.415,2026-07-30T04:40:00Z,119.46,N,n,D,VIIRS_SNPP_NRT,1
-5.5302,148.434,2026-07-30T04:40:00Z,62.44,N,n,D,VIIRS_SNPP_NRT,1
-5.5285,143.9991,2026-07-30T04:40:00Z,3.24,N,n,D,VIIRS_SNPP_NRT,1
-5.5027,145.2505,2026-07-30T04:40:00Z,2.34,N,n,D,VIIRS_SNPP_NRT,1
-5.4633,144.013,2026-07-30T04:40:00Z,4.77,N,n,D,VIIRS_SNPP_NRT,1
-5.4627,144.0164,2026-07-30T04:40:00Z,5.96,N,n,D,VIIRS_SNPP_NRT,1
-5.4433,144.0314,2026-07-30T04:40:00Z,7.95,N,n,D,VIIRS_SNPP_NRT,1
-5.8442,143.9595,2026-07-30T04:40:00Z,9.2,N,n,D,VIIRS_SNPP_NRT,1
-5.8447,143.9566,2026-07-30T04:40:00Z,7.26,N,n,D,VIIRS_SNPP_NRT,1
-5.8462,145.6037,2026-07-30T04:40:00Z,6.58,N,n,D,VIIRS_SNPP_NRT,1
-6.016,143.6415,2026-07-30T04:40:00Z,4.52,N,n,D,VIIRS_SNPP_NRT,1
-6.1014,143.6775,2026-07-30T04:40:00Z,3.75,N,n,D,VIIRS_SNPP_NRT,1
-6.1004,146.7237,2026-07-30T04:40:00Z,2.89,N,n,D,VIIRS_SNPP_NRT,1
-6.0778,145.0317,2026-07-30T04:40:00Z,4.25,N,n,D,VIIRS_SNPP_NRT,1
-6.0773,145.0326,2026-07-30T04:40:00Z,8.39,N,n,D,VIIRS_SNPP_NRT,1
-6.0772,145.035,2026-07-30T04:40:00Z,4.25,N,n,D,VIIRS_SNPP_NRT,1
-6.0621,145.8784,2026-07-30T04:40:00Z,5.56,N,n,D,VIIRS_SNPP_NRT,1
-6.0613,145.8788,2026-07-30T04:40:00Z,5.98,N,n,D,VIIRS_SNPP_NRT,1
-6.0441,134.1523,2026-07-30T04:40:00Z,1.93,N,n,D,VIIRS_SNPP_NRT,1
-6.0216,145.5775,2026-07-30T04:40:00Z,5.02,N,n,D,VIIRS_SNPP_NRT,1
-6.0203,145.8277,2026-07-30T04:40:00Z,11.53,N,n,D,VIIRS_SNPP_NRT,1
-6.0191,145.8344,2026-07-30T04:40:00Z,9.13,N,h,D,VIIRS_SNPP_NRT,1
-6.019,145.0611,2026-07-30T04:40:00Z,3.34,N,n,D,VIIRS_SNPP_NRT,1
-6.0166,145.0414,2026-07-30T04:40:00Z,11.74,N,h,D,VIIRS_SNPP_NRT,1
-6.0162,143.6393,2026-07-30T04:40:00Z,3.81,N,n,D,VIIRS_SNPP_NRT,1
-6.0147,144.1894,2026-07-30T04:40:00Z,2.76,N,n,D,VIIRS_SNPP_NRT,1
-5.8471,145.5986,2026-07-30T04:40:00Z,5.19,N,n,D,VIIRS_SNPP_NRT,1
-6.0126,145.8358,2026-07-30T04:40:00Z,9.13,N,n,D,VIIRS_SNPP_NRT,1
-6.0115,145.8426,2026-07-30T04:40:00Z,9.13,N,n,D,VIIRS_SNPP_NRT,1
-6.0044,143.6781,2026-07-30T04:40:00Z,2.22,N,n,D,VIIRS_SNPP_NRT,1
-6.0,144.1739,2026-07-30T04:40:00Z,2.86,N,n,D,VIIRS_SNPP_NRT,1
-5.9995,145.9454,2026-07-30T04:40:00Z,7.06,N,n,D,VIIRS_SNPP_NRT,1
-5.9452,144.1986,2026-07-30T04:40:00Z,4.93,N,n,D,VIIRS_SNPP_NRT,1
-5.9398,144.1975,2026-07-30T04:40:00Z,4.05,N,n,D,VIIRS_SNPP_NRT,1
-5.8984,144.729,2026-07-30T04:40:00Z,2.05,N,n,D,VIIRS_SNPP_NRT,1
-5.8941,143.6584,2026-07-30T04:40:00Z,3.84,N,n,D,VIIRS_SNPP_NRT,1
-5.8729,143.6621,2026-07-30T04:40:00Z,7.18,N,h,D,VIIRS_SNPP_NRT,1
-5.8677,143.661,2026-07-30T04:40:00Z,7.18,N,n,D,VIIRS_SNPP_NRT,1
-5.8621,143.8085,2026-07-30T04:40:00Z,9.05,N,n,D,VIIRS_SNPP_NRT,1
-5.8615,143.8118,2026-07-30T04:40:00Z,9.05,N,l,D,VIIRS_SNPP_NRT,1
-5.8532,145.5991,2026-07-30T04:40:00Z,12.8,N,h,D,VIIRS_SNPP_NRT,1
-5.4372,144.0342,2026-07-30T04:40:00Z,5.45,N,n,D,VIIRS_SNPP_NRT,1
-5.36,143.6515,2026-07-30T04:40:00Z,9.5,N,n,D,VIIRS_SNPP_NRT,1
-6.1079,145.6942,2026-07-30T04:40:00Z,13.01,N,h,D,VIIRS_SNPP_NRT,1
-4.1061,144.8238,2026-07-30T04:40:00Z,19.3,N,h,D,VIIRS_SNPP_NRT,1
-4.097,142.9954,2026-07-30T04:40:00Z,7.86,N,n,D,VIIRS_SNPP_NRT,1
-4.0975,142.9923,2026-07-30T04:40:00Z,2.88,N,n,D,VIIRS_SNPP_NRT,1
-4.1003,144.8228,2026-07-30T04:40:00Z,19.3,N,n,D,VIIRS_SNPP_NRT,1
-4.1039,144.828,2026-07-30T04:40:00Z,17.74,N,n,D,VIIRS_SNPP_NRT,1
-4.1042,143.2073,2026-07-30T04:40:00Z,2.35,N,n,D,VIIRS_SNPP_NRT,1
-4.1047,144.8239,2026-07-30T04:40:00Z,17.74,N,n,D,VIIRS_SNPP_NRT,1
-4.1317,143.1072,2026-07-30T04:40:00Z,2.95,N,n,D,VIIRS_SNPP_NRT,1
-5.3591,143.6484,2026-07-30T04:40:00Z,4.85,N,n,D,VIIRS_SNPP_NRT,1
-4.1543,143.6824,2026-07-30T04:40:00Z,1.32,N,n,D,VIIRS_SNPP_NRT,1
-4.1573,143.241,2026-07-30T04:40:00Z,9.69,N,h,D,VIIRS_SNPP_NRT,1
-4.1625,143.0851,2026-07-30T04:40:00Z,5.0,N,n,D,VIIRS_SNPP_NRT,1
-4.1625,143.0831,2026-07-30T04:40:00Z,6.57,N,n,D,VIIRS_SNPP_NRT,1
-4.163,143.082,2026-07-30T04:40:00Z,3.72,N,n,D,VIIRS_SNPP_NRT,1
-4.172,142.9284,2026-07-30T04:40:00Z,2.09,N,n,D,VIIRS_SNPP_NRT,1
-4.0539,143.6074,2026-07-30T04:40:00Z,2.4,N,n,D,VIIRS_SNPP_NRT,1
-4.0414,143.4837,2026-07-30T04:40:00Z,2.65,N,n,D,VIIRS_SNPP_NRT,1
-3.957,143.5146,2026-07-30T04:40:00Z,3.48,N,n,D,VIIRS_SNPP_NRT,1
-3.9039,143.5338,2026-07-30T04:40:00Z,2.38,N,n,D,VIIRS_SNPP_NRT,1
-3.8872,142.9676,2026-07-30T04:40:00Z,3.06,N,n,D,VIIRS_SNPP_NRT,1
-3.8557,143.7175,2026-07-30T04:40:00Z,4.27,N,n,D,VIIRS_SNPP_NRT,1
-3.8551,143.721,2026-07-30T04:40:00Z,6.46,N,n,D,VIIRS_SNPP_NRT,1
-3.855,143.7196,2026-07-30T04:40:00Z,10.03,N,h,D,VIIRS_SNPP_NRT,1
-3.8503,143.7165,2026-07-30T04:40:00Z,4.27,N,n,D,VIIRS_SNPP_NRT,1
-3.8497,143.72,2026-07-30T04:40:00Z,6.46,N,n,D,VIIRS_SNPP_NRT,1
-3.8496,143.7186,2026-07-30T04:40:00Z,3.01,N,n,D,VIIRS_SNPP_NRT,1
-3.8071,142.6654,2026-07-30T04:40:00Z,3.22,N,n,D,VIIRS_SNPP_NRT,1
-3.8046,142.6667,2026-07-30T04:40:00Z,2.53,N,n,D,VIIRS_SNPP_NRT,1
-3.5699,142.8721,2026-07-30T04:40:00Z,2.36,N,n,D,VIIRS_SNPP_NRT,1
-3.195,142.4419,2026-07-30T04:40:00Z,2.37,N,n,D,VIIRS_SNPP_NRT,1
-2.965,141.2672,2026-07-30T04:40:00Z,3.61,N,n,D,VIIRS_SNPP_NRT,1
-11.1887,130.3924,2026-07-30T04:40:00Z,2.01,N,n,D,VIIRS_SNPP_NRT,1
-4.189,143.2461,2026-07-30T04:40:00Z,5.09,N,n,D,VIIRS_SNPP_NRT,1
-4.1934,143.5137,2026-07-30T04:40:00Z,2.92,N,n,D,VIIRS_SNPP_NRT,1
-4.1958,143.5132,2026-07-30T04:40:00Z,2.1,N,n,D,VIIRS_SNPP_NRT,1
-4.3284,143.1503,2026-07-30T04:40:00Z,5.1,N,n,D,VIIRS_SNPP_NRT,1
-5.3586,143.6512,2026-07-30T04:40:00Z,9.23,N,n,D,VIIRS_SNPP_NRT,1
-5.3069,145.2997,2026-07-30T04:40:00Z,3.84,N,n,D,VIIRS_SNPP_NRT,1
-5.3036,145.3031,2026-07-30T04:40:00Z,6.01,N,n,D,VIIRS_SNPP_NRT,1
-5.1311,141.4205,2026-07-30T04:40:00Z,6.98,N,n,D,VIIRS_SNPP_NRT,1
-5.1272,141.4159,2026-07-30T04:40:00Z,5.14,N,n,D,VIIRS_SNPP_NRT,1
-5.1263,141.421,2026-07-30T04:40:00Z,5.14,N,n,D,VIIRS_SNPP_NRT,1
-4.9436,143.7883,2026-07-30T04:40:00Z,3.06,N,n,D,VIIRS_SNPP_NRT,1
-4.7922,122.4781,2026-07-30T04:40:00Z,7.6,N,n,D,VIIRS_SNPP_NRT,1
-4.6063,144.8832,2026-07-30T04:40:00Z,1.99,N,n,D,VIIRS_SNPP_NRT,1
-4.5079,144.7253,2026-07-30T04:40:00Z,2.94,N,n,D,VIIRS_SNPP_NRT,1
-4.4875,144.3997,2026-07-30T04:40:00Z,2.71,N,n,D,VIIRS_SNPP_NRT,1
-4.3807,144.4201,2026-07-30T04:40:00Z,1.63,N,n,D,VIIRS_SNPP_NRT,1
-4.3295,143.144,2026-07-30T04:40:00Z,3.04,N,n,D,VIIRS_SNPP_NRT,1
-4.3294,144.4474,2026-07-30T04:40:00Z,16.97,N,h,D,VIIRS_SNPP_NRT,1
-4.3058,144.6912,2026-07-30T04:40:00Z,4.42,N,n,D,VIIRS_SNPP_NRT,1
-4.206,143.2093,2026-07-30T04:40:00Z,3.75,N,n,D,VIIRS_SNPP_NRT,1
-4.3018,143.277,2026-07-30T04:40:00Z,4.42,N,n,D,VIIRS_SNPP_NRT,1
-4.3005,144.7898,2026-07-30T04:40:00Z,9.32,N,n,D,VIIRS_SNPP_NRT,1
-4.2998,144.7938,2026-07-30T04:40:00Z,9.41,N,n,D,VIIRS_SNPP_NRT,1
-4.2965,143.2761,2026-07-30T04:40:00Z,10.79,N,h,D,VIIRS_SNPP_NRT,1
-4.2953,144.7889,2026-07-30T04:40:00Z,19.85,N,l,D,VIIRS_SNPP_NRT,1
-4.2946,144.7891,2026-07-30T04:40:00Z,9.32,N,l,D,VIIRS_SNPP_NRT,1
-4.2946,144.7931,2026-07-30T04:40:00Z,18.21,N,n,D,VIIRS_SNPP_NRT,1
-4.2941,143.0008,2026-07-30T04:40:00Z,3.03,N,n,D,VIIRS_SNPP_NRT,1
-4.2939,144.7932,2026-07-30T04:40:00Z,9.41,N,n,D,VIIRS_SNPP_NRT,1
-4.272,143.3891,2026-07-30T04:40:00Z,3.84,N,n,D,VIIRS_SNPP_NRT,1
-4.2714,143.3924,2026-07-30T04:40:00Z,3.84,N,n,D,VIIRS_SNPP_NRT,1
-4.2335,142.8872,2026-07-30T04:40:00Z,2.74,N,n,D,VIIRS_SNPP_NRT,1
-4.2333,144.3847,2026-07-30T04:40:00Z,3.57,N,n,D,VIIRS_SNPP_NRT,1
-4.2276,144.3838,2026-07-30T04:40:00Z,4.11,N,n,D,VIIRS_SNPP_NRT,1
-6.1022,146.7221,2026-07-30T04:40:00Z,3.93,N,n,D,VIIRS_SNPP_NRT,1
-6.108,146.6908,2026-07-30T04:40:00Z,5.07,N,n,D,VIIRS_SNPP_NRT,1
-7.4557,146.753,2026-07-30T04:40:00Z,5.22,N,n,D,VIIRS_SNPP_NRT,1
-6.7039,139.238,2026-07-30T04:40:00Z,5.73,N,n,D,VIIRS_SNPP_NRT,1
-6.6487,145.6934,2026-07-30T04:40:00Z,9.43,N,n,D,VIIRS_SNPP_NRT,1
-6.6494,145.6898,2026-07-30T04:40:00Z,9.43,N,n,D,VIIRS_SNPP_NRT,1
-6.6498,139.0265,2026-07-30T04:40:00Z,5.27,N,n,D,VIIRS_SNPP_NRT,1
-6.6776,146.8138,2026-07-30T04:40:00Z,7.97,N,n,D,VIIRS_SNPP_NRT,1
-6.6776,147.2489,2026-07-30T04:40:00Z,7.78,N,n,D,VIIRS_SNPP_NRT,1
-6.6841,146.8138,2026-07-30T04:40:00Z,7.97,N,h,D,VIIRS_SNPP_NRT,1
-6.7156,134.712,2026-07-30T04:40:00Z,3.32,N,n,D,VIIRS_SNPP_NRT,1
-6.5459,146.6156,2026-07-30T04:40:00Z,4.71,N,n,D,VIIRS_SNPP_NRT,1
-6.7271,139.2418,2026-07-30T04:40:00Z,5.1,N,n,D,VIIRS_SNPP_NRT,1
-6.746,145.7144,2026-07-30T04:40:00Z,4.29,N,n,D,VIIRS_SNPP_NRT,1
-6.7744,141.482,2026-07-30T04:40:00Z,6.23,N,n,D,VIIRS_SNPP_NRT,1
-6.7892,141.421,2026-07-30T04:40:00Z,7.18,N,n,D,VIIRS_SNPP_NRT,1
-6.8056,140.9489,2026-07-30T04:40:00Z,4.15,N,n,D,VIIRS_SNPP_NRT,1
-6.8362,134.255,2026-07-30T04:40:00Z,1.6,N,l,D,VIIRS_SNPP_NRT,1
-6.646,139.0259,2026-07-30T04:40:00Z,5.27,N,n,D,VIIRS_SNPP_NRT,1
-6.6434,145.6892,2026-07-30T04:40:00Z,9.43,N,h,D,VIIRS_SNPP_NRT,1
-6.6427,145.6928,2026-07-30T04:40:00Z,9.43,N,n,D,VIIRS_SNPP_NRT,1
-6.6415,139.4237,2026-07-30T04:40:00Z,1.85,N,n,D,VIIRS_SNPP_NRT,1
-6.6387,145.9893,2026-07-30T04:40:00Z,2.88,N,n,D,VIIRS_SNPP_NRT,1
-6.6307,139.0234,2026-07-30T04:40:00Z,5.22,N,n,D,VIIRS_SNPP_NRT,1
-6.619,146.7672,2026-07-30T04:40:00Z,4.16,N,n,D,VIIRS_SNPP_NRT,1
-6.6141,146.7666,2026-07-30T04:40:00Z,5.04,N,n,D,VIIRS_SNPP_NRT,1
-6.6124,146.7673,2026-07-30T04:40:00Z,2.9,N,n,D,VIIRS_SNPP_NRT,1
-6.6092,139.1562,2026-07-30T04:40:00Z,5.68,N,n,D,VIIRS_SNPP_NRT,1
-6.6048,134.197,2026-07-30T04:40:00Z,33.56,N,n,D,VIIRS_SNPP_NRT,1
-6.6019,139.3743,2026-07-30T04:40:00Z,16.52,N,n,D,VIIRS_SNPP_NRT,1
-6.5876,139.143,2026-07-30T04:40:00Z,7.08,N,n,D,VIIRS_SNPP_NRT,1
-6.5807,139.1369,2026-07-30T04:40:00Z,8.24,N,n,D,VIIRS_SNPP_NRT,1
-6.5703,146.4651,2026-07-30T04:40:00Z,6.75,N,n,D,VIIRS_SNPP_NRT,1
-6.5662,146.4657,2026-07-30T04:40:00Z,9.33,N,n,D,VIIRS_SNPP_NRT,1
-6.5484,134.1733,2026-07-30T04:40:00Z,2.44,N,n,D,VIIRS_SNPP_NRT,1
-6.877,139.4779,2026-07-30T04:40:00Z,11.84,N,n,D,VIIRS_SNPP_NRT,1
-6.881,139.4786,2026-07-30T04:40:00Z,14.01,N,n,D,VIIRS_SNPP_NRT,1
-6.9416,141.0473,2026-07-30T04:40:00Z,6.27,N,n,D,VIIRS_SNPP_NRT,1
-7.2748,145.9853,2026-07-30T04:40:00Z,8.04,N,n,D,VIIRS_SNPP_NRT,1
-7.4547,146.7586,2026-07-30T04:40:00Z,17.27,N,n,D,VIIRS_SNPP_NRT,1
-7.4492,146.753,2026-07-30T04:40:00Z,5.22,N,n,D,VIIRS_SNPP_NRT,1
-7.4477,140.2997,2026-07-30T04:40:00Z,9.06,N,n,D,VIIRS_SNPP_NRT,1
-7.443,140.3027,2026-07-30T04:40:00Z,17.5,N,n,D,VIIRS_SNPP_NRT,1
-7.4303,138.4086,2026-07-30T04:40:00Z,8.22,N,n,D,VIIRS_SNPP_NRT,1
-7.4281,138.4045,2026-07-30T04:40:00Z,2.71,N,n,D,VIIRS_SNPP_NRT,1
-7.4039,140.3936,2026-07-30T04:40:00Z,2.61,N,n,D,VIIRS_SNPP_NRT,1
-7.3768,139.3635,2026-07-30T04:40:00Z,4.61,N,n,D,VIIRS_SNPP_NRT,1
-7.3365,140.7248,2026-07-30T04:40:00Z,3.4,N,n,D,VIIRS_SNPP_NRT,1
-7.3332,140.7443,2026-07-30T04:40:00Z,5.09,N,n,D,VIIRS_SNPP_NRT,1
-7.3326,140.7482,2026-07-30T04:40:00Z,7.9,N,n,D,VIIRS_SNPP_NRT,1
-7.3266,141.5691,2026-07-30T04:40:00Z,3.36,N,n,D,VIIRS_SNPP_NRT,1
-7.3242,141.5682,2026-07-30T04:40:00Z,4.41,N,n,D,VIIRS_SNPP_NRT,1
-7.3132,141.5668,2026-07-30T04:40:00Z,10.47,N,n,D,VIIRS_SNPP_NRT,1
-7.2175,146.6762,2026-07-30T04:40:00Z,5.63,N,n,D,VIIRS_SNPP_NRT,1
-6.9456,141.5547,2026-07-30T04:40:00Z,3.28,N,n,D,VIIRS_SNPP_NRT,1
-7.2139,146.1147,2026-07-30T04:40:00Z,3.33,N,n,D,VIIRS_SNPP_NRT,1
-7.1911,141.1168,2026-07-30T04:40:00Z,15.49,N,n,D,VIIRS_SNPP_NRT,1
-7.191,141.1135,2026-07-30T04:40:00Z,8.49,N,n,D,VIIRS_SNPP_NRT,1
-7.1903,141.1176,2026-07-30T04:40:00Z,8.49,N,n,D,VIIRS_SNPP_NRT,1
-7.1623,146.5692,2026-07-30T04:40:00Z,9.7,N,n,D,VIIRS_SNPP_NRT,1
-7.1612,146.5749,2026-07-30T04:40:00Z,9.79,N,n,D,VIIRS_SNPP_NRT,1
-7.0733,140.1802,2026-07-30T04:40:00Z,3.09,N,n,D,VIIRS_SNPP_NRT,1
-7.0725,141.5793,2026-07-30T04:40:00Z,3.06,N,n,D,VIIRS_SNPP_NRT,1
-7.059,141.0964,2026-07-30T04:40:00Z,13.95,N,n,D,VIIRS_SNPP_NRT,1
-7.0438,141.2142,2026-07-30T04:40:00Z,5.15,N,n,D,VIIRS_SNPP_NRT,1
-7.0391,141.1616,2026-07-30T04:40:00Z,16.07,N,n,D,VIIRS_SNPP_NRT,1
-7.0304,141.1602,2026-07-30T04:40:00Z,20.41,N,n,D,VIIRS_SNPP_NRT,1
-7.0028,141.6091,2026-07-30T04:40:00Z,2.08,N,n,D,VIIRS_SNPP_NRT,1
-7.0009,141.61,2026-07-30T04:40:00Z,3.46,N,n,D,VIIRS_SNPP_NRT,1
-6.5479,134.1768,2026-07-30T04:40:00Z,13.15,N,n,D,VIIRS_SNPP_NRT,1
-6.5427,146.6133,2026-07-30T04:40:00Z,3.5,N,n,D,VIIRS_SNPP_NRT,1
-6.109,146.6858,2026-07-30T04:40:00Z,5.07,N,n,D,VIIRS_SNPP_NRT,1
-6.3273,146.0113,2026-07-30T04:40:00Z,2.81,N,n,D,VIIRS_SNPP_NRT,1
-6.2788,134.1425,2026-07-30T04:40:00Z,5.04,N,n,D,VIIRS_SNPP_NRT,1
-6.2895,146.3187,2026-07-30T04:40:00Z,3.82,N,n,D,VIIRS_SNPP_NRT,1
-6.2916,146.3213,2026-07-30T04:40:00Z,3.24,N,n,D,VIIRS_SNPP_NRT,1
-6.3156,145.3669,2026-07-30T04:40:00Z,4.26,N,n,D,VIIRS_SNPP_NRT,1
-6.3203,138.7449,2026-07-30T04:40:00Z,2.97,N,n,D,VIIRS_SNPP_NRT,1
-6.3236,145.6846,2026-07-30T04:40:00Z,7.75,N,n,D,VIIRS_SNPP_NRT,1
-6.3297,146.3799,2026-07-30T04:40:00Z,8.22,N,h,D,VIIRS_SNPP_NRT,1
-6.5404,146.5563,2026-07-30T04:40:00Z,2.66,N,n,D,VIIRS_SNPP_NRT,1
-6.336,146.381,2026-07-30T04:40:00Z,8.22,N,n,D,VIIRS_SNPP_NRT,1
-6.3401,145.6612,2026-07-30T04:40:00Z,15.53,N,h,D,VIIRS_SNPP_NRT,1
-6.3457,145.6644,2026-07-30T04:40:00Z,25.66,N,n,D,VIIRS_SNPP_NRT,1
-6.3465,145.6597,2026-07-30T04:40:00Z,15.53,N,h,D,VIIRS_SNPP_NRT,1
-6.353,146.3933,2026-07-30T04:40:00Z,4.06,N,n,D,VIIRS_SNPP_NRT,1
-6.3538,146.3891,2026-07-30T04:40:00Z,4.06,N,n,D,VIIRS_SNPP_NRT,1
-6.2412,145.8988,2026-07-30T04:40:00Z,1.69,N,n,D,VIIRS_SNPP_NRT,1
-6.24,145.8992,2026-07-30T04:40:00Z,2.77,N,n,D,VIIRS_SNPP_NRT,1
-6.2219,146.1762,2026-07-30T04:40:00Z,1.84,N,n,D,VIIRS_SNPP_NRT,1
-6.213,145.4464,2026-07-30T04:40:00Z,2.7,N,n,D,VIIRS_SNPP_NRT,1
-6.2106,145.4467,2026-07-30T04:40:00Z,2.56,N,n,D,VIIRS_SNPP_NRT,1
-6.2028,145.0653,2026-07-30T04:40:00Z,3.31,N,n,D,VIIRS_SNPP_NRT,1
-6.1972,146.2762,2026-07-30T04:40:00Z,10.91,N,n,D,VIIRS_SNPP_NRT,1
-6.1932,146.2724,2026-07-30T04:40:00Z,8.44,N,n,D,VIIRS_SNPP_NRT,1
-6.1859,146.2054,2026-07-30T04:40:00Z,3.33,N,l,D,VIIRS_SNPP_NRT,1
-6.1655,146.1768,2026-07-30T04:40:00Z,2.46,N,n,D,VIIRS_SNPP_NRT,1
-6.1578,145.349,2026-07-30T04:40:00Z,4.37,N,n,D,VIIRS_SNPP_NRT,1
-6.1576,146.6351,2026-07-30T04:40:00Z,7.89,N,n,D,VIIRS_SNPP_NRT,1
-6.1533,145.3481,2026-07-30T04:40:00Z,5.51,N,n,D,VIIRS_SNPP_NRT,1
-6.149,146.1982,2026-07-30T04:40:00Z,3.99,N,n,D,VIIRS_SNPP_NRT,1
-6.1324,144.9579,2026-07-30T04:40:00Z,4.33,N,n,D,VIIRS_SNPP_NRT,1
-6.1168,145.7474,2026-07-30T04:40:00Z,3.8,N,n,D,VIIRS_SNPP_NRT,1
-6.1133,146.6876,2026-07-30T04:40:00Z,7.58,N,n,D,VIIRS_SNPP_NRT,1
-6.3548,146.4059,2026-07-30T04:40:00Z,2.44,N,n,D,VIIRS_SNPP_NRT,1
-6.3569,146.4078,2026-07-30T04:40:00Z,6.38,N,n,D,VIIRS_SNPP_NRT,1
-6.3577,146.4031,2026-07-30T04:40:00Z,7.11,N,n,D,VIIRS_SNPP_NRT,1
-6.4544,146.5125,2026-07-30T04:40:00Z,2.7,N,n,D,VIIRS_SNPP_NRT,1
-6.5344,139.1704,2026-07-30T04:40:00Z,6.69,N,n,D,VIIRS_SNPP_NRT,1
-6.5305,139.1698,2026-07-30T04:40:00Z,6.69,N,n,D,VIIRS_SNPP_NRT,1
-6.5235,139.3132,2026-07-30T04:40:00Z,3.73,N,n,D,VIIRS_SNPP_NRT,1
-6.5201,139.3108,2026-07-30T04:40:00Z,14.43,N,n,D,VIIRS_SNPP_NRT,1
-6.5196,139.3126,2026-07-30T04:40:00Z,19.84,N,n,D,VIIRS_SNPP_NRT,1
-6.5193,139.3156,2026-07-30T04:40:00Z,14.43,N,n,D,VIIRS_SNPP_NRT,1
-6.5106,146.7158,2026-07-30T04:40:00Z,2.69,N,n,D,VIIRS_SNPP_NRT,1
-6.4913,146.5584,2026-07-30T04:40:00Z,6.4,N,n,D,VIIRS_SNPP_NRT,1
-6.473,145.5155,2026-07-30T04:40:00Z,7.37,N,n,D,VIIRS_SNPP_NRT,1
-6.4712,139.7758,2026-07-30T04:40:00Z,4.73,N,n,D,VIIRS_SNPP_NRT,1
-6.4707,139.7793,2026-07-30T04:40:00Z,4.58,N,n,D,VIIRS_SNPP_NRT,1
-6.4704,139.0768,2026-07-30T04:40:00Z,8.33,N,n,D,VIIRS_SNPP_NRT,1
-6.4636,145.8431,2026-07-30T04:40:00Z,3.79,N,n,D,VIIRS_SNPP_NRT,1
-6.4579,145.8751,2026-07-30T04:40:00Z,3.52,N,n,D,VIIRS_SNPP_NRT,1
-6.4536,145.8736,2026-07-30T04:40:00Z,5.05,N,n,D,VIIRS_SNPP_NRT,1
-6.3594,139.3645,2026-07-30T04:40:00Z,17.93,N,n,D,VIIRS_SNPP_NRT,1
-6.4515,146.5123,2026-07-30T04:40:00Z,3.83,N,l,D,VIIRS_SNPP_NRT,1
-6.4422,145.2244,2026-07-30T04:40:00Z,5.47,N,n,D,VIIRS_SNPP_NRT,1
-6.434,146.5524,2026-07-30T04:40:00Z,18.97,N,n,D,VIIRS_SNPP_NRT,1
-6.4333,146.5562,2026-07-30T04:40:00Z,18.97,N,h,D,VIIRS_SNPP_NRT,1
-6.4327,146.1963,2026-07-30T04:40:00Z,4.73,N,n,D,VIIRS_SNPP_NRT,1
-6.4314,146.5522,2026-07-30T04:40:00Z,19.05,N,n,D,VIIRS_SNPP_NRT,1
-6.4308,146.5559,2026-07-30T04:40:00Z,19.05,N,n,D,VIIRS_SNPP_NRT,1
-6.4126,145.9199,2026-07-30T04:40:00Z,4.87,N,n,D,VIIRS_SNPP_NRT,1
-6.3978,145.7956,2026-07-30T04:40:00Z,3.75,N,n,D,VIIRS_SNPP_NRT,1
-6.3692,146.4108,2026-07-30T04:40:00Z,4.31,N,n,D,VIIRS_SNPP_NRT,1
-6.3671,146.4091,2026-07-30T04:40:00Z,3.83,N,n,D,VIIRS_SNPP_NRT,1
-6.3633,139.3651,2026-07-30T04:40:00Z,17.93,N,n,D,VIIRS_SNPP_NRT,1
-6.3625,139.3701,2026-07-30T04:40:00Z,18.63,N,n,D,VIIRS_SNPP_NRT,1
-6.361,146.4074,2026-07-30T04:40:00Z,2.44,N,n,D,VIIRS_SNPP_NRT,1
-10.1435,124.2682,2026-07-30T04:40:00Z,11.85,N,h,D,VIIRS_SNPP_NRT,1
-6.662,146.4562,2026-07-30T04:40:00Z,4.43,N,n,D,VIIRS_SNPP_NRT,1
-9.6258,148.7336,2026-07-30T04:38:00Z,2.12,N,n,D,VIIRS_SNPP_NRT,1
-14.9883,127.4445,2026-07-30T04:38:00Z,2.7,N,l,D,VIIRS_SNPP_NRT,1
-15.1198,127.3152,2026-07-30T04:38:00Z,6.53,N,n,D,VIIRS_SNPP_NRT,1
-15.1184,127.3146,2026-07-30T04:38:00Z,7.7,N,l,D,VIIRS_SNPP_NRT,1
-15.1128,144.9022,2026-07-30T04:38:00Z,5.08,N,n,D,VIIRS_SNPP_NRT,1
-15.0625,133.1316,2026-07-30T04:38:00Z,4.14,N,n,D,VIIRS_SNPP_NRT,1
-15.0618,142.4933,2026-07-30T04:38:00Z,4.46,N,n,D,VIIRS_SNPP_NRT,1
-15.0608,142.493,2026-07-30T04:38:00Z,3.13,N,n,D,VIIRS_SNPP_NRT,1
-15.0588,133.1311,2026-07-30T04:38:00Z,4.14,N,l,D,VIIRS_SNPP_NRT,1
-15.0463,127.4628,2026-07-30T04:38:00Z,4.18,N,n,D,VIIRS_SNPP_NRT,1
-15.0459,127.4665,2026-07-30T04:38:00Z,5.09,N,n,D,VIIRS_SNPP_NRT,1
-15.0451,127.4737,2026-07-30T04:38:00Z,4.39,N,n,D,VIIRS_SNPP_NRT,1
-14.9922,127.4423,2026-07-30T04:38:00Z,3.67,N,n,D,VIIRS_SNPP_NRT,1
-14.9886,127.4412,2026-07-30T04:38:00Z,2.88,N,l,D,VIIRS_SNPP_NRT,1
-14.9731,142.0674,2026-07-30T04:38:00Z,3.35,N,l,D,VIIRS_SNPP_NRT,1
-15.1205,127.3082,2026-07-30T04:38:00Z,10.49,N,h,D,VIIRS_SNPP_NRT,1
-14.9568,144.1894,2026-07-30T04:38:00Z,9.38,N,n,D,VIIRS_SNPP_NRT,1
-14.955,144.1869,2026-07-30T04:38:00Z,7.26,N,n,D,VIIRS_SNPP_NRT,1
-14.9544,142.1018,2026-07-30T04:38:00Z,4.73,N,n,D,VIIRS_SNPP_NRT,1
-14.921,127.4442,2026-07-30T04:38:00Z,1.81,N,n,D,VIIRS_SNPP_NRT,1
-14.9208,133.2142,2026-07-30T04:38:00Z,6.05,N,n,D,VIIRS_SNPP_NRT,1
-14.9206,127.4475,2026-07-30T04:38:00Z,1.81,N,n,D,VIIRS_SNPP_NRT,1
-14.9202,133.2186,2026-07-30T04:38:00Z,6.05,N,n,D,VIIRS_SNPP_NRT,1
-14.9196,127.3096,2026-07-30T04:38:00Z,4.94,N,n,D,VIIRS_SNPP_NRT,1
-14.9193,127.3131,2026-07-30T04:38:00Z,4.94,N,h,D,VIIRS_SNPP_NRT,1
-14.9177,133.2091,2026-07-30T04:38:00Z,4.53,N,n,D,VIIRS_SNPP_NRT,1
-14.9171,127.4299,2026-07-30T04:38:00Z,3.6,N,n,D,VIIRS_SNPP_NRT,1
-14.9171,133.2136,2026-07-30T04:38:00Z,6.05,N,n,D,VIIRS_SNPP_NRT,1
-15.1201,127.3117,2026-07-30T04:38:00Z,6.53,N,h,D,VIIRS_SNPP_NRT,1
-15.1242,127.3117,2026-07-30T04:38:00Z,7.7,N,n,D,VIIRS_SNPP_NRT,1
-14.9134,133.2131,2026-07-30T04:38:00Z,4.92,N,n,D,VIIRS_SNPP_NRT,1
-15.1369,127.2601,2026-07-30T04:38:00Z,5.72,N,n,D,VIIRS_SNPP_NRT,1
-15.2145,144.8563,2026-07-30T04:38:00Z,6.5,N,n,D,VIIRS_SNPP_NRT,1
-15.1853,144.9817,2026-07-30T04:38:00Z,6.64,N,n,D,VIIRS_SNPP_NRT,1
-15.1714,144.8853,2026-07-30T04:38:00Z,5.49,N,n,D,VIIRS_SNPP_NRT,1
-15.1436,127.2501,2026-07-30T04:38:00Z,1.75,N,n,D,VIIRS_SNPP_NRT,1
-15.1432,127.2537,2026-07-30T04:38:00Z,1.75,N,n,D,VIIRS_SNPP_NRT,1
-15.1397,127.2351,2026-07-30T04:38:00Z,6.07,N,n,D,VIIRS_SNPP_NRT,1
-15.1393,127.2386,2026-07-30T04:38:00Z,6.07,N,n,D,VIIRS_SNPP_NRT,1
-15.1389,127.2422,2026-07-30T04:38:00Z,7.2,N,n,D,VIIRS_SNPP_NRT,1
-15.1385,127.2457,2026-07-30T04:38:00Z,7.2,N,n,D,VIIRS_SNPP_NRT,1
-15.1381,127.2493,2026-07-30T04:38:00Z,6.85,N,n,D,VIIRS_SNPP_NRT,1
-15.1377,127.2529,2026-07-30T04:38:00Z,6.85,N,h,D,VIIRS_SNPP_NRT,1
-15.1373,127.2565,2026-07-30T04:38:00Z,5.72,N,n,D,VIIRS_SNPP_NRT,1
-15.1365,127.2638,2026-07-30T04:38:00Z,5.85,N,n,D,VIIRS_SNPP_NRT,1
-15.1246,127.3082,2026-07-30T04:38:00Z,8.54,N,h,D,VIIRS_SNPP_NRT,1
-15.1361,127.2674,2026-07-30T04:38:00Z,5.85,N,h,D,VIIRS_SNPP_NRT,1
-15.1357,127.271,2026-07-30T04:38:00Z,5.55,N,n,D,VIIRS_SNPP_NRT,1
-15.1353,127.2745,2026-07-30T04:38:00Z,5.55,N,n,D,VIIRS_SNPP_NRT,1
-15.1345,127.2816,2026-07-30T04:38:00Z,13.11,N,h,D,VIIRS_SNPP_NRT,1
-15.1341,127.2851,2026-07-30T04:38:00Z,9.67,N,h,D,VIIRS_SNPP_NRT,1
-15.1338,127.2886,2026-07-30T04:38:00Z,9.67,N,n,D,VIIRS_SNPP_NRT,1
-15.1334,127.2921,2026-07-30T04:38:00Z,6.71,N,n,D,VIIRS_SNPP_NRT,1
-15.133,127.2956,2026-07-30T04:38:00Z,6.71,N,h,D,VIIRS_SNPP_NRT,1
-15.1267,127.302,2026-07-30T04:38:00Z,7.38,N,n,D,VIIRS_SNPP_NRT,1
-15.1264,127.3054,2026-07-30T04:38:00Z,4.57,N,n,D,VIIRS_SNPP_NRT,1
-15.126,127.3088,2026-07-30T04:38:00Z,4.57,N,h,D,VIIRS_SNPP_NRT,1
-15.1251,127.3048,2026-07-30T04:38:00Z,8.54,N,n,D,VIIRS_SNPP_NRT,1
-14.9167,127.4334,2026-07-30T04:38:00Z,3.6,N,n,D,VIIRS_SNPP_NRT,1
-14.9133,127.415,2026-07-30T04:38:00Z,5.69,N,h,D,VIIRS_SNPP_NRT,1
-15.2166,144.8456,2026-07-30T04:38:00Z,15.55,N,n,D,VIIRS_SNPP_NRT,1
-14.8887,127.3908,2026-07-30T04:38:00Z,8.12,N,n,D,VIIRS_SNPP_NRT,1
-14.8936,127.4223,2026-07-30T04:38:00Z,5.62,N,n,D,VIIRS_SNPP_NRT,1
-14.8934,141.9992,2026-07-30T04:38:00Z,11.31,N,h,D,VIIRS_SNPP_NRT,1
-14.8933,127.3986,2026-07-30T04:38:00Z,9.87,N,n,D,VIIRS_SNPP_NRT,1
-14.8919,127.3905,2026-07-30T04:38:00Z,5.89,N,n,D,VIIRS_SNPP_NRT,1
-14.8915,127.394,2026-07-30T04:38:00Z,5.89,N,n,D,VIIRS_SNPP_NRT,1
-14.891,127.3975,2026-07-30T04:38:00Z,7.03,N,n,D,VIIRS_SNPP_NRT,1
-14.8907,141.9912,2026-07-30T04:38:00Z,3.67,N,n,D,VIIRS_SNPP_NRT,1
-14.8906,127.401,2026-07-30T04:38:00Z,7.03,N,n,D,VIIRS_SNPP_NRT,1
-14.89,141.9949,2026-07-30T04:38:00Z,11.31,N,h,D,VIIRS_SNPP_NRT,1
-14.8898,127.4079,2026-07-30T04:38:00Z,5.17,N,n,D,VIIRS_SNPP_NRT,1
-14.8894,127.4114,2026-07-30T04:38:00Z,4.48,N,n,D,VIIRS_SNPP_NRT,1
-14.8894,141.9985,2026-07-30T04:38:00Z,11.31,N,n,D,VIIRS_SNPP_NRT,1
-14.8883,127.3943,2026-07-30T04:38:00Z,8.12,N,h,D,VIIRS_SNPP_NRT,1
-14.8937,127.3952,2026-07-30T04:38:00Z,5.42,N,n,D,VIIRS_SNPP_NRT,1
-14.8879,127.3978,2026-07-30T04:38:00Z,12.26,N,h,D,VIIRS_SNPP_NRT,1
-14.8875,127.4012,2026-07-30T04:38:00Z,12.26,N,n,D,VIIRS_SNPP_NRT,1
-14.8871,127.4047,2026-07-30T04:38:00Z,3.85,N,n,D,VIIRS_SNPP_NRT,1
-14.8867,127.4083,2026-07-30T04:38:00Z,3.85,N,n,D,VIIRS_SNPP_NRT,1
-14.8861,127.3932,2026-07-30T04:38:00Z,5.89,N,h,D,VIIRS_SNPP_NRT,1
-14.8857,127.3967,2026-07-30T04:38:00Z,7.03,N,h,D,VIIRS_SNPP_NRT,1
-14.8853,127.4002,2026-07-30T04:38:00Z,7.03,N,n,D,VIIRS_SNPP_NRT,1
-14.8848,127.4037,2026-07-30T04:38:00Z,5.17,N,l,D,VIIRS_SNPP_NRT,1
-14.864,142.0239,2026-07-30T04:38:00Z,3.81,N,n,D,VIIRS_SNPP_NRT,1
-14.8348,142.1632,2026-07-30T04:38:00Z,2.31,N,n,D,VIIRS_SNPP_NRT,1
-14.7659,127.3782,2026-07-30T04:38:00Z,3.45,N,n,D,VIIRS_SNPP_NRT,1
-14.7655,127.3817,2026-07-30T04:38:00Z,4.22,N,n,D,VIIRS_SNPP_NRT,1
-14.8936,142.0219,2026-07-30T04:38:00Z,4.81,N,n,D,VIIRS_SNPP_NRT,1
-14.894,127.3916,2026-07-30T04:38:00Z,5.42,N,n,D,VIIRS_SNPP_NRT,1
-14.9129,127.4185,2026-07-30T04:38:00Z,5.69,N,n,D,VIIRS_SNPP_NRT,1
-14.9026,127.3922,2026-07-30T04:38:00Z,5.33,N,n,D,VIIRS_SNPP_NRT,1
-14.9128,141.9841,2026-07-30T04:38:00Z,3.13,N,n,D,VIIRS_SNPP_NRT,1
-14.91,141.9761,2026-07-30T04:38:00Z,11.34,N,n,D,VIIRS_SNPP_NRT,1
-14.9094,141.9797,2026-07-30T04:38:00Z,11.34,N,n,D,VIIRS_SNPP_NRT,1
-14.9083,127.4111,2026-07-30T04:38:00Z,11.24,N,n,D,VIIRS_SNPP_NRT,1
-14.9079,127.4146,2026-07-30T04:38:00Z,10.49,N,n,D,VIIRS_SNPP_NRT,1
-14.906,141.9753,2026-07-30T04:38:00Z,6.85,N,n,D,VIIRS_SNPP_NRT,1
-14.9053,141.979,2026-07-30T04:38:00Z,6.85,N,n,D,VIIRS_SNPP_NRT,1
-14.9052,127.4389,2026-07-30T04:38:00Z,2.88,N,l,D,VIIRS_SNPP_NRT,1
-14.9044,127.3967,2026-07-30T04:38:00Z,6.56,N,n,D,VIIRS_SNPP_NRT,1
-14.904,127.4001,2026-07-30T04:38:00Z,20.84,N,n,D,VIIRS_SNPP_NRT,1
-14.9037,127.4035,2026-07-30T04:38:00Z,20.84,N,h,D,VIIRS_SNPP_NRT,1
-14.9033,127.407,2026-07-30T04:38:00Z,11.24,N,n,D,VIIRS_SNPP_NRT,1
-14.9022,127.3957,2026-07-30T04:38:00Z,5.33,N,h,D,VIIRS_SNPP_NRT,1
-14.8947,141.992,2026-07-30T04:38:00Z,3.67,N,n,D,VIIRS_SNPP_NRT,1
-14.9021,141.9971,2026-07-30T04:38:00Z,5.43,N,n,D,VIIRS_SNPP_NRT,1
-14.9018,127.3991,2026-07-30T04:38:00Z,16.05,N,n,D,VIIRS_SNPP_NRT,1
-14.9014,127.4024,2026-07-30T04:38:00Z,16.05,N,h,D,VIIRS_SNPP_NRT,1
-14.901,127.4059,2026-07-30T04:38:00Z,17.42,N,n,D,VIIRS_SNPP_NRT,1
-14.8994,127.3925,2026-07-30T04:38:00Z,5.42,N,h,D,VIIRS_SNPP_NRT,1
-14.899,127.396,2026-07-30T04:38:00Z,5.42,N,h,D,VIIRS_SNPP_NRT,1
-14.8987,141.9927,2026-07-30T04:38:00Z,7.78,N,n,D,VIIRS_SNPP_NRT,1
-14.8981,141.9964,2026-07-30T04:38:00Z,5.43,N,n,D,VIIRS_SNPP_NRT,1
-14.8972,127.3914,2026-07-30T04:38:00Z,5.33,N,n,D,VIIRS_SNPP_NRT,1
-14.897,142.0263,2026-07-30T04:38:00Z,2.38,N,n,D,VIIRS_SNPP_NRT,1
-14.8968,127.3949,2026-07-30T04:38:00Z,5.33,N,n,D,VIIRS_SNPP_NRT,1
-14.8956,127.4269,2026-07-30T04:38:00Z,2.9,N,l,D,VIIRS_SNPP_NRT,1
-15.2155,144.8509,2026-07-30T04:38:00Z,6.5,N,n,D,VIIRS_SNPP_NRT,1
-15.2263,144.9258,2026-07-30T04:38:00Z,7.39,N,n,D,VIIRS_SNPP_NRT,1
-14.4735,134.9212,2026-07-30T04:38:00Z,20.91,N,n,D,VIIRS_SNPP_NRT,1
-15.4302,136.0838,2026-07-30T04:38:00Z,5.47,N,n,D,VIIRS_SNPP_NRT,1
-15.4558,136.0282,2026-07-30T04:38:00Z,8.05,N,n,D,VIIRS_SNPP_NRT,1
-15.4552,136.0318,2026-07-30T04:38:00Z,3.92,N,n,D,VIIRS_SNPP_NRT,1
-15.4521,131.2786,2026-07-30T04:38:00Z,7.05,N,n,D,VIIRS_SNPP_NRT,1
-15.4492,136.0719,2026-07-30T04:38:00Z,3.1,N,n,D,VIIRS_SNPP_NRT,1
-15.4453,131.2981,2026-07-30T04:38:00Z,2.67,N,n,D,VIIRS_SNPP_NRT,1
-15.4448,131.3022,2026-07-30T04:38:00Z,2.67,N,n,D,VIIRS_SNPP_NRT,1
-15.4383,136.1447,2026-07-30T04:38:00Z,5.78,N,n,D,VIIRS_SNPP_NRT,1
-15.4377,135.988,2026-07-30T04:38:00Z,2.39,N,n,D,VIIRS_SNPP_NRT,1
-15.437,136.0849,2026-07-30T04:38:00Z,3.09,N,n,D,VIIRS_SNPP_NRT,1
-15.435,136.1441,2026-07-30T04:38:00Z,4.52,N,n,D,VIIRS_SNPP_NRT,1
-15.4336,136.0844,2026-07-30T04:38:00Z,3.09,N,n,D,VIIRS_SNPP_NRT,1
-15.4322,136.14,2026-07-30T04:38:00Z,4.52,N,n,D,VIIRS_SNPP_NRT,1
-15.4288,136.1394,2026-07-30T04:38:00Z,5.89,N,n,D,VIIRS_SNPP_NRT,1
-15.4563,131.2792,2026-07-30T04:38:00Z,7.05,N,n,D,VIIRS_SNPP_NRT,1
-15.4282,136.1431,2026-07-30T04:38:00Z,5.89,N,n,D,VIIRS_SNPP_NRT,1
-15.4249,136.1425,2026-07-30T04:38:00Z,5.89,N,n,D,VIIRS_SNPP_NRT,1
-15.4237,135.9895,2026-07-30T04:38:00Z,4.33,N,n,D,VIIRS_SNPP_NRT,1
-15.4216,136.142,2026-07-30T04:38:00Z,4.06,N,n,D,VIIRS_SNPP_NRT,1
-15.4209,135.9853,2026-07-30T04:38:00Z,9.94,N,n,D,VIIRS_SNPP_NRT,1
-15.4207,136.0786,2026-07-30T04:38:00Z,10.48,N,n,D,VIIRS_SNPP_NRT,1
-15.4203,135.989,2026-07-30T04:38:00Z,4.33,N,n,D,VIIRS_SNPP_NRT,1
-15.4186,135.9775,2026-07-30T04:38:00Z,4.44,N,n,D,VIIRS_SNPP_NRT,1
-15.4182,136.1415,2026-07-30T04:38:00Z,4.06,N,n,D,VIIRS_SNPP_NRT,1
-15.4181,135.9811,2026-07-30T04:38:00Z,6.11,N,n,D,VIIRS_SNPP_NRT,1
-15.4179,136.0744,2026-07-30T04:38:00Z,3.11,N,n,D,VIIRS_SNPP_NRT,1
-15.4176,136.1451,2026-07-30T04:38:00Z,5.55,N,n,D,VIIRS_SNPP_NRT,1
-15.4558,131.2832,2026-07-30T04:38:00Z,6.85,N,l,D,VIIRS_SNPP_NRT,1
-15.458,136.036,2026-07-30T04:38:00Z,3.92,N,n,D,VIIRS_SNPP_NRT,1
-15.4165,141.7196,2026-07-30T04:38:00Z,7.57,N,n,D,VIIRS_SNPP_NRT,1
-15.4745,131.3027,2026-07-30T04:38:00Z,3.21,N,l,D,VIIRS_SNPP_NRT,1
-15.4986,131.3207,2026-07-30T04:38:00Z,15.2,N,h,D,VIIRS_SNPP_NRT,1
-15.4981,131.3248,2026-07-30T04:38:00Z,15.2,N,n,D,VIIRS_SNPP_NRT,1
-15.4961,131.3408,2026-07-30T04:38:00Z,3.41,N,n,D,VIIRS_SNPP_NRT,1
-15.4954,131.3128,2026-07-30T04:38:00Z,14.73,N,n,D,VIIRS_SNPP_NRT,1
-15.4949,131.3165,2026-07-30T04:38:00Z,14.73,N,n,D,VIIRS_SNPP_NRT,1
-15.4897,131.3239,2026-07-30T04:38:00Z,5.21,N,n,D,VIIRS_SNPP_NRT,1
-15.4892,131.3278,2026-07-30T04:38:00Z,8.31,N,n,D,VIIRS_SNPP_NRT,1
-15.4772,131.2824,2026-07-30T04:38:00Z,12.93,N,n,D,VIIRS_SNPP_NRT,1
-15.4767,131.2865,2026-07-30T04:38:00Z,45.32,N,n,D,VIIRS_SNPP_NRT,1
-15.4761,131.2905,2026-07-30T04:38:00Z,45.32,N,n,D,VIIRS_SNPP_NRT,1
-15.4756,131.2945,2026-07-30T04:38:00Z,8.51,N,n,D,VIIRS_SNPP_NRT,1
-15.4753,131.3932,2026-07-30T04:38:00Z,3.45,N,l,D,VIIRS_SNPP_NRT,1
-15.473,131.2816,2026-07-30T04:38:00Z,5.58,N,n,D,VIIRS_SNPP_NRT,1
-15.4584,131.2961,2026-07-30T04:38:00Z,5.19,N,n,D,VIIRS_SNPP_NRT,1
-15.4725,131.2857,2026-07-30T04:38:00Z,7.75,N,n,D,VIIRS_SNPP_NRT,1
-15.4689,131.281,2026-07-30T04:38:00Z,5.58,N,n,D,VIIRS_SNPP_NRT,1
-15.4683,131.285,2026-07-30T04:38:00Z,7.75,N,n,D,VIIRS_SNPP_NRT,1
-15.4647,131.2804,2026-07-30T04:38:00Z,2.74,N,n,D,VIIRS_SNPP_NRT,1
-15.4642,131.2844,2026-07-30T04:38:00Z,3.78,N,n,D,VIIRS_SNPP_NRT,1
-15.4636,131.2885,2026-07-30T04:38:00Z,3.78,N,n,D,VIIRS_SNPP_NRT,1
-15.4631,131.3247,2026-07-30T04:38:00Z,3.07,N,n,D,VIIRS_SNPP_NRT,1
-15.4631,131.2926,2026-07-30T04:38:00Z,5.19,N,n,D,VIIRS_SNPP_NRT,1
-15.4625,131.2967,2026-07-30T04:38:00Z,5.19,N,n,D,VIIRS_SNPP_NRT,1
-15.4594,131.3203,2026-07-30T04:38:00Z,4.72,N,n,D,VIIRS_SNPP_NRT,1
-15.4589,131.3241,2026-07-30T04:38:00Z,11.94,N,n,D,VIIRS_SNPP_NRT,1
-15.4586,136.0324,2026-07-30T04:38:00Z,3.92,N,n,D,VIIRS_SNPP_NRT,1
-15.4174,136.078,2026-07-30T04:38:00Z,8.02,N,n,D,VIIRS_SNPP_NRT,1
-15.4157,141.7168,2026-07-30T04:38:00Z,4.23,N,n,D,VIIRS_SNPP_NRT,1
-15.2281,144.864,2026-07-30T04:38:00Z,7.77,N,n,D,VIIRS_SNPP_NRT,1
-15.3347,144.8992,2026-07-30T04:38:00Z,7.52,N,n,D,VIIRS_SNPP_NRT,1
-15.3952,136.1118,2026-07-30T04:38:00Z,6.84,N,n,D,VIIRS_SNPP_NRT,1
-15.3863,129.4553,2026-07-30T04:38:00Z,6.78,N,n,D,VIIRS_SNPP_NRT,1
-15.3818,129.4574,2026-07-30T04:38:00Z,9.62,N,n,D,VIIRS_SNPP_NRT,1
-15.3816,129.4546,2026-07-30T04:38:00Z,6.78,N,n,D,VIIRS_SNPP_NRT,1
-15.3768,129.454,2026-07-30T04:38:00Z,9.39,N,n,D,VIIRS_SNPP_NRT,1
-15.3655,129.4682,2026-07-30T04:38:00Z,9.16,N,n,D,VIIRS_SNPP_NRT,1
-15.3601,129.4727,2026-07-30T04:38:00Z,9.16,N,n,D,VIIRS_SNPP_NRT,1
-15.356,129.467,2026-07-30T04:38:00Z,9.21,N,n,D,VIIRS_SNPP_NRT,1
-15.3507,129.4715,2026-07-30T04:38:00Z,9.21,N,n,D,VIIRS_SNPP_NRT,1
-15.3453,129.4761,2026-07-30T04:38:00Z,9.96,N,n,D,VIIRS_SNPP_NRT,1
-15.34,129.4806,2026-07-30T04:38:00Z,9.96,N,n,D,VIIRS_SNPP_NRT,1
-15.3358,144.8936,2026-07-30T04:38:00Z,7.52,N,n,D,VIIRS_SNPP_NRT,1
-15.3336,144.9049,2026-07-30T04:38:00Z,9.33,N,n,D,VIIRS_SNPP_NRT,1
-15.399,141.7271,2026-07-30T04:38:00Z,6.69,N,n,D,VIIRS_SNPP_NRT,1
-15.332,144.8871,2026-07-30T04:38:00Z,15.36,N,n,D,VIIRS_SNPP_NRT,1
-15.3309,144.8928,2026-07-30T04:38:00Z,7.52,N,n,D,VIIRS_SNPP_NRT,1
-15.2792,144.8857,2026-07-30T04:38:00Z,4.96,N,n,D,VIIRS_SNPP_NRT,1
-15.2665,144.8998,2026-07-30T04:38:00Z,5.77,N,n,D,VIIRS_SNPP_NRT,1
-15.2519,144.897,2026-07-30T04:38:00Z,4.56,N,n,D,VIIRS_SNPP_NRT,1
-15.2443,144.8841,2026-07-30T04:38:00Z,5.91,N,n,D,VIIRS_SNPP_NRT,1
-15.2433,144.8894,2026-07-30T04:38:00Z,8.63,N,n,D,VIIRS_SNPP_NRT,1
-15.2426,144.8668,2026-07-30T04:38:00Z,6.93,N,n,D,VIIRS_SNPP_NRT,1
-15.2417,144.9373,2026-07-30T04:38:00Z,4.82,N,n,D,VIIRS_SNPP_NRT,1
-15.2398,144.9343,2026-07-30T04:38:00Z,5.72,N,n,D,VIIRS_SNPP_NRT,1
-15.2388,144.9397,2026-07-30T04:38:00Z,5.72,N,n,D,VIIRS_SNPP_NRT,1
-15.2367,144.8713,2026-07-30T04:38:00Z,6.93,N,n,D,VIIRS_SNPP_NRT,1
-15.3974,136.1196,2026-07-30T04:38:00Z,7.4,N,n,D,VIIRS_SNPP_NRT,1
-15.3991,136.1087,2026-07-30T04:38:00Z,22.11,N,n,D,VIIRS_SNPP_NRT,1
-15.4152,135.9769,2026-07-30T04:38:00Z,4.44,N,n,D,VIIRS_SNPP_NRT,1
-15.4056,136.065,2026-07-30T04:38:00Z,3.93,N,n,D,VIIRS_SNPP_NRT,1
-15.4148,141.722,2026-07-30T04:38:00Z,4.23,N,n,D,VIIRS_SNPP_NRT,1
-15.4146,136.0739,2026-07-30T04:38:00Z,3.11,N,n,D,VIIRS_SNPP_NRT,1
-15.4143,136.1446,2026-07-30T04:38:00Z,11.78,N,n,D,VIIRS_SNPP_NRT,1
-15.4118,141.7161,2026-07-30T04:38:00Z,8.08,N,n,D,VIIRS_SNPP_NRT,1
-15.4112,136.0734,2026-07-30T04:38:00Z,5.87,N,n,D,VIIRS_SNPP_NRT,1
-15.411,136.144,2026-07-30T04:38:00Z,11.78,N,n,D,VIIRS_SNPP_NRT,1
-15.4102,127.6567,2026-07-30T04:38:00Z,4.18,N,l,D,VIIRS_SNPP_NRT,1
-15.4098,127.66,2026-07-30T04:38:00Z,4.18,N,l,D,VIIRS_SNPP_NRT,1
-15.4094,127.6634,2026-07-30T04:38:00Z,4.87,N,n,D,VIIRS_SNPP_NRT,1
-15.4084,136.0692,2026-07-30T04:38:00Z,5.87,N,n,D,VIIRS_SNPP_NRT,1
-15.4061,136.0614,2026-07-30T04:38:00Z,3.93,N,n,D,VIIRS_SNPP_NRT,1
-15.4059,136.1321,2026-07-30T04:38:00Z,4.04,N,n,D,VIIRS_SNPP_NRT,1
-15.4056,127.6496,2026-07-30T04:38:00Z,4.06,N,n,D,VIIRS_SNPP_NRT,1
-15.3992,131.2919,2026-07-30T04:38:00Z,7.26,N,n,D,VIIRS_SNPP_NRT,1
-15.4053,136.1357,2026-07-30T04:38:00Z,10.85,N,h,D,VIIRS_SNPP_NRT,1
-15.4052,136.1134,2026-07-30T04:38:00Z,3.26,N,n,D,VIIRS_SNPP_NRT,1
-15.4052,127.653,2026-07-30T04:38:00Z,4.06,N,n,D,VIIRS_SNPP_NRT,1
-15.4048,136.1393,2026-07-30T04:38:00Z,10.85,N,n,D,VIIRS_SNPP_NRT,1
-15.4034,131.2925,2026-07-30T04:38:00Z,7.26,N,n,D,VIIRS_SNPP_NRT,1
-15.4029,131.2964,2026-07-30T04:38:00Z,7.26,N,h,D,VIIRS_SNPP_NRT,1
-15.4029,141.7278,2026-07-30T04:38:00Z,7.89,N,n,D,VIIRS_SNPP_NRT,1
-15.4025,136.1315,2026-07-30T04:38:00Z,1.2,N,n,D,VIIRS_SNPP_NRT,1
-15.4024,131.3003,2026-07-30T04:38:00Z,8.03,N,n,D,VIIRS_SNPP_NRT,1
-15.402,136.1352,2026-07-30T04:38:00Z,3.53,N,n,D,VIIRS_SNPP_NRT,1
-15.4002,136.1237,2026-07-30T04:38:00Z,5.97,N,n,D,VIIRS_SNPP_NRT,1
-15.3999,141.7219,2026-07-30T04:38:00Z,5.31,N,n,D,VIIRS_SNPP_NRT,1
-14.765,141.9258,2026-07-30T04:38:00Z,4.12,N,n,D,VIIRS_SNPP_NRT,1
-14.7611,141.9475,2026-07-30T04:38:00Z,5.63,N,n,D,VIIRS_SNPP_NRT,1
-14.7605,127.3777,2026-07-30T04:38:00Z,3.45,N,n,D,VIIRS_SNPP_NRT,1
-14.6025,134.9949,2026-07-30T04:38:00Z,3.84,N,n,D,VIIRS_SNPP_NRT,1
-14.615,134.9813,2026-07-30T04:38:00Z,3.97,N,n,D,VIIRS_SNPP_NRT,1
-14.6149,135.4557,2026-07-30T04:38:00Z,3.53,N,n,D,VIIRS_SNPP_NRT,1
-14.6138,135.4631,2026-07-30T04:38:00Z,6.58,N,n,D,VIIRS_SNPP_NRT,1
-14.6116,135.4552,2026-07-30T04:38:00Z,19.49,N,n,D,VIIRS_SNPP_NRT,1
-14.611,135.4589,2026-07-30T04:38:00Z,19.49,N,n,D,VIIRS_SNPP_NRT,1
-14.611,134.9846,2026-07-30T04:38:00Z,3.97,N,n,D,VIIRS_SNPP_NRT,1
-14.6105,135.4626,2026-07-30T04:38:00Z,19.5,N,n,D,VIIRS_SNPP_NRT,1
-14.6104,134.9884,2026-07-30T04:38:00Z,4.44,N,n,D,VIIRS_SNPP_NRT,1
-14.6099,135.4663,2026-07-30T04:38:00Z,19.5,N,n,D,VIIRS_SNPP_NRT,1
-14.6094,135.4699,2026-07-30T04:38:00Z,6.75,N,n,D,VIIRS_SNPP_NRT,1
-14.6038,129.8452,2026-07-30T04:38:00Z,4.0,N,n,D,VIIRS_SNPP_NRT,1
-14.6037,129.8422,2026-07-30T04:38:00Z,4.4,N,n,D,VIIRS_SNPP_NRT,1
-14.6021,135.378,2026-07-30T04:38:00Z,5.26,N,n,D,VIIRS_SNPP_NRT,1
-14.6162,129.7813,2026-07-30T04:38:00Z,8.54,N,n,D,VIIRS_SNPP_NRT,1
-14.5998,135.4647,2026-07-30T04:38:00Z,5.47,N,n,D,VIIRS_SNPP_NRT,1
-14.5992,129.8446,2026-07-30T04:38:00Z,4.0,N,n,D,VIIRS_SNPP_NRT,1
-14.5992,135.4683,2026-07-30T04:38:00Z,6.23,N,n,D,VIIRS_SNPP_NRT,1
-14.5992,129.8417,2026-07-30T04:38:00Z,5.02,N,l,D,VIIRS_SNPP_NRT,1
-14.5964,135.4641,2026-07-30T04:38:00Z,6.61,N,n,D,VIIRS_SNPP_NRT,1
-14.5947,129.8441,2026-07-30T04:38:00Z,6.08,N,n,D,VIIRS_SNPP_NRT,1
-14.5946,129.8411,2026-07-30T04:38:00Z,5.02,N,n,D,VIIRS_SNPP_NRT,1
-14.5936,133.1942,2026-07-30T04:38:00Z,7.71,N,n,D,VIIRS_SNPP_NRT,1
-14.593,133.1986,2026-07-30T04:38:00Z,8.57,N,n,D,VIIRS_SNPP_NRT,1
-14.5928,135.0128,2026-07-30T04:38:00Z,15.0,N,n,D,VIIRS_SNPP_NRT,1
-14.5912,133.1952,2026-07-30T04:38:00Z,7.05,N,n,D,VIIRS_SNPP_NRT,1
-14.5912,135.0241,2026-07-30T04:38:00Z,2.78,N,n,D,VIIRS_SNPP_NRT,1
-14.6159,135.4256,2026-07-30T04:38:00Z,2.56,N,n,D,VIIRS_SNPP_NRT,1
-14.6165,129.7793,2026-07-30T04:38:00Z,8.54,N,n,D,VIIRS_SNPP_NRT,1
-14.5906,133.1996,2026-07-30T04:38:00Z,2.64,N,n,D,VIIRS_SNPP_NRT,1
-14.6388,134.9384,2026-07-30T04:38:00Z,3.29,N,n,D,VIIRS_SNPP_NRT,1
-14.6593,129.8093,2026-07-30T04:38:00Z,12.4,N,n,D,VIIRS_SNPP_NRT,1
-14.6591,134.8714,2026-07-30T04:38:00Z,23.41,N,n,D,VIIRS_SNPP_NRT,1
-14.6587,129.8141,2026-07-30T04:38:00Z,9.23,N,n,D,VIIRS_SNPP_NRT,1
-14.6585,134.8752,2026-07-30T04:38:00Z,23.41,N,n,D,VIIRS_SNPP_NRT,1
-14.6581,134.9258,2026-07-30T04:38:00Z,3.56,N,n,D,VIIRS_SNPP_NRT,1
-14.6581,129.8191,2026-07-30T04:38:00Z,9.23,N,n,D,VIIRS_SNPP_NRT,1
-14.658,134.879,2026-07-30T04:38:00Z,4.98,N,n,D,VIIRS_SNPP_NRT,1
-14.6547,129.8088,2026-07-30T04:38:00Z,29.87,N,n,D,VIIRS_SNPP_NRT,1
-14.6547,134.9253,2026-07-30T04:38:00Z,3.56,N,n,D,VIIRS_SNPP_NRT,1
-14.645,129.8124,2026-07-30T04:38:00Z,2.62,N,l,D,VIIRS_SNPP_NRT,1
-14.6427,134.9351,2026-07-30T04:38:00Z,4.83,N,n,D,VIIRS_SNPP_NRT,1
-14.6399,129.778,2026-07-30T04:38:00Z,10.66,N,n,D,VIIRS_SNPP_NRT,1
-14.6387,129.7876,2026-07-30T04:38:00Z,9.4,N,l,D,VIIRS_SNPP_NRT,1
-14.6171,135.4409,2026-07-30T04:38:00Z,2.85,N,n,D,VIIRS_SNPP_NRT,1
-14.6382,134.9422,2026-07-30T04:38:00Z,3.29,N,n,D,VIIRS_SNPP_NRT,1
-14.6353,129.7774,2026-07-30T04:38:00Z,10.66,N,n,D,VIIRS_SNPP_NRT,1
-14.6307,129.7769,2026-07-30T04:38:00Z,5.21,N,n,D,VIIRS_SNPP_NRT,1
-14.6268,129.771,2026-07-30T04:38:00Z,5.21,N,n,D,VIIRS_SNPP_NRT,1
-14.6251,134.9596,2026-07-30T04:38:00Z,3.99,N,n,D,VIIRS_SNPP_NRT,1
-14.6217,134.9591,2026-07-30T04:38:00Z,3.99,N,n,D,VIIRS_SNPP_NRT,1
-14.6211,134.9629,2026-07-30T04:38:00Z,3.99,N,n,D,VIIRS_SNPP_NRT,1
-14.6195,134.9743,2026-07-30T04:38:00Z,2.35,N,n,D,VIIRS_SNPP_NRT,1
-14.6189,134.9781,2026-07-30T04:38:00Z,2.35,N,n,D,VIIRS_SNPP_NRT,1
-14.6184,134.9818,2026-07-30T04:38:00Z,2.92,N,n,D,VIIRS_SNPP_NRT,1
-14.6178,135.4599,2026-07-30T04:38:00Z,3.53,N,n,D,VIIRS_SNPP_NRT,1
-14.6176,135.4372,2026-07-30T04:38:00Z,5.11,N,n,D,VIIRS_SNPP_NRT,1
-14.5907,135.0279,2026-07-30T04:38:00Z,2.78,N,n,D,VIIRS_SNPP_NRT,1
-14.5901,129.8434,2026-07-30T04:38:00Z,6.08,N,n,D,VIIRS_SNPP_NRT,1
-14.7601,127.3812,2026-07-30T04:38:00Z,4.22,N,n,D,VIIRS_SNPP_NRT,1
-14.499,134.4158,2026-07-30T04:38:00Z,3.62,N,n,D,VIIRS_SNPP_NRT,1
-14.5386,135.4774,2026-07-30T04:38:00Z,4.84,N,n,D,VIIRS_SNPP_NRT,1
-14.5369,135.0851,2026-07-30T04:38:00Z,5.93,N,n,D,VIIRS_SNPP_NRT,1
-14.5261,135.3508,2026-07-30T04:38:00Z,11.92,N,n,D,VIIRS_SNPP_NRT,1
-14.5259,129.9088,2026-07-30T04:38:00Z,3.26,N,n,D,VIIRS_SNPP_NRT,1
-14.5255,135.3545,2026-07-30T04:38:00Z,11.92,N,n,D,VIIRS_SNPP_NRT,1
-14.525,135.0718,2026-07-30T04:38:00Z,1.72,N,n,D,VIIRS_SNPP_NRT,1
-14.5227,135.3502,2026-07-30T04:38:00Z,11.92,N,n,D,VIIRS_SNPP_NRT,1
-14.5214,129.9083,2026-07-30T04:38:00Z,3.26,N,n,D,VIIRS_SNPP_NRT,1
-14.5126,135.0852,2026-07-30T04:38:00Z,2.48,N,n,D,VIIRS_SNPP_NRT,1
-14.5036,135.4569,2026-07-30T04:38:00Z,3.49,N,n,D,VIIRS_SNPP_NRT,1
-14.5025,134.4163,2026-07-30T04:38:00Z,3.62,N,n,D,VIIRS_SNPP_NRT,1
-14.5007,135.4527,2026-07-30T04:38:00Z,3.49,N,n,D,VIIRS_SNPP_NRT,1
-14.4907,134.9238,2026-07-30T04:38:00Z,3.83,N,n,D,VIIRS_SNPP_NRT,1
-14.5428,134.9509,2026-07-30T04:38:00Z,6.59,N,n,D,VIIRS_SNPP_NRT,1
-14.4853,135.4163,2026-07-30T04:38:00Z,5.44,N,n,D,VIIRS_SNPP_NRT,1
-14.4848,135.42,2026-07-30T04:38:00Z,4.84,N,n,D,VIIRS_SNPP_NRT,1
-14.4845,135.416,2026-07-30T04:38:00Z,4.95,N,n,D,VIIRS_SNPP_NRT,1
-14.484,135.4196,2026-07-30T04:38:00Z,6.48,N,n,D,VIIRS_SNPP_NRT,1
-14.4811,135.4154,2026-07-30T04:38:00Z,4.95,N,n,D,VIIRS_SNPP_NRT,1
-14.4806,135.4191,2026-07-30T04:38:00Z,6.48,N,n,D,VIIRS_SNPP_NRT,1
-14.479,135.195,2026-07-30T04:38:00Z,2.03,N,n,D,VIIRS_SNPP_NRT,1
-14.4777,135.4149,2026-07-30T04:38:00Z,9.32,N,n,D,VIIRS_SNPP_NRT,1
-14.4764,134.9255,2026-07-30T04:38:00Z,1.62,N,n,D,VIIRS_SNPP_NRT,1
-14.476,135.4033,2026-07-30T04:38:00Z,9.39,N,n,D,VIIRS_SNPP_NRT,1
-14.4754,135.407,2026-07-30T04:38:00Z,9.39,N,n,D,VIIRS_SNPP_NRT,1
-14.4749,135.4107,2026-07-30T04:38:00Z,9.32,N,n,D,VIIRS_SNPP_NRT,1
-14.5403,135.0857,2026-07-30T04:38:00Z,4.55,N,n,D,VIIRS_SNPP_NRT,1
-14.5434,134.9471,2026-07-30T04:38:00Z,6.59,N,n,D,VIIRS_SNPP_NRT,1
-14.59,129.8404,2026-07-30T04:38:00Z,6.44,N,n,D,VIIRS_SNPP_NRT,1
-14.5675,141.818,2026-07-30T04:38:00Z,3.66,N,n,D,VIIRS_SNPP_NRT,1
-14.5894,135.3682,2026-07-30T04:38:00Z,8.98,N,n,D,VIIRS_SNPP_NRT,1
-14.5872,135.0273,2026-07-30T04:38:00Z,4.91,N,n,D,VIIRS_SNPP_NRT,1
-14.586,135.3676,2026-07-30T04:38:00Z,3.89,N,n,D,VIIRS_SNPP_NRT,1
-14.5855,129.8398,2026-07-30T04:38:00Z,6.44,N,n,D,VIIRS_SNPP_NRT,1
-14.5855,135.3713,2026-07-30T04:38:00Z,3.89,N,n,D,VIIRS_SNPP_NRT,1
-14.5835,135.481,2026-07-30T04:38:00Z,9.39,N,n,D,VIIRS_SNPP_NRT,1
-14.5831,135.4806,2026-07-30T04:38:00Z,7.63,N,n,D,VIIRS_SNPP_NRT,1
-14.5813,141.7874,2026-07-30T04:38:00Z,7.25,N,n,D,VIIRS_SNPP_NRT,1
-14.5786,135.4874,2026-07-30T04:38:00Z,3.79,N,n,D,VIIRS_SNPP_NRT,1
-14.5773,141.7866,2026-07-30T04:38:00Z,7.25,N,n,D,VIIRS_SNPP_NRT,1
-14.5764,135.3624,2026-07-30T04:38:00Z,2.56,N,n,D,VIIRS_SNPP_NRT,1
-14.5758,135.3661,2026-07-30T04:38:00Z,6.53,N,n,D,VIIRS_SNPP_NRT,1
-14.5652,132.8345,2026-07-30T04:38:00Z,2.97,N,l,D,VIIRS_SNPP_NRT,1
-14.5439,134.9433,2026-07-30T04:38:00Z,5.94,N,n,D,VIIRS_SNPP_NRT,1
-14.5651,135.4853,2026-07-30T04:38:00Z,4.49,N,n,D,VIIRS_SNPP_NRT,1
-14.5628,135.3602,2026-07-30T04:38:00Z,4.66,N,n,D,VIIRS_SNPP_NRT,1
-14.5618,141.7801,2026-07-30T04:38:00Z,2.3,N,n,D,VIIRS_SNPP_NRT,1
-14.5618,144.4911,2026-07-30T04:38:00Z,7.43,N,n,D,VIIRS_SNPP_NRT,1
-14.5614,132.834,2026-07-30T04:38:00Z,2.97,N,n,D,VIIRS_SNPP_NRT,1
-14.5606,141.7872,2026-07-30T04:38:00Z,6.51,N,n,D,VIIRS_SNPP_NRT,1
-14.5601,135.0695,2026-07-30T04:38:00Z,2.58,N,n,D,VIIRS_SNPP_NRT,1
-14.5594,135.4769,2026-07-30T04:38:00Z,13.73,N,n,D,VIIRS_SNPP_NRT,1
-14.5593,141.7944,2026-07-30T04:38:00Z,5.14,N,n,D,VIIRS_SNPP_NRT,1
-14.5578,135.4879,2026-07-30T04:38:00Z,5.6,N,n,D,VIIRS_SNPP_NRT,1
-14.5572,141.7829,2026-07-30T04:38:00Z,7.59,N,n,D,VIIRS_SNPP_NRT,1
-14.5491,134.9557,2026-07-30T04:38:00Z,6.53,N,n,D,VIIRS_SNPP_NRT,1
-14.6597,134.891,2026-07-30T04:38:00Z,5.06,N,n,D,VIIRS_SNPP_NRT,1
-14.6603,134.8872,2026-07-30T04:38:00Z,5.06,N,n,D,VIIRS_SNPP_NRT,1
-14.6608,134.8834,2026-07-30T04:38:00Z,5.68,N,n,D,VIIRS_SNPP_NRT,1
-14.6922,133.1903,2026-07-30T04:38:00Z,4.59,N,n,D,VIIRS_SNPP_NRT,1
-14.6971,134.842,2026-07-30T04:38:00Z,9.07,N,n,D,VIIRS_SNPP_NRT,1
-14.6966,134.8458,2026-07-30T04:38:00Z,16.72,N,n,D,VIIRS_SNPP_NRT,1
-14.6959,133.1908,2026-07-30T04:38:00Z,29.25,N,n,D,VIIRS_SNPP_NRT,1
-14.6945,134.8848,2026-07-30T04:38:00Z,6.25,N,n,D,VIIRS_SNPP_NRT,1
-14.6941,133.1887,2026-07-30T04:38:00Z,15.45,N,n,D,VIIRS_SNPP_NRT,1
-14.6938,134.865,2026-07-30T04:38:00Z,3.8,N,n,D,VIIRS_SNPP_NRT,1
-14.6937,134.8415,2026-07-30T04:38:00Z,3.52,N,n,D,VIIRS_SNPP_NRT,1
-14.6935,133.1932,2026-07-30T04:38:00Z,6.04,N,n,D,VIIRS_SNPP_NRT,1
-14.6933,134.8689,2026-07-30T04:38:00Z,5.76,N,n,D,VIIRS_SNPP_NRT,1
-14.6931,134.8453,2026-07-30T04:38:00Z,24.99,N,n,D,VIIRS_SNPP_NRT,1
-14.6929,133.1858,2026-07-30T04:38:00Z,4.59,N,n,D,VIIRS_SNPP_NRT,1
-14.6926,134.8491,2026-07-30T04:38:00Z,24.99,N,n,D,VIIRS_SNPP_NRT,1
-14.6922,134.8766,2026-07-30T04:38:00Z,7.6,N,n,D,VIIRS_SNPP_NRT,1
-14.6978,133.1892,2026-07-30T04:38:00Z,11.29,N,n,D,VIIRS_SNPP_NRT,1
-14.692,134.853,2026-07-30T04:38:00Z,10.57,N,n,D,VIIRS_SNPP_NRT,1
-14.6905,134.888,2026-07-30T04:38:00Z,6.25,N,n,D,VIIRS_SNPP_NRT,1
-14.6864,134.8679,2026-07-30T04:38:00Z,5.03,N,n,D,VIIRS_SNPP_NRT,1
-14.6858,134.8718,2026-07-30T04:38:00Z,5.03,N,n,D,VIIRS_SNPP_NRT,1
-14.6853,134.8756,2026-07-30T04:38:00Z,4.7,N,n,D,VIIRS_SNPP_NRT,1
-14.6847,134.8794,2026-07-30T04:38:00Z,4.7,N,n,D,VIIRS_SNPP_NRT,1
-14.6832,129.841,2026-07-30T04:38:00Z,11.5,N,n,D,VIIRS_SNPP_NRT,1
-14.683,129.8793,2026-07-30T04:38:00Z,4.87,N,n,D,VIIRS_SNPP_NRT,1
-14.6826,129.8458,2026-07-30T04:38:00Z,34.39,N,n,D,VIIRS_SNPP_NRT,1
-14.6824,134.8712,2026-07-30T04:38:00Z,33.33,N,n,D,VIIRS_SNPP_NRT,1
-14.6824,129.8839,2026-07-30T04:38:00Z,4.96,N,l,D,VIIRS_SNPP_NRT,1
-14.682,129.8505,2026-07-30T04:38:00Z,34.39,N,n,D,VIIRS_SNPP_NRT,1
-14.6972,133.1937,2026-07-30T04:38:00Z,9.28,N,n,D,VIIRS_SNPP_NRT,1
-14.6978,132.056,2026-07-30T04:38:00Z,5.09,N,l,D,VIIRS_SNPP_NRT,1
-14.6614,134.8796,2026-07-30T04:38:00Z,5.68,N,n,D,VIIRS_SNPP_NRT,1
-14.7332,134.8358,2026-07-30T04:38:00Z,3.75,N,n,D,VIIRS_SNPP_NRT,1
-14.7584,141.9395,2026-07-30T04:38:00Z,6.04,N,n,D,VIIRS_SNPP_NRT,1
-14.7578,141.9431,2026-07-30T04:38:00Z,6.04,N,n,D,VIIRS_SNPP_NRT,1
-14.7555,127.3737,2026-07-30T04:38:00Z,3.22,N,n,D,VIIRS_SNPP_NRT,1
-14.7551,127.3772,2026-07-30T04:38:00Z,3.22,N,n,D,VIIRS_SNPP_NRT,1
-14.755,141.9351,2026-07-30T04:38:00Z,4.61,N,n,D,VIIRS_SNPP_NRT,1
-14.7544,141.9388,2026-07-30T04:38:00Z,6.19,N,n,D,VIIRS_SNPP_NRT,1
-14.7505,127.3696,2026-07-30T04:38:00Z,4.89,N,n,D,VIIRS_SNPP_NRT,1
-14.7475,134.8104,2026-07-30T04:38:00Z,8.29,N,n,D,VIIRS_SNPP_NRT,1
-14.7367,134.8364,2026-07-30T04:38:00Z,3.75,N,n,D,VIIRS_SNPP_NRT,1
-14.7361,134.8402,2026-07-30T04:38:00Z,3.75,N,n,D,VIIRS_SNPP_NRT,1
-14.7343,134.8282,2026-07-30T04:38:00Z,7.93,N,n,D,VIIRS_SNPP_NRT,1
-14.7338,134.832,2026-07-30T04:38:00Z,7.93,N,h,D,VIIRS_SNPP_NRT,1
-14.7327,134.8396,2026-07-30T04:38:00Z,3.75,N,n,D,VIIRS_SNPP_NRT,1
-14.6989,134.854,2026-07-30T04:38:00Z,4.8,N,n,D,VIIRS_SNPP_NRT,1
-14.7309,134.8276,2026-07-30T04:38:00Z,8.75,N,n,D,VIIRS_SNPP_NRT,1
-14.7304,134.8314,2026-07-30T04:38:00Z,8.75,N,n,D,VIIRS_SNPP_NRT,1
-14.7298,134.8352,2026-07-30T04:38:00Z,3.74,N,n,D,VIIRS_SNPP_NRT,1
-14.728,134.8233,2026-07-30T04:38:00Z,2.46,N,n,D,VIIRS_SNPP_NRT,1
-14.7274,134.8271,2026-07-30T04:38:00Z,8.75,N,n,D,VIIRS_SNPP_NRT,1
-14.7121,134.86,2026-07-30T04:38:00Z,7.45,N,n,D,VIIRS_SNPP_NRT,1
-14.7065,134.8748,2026-07-30T04:38:00Z,5.15,N,n,D,VIIRS_SNPP_NRT,1
-14.7036,134.8704,2026-07-30T04:38:00Z,6.6,N,n,D,VIIRS_SNPP_NRT,1
-14.7029,134.8507,2026-07-30T04:38:00Z,3.24,N,n,D,VIIRS_SNPP_NRT,1
-14.7006,134.8425,2026-07-30T04:38:00Z,9.07,N,n,D,VIIRS_SNPP_NRT,1
-14.7,134.8463,2026-07-30T04:38:00Z,16.72,N,h,D,VIIRS_SNPP_NRT,1
-14.6995,134.8502,2026-07-30T04:38:00Z,16.72,N,n,D,VIIRS_SNPP_NRT,1
-14.6818,134.875,2026-07-30T04:38:00Z,11.03,N,h,D,VIIRS_SNPP_NRT,1
-14.6818,129.8885,2026-07-30T04:38:00Z,4.96,N,n,D,VIIRS_SNPP_NRT,1
-14.6798,129.8311,2026-07-30T04:38:00Z,19.79,N,n,D,VIIRS_SNPP_NRT,1
-14.6656,134.923,2026-07-30T04:38:00Z,3.01,N,n,D,VIIRS_SNPP_NRT,1
-14.6695,134.8965,2026-07-30T04:38:00Z,2.39,N,n,D,VIIRS_SNPP_NRT,1
-14.6693,134.8887,2026-07-30T04:38:00Z,4.26,N,n,D,VIIRS_SNPP_NRT,1
-14.6688,134.8926,2026-07-30T04:38:00Z,4.26,N,n,D,VIIRS_SNPP_NRT,1
-14.6682,133.1731,2026-07-30T04:38:00Z,4.0,N,n,D,VIIRS_SNPP_NRT,1
-14.6679,129.8153,2026-07-30T04:38:00Z,5.29,N,n,D,VIIRS_SNPP_NRT,1
-14.6678,134.9235,2026-07-30T04:38:00Z,3.72,N,n,D,VIIRS_SNPP_NRT,1
-14.6677,134.8845,2026-07-30T04:38:00Z,4.02,N,n,D,VIIRS_SNPP_NRT,1
-14.6673,129.8201,2026-07-30T04:38:00Z,5.29,N,n,D,VIIRS_SNPP_NRT,1
-14.6672,134.8883,2026-07-30T04:38:00Z,3.82,N,n,D,VIIRS_SNPP_NRT,1
-14.6661,129.8295,2026-07-30T04:38:00Z,6.83,N,n,D,VIIRS_SNPP_NRT,1
-14.666,132.0832,2026-07-30T04:38:00Z,9.16,N,n,D,VIIRS_SNPP_NRT,1
-14.666,134.8725,2026-07-30T04:38:00Z,16.87,N,n,D,VIIRS_SNPP_NRT,1
-14.6655,129.8341,2026-07-30T04:38:00Z,8.39,N,n,D,VIIRS_SNPP_NRT,1
-14.6792,129.8357,2026-07-30T04:38:00Z,32.96,N,n,D,VIIRS_SNPP_NRT,1
-14.6655,134.8997,2026-07-30T04:38:00Z,2.39,N,n,D,VIIRS_SNPP_NRT,1
-14.6654,134.8763,2026-07-30T04:38:00Z,16.87,N,h,D,VIIRS_SNPP_NRT,1
-14.6653,132.0883,2026-07-30T04:38:00Z,9.16,N,l,D,VIIRS_SNPP_NRT,1
-14.6648,134.8801,2026-07-30T04:38:00Z,5.68,N,n,D,VIIRS_SNPP_NRT,1
-14.6633,129.8147,2026-07-30T04:38:00Z,9.23,N,n,D,VIIRS_SNPP_NRT,1
-14.6632,134.8916,2026-07-30T04:38:00Z,5.06,N,n,D,VIIRS_SNPP_NRT,1
-14.6627,129.8196,2026-07-30T04:38:00Z,9.23,N,n,D,VIIRS_SNPP_NRT,1
-14.6626,134.8954,2026-07-30T04:38:00Z,5.35,N,n,D,VIIRS_SNPP_NRT,1
-14.6625,134.872,2026-07-30T04:38:00Z,16.87,N,n,D,VIIRS_SNPP_NRT,1
-14.662,134.8992,2026-07-30T04:38:00Z,5.35,N,n,D,VIIRS_SNPP_NRT,1
-14.662,134.8758,2026-07-30T04:38:00Z,16.87,N,n,D,VIIRS_SNPP_NRT,1
-14.6616,134.9264,2026-07-30T04:38:00Z,3.9,N,n,D,VIIRS_SNPP_NRT,1
-14.6699,134.8849,2026-07-30T04:38:00Z,2.89,N,n,D,VIIRS_SNPP_NRT,1
-14.67,134.8926,2026-07-30T04:38:00Z,3.82,N,n,D,VIIRS_SNPP_NRT,1
-14.6706,134.8888,2026-07-30T04:38:00Z,3.82,N,n,D,VIIRS_SNPP_NRT,1
-14.6712,134.8851,2026-07-30T04:38:00Z,4.02,N,n,D,VIIRS_SNPP_NRT,1
-14.6786,129.8403,2026-07-30T04:38:00Z,32.96,N,n,D,VIIRS_SNPP_NRT,1
-14.678,129.8451,2026-07-30T04:38:00Z,19.1,N,h,D,VIIRS_SNPP_NRT,1
-14.6774,129.8499,2026-07-30T04:38:00Z,19.1,N,n,D,VIIRS_SNPP_NRT,1
-14.6773,134.8822,2026-07-30T04:38:00Z,3.04,N,n,D,VIIRS_SNPP_NRT,1
-14.6768,129.8548,2026-07-30T04:38:00Z,14.33,N,n,D,VIIRS_SNPP_NRT,1
-14.6764,129.8211,2026-07-30T04:38:00Z,3.4,N,n,D,VIIRS_SNPP_NRT,1
-14.6762,129.8596,2026-07-30T04:38:00Z,14.33,N,n,D,VIIRS_SNPP_NRT,1
-14.6758,129.8259,2026-07-30T04:38:00Z,19.79,N,l,D,VIIRS_SNPP_NRT,1
-14.6752,129.8305,2026-07-30T04:38:00Z,19.79,N,n,D,VIIRS_SNPP_NRT,1
-14.6751,134.8974,2026-07-30T04:38:00Z,3.17,N,n,D,VIIRS_SNPP_NRT,1
-14.6747,129.8351,2026-07-30T04:38:00Z,32.96,N,h,D,VIIRS_SNPP_NRT,1
-14.6746,134.9012,2026-07-30T04:38:00Z,3.17,N,n,D,VIIRS_SNPP_NRT,1
-14.6741,129.8398,2026-07-30T04:38:00Z,32.96,N,n,D,VIIRS_SNPP_NRT,1
-14.674,134.9051,2026-07-30T04:38:00Z,5.56,N,n,D,VIIRS_SNPP_NRT,1
-14.6738,134.8816,2026-07-30T04:38:00Z,2.89,N,n,D,VIIRS_SNPP_NRT,1
-14.6734,129.8446,2026-07-30T04:38:00Z,19.1,N,n,D,VIIRS_SNPP_NRT,1
-14.6733,134.8855,2026-07-30T04:38:00Z,2.89,N,n,D,VIIRS_SNPP_NRT,1
-14.6728,134.8893,2026-07-30T04:38:00Z,4.26,N,n,D,VIIRS_SNPP_NRT,1
-14.6725,133.1691,2026-07-30T04:38:00Z,4.93,N,n,D,VIIRS_SNPP_NRT,1
-14.6724,129.8159,2026-07-30T04:38:00Z,5.29,N,n,D,VIIRS_SNPP_NRT,1
-14.6724,134.9165,2026-07-30T04:38:00Z,4.54,N,n,D,VIIRS_SNPP_NRT,1
-14.6722,134.8931,2026-07-30T04:38:00Z,4.26,N,n,D,VIIRS_SNPP_NRT,1
-14.6718,129.8206,2026-07-30T04:38:00Z,5.29,N,n,D,VIIRS_SNPP_NRT,1
-14.6718,134.9203,2026-07-30T04:38:00Z,2.71,N,n,D,VIIRS_SNPP_NRT,1
-14.6713,129.8252,2026-07-30T04:38:00Z,6.83,N,l,D,VIIRS_SNPP_NRT,1
-15.4991,131.317,2026-07-30T04:38:00Z,14.73,N,n,D,VIIRS_SNPP_NRT,1
-15.5023,131.3252,2026-07-30T04:38:00Z,16.11,N,n,D,VIIRS_SNPP_NRT,1
-15.5706,131.9158,2026-07-30T04:38:00Z,4.4,N,n,D,VIIRS_SNPP_NRT,1
-16.6719,136.4006,2026-07-30T04:38:00Z,5.84,N,l,D,VIIRS_SNPP_NRT,1
-16.7116,136.2264,2026-07-30T04:38:00Z,4.69,N,l,D,VIIRS_SNPP_NRT,1
-16.7111,136.4143,2026-07-30T04:38:00Z,10.76,N,l,D,VIIRS_SNPP_NRT,1
-16.7077,136.4138,2026-07-30T04:38:00Z,10.76,N,l,D,VIIRS_SNPP_NRT,1
-16.7049,136.4096,2026-07-30T04:38:00Z,10.97,N,n,D,VIIRS_SNPP_NRT,1
-16.7043,136.229,2026-07-30T04:38:00Z,3.59,N,l,D,VIIRS_SNPP_NRT,1
-16.6993,136.4012,2026-07-30T04:38:00Z,3.91,N,n,D,VIIRS_SNPP_NRT,1
-16.6839,136.0403,2026-07-30T04:38:00Z,1.27,N,n,D,VIIRS_SNPP_NRT,1
-16.6832,136.4174,2026-07-30T04:38:00Z,5.74,N,n,D,VIIRS_SNPP_NRT,1
-16.676,136.0467,2026-07-30T04:38:00Z,1.78,N,l,D,VIIRS_SNPP_NRT,1
-16.6735,135.993,2026-07-30T04:38:00Z,2.62,N,l,D,VIIRS_SNPP_NRT,1
-16.6731,136.4157,2026-07-30T04:38:00Z,12.09,N,n,D,VIIRS_SNPP_NRT,1
-16.673,135.9967,2026-07-30T04:38:00Z,2.62,N,n,D,VIIRS_SNPP_NRT,1
-16.6708,136.4079,2026-07-30T04:38:00Z,11.59,N,n,D,VIIRS_SNPP_NRT,1
-16.7127,136.4149,2026-07-30T04:38:00Z,0.81,N,l,D,VIIRS_SNPP_NRT,1
-16.6703,136.4115,2026-07-30T04:38:00Z,11.59,N,n,D,VIIRS_SNPP_NRT,1
-16.6702,135.9924,2026-07-30T04:38:00Z,4.94,N,l,D,VIIRS_SNPP_NRT,1
-16.6697,136.4152,2026-07-30T04:38:00Z,10.12,N,n,D,VIIRS_SNPP_NRT,1
-16.668,136.4037,2026-07-30T04:38:00Z,5.84,N,n,D,VIIRS_SNPP_NRT,1
-16.6675,136.4073,2026-07-30T04:38:00Z,11.59,N,n,D,VIIRS_SNPP_NRT,1
-16.6669,136.411,2026-07-30T04:38:00Z,11.59,N,n,D,VIIRS_SNPP_NRT,1
-16.6669,136.0148,2026-07-30T04:38:00Z,3.44,N,l,D,VIIRS_SNPP_NRT,1
-16.6668,135.9884,2026-07-30T04:38:00Z,5.13,N,n,D,VIIRS_SNPP_NRT,1
-16.6668,135.9919,2026-07-30T04:38:00Z,4.94,N,n,D,VIIRS_SNPP_NRT,1
-16.6662,135.9921,2026-07-30T04:38:00Z,4.44,N,n,D,VIIRS_SNPP_NRT,1
-16.6647,136.4031,2026-07-30T04:38:00Z,1.48,N,l,D,VIIRS_SNPP_NRT,1
-16.6634,135.9879,2026-07-30T04:38:00Z,5.13,N,h,D,VIIRS_SNPP_NRT,1
-16.7116,136.4107,2026-07-30T04:38:00Z,39.28,N,l,D,VIIRS_SNPP_NRT,1
-16.715,136.2269,2026-07-30T04:38:00Z,1.28,N,n,D,VIIRS_SNPP_NRT,1
-16.6618,128.3117,2026-07-30T04:38:00Z,3.76,N,l,D,VIIRS_SNPP_NRT,1
-16.7875,136.1178,2026-07-30T04:38:00Z,2.96,N,n,D,VIIRS_SNPP_NRT,1
-16.8206,136.104,2026-07-30T04:38:00Z,24.8,N,n,D,VIIRS_SNPP_NRT,1
-16.8201,136.1077,2026-07-30T04:38:00Z,7.83,N,l,D,VIIRS_SNPP_NRT,1
-16.8195,136.1114,2026-07-30T04:38:00Z,7.83,N,n,D,VIIRS_SNPP_NRT,1
-16.819,136.1151,2026-07-30T04:38:00Z,6.46,N,n,D,VIIRS_SNPP_NRT,1
-16.8173,136.1034,2026-07-30T04:38:00Z,19.83,N,n,D,VIIRS_SNPP_NRT,1
-16.8139,136.1029,2026-07-30T04:38:00Z,19.83,N,n,D,VIIRS_SNPP_NRT,1
-16.8047,133.6447,2026-07-30T04:38:00Z,3.39,N,n,D,VIIRS_SNPP_NRT,1
-16.8033,136.1278,2026-07-30T04:38:00Z,1.7,N,l,D,VIIRS_SNPP_NRT,1
-16.8021,136.1124,2026-07-30T04:38:00Z,5.33,N,n,D,VIIRS_SNPP_NRT,1
-16.7999,136.1273,2026-07-30T04:38:00Z,2.58,N,l,D,VIIRS_SNPP_NRT,1
-16.792,136.1109,2026-07-30T04:38:00Z,13.6,N,n,D,VIIRS_SNPP_NRT,1
-16.7886,136.1103,2026-07-30T04:38:00Z,6.5,N,h,D,VIIRS_SNPP_NRT,1
-16.7847,136.1135,2026-07-30T04:38:00Z,6.5,N,n,D,VIIRS_SNPP_NRT,1
-16.7155,136.2233,2026-07-30T04:38:00Z,7.58,N,n,D,VIIRS_SNPP_NRT,1
-16.757,136.0367,2026-07-30T04:38:00Z,3.16,N,n,D,VIIRS_SNPP_NRT,1
-16.7536,136.0361,2026-07-30T04:38:00Z,7.02,N,n,D,VIIRS_SNPP_NRT,1
-16.7531,136.0399,2026-07-30T04:38:00Z,7.02,N,n,D,VIIRS_SNPP_NRT,1
-16.7492,136.0431,2026-07-30T04:38:00Z,3.58,N,l,D,VIIRS_SNPP_NRT,1
-16.7361,136.3962,2026-07-30T04:38:00Z,2.01,N,l,D,VIIRS_SNPP_NRT,1
-16.7355,136.3998,2026-07-30T04:38:00Z,2.01,N,n,D,VIIRS_SNPP_NRT,1
-16.735,136.4035,2026-07-30T04:38:00Z,1.36,N,l,D,VIIRS_SNPP_NRT,1
-16.7311,136.4066,2026-07-30T04:38:00Z,4.96,N,n,D,VIIRS_SNPP_NRT,1
-16.7299,136.3914,2026-07-30T04:38:00Z,3.19,N,n,D,VIIRS_SNPP_NRT,1
-16.7277,136.4061,2026-07-30T04:38:00Z,4.96,N,l,D,VIIRS_SNPP_NRT,1
-16.7272,136.4097,2026-07-30T04:38:00Z,4.48,N,n,D,VIIRS_SNPP_NRT,1
-16.7238,136.4092,2026-07-30T04:38:00Z,2.18,N,n,D,VIIRS_SNPP_NRT,1
-16.6628,135.9916,2026-07-30T04:38:00Z,4.44,N,n,D,VIIRS_SNPP_NRT,1
-16.6617,135.999,2026-07-30T04:38:00Z,3.74,N,n,D,VIIRS_SNPP_NRT,1
-16.4237,135.9382,2026-07-30T04:38:00Z,8.69,N,n,D,VIIRS_SNPP_NRT,1
-16.4317,135.9546,2026-07-30T04:38:00Z,2.88,N,l,D,VIIRS_SNPP_NRT,1
-16.4931,136.1275,2026-07-30T04:38:00Z,34.74,N,n,D,VIIRS_SNPP_NRT,1
-16.487,136.1227,2026-07-30T04:38:00Z,8.69,N,n,D,VIIRS_SNPP_NRT,1
-16.4836,136.1222,2026-07-30T04:38:00Z,2.69,N,n,D,VIIRS_SNPP_NRT,1
-16.479,136.1063,2026-07-30T04:38:00Z,5.42,N,n,D,VIIRS_SNPP_NRT,1
-16.4774,136.1174,2026-07-30T04:38:00Z,4.54,N,n,D,VIIRS_SNPP_NRT,1
-16.4762,136.1021,2026-07-30T04:38:00Z,17.55,N,n,D,VIIRS_SNPP_NRT,1
-16.4757,136.1058,2026-07-30T04:38:00Z,5.42,N,n,D,VIIRS_SNPP_NRT,1
-16.4488,123.8258,2026-07-30T04:38:00Z,3.92,N,n,D,VIIRS_SNPP_NRT,1
-16.4406,137.2617,2026-07-30T04:38:00Z,4.11,N,n,D,VIIRS_SNPP_NRT,1
-16.4366,123.8112,2026-07-30T04:38:00Z,6.83,N,n,D,VIIRS_SNPP_NRT,1
-16.436,123.8174,2026-07-30T04:38:00Z,5.13,N,n,D,VIIRS_SNPP_NRT,1
-16.4346,135.9816,2026-07-30T04:38:00Z,3.29,N,n,D,VIIRS_SNPP_NRT,1
-16.43,137.3525,2026-07-30T04:38:00Z,3.45,N,n,D,VIIRS_SNPP_NRT,1
-16.4993,136.1323,2026-07-30T04:38:00Z,4.52,N,l,D,VIIRS_SNPP_NRT,1
-16.4296,135.9922,2026-07-30T04:38:00Z,5.08,N,n,D,VIIRS_SNPP_NRT,1
-16.4295,137.3561,2026-07-30T04:38:00Z,3.48,N,n,D,VIIRS_SNPP_NRT,1
-16.429,135.9959,2026-07-30T04:38:00Z,5.08,N,n,D,VIIRS_SNPP_NRT,1
-16.4288,135.9503,2026-07-30T04:38:00Z,4.68,N,n,D,VIIRS_SNPP_NRT,1
-16.4267,137.2631,2026-07-30T04:38:00Z,15.0,N,n,D,VIIRS_SNPP_NRT,1
-16.4266,135.9424,2026-07-30T04:38:00Z,2.69,N,n,D,VIIRS_SNPP_NRT,1
-16.4262,123.7752,2026-07-30T04:38:00Z,7.24,N,n,D,VIIRS_SNPP_NRT,1
-16.4261,137.2668,2026-07-30T04:38:00Z,3.28,N,l,D,VIIRS_SNPP_NRT,1
-16.4256,123.7812,2026-07-30T04:38:00Z,7.24,N,n,D,VIIRS_SNPP_NRT,1
-16.4255,123.7768,2026-07-30T04:38:00Z,11.2,N,n,D,VIIRS_SNPP_NRT,1
-16.4251,135.999,2026-07-30T04:38:00Z,1.91,N,l,D,VIIRS_SNPP_NRT,1
-16.425,123.7829,2026-07-30T04:38:00Z,13.96,N,n,D,VIIRS_SNPP_NRT,1
-16.496,136.1317,2026-07-30T04:38:00Z,18.01,N,l,D,VIIRS_SNPP_NRT,1
-16.5027,136.1328,2026-07-30T04:38:00Z,4.52,N,n,D,VIIRS_SNPP_NRT,1
-16.6615,128.3149,2026-07-30T04:38:00Z,7.17,N,n,D,VIIRS_SNPP_NRT,1
-16.5498,123.8565,2026-07-30T04:38:00Z,9.24,N,n,D,VIIRS_SNPP_NRT,1
-16.6572,135.9831,2026-07-30T04:38:00Z,2.95,N,l,D,VIIRS_SNPP_NRT,1
-16.657,128.3075,2026-07-30T04:38:00Z,3.76,N,n,D,VIIRS_SNPP_NRT,1
-16.656,128.3167,2026-07-30T04:38:00Z,7.17,N,h,D,VIIRS_SNPP_NRT,1
-16.6544,135.9788,2026-07-30T04:38:00Z,4.01,N,n,D,VIIRS_SNPP_NRT,1
-16.651,135.9783,2026-07-30T04:38:00Z,4.01,N,n,D,VIIRS_SNPP_NRT,1
-16.6408,135.9767,2026-07-30T04:38:00Z,2.58,N,n,D,VIIRS_SNPP_NRT,1
-16.6061,136.9964,2026-07-30T04:38:00Z,2.21,N,n,D,VIIRS_SNPP_NRT,1
-16.5719,123.8524,2026-07-30T04:38:00Z,9.87,N,n,D,VIIRS_SNPP_NRT,1
-16.5656,123.8452,2026-07-30T04:38:00Z,9.87,N,n,D,VIIRS_SNPP_NRT,1
-16.565,123.8524,2026-07-30T04:38:00Z,9.87,N,h,D,VIIRS_SNPP_NRT,1
-16.558,123.8522,2026-07-30T04:38:00Z,8.84,N,n,D,VIIRS_SNPP_NRT,1
-16.5533,136.1486,2026-07-30T04:38:00Z,5.17,N,n,D,VIIRS_SNPP_NRT,1
-16.5479,136.0378,2026-07-30T04:38:00Z,1.64,N,l,D,VIIRS_SNPP_NRT,1
-16.5036,136.9612,2026-07-30T04:38:00Z,1.88,N,l,D,VIIRS_SNPP_NRT,1
-16.5437,123.8574,2026-07-30T04:38:00Z,13.98,N,n,D,VIIRS_SNPP_NRT,1
-16.5423,123.8619,2026-07-30T04:38:00Z,9.49,N,n,D,VIIRS_SNPP_NRT,1
-16.5422,136.1543,2026-07-30T04:38:00Z,1.69,N,l,D,VIIRS_SNPP_NRT,1
-16.5369,123.8567,2026-07-30T04:38:00Z,13.98,N,h,D,VIIRS_SNPP_NRT,1
-16.536,123.8551,2026-07-30T04:38:00Z,14.16,N,h,D,VIIRS_SNPP_NRT,1
-16.5355,123.8612,2026-07-30T04:38:00Z,10.03,N,n,D,VIIRS_SNPP_NRT,1
-16.5295,123.862,2026-07-30T04:38:00Z,8.96,N,n,D,VIIRS_SNPP_NRT,1
-16.5286,123.8606,2026-07-30T04:38:00Z,10.03,N,n,D,VIIRS_SNPP_NRT,1
-16.5224,136.1397,2026-07-30T04:38:00Z,4.53,N,n,D,VIIRS_SNPP_NRT,1
-16.5102,136.9623,2026-07-30T04:38:00Z,1.46,N,l,D,VIIRS_SNPP_NRT,1
-16.5069,136.9618,2026-07-30T04:38:00Z,1.88,N,l,D,VIIRS_SNPP_NRT,1
-16.5061,136.1334,2026-07-30T04:38:00Z,1.66,N,n,D,VIIRS_SNPP_NRT,1
-16.8212,136.1003,2026-07-30T04:38:00Z,24.8,N,n,D,VIIRS_SNPP_NRT,1
-16.8235,136.1082,2026-07-30T04:38:00Z,7.83,N,n,D,VIIRS_SNPP_NRT,1
-16.824,136.1045,2026-07-30T04:38:00Z,24.8,N,n,D,VIIRS_SNPP_NRT,1
-18.5463,130.5645,2026-07-30T04:38:00Z,6.02,N,n,D,VIIRS_SNPP_NRT,1
-18.5512,130.6416,2026-07-30T04:38:00Z,4.85,N,n,D,VIIRS_SNPP_NRT,1
-18.551,130.6023,2026-07-30T04:38:00Z,9.06,N,n,D,VIIRS_SNPP_NRT,1
-18.5508,130.6436,2026-07-30T04:38:00Z,7.92,N,n,D,VIIRS_SNPP_NRT,1
-18.5506,130.6464,2026-07-30T04:38:00Z,4.85,N,n,D,VIIRS_SNPP_NRT,1
-18.5504,130.6071,2026-07-30T04:38:00Z,9.06,N,n,D,VIIRS_SNPP_NRT,1
-18.5502,130.6092,2026-07-30T04:38:00Z,13.99,N,n,D,VIIRS_SNPP_NRT,1
-18.5499,130.612,2026-07-30T04:38:00Z,6.53,N,n,D,VIIRS_SNPP_NRT,1
-18.5497,130.6141,2026-07-30T04:38:00Z,5.01,N,n,D,VIIRS_SNPP_NRT,1
-18.5475,130.5548,2026-07-30T04:38:00Z,6.85,N,n,D,VIIRS_SNPP_NRT,1
-18.5474,130.5942,2026-07-30T04:38:00Z,37.8,N,n,D,VIIRS_SNPP_NRT,1
-18.5469,130.5596,2026-07-30T04:38:00Z,6.85,N,n,D,VIIRS_SNPP_NRT,1
-18.5468,130.599,2026-07-30T04:38:00Z,37.8,N,n,D,VIIRS_SNPP_NRT,1
-18.5457,130.5694,2026-07-30T04:38:00Z,6.02,N,n,D,VIIRS_SNPP_NRT,1
-18.5515,130.5974,2026-07-30T04:38:00Z,27.9,N,n,D,VIIRS_SNPP_NRT,1
-18.5451,130.5742,2026-07-30T04:38:00Z,10.85,N,h,D,VIIRS_SNPP_NRT,1
-18.5446,130.5396,2026-07-30T04:38:00Z,9.57,N,n,D,VIIRS_SNPP_NRT,1
-18.5446,130.5791,2026-07-30T04:38:00Z,10.85,N,n,D,VIIRS_SNPP_NRT,1
-18.544,130.5445,2026-07-30T04:38:00Z,6.72,N,n,D,VIIRS_SNPP_NRT,1
-18.544,130.5839,2026-07-30T04:38:00Z,6.65,N,n,D,VIIRS_SNPP_NRT,1
-18.5434,130.5494,2026-07-30T04:38:00Z,6.72,N,n,D,VIIRS_SNPP_NRT,1
-18.5429,130.5542,2026-07-30T04:38:00Z,6.85,N,n,D,VIIRS_SNPP_NRT,1
-18.5423,130.5196,2026-07-30T04:38:00Z,7.25,N,n,D,VIIRS_SNPP_NRT,1
-18.5417,130.5244,2026-07-30T04:38:00Z,10.22,N,h,D,VIIRS_SNPP_NRT,1
-18.5412,130.5293,2026-07-30T04:38:00Z,10.22,N,n,D,VIIRS_SNPP_NRT,1
-18.5406,130.5342,2026-07-30T04:38:00Z,8.9,N,n,D,VIIRS_SNPP_NRT,1
-18.5389,130.5092,2026-07-30T04:38:00Z,12.99,N,h,D,VIIRS_SNPP_NRT,1
-18.5514,130.5996,2026-07-30T04:38:00Z,37.8,N,h,D,VIIRS_SNPP_NRT,1
-18.552,130.5948,2026-07-30T04:38:00Z,37.8,N,n,D,VIIRS_SNPP_NRT,1
-16.8246,136.1008,2026-07-30T04:38:00Z,24.8,N,n,D,VIIRS_SNPP_NRT,1
-18.6078,130.712,2026-07-30T04:38:00Z,3.5,N,n,D,VIIRS_SNPP_NRT,1
-18.6146,130.7708,2026-07-30T04:38:00Z,4.31,N,n,D,VIIRS_SNPP_NRT,1
-18.614,130.737,2026-07-30T04:38:00Z,5.98,N,n,D,VIIRS_SNPP_NRT,1
-18.6135,130.7417,2026-07-30T04:38:00Z,5.98,N,n,D,VIIRS_SNPP_NRT,1
-18.6124,130.7512,2026-07-30T04:38:00Z,7.55,N,n,D,VIIRS_SNPP_NRT,1
-18.6112,130.7221,2026-07-30T04:38:00Z,4.08,N,n,D,VIIRS_SNPP_NRT,1
-18.6106,130.7269,2026-07-30T04:38:00Z,4.13,N,n,D,VIIRS_SNPP_NRT,1
-18.6101,130.7317,2026-07-30T04:38:00Z,4.13,N,n,D,VIIRS_SNPP_NRT,1
-18.6096,130.7749,2026-07-30T04:38:00Z,4.52,N,n,D,VIIRS_SNPP_NRT,1
-18.6095,130.7364,2026-07-30T04:38:00Z,5.98,N,n,D,VIIRS_SNPP_NRT,1
-18.609,130.7796,2026-07-30T04:38:00Z,4.52,N,n,D,VIIRS_SNPP_NRT,1
-18.6084,130.7844,2026-07-30T04:38:00Z,3.69,N,n,D,VIIRS_SNPP_NRT,1
-18.6083,130.7073,2026-07-30T04:38:00Z,3.5,N,n,D,VIIRS_SNPP_NRT,1
-18.6066,130.6828,2026-07-30T04:38:00Z,10.74,N,n,D,VIIRS_SNPP_NRT,1
-18.552,130.5926,2026-07-30T04:38:00Z,27.9,N,n,D,VIIRS_SNPP_NRT,1
-18.606,130.6875,2026-07-30T04:38:00Z,11.9,N,h,D,VIIRS_SNPP_NRT,1
-18.6055,130.6923,2026-07-30T04:38:00Z,11.9,N,n,D,VIIRS_SNPP_NRT,1
-18.6032,130.6726,2026-07-30T04:38:00Z,4.03,N,n,D,VIIRS_SNPP_NRT,1
-18.6026,130.6774,2026-07-30T04:38:00Z,6.08,N,n,D,VIIRS_SNPP_NRT,1
-18.5859,130.8197,2026-07-30T04:38:00Z,5.36,N,n,D,VIIRS_SNPP_NRT,1
-18.5808,130.8238,2026-07-30T04:38:00Z,5.36,N,n,D,VIIRS_SNPP_NRT,1
-18.5763,130.8232,2026-07-30T04:38:00Z,2.69,N,n,D,VIIRS_SNPP_NRT,1
-18.5539,130.6174,2026-07-30T04:38:00Z,6.53,N,n,D,VIIRS_SNPP_NRT,1
-18.5533,130.6222,2026-07-30T04:38:00Z,8.47,N,n,D,VIIRS_SNPP_NRT,1
-18.5531,130.6243,2026-07-30T04:38:00Z,6.34,N,n,D,VIIRS_SNPP_NRT,1
-18.5528,130.6271,2026-07-30T04:38:00Z,8.47,N,n,D,VIIRS_SNPP_NRT,1
-18.5525,130.6292,2026-07-30T04:38:00Z,6.34,N,n,D,VIIRS_SNPP_NRT,1
-18.5383,130.5141,2026-07-30T04:38:00Z,7.25,N,n,D,VIIRS_SNPP_NRT,1
-17.7751,123.9866,2026-07-30T04:38:00Z,5.81,N,n,D,VIIRS_SNPP_NRT,1
-17.7748,123.985,2026-07-30T04:38:00Z,5.76,N,n,D,VIIRS_SNPP_NRT,1
-16.8608,136.2811,2026-07-30T04:38:00Z,3.27,N,l,D,VIIRS_SNPP_NRT,1
-17.1242,136.471,2026-07-30T04:38:00Z,2.61,N,l,D,VIIRS_SNPP_NRT,1
-17.1213,136.4668,2026-07-30T04:38:00Z,2.12,N,l,D,VIIRS_SNPP_NRT,1
-17.118,136.4663,2026-07-30T04:38:00Z,2.12,N,n,D,VIIRS_SNPP_NRT,1
-17.1146,136.4657,2026-07-30T04:38:00Z,3.51,N,n,D,VIIRS_SNPP_NRT,1
-16.941,123.0508,2026-07-30T04:38:00Z,2.72,N,n,D,VIIRS_SNPP_NRT,1
-16.8846,122.9423,2026-07-30T04:38:00Z,4.23,N,n,D,VIIRS_SNPP_NRT,1
-16.8837,122.9413,2026-07-30T04:38:00Z,6.49,N,n,D,VIIRS_SNPP_NRT,1
-16.8765,122.9405,2026-07-30T04:38:00Z,9.04,N,n,D,VIIRS_SNPP_NRT,1
-16.8758,122.9479,2026-07-30T04:38:00Z,9.04,N,n,D,VIIRS_SNPP_NRT,1
-16.8692,122.9397,2026-07-30T04:38:00Z,9.04,N,n,D,VIIRS_SNPP_NRT,1
-16.8648,136.1835,2026-07-30T04:38:00Z,4.71,N,n,D,VIIRS_SNPP_NRT,1
-16.8643,136.1872,2026-07-30T04:38:00Z,4.71,N,l,D,VIIRS_SNPP_NRT,1
-16.8604,136.1904,2026-07-30T04:38:00Z,8.65,N,n,D,VIIRS_SNPP_NRT,1
-17.7604,138.7731,2026-07-30T04:38:00Z,2.45,N,n,D,VIIRS_SNPP_NRT,1
-16.859,136.1522,2026-07-30T04:38:00Z,3.42,N,n,D,VIIRS_SNPP_NRT,1
-16.8584,136.1517,2026-07-30T04:38:00Z,4.08,N,n,D,VIIRS_SNPP_NRT,1
-16.857,136.1898,2026-07-30T04:38:00Z,5.37,N,n,D,VIIRS_SNPP_NRT,1
-16.8564,136.1935,2026-07-30T04:38:00Z,5.37,N,n,D,VIIRS_SNPP_NRT,1
-16.8531,136.193,2026-07-30T04:38:00Z,5.37,N,n,D,VIIRS_SNPP_NRT,1
-16.8524,136.1925,2026-07-30T04:38:00Z,3.71,N,n,D,VIIRS_SNPP_NRT,1
-16.849,136.1919,2026-07-30T04:38:00Z,3.71,N,n,D,VIIRS_SNPP_NRT,1
-16.8456,136.1914,2026-07-30T04:38:00Z,6.18,N,n,D,VIIRS_SNPP_NRT,1
-16.8297,136.113,2026-07-30T04:38:00Z,3.18,N,n,D,VIIRS_SNPP_NRT,1
-16.8279,136.1013,2026-07-30T04:38:00Z,6.81,N,n,D,VIIRS_SNPP_NRT,1
-16.8263,136.1125,2026-07-30T04:38:00Z,3.18,N,l,D,VIIRS_SNPP_NRT,1
-16.8251,136.0971,2026-07-30T04:38:00Z,37.21,N,n,D,VIIRS_SNPP_NRT,1
-17.1247,136.4674,2026-07-30T04:38:00Z,2.61,N,l,D,VIIRS_SNPP_NRT,1
-17.1263,136.4338,2026-07-30T04:38:00Z,3.91,N,n,D,VIIRS_SNPP_NRT,1
-17.1268,136.43,2026-07-30T04:38:00Z,3.91,N,n,D,VIIRS_SNPP_NRT,1
-17.1275,136.4716,2026-07-30T04:38:00Z,2.61,N,n,D,VIIRS_SNPP_NRT,1
-17.757,138.7725,2026-07-30T04:38:00Z,3.59,N,n,D,VIIRS_SNPP_NRT,1
-17.7459,138.7741,2026-07-30T04:38:00Z,1.4,N,l,D,VIIRS_SNPP_NRT,1
-17.7272,138.3475,2026-07-30T04:38:00Z,3.61,N,n,D,VIIRS_SNPP_NRT,1
-17.7243,138.3659,2026-07-30T04:38:00Z,3.15,N,l,D,VIIRS_SNPP_NRT,1
-17.7231,138.3733,2026-07-30T04:38:00Z,3.58,N,n,D,VIIRS_SNPP_NRT,1
-17.7222,138.3353,2026-07-30T04:38:00Z,3.95,N,n,D,VIIRS_SNPP_NRT,1
-17.7212,138.32,2026-07-30T04:38:00Z,9.49,N,n,D,VIIRS_SNPP_NRT,1
-17.7206,138.3237,2026-07-30T04:38:00Z,6.22,N,n,D,VIIRS_SNPP_NRT,1
-17.7197,138.3727,2026-07-30T04:38:00Z,2.33,N,l,D,VIIRS_SNPP_NRT,1
-17.7192,138.3764,2026-07-30T04:38:00Z,3.11,N,l,D,VIIRS_SNPP_NRT,1
-17.7184,138.3158,2026-07-30T04:38:00Z,9.49,N,n,D,VIIRS_SNPP_NRT,1
-17.7167,138.3159,2026-07-30T04:38:00Z,5.02,N,n,D,VIIRS_SNPP_NRT,1
-17.7122,138.7029,2026-07-30T04:38:00Z,1.82,N,l,D,VIIRS_SNPP_NRT,1
-17.7088,138.7023,2026-07-30T04:38:00Z,2.66,N,l,D,VIIRS_SNPP_NRT,1
-17.7048,138.7054,2026-07-30T04:38:00Z,2.66,N,n,D,VIIRS_SNPP_NRT,1
-17.6983,138.4111,2026-07-30T04:38:00Z,3.27,N,n,D,VIIRS_SNPP_NRT,1
-17.6687,138.4023,2026-07-30T04:38:00Z,9.88,N,n,D,VIIRS_SNPP_NRT,1
-17.1616,136.4616,2026-07-30T04:38:00Z,1.3,N,l,D,VIIRS_SNPP_NRT,1
-17.1572,136.491,2026-07-30T04:38:00Z,3.21,N,l,D,VIIRS_SNPP_NRT,1
-17.1538,136.4905,2026-07-30T04:38:00Z,3.21,N,l,D,VIIRS_SNPP_NRT,1
-17.1477,136.4857,2026-07-30T04:38:00Z,2.0,N,l,D,VIIRS_SNPP_NRT,1
-17.1443,136.4852,2026-07-30T04:38:00Z,4.48,N,n,D,VIIRS_SNPP_NRT,1
-17.1382,136.4804,2026-07-30T04:38:00Z,4.61,N,n,D,VIIRS_SNPP_NRT,1
-17.1348,136.4799,2026-07-30T04:38:00Z,4.61,N,l,D,VIIRS_SNPP_NRT,1
-17.1303,136.4758,2026-07-30T04:38:00Z,4.78,N,n,D,VIIRS_SNPP_NRT,1
-16.4243,135.9344,2026-07-30T04:38:00Z,60.85,N,n,D,VIIRS_SNPP_NRT,1
-16.4234,137.2626,2026-07-30T04:38:00Z,15.0,N,n,D,VIIRS_SNPP_NRT,1
-15.5827,131.9175,2026-07-30T04:38:00Z,3.53,N,n,D,VIIRS_SNPP_NRT,1
-16.019,137.2353,2026-07-30T04:38:00Z,2.42,N,n,D,VIIRS_SNPP_NRT,1
-16.0444,135.3911,2026-07-30T04:38:00Z,12.41,N,n,D,VIIRS_SNPP_NRT,1
-16.0438,135.3949,2026-07-30T04:38:00Z,3.42,N,n,D,VIIRS_SNPP_NRT,1
-16.0438,137.0068,2026-07-30T04:38:00Z,3.97,N,n,D,VIIRS_SNPP_NRT,1
-16.0433,137.0104,2026-07-30T04:38:00Z,4.72,N,n,D,VIIRS_SNPP_NRT,1
-16.0415,135.3868,2026-07-30T04:38:00Z,12.41,N,n,D,VIIRS_SNPP_NRT,1
-16.041,137.0026,2026-07-30T04:38:00Z,5.9,N,n,D,VIIRS_SNPP_NRT,1
-16.0405,136.7588,2026-07-30T04:38:00Z,2.55,N,n,D,VIIRS_SNPP_NRT,1
-16.0405,137.0062,2026-07-30T04:38:00Z,5.9,N,n,D,VIIRS_SNPP_NRT,1
-16.0372,136.7582,2026-07-30T04:38:00Z,1.52,N,n,D,VIIRS_SNPP_NRT,1
-16.0338,136.7577,2026-07-30T04:38:00Z,1.52,N,l,D,VIIRS_SNPP_NRT,1
-16.031,136.7536,2026-07-30T04:38:00Z,19.12,N,n,D,VIIRS_SNPP_NRT,1
-16.0277,136.753,2026-07-30T04:38:00Z,19.12,N,n,D,VIIRS_SNPP_NRT,1
-16.0185,137.2389,2026-07-30T04:38:00Z,2.42,N,n,D,VIIRS_SNPP_NRT,1
-16.0462,137.1253,2026-07-30T04:38:00Z,1.77,N,n,D,VIIRS_SNPP_NRT,1
-16.0157,137.2347,2026-07-30T04:38:00Z,2.42,N,n,D,VIIRS_SNPP_NRT,1
-16.0152,137.2383,2026-07-30T04:38:00Z,2.42,N,n,D,VIIRS_SNPP_NRT,1
-16.0059,144.8872,2026-07-30T04:38:00Z,7.26,N,n,D,VIIRS_SNPP_NRT,1
-16.0011,144.8864,2026-07-30T04:38:00Z,7.26,N,n,D,VIIRS_SNPP_NRT,1
-15.9866,145.0408,2026-07-30T04:38:00Z,7.75,N,n,D,VIIRS_SNPP_NRT,1
-15.9856,145.0463,2026-07-30T04:38:00Z,7.75,N,n,D,VIIRS_SNPP_NRT,1
-15.9838,145.0436,2026-07-30T04:38:00Z,13.01,N,n,D,VIIRS_SNPP_NRT,1
-15.9652,136.8348,2026-07-30T04:38:00Z,6.31,N,n,D,VIIRS_SNPP_NRT,1
-15.9629,136.8271,2026-07-30T04:38:00Z,8.02,N,n,D,VIIRS_SNPP_NRT,1
-15.9618,136.8343,2026-07-30T04:38:00Z,6.31,N,n,D,VIIRS_SNPP_NRT,1
-15.9115,130.3003,2026-07-30T04:38:00Z,3.62,N,n,D,VIIRS_SNPP_NRT,1
-15.911,130.305,2026-07-30T04:38:00Z,6.91,N,n,D,VIIRS_SNPP_NRT,1
-16.0449,135.3873,2026-07-30T04:38:00Z,12.41,N,n,D,VIIRS_SNPP_NRT,1
-16.0466,137.0109,2026-07-30T04:38:00Z,4.72,N,n,D,VIIRS_SNPP_NRT,1
-15.908,130.3289,2026-07-30T04:38:00Z,6.98,N,n,D,VIIRS_SNPP_NRT,1
-16.0616,136.7548,2026-07-30T04:38:00Z,2.4,N,n,D,VIIRS_SNPP_NRT,1
-16.0703,137.1145,2026-07-30T04:38:00Z,6.21,N,n,D,VIIRS_SNPP_NRT,1
-16.0697,137.1181,2026-07-30T04:38:00Z,3.38,N,n,D,VIIRS_SNPP_NRT,1
-16.0692,137.1217,2026-07-30T04:38:00Z,3.38,N,n,D,VIIRS_SNPP_NRT,1
-16.0664,137.1397,2026-07-30T04:38:00Z,38.46,N,n,D,VIIRS_SNPP_NRT,1
-16.0661,136.7481,2026-07-30T04:38:00Z,9.04,N,n,D,VIIRS_SNPP_NRT,1
-16.0659,137.1433,2026-07-30T04:38:00Z,38.46,N,n,D,VIIRS_SNPP_NRT,1
-16.0653,137.1469,2026-07-30T04:38:00Z,19.4,N,n,D,VIIRS_SNPP_NRT,1
-16.065,136.7554,2026-07-30T04:38:00Z,2.4,N,n,D,VIIRS_SNPP_NRT,1
-16.0636,137.1356,2026-07-30T04:38:00Z,5.48,N,n,D,VIIRS_SNPP_NRT,1
-16.0627,136.7476,2026-07-30T04:38:00Z,9.04,N,n,D,VIIRS_SNPP_NRT,1
-16.0626,137.1428,2026-07-30T04:38:00Z,38.46,N,l,D,VIIRS_SNPP_NRT,1
-16.0622,136.7512,2026-07-30T04:38:00Z,9.04,N,n,D,VIIRS_SNPP_NRT,1
-16.0612,137.1388,2026-07-30T04:38:00Z,5.83,N,n,D,VIIRS_SNPP_NRT,1
-16.0467,137.1217,2026-07-30T04:38:00Z,1.77,N,l,D,VIIRS_SNPP_NRT,1
-16.061,136.7362,2026-07-30T04:38:00Z,1.9,N,n,D,VIIRS_SNPP_NRT,1
-16.0609,137.1536,2026-07-30T04:38:00Z,4.32,N,n,D,VIIRS_SNPP_NRT,1
-16.0594,136.7471,2026-07-30T04:38:00Z,141.02,N,h,D,VIIRS_SNPP_NRT,1
-16.0558,132.8447,2026-07-30T04:38:00Z,3.72,N,l,D,VIIRS_SNPP_NRT,1
-16.0551,137.1563,2026-07-30T04:38:00Z,8.11,N,n,D,VIIRS_SNPP_NRT,1
-16.0535,135.4003,2026-07-30T04:38:00Z,4.89,N,l,D,VIIRS_SNPP_NRT,1
-16.053,135.4041,2026-07-30T04:38:00Z,9.32,N,n,D,VIIRS_SNPP_NRT,1
-16.0518,135.3883,2026-07-30T04:38:00Z,16.04,N,n,D,VIIRS_SNPP_NRT,1
-16.0512,135.3921,2026-07-30T04:38:00Z,16.04,N,n,D,VIIRS_SNPP_NRT,1
-16.0501,135.3998,2026-07-30T04:38:00Z,5.12,N,n,D,VIIRS_SNPP_NRT,1
-16.0484,135.3878,2026-07-30T04:38:00Z,16.04,N,n,D,VIIRS_SNPP_NRT,1
-16.0471,137.0073,2026-07-30T04:38:00Z,3.97,N,n,D,VIIRS_SNPP_NRT,1
-15.9104,130.3098,2026-07-30T04:38:00Z,6.91,N,n,D,VIIRS_SNPP_NRT,1
-15.8941,130.2936,2026-07-30T04:38:00Z,4.83,N,n,D,VIIRS_SNPP_NRT,1
-16.4228,137.2662,2026-07-30T04:38:00Z,3.28,N,n,D,VIIRS_SNPP_NRT,1
-15.659,128.1281,2026-07-30T04:38:00Z,4.56,N,n,D,VIIRS_SNPP_NRT,1
-15.664,128.1396,2026-07-30T04:38:00Z,16.55,N,h,D,VIIRS_SNPP_NRT,1
-15.6636,128.1429,2026-07-30T04:38:00Z,8.38,N,n,D,VIIRS_SNPP_NRT,1
-15.6634,128.1351,2026-07-30T04:38:00Z,21.78,N,n,D,VIIRS_SNPP_NRT,1
-15.6633,128.1463,2026-07-30T04:38:00Z,8.38,N,h,D,VIIRS_SNPP_NRT,1
-15.663,128.1383,2026-07-30T04:38:00Z,21.78,N,h,D,VIIRS_SNPP_NRT,1
-15.6629,128.1498,2026-07-30T04:38:00Z,5.72,N,n,D,VIIRS_SNPP_NRT,1
-15.6626,128.1416,2026-07-30T04:38:00Z,10.62,N,n,D,VIIRS_SNPP_NRT,1
-15.6622,128.1449,2026-07-30T04:38:00Z,10.62,N,h,D,VIIRS_SNPP_NRT,1
-15.6618,128.1484,2026-07-30T04:38:00Z,6.04,N,n,D,VIIRS_SNPP_NRT,1
-15.6599,128.1293,2026-07-30T04:38:00Z,4.97,N,n,D,VIIRS_SNPP_NRT,1
-15.6595,128.1325,2026-07-30T04:38:00Z,4.97,N,n,D,VIIRS_SNPP_NRT,1
-15.6592,128.1357,2026-07-30T04:38:00Z,16.55,N,h,D,VIIRS_SNPP_NRT,1
-15.6588,128.139,2026-07-30T04:38:00Z,16.55,N,n,D,VIIRS_SNPP_NRT,1
-15.6696,145.1961,2026-07-30T04:38:00Z,9.75,N,n,D,VIIRS_SNPP_NRT,1
-15.6586,128.1312,2026-07-30T04:38:00Z,4.56,N,n,D,VIIRS_SNPP_NRT,1
-15.6582,128.1345,2026-07-30T04:38:00Z,21.78,N,h,D,VIIRS_SNPP_NRT,1
-15.6554,128.1224,2026-07-30T04:38:00Z,6.59,N,h,D,VIIRS_SNPP_NRT,1
-15.655,128.1256,2026-07-30T04:38:00Z,6.59,N,n,D,VIIRS_SNPP_NRT,1
-15.6547,128.1286,2026-07-30T04:38:00Z,4.89,N,n,D,VIIRS_SNPP_NRT,1
-15.6545,128.1212,2026-07-30T04:38:00Z,8.75,N,h,D,VIIRS_SNPP_NRT,1
-15.6542,128.1243,2026-07-30T04:38:00Z,8.75,N,n,D,VIIRS_SNPP_NRT,1
-15.6502,128.1219,2026-07-30T04:38:00Z,6.59,N,n,D,VIIRS_SNPP_NRT,1
-15.639,136.1551,2026-07-30T04:38:00Z,3.89,N,n,D,VIIRS_SNPP_NRT,1
-15.5841,131.9066,2026-07-30T04:38:00Z,3.15,N,n,D,VIIRS_SNPP_NRT,1
-15.5836,131.9102,2026-07-30T04:38:00Z,3.15,N,n,D,VIIRS_SNPP_NRT,1
-15.5832,131.9138,2026-07-30T04:38:00Z,3.53,N,n,D,VIIRS_SNPP_NRT,1
-15.6644,128.1363,2026-07-30T04:38:00Z,16.55,N,n,D,VIIRS_SNPP_NRT,1
-15.6733,145.2034,2026-07-30T04:38:00Z,7.25,N,n,D,VIIRS_SNPP_NRT,1
-15.8935,130.2981,2026-07-30T04:38:00Z,4.83,N,n,D,VIIRS_SNPP_NRT,1
-15.8358,144.167,2026-07-30T04:38:00Z,4.56,N,n,D,VIIRS_SNPP_NRT,1
-15.8856,130.2878,2026-07-30T04:38:00Z,7.28,N,l,D,VIIRS_SNPP_NRT,1
-15.8851,130.2552,2026-07-30T04:38:00Z,10.0,N,n,D,VIIRS_SNPP_NRT,1
-15.8851,130.2924,2026-07-30T04:38:00Z,24.88,N,n,D,VIIRS_SNPP_NRT,1
-15.8845,130.2595,2026-07-30T04:38:00Z,10.0,N,n,D,VIIRS_SNPP_NRT,1
-15.8845,130.297,2026-07-30T04:38:00Z,24.88,N,n,D,VIIRS_SNPP_NRT,1
-15.884,130.264,2026-07-30T04:38:00Z,5.33,N,l,D,VIIRS_SNPP_NRT,1
-15.8834,130.2686,2026-07-30T04:38:00Z,5.33,N,n,D,VIIRS_SNPP_NRT,1
-15.8823,130.2779,2026-07-30T04:38:00Z,20.38,N,n,D,VIIRS_SNPP_NRT,1
-15.8817,130.2826,2026-07-30T04:38:00Z,7.28,N,n,D,VIIRS_SNPP_NRT,1
-15.8811,130.2873,2026-07-30T04:38:00Z,7.28,N,n,D,VIIRS_SNPP_NRT,1
-15.88,130.2587,2026-07-30T04:38:00Z,28.73,N,n,D,VIIRS_SNPP_NRT,1
-15.8795,130.2633,2026-07-30T04:38:00Z,15.57,N,n,D,VIIRS_SNPP_NRT,1
-15.8314,144.1385,2026-07-30T04:38:00Z,5.34,N,n,D,VIIRS_SNPP_NRT,1
-15.7695,128.7254,2026-07-30T04:38:00Z,6.79,N,n,D,VIIRS_SNPP_NRT,1
-15.8264,144.2629,2026-07-30T04:38:00Z,31.15,N,n,D,VIIRS_SNPP_NRT,1
-15.8255,144.2677,2026-07-30T04:38:00Z,31.15,N,n,D,VIIRS_SNPP_NRT,1
-15.8218,144.262,2026-07-30T04:38:00Z,54.79,N,n,D,VIIRS_SNPP_NRT,1
-15.8215,144.2701,2026-07-30T04:38:00Z,207.77,N,n,D,VIIRS_SNPP_NRT,1
-15.8209,144.2668,2026-07-30T04:38:00Z,54.79,N,n,D,VIIRS_SNPP_NRT,1
-15.82,144.2717,2026-07-30T04:38:00Z,57.38,N,n,D,VIIRS_SNPP_NRT,1
-15.8178,144.2643,2026-07-30T04:38:00Z,8.23,N,n,D,VIIRS_SNPP_NRT,1
-15.8169,144.2692,2026-07-30T04:38:00Z,8.23,N,n,D,VIIRS_SNPP_NRT,1
-15.8163,144.266,2026-07-30T04:38:00Z,54.79,N,n,D,VIIRS_SNPP_NRT,1
-15.8078,128.2661,2026-07-30T04:38:00Z,4.04,N,n,D,VIIRS_SNPP_NRT,1
-15.8075,128.269,2026-07-30T04:38:00Z,4.14,N,n,D,VIIRS_SNPP_NRT,1
-15.8072,128.272,2026-07-30T04:38:00Z,4.14,N,l,D,VIIRS_SNPP_NRT,1
-16.0708,137.1109,2026-07-30T04:38:00Z,6.21,N,n,D,VIIRS_SNPP_NRT,1
-16.0714,137.1073,2026-07-30T04:38:00Z,4.27,N,n,D,VIIRS_SNPP_NRT,1
-16.072,137.1037,2026-07-30T04:38:00Z,4.27,N,n,D,VIIRS_SNPP_NRT,1
-16.3955,123.7322,2026-07-30T04:38:00Z,9.35,N,n,D,VIIRS_SNPP_NRT,1
-16.4012,123.7462,2026-07-30T04:38:00Z,9.59,N,n,D,VIIRS_SNPP_NRT,1
-16.4009,123.7416,2026-07-30T04:38:00Z,8.03,N,n,D,VIIRS_SNPP_NRT,1
-16.4006,123.7528,2026-07-30T04:38:00Z,9.59,N,n,D,VIIRS_SNPP_NRT,1
-16.4003,123.7479,2026-07-30T04:38:00Z,8.03,N,n,D,VIIRS_SNPP_NRT,1
-16.3998,123.7544,2026-07-30T04:38:00Z,11.46,N,n,D,VIIRS_SNPP_NRT,1
-16.3984,135.9456,2026-07-30T04:38:00Z,4.22,N,n,D,VIIRS_SNPP_NRT,1
-16.3973,123.7134,2026-07-30T04:38:00Z,15.84,N,n,D,VIIRS_SNPP_NRT,1
-16.3967,123.7194,2026-07-30T04:38:00Z,9.14,N,n,D,VIIRS_SNPP_NRT,1
-16.3967,135.9339,2026-07-30T04:38:00Z,31.4,N,n,D,VIIRS_SNPP_NRT,1
-16.3961,123.7257,2026-07-30T04:38:00Z,9.14,N,n,D,VIIRS_SNPP_NRT,1
-16.396,135.9149,2026-07-30T04:38:00Z,7.17,N,n,D,VIIRS_SNPP_NRT,1
-16.3956,135.9414,2026-07-30T04:38:00Z,3.86,N,n,D,VIIRS_SNPP_NRT,1
-16.3949,135.9224,2026-07-30T04:38:00Z,4.13,N,l,D,VIIRS_SNPP_NRT,1
-16.4018,123.74,2026-07-30T04:38:00Z,9.35,N,n,D,VIIRS_SNPP_NRT,1
-16.3934,123.681,2026-07-30T04:38:00Z,10.09,N,n,D,VIIRS_SNPP_NRT,1
-16.3929,135.9599,2026-07-30T04:38:00Z,2.96,N,n,D,VIIRS_SNPP_NRT,1
-16.3928,135.9371,2026-07-30T04:38:00Z,31.4,N,n,D,VIIRS_SNPP_NRT,1
-16.3928,123.6877,2026-07-30T04:38:00Z,10.09,N,n,D,VIIRS_SNPP_NRT,1
-16.3921,123.6944,2026-07-30T04:38:00Z,19.67,N,h,D,VIIRS_SNPP_NRT,1
-16.3917,135.9445,2026-07-30T04:38:00Z,3.86,N,n,D,VIIRS_SNPP_NRT,1
-16.3915,123.7008,2026-07-30T04:38:00Z,19.67,N,n,D,VIIRS_SNPP_NRT,1
-16.391,123.7069,2026-07-30T04:38:00Z,15.27,N,n,D,VIIRS_SNPP_NRT,1
-16.39,135.9557,2026-07-30T04:38:00Z,2.96,N,n,D,VIIRS_SNPP_NRT,1
-16.3898,135.9101,2026-07-30T04:38:00Z,14.28,N,n,D,VIIRS_SNPP_NRT,1
-16.3895,135.9594,2026-07-30T04:38:00Z,2.96,N,n,D,VIIRS_SNPP_NRT,1
-16.3894,135.9366,2026-07-30T04:38:00Z,8.89,N,n,D,VIIRS_SNPP_NRT,1
-16.4014,123.7353,2026-07-30T04:38:00Z,8.47,N,n,D,VIIRS_SNPP_NRT,1
-16.4022,135.9197,2026-07-30T04:38:00Z,6.96,N,n,D,VIIRS_SNPP_NRT,1
-16.0725,137.1001,2026-07-30T04:38:00Z,3.1,N,n,D,VIIRS_SNPP_NRT,1
-16.4165,135.9636,2026-07-30T04:38:00Z,12.11,N,n,D,VIIRS_SNPP_NRT,1
-16.4227,135.9683,2026-07-30T04:38:00Z,7.19,N,n,D,VIIRS_SNPP_NRT,1
-16.4217,135.9985,2026-07-30T04:38:00Z,2.61,N,n,D,VIIRS_SNPP_NRT,1
-16.4211,137.277,2026-07-30T04:38:00Z,3.26,N,n,D,VIIRS_SNPP_NRT,1
-16.42,137.262,2026-07-30T04:38:00Z,12.82,N,n,D,VIIRS_SNPP_NRT,1
-16.42,123.7678,2026-07-30T04:38:00Z,7.8,N,n,D,VIIRS_SNPP_NRT,1
-16.4195,137.2656,2026-07-30T04:38:00Z,6.35,N,n,D,VIIRS_SNPP_NRT,1
-16.4194,123.7739,2026-07-30T04:38:00Z,7.24,N,n,D,VIIRS_SNPP_NRT,1
-16.4193,123.7695,2026-07-30T04:38:00Z,7.42,N,n,D,VIIRS_SNPP_NRT,1
-16.4188,123.7803,2026-07-30T04:38:00Z,7.24,N,n,D,VIIRS_SNPP_NRT,1
-16.4187,123.7757,2026-07-30T04:38:00Z,7.42,N,n,D,VIIRS_SNPP_NRT,1
-16.4178,137.2765,2026-07-30T04:38:00Z,8.75,N,n,D,VIIRS_SNPP_NRT,1
-16.4175,135.9334,2026-07-30T04:38:00Z,90.43,N,n,D,VIIRS_SNPP_NRT,1
-16.4152,135.9255,2026-07-30T04:38:00Z,7.09,N,n,D,VIIRS_SNPP_NRT,1
-16.4028,135.916,2026-07-30T04:38:00Z,5.41,N,n,D,VIIRS_SNPP_NRT,1
-16.4131,123.7672,2026-07-30T04:38:00Z,8.32,N,n,D,VIIRS_SNPP_NRT,1
-16.4118,135.9249,2026-07-30T04:38:00Z,5.56,N,n,D,VIIRS_SNPP_NRT,1
-16.4109,135.9551,2026-07-30T04:38:00Z,1.36,N,n,D,VIIRS_SNPP_NRT,1
-16.4107,123.7091,2026-07-30T04:38:00Z,8.8,N,n,D,VIIRS_SNPP_NRT,1
-16.409,135.9207,2026-07-30T04:38:00Z,5.56,N,n,D,VIIRS_SNPP_NRT,1
-16.4075,135.9546,2026-07-30T04:38:00Z,2.04,N,n,D,VIIRS_SNPP_NRT,1
-16.4068,123.7602,2026-07-30T04:38:00Z,8.32,N,n,D,VIIRS_SNPP_NRT,1
-16.406,123.7619,2026-07-30T04:38:00Z,11.46,N,n,D,VIIRS_SNPP_NRT,1
-16.4048,123.7079,2026-07-30T04:38:00Z,15.84,N,h,D,VIIRS_SNPP_NRT,1
-16.4046,135.9503,2026-07-30T04:38:00Z,2.04,N,l,D,VIIRS_SNPP_NRT,1
-16.4041,135.954,2026-07-30T04:38:00Z,2.04,N,n,D,VIIRS_SNPP_NRT,1
-16.4037,123.7097,2026-07-30T04:38:00Z,8.8,N,n,D,VIIRS_SNPP_NRT,1
-16.3893,135.9138,2026-07-30T04:38:00Z,14.28,N,n,D,VIIRS_SNPP_NRT,1
-16.3888,135.9403,2026-07-30T04:38:00Z,23.37,N,n,D,VIIRS_SNPP_NRT,1
-16.3887,135.9176,2026-07-30T04:38:00Z,20.45,N,n,D,VIIRS_SNPP_NRT,1
-16.124,136.739,2026-07-30T04:38:00Z,3.97,N,l,D,VIIRS_SNPP_NRT,1
-16.3616,137.1596,2026-07-30T04:38:00Z,3.14,N,n,D,VIIRS_SNPP_NRT,1
-16.3611,137.1632,2026-07-30T04:38:00Z,3.14,N,l,D,VIIRS_SNPP_NRT,1
-16.3572,137.1663,2026-07-30T04:38:00Z,1.73,N,l,D,VIIRS_SNPP_NRT,1
-16.3544,137.1621,2026-07-30T04:38:00Z,1.66,N,l,D,VIIRS_SNPP_NRT,1
-16.1854,136.2507,2026-07-30T04:38:00Z,5.46,N,n,D,VIIRS_SNPP_NRT,1
-16.1849,136.2544,2026-07-30T04:38:00Z,2.68,N,n,D,VIIRS_SNPP_NRT,1
-16.1843,136.258,2026-07-30T04:38:00Z,2.68,N,n,D,VIIRS_SNPP_NRT,1
-16.1832,136.2429,2026-07-30T04:38:00Z,2.57,N,n,D,VIIRS_SNPP_NRT,1
-16.1826,136.2465,2026-07-30T04:38:00Z,5.69,N,n,D,VIIRS_SNPP_NRT,1
-16.1273,136.7396,2026-07-30T04:38:00Z,3.97,N,n,D,VIIRS_SNPP_NRT,1
-16.1251,136.7318,2026-07-30T04:38:00Z,10.3,N,n,D,VIIRS_SNPP_NRT,1
-16.1245,136.7354,2026-07-30T04:38:00Z,3.97,N,n,D,VIIRS_SNPP_NRT,1
-16.1238,136.7279,2026-07-30T04:38:00Z,6.68,N,n,D,VIIRS_SNPP_NRT,1
-16.3883,135.944,2026-07-30T04:38:00Z,23.37,N,l,D,VIIRS_SNPP_NRT,1
-16.1233,136.7315,2026-07-30T04:38:00Z,6.68,N,n,D,VIIRS_SNPP_NRT,1
-16.1227,136.7351,2026-07-30T04:38:00Z,5.43,N,n,D,VIIRS_SNPP_NRT,1
-16.1218,135.4304,2026-07-30T04:38:00Z,3.41,N,n,D,VIIRS_SNPP_NRT,1
-16.1213,135.4343,2026-07-30T04:38:00Z,3.41,N,l,D,VIIRS_SNPP_NRT,1
-16.1184,135.43,2026-07-30T04:38:00Z,3.89,N,n,D,VIIRS_SNPP_NRT,1
-16.1088,136.7366,2026-07-30T04:38:00Z,40.88,N,l,D,VIIRS_SNPP_NRT,1
-16.1083,136.7402,2026-07-30T04:38:00Z,1.64,N,l,D,VIIRS_SNPP_NRT,1
-16.0787,135.4197,2026-07-30T04:38:00Z,2.21,N,l,D,VIIRS_SNPP_NRT,1
-16.0761,136.7498,2026-07-30T04:38:00Z,2.16,N,n,D,VIIRS_SNPP_NRT,1
-16.0755,136.7534,2026-07-30T04:38:00Z,2.16,N,n,D,VIIRS_SNPP_NRT,1
-16.0736,137.0929,2026-07-30T04:38:00Z,4.84,N,n,D,VIIRS_SNPP_NRT,1
-16.073,137.0965,2026-07-30T04:38:00Z,3.1,N,n,D,VIIRS_SNPP_NRT,1
-16.3636,135.9477,2026-07-30T04:38:00Z,22.47,N,n,D,VIIRS_SNPP_NRT,1
-16.3641,135.944,2026-07-30T04:38:00Z,22.47,N,n,D,VIIRS_SNPP_NRT,1
-16.3657,135.9329,2026-07-30T04:38:00Z,38.19,N,n,D,VIIRS_SNPP_NRT,1
-16.3658,135.9556,2026-07-30T04:38:00Z,12.25,N,n,D,VIIRS_SNPP_NRT,1
-16.3882,135.9213,2026-07-30T04:38:00Z,20.45,N,n,D,VIIRS_SNPP_NRT,1
-16.3867,135.9551,2026-07-30T04:38:00Z,3.01,N,n,D,VIIRS_SNPP_NRT,1
-16.3862,135.9816,2026-07-30T04:38:00Z,3.37,N,l,D,VIIRS_SNPP_NRT,1
-16.3861,135.9588,2026-07-30T04:38:00Z,3.01,N,n,D,VIIRS_SNPP_NRT,1
-16.386,135.9361,2026-07-30T04:38:00Z,8.89,N,n,D,VIIRS_SNPP_NRT,1
-16.3853,135.917,2026-07-30T04:38:00Z,19.57,N,n,D,VIIRS_SNPP_NRT,1
-16.3848,135.9207,2026-07-30T04:38:00Z,19.57,N,n,D,VIIRS_SNPP_NRT,1
-16.3787,135.9387,2026-07-30T04:38:00Z,7.15,N,l,D,VIIRS_SNPP_NRT,1
-16.3782,135.9424,2026-07-30T04:38:00Z,7.15,N,n,D,VIIRS_SNPP_NRT,1
-16.377,135.9271,2026-07-30T04:38:00Z,9.46,N,n,D,VIIRS_SNPP_NRT,1
-16.3753,135.9382,2026-07-30T04:38:00Z,4.8,N,n,D,VIIRS_SNPP_NRT,1
-16.3736,135.9266,2026-07-30T04:38:00Z,9.46,N,n,D,VIIRS_SNPP_NRT,1
-16.3726,135.9567,2026-07-30T04:38:00Z,3.99,N,n,D,VIIRS_SNPP_NRT,1
-16.3719,135.9376,2026-07-30T04:38:00Z,4.8,N,n,D,VIIRS_SNPP_NRT,1
-16.3715,135.9641,2026-07-30T04:38:00Z,3.39,N,n,D,VIIRS_SNPP_NRT,1
-16.3714,135.9414,2026-07-30T04:38:00Z,4.8,N,n,D,VIIRS_SNPP_NRT,1
-16.3709,135.9451,2026-07-30T04:38:00Z,16.5,N,n,D,VIIRS_SNPP_NRT,1
-16.3698,135.9524,2026-07-30T04:38:00Z,3.99,N,n,D,VIIRS_SNPP_NRT,1
-16.3692,135.9562,2026-07-30T04:38:00Z,3.99,N,n,D,VIIRS_SNPP_NRT,1
-16.3687,135.9599,2026-07-30T04:38:00Z,3.39,N,n,D,VIIRS_SNPP_NRT,1
-16.3686,135.9371,2026-07-30T04:38:00Z,17.77,N,n,D,VIIRS_SNPP_NRT,1
-16.368,135.9408,2026-07-30T04:38:00Z,17.77,N,n,D,VIIRS_SNPP_NRT,1
-16.3675,135.9445,2026-07-30T04:38:00Z,22.47,N,n,D,VIIRS_SNPP_NRT,1
-16.3669,135.9482,2026-07-30T04:38:00Z,22.47,N,n,D,VIIRS_SNPP_NRT,1
-16.3664,135.9519,2026-07-30T04:38:00Z,12.25,N,h,D,VIIRS_SNPP_NRT,1
-14.4738,135.4181,2026-07-30T04:38:00Z,8.05,N,n,D,VIIRS_SNPP_NRT,1
-14.4732,135.4218,2026-07-30T04:38:00Z,8.05,N,n,D,VIIRS_SNPP_NRT,1
-18.7372,126.6697,2026-07-30T04:38:00Z,2.8,N,n,D,VIIRS_SNPP_NRT,1
-12.168,142.1136,2026-07-30T04:38:00Z,5.22,N,n,D,VIIRS_SNPP_NRT,1
-12.2766,141.8638,2026-07-30T04:38:00Z,5.73,N,n,D,VIIRS_SNPP_NRT,1
-12.2758,141.8437,2026-07-30T04:38:00Z,8.28,N,n,D,VIIRS_SNPP_NRT,1
-12.2716,141.843,2026-07-30T04:38:00Z,4.69,N,n,D,VIIRS_SNPP_NRT,1
-12.2709,141.8469,2026-07-30T04:38:00Z,4.69,N,n,D,VIIRS_SNPP_NRT,1
-12.2449,142.1151,2026-07-30T04:38:00Z,9.15,N,n,D,VIIRS_SNPP_NRT,1
-12.2407,142.1144,2026-07-30T04:38:00Z,6.8,N,n,D,VIIRS_SNPP_NRT,1
-12.1847,132.8819,2026-07-30T04:38:00Z,17.61,N,n,D,VIIRS_SNPP_NRT,1
-12.1841,132.8862,2026-07-30T04:38:00Z,10.27,N,n,D,VIIRS_SNPP_NRT,1
-12.1835,132.8905,2026-07-30T04:38:00Z,10.27,N,n,D,VIIRS_SNPP_NRT,1
-12.1811,132.8814,2026-07-30T04:38:00Z,17.61,N,h,D,VIIRS_SNPP_NRT,1
-12.1805,132.8856,2026-07-30T04:38:00Z,10.27,N,h,D,VIIRS_SNPP_NRT,1
-12.1799,132.8899,2026-07-30T04:38:00Z,10.27,N,n,D,VIIRS_SNPP_NRT,1
-12.1666,142.0967,2026-07-30T04:38:00Z,5.41,N,n,D,VIIRS_SNPP_NRT,1
-12.2793,141.8483,2026-07-30T04:38:00Z,8.28,N,h,D,VIIRS_SNPP_NRT,1
-12.1623,142.096,2026-07-30T04:38:00Z,5.95,N,n,D,VIIRS_SNPP_NRT,1
-12.1602,142.614,2026-07-30T04:38:00Z,3.84,N,n,D,VIIRS_SNPP_NRT,1
-12.1012,133.6743,2026-07-30T04:38:00Z,5.92,N,n,D,VIIRS_SNPP_NRT,1
-12.0994,132.8572,2026-07-30T04:38:00Z,9.4,N,n,D,VIIRS_SNPP_NRT,1
-12.0976,133.6738,2026-07-30T04:38:00Z,5.92,N,n,D,VIIRS_SNPP_NRT,1
-12.0899,133.6524,2026-07-30T04:38:00Z,7.18,N,n,D,VIIRS_SNPP_NRT,1
-12.0875,133.644,2026-07-30T04:38:00Z,5.5,N,n,D,VIIRS_SNPP_NRT,1
-12.0853,133.6598,2026-07-30T04:38:00Z,5.71,N,n,D,VIIRS_SNPP_NRT,1
-12.084,133.6435,2026-07-30T04:38:00Z,4.31,N,n,D,VIIRS_SNPP_NRT,1
-12.0829,133.6514,2026-07-30T04:38:00Z,3.72,N,n,D,VIIRS_SNPP_NRT,1
-12.0823,133.6553,2026-07-30T04:38:00Z,5.31,N,n,D,VIIRS_SNPP_NRT,1
-12.0818,133.6593,2026-07-30T04:38:00Z,5.31,N,n,D,VIIRS_SNPP_NRT,1
-12.278,141.8801,2026-07-30T04:38:00Z,5.8,N,n,D,VIIRS_SNPP_NRT,1
-12.2794,141.8723,2026-07-30T04:38:00Z,7.24,N,n,D,VIIRS_SNPP_NRT,1
-12.0423,142.0622,2026-07-30T04:38:00Z,3.51,N,l,D,VIIRS_SNPP_NRT,1
-12.3526,141.8766,2026-07-30T04:38:00Z,7.95,N,n,D,VIIRS_SNPP_NRT,1
-12.3996,133.7743,2026-07-30T04:38:00Z,6.6,N,n,D,VIIRS_SNPP_NRT,1
-12.3976,132.511,2026-07-30T04:38:00Z,8.07,N,n,D,VIIRS_SNPP_NRT,1
-12.3846,141.8664,2026-07-30T04:38:00Z,5.37,N,n,D,VIIRS_SNPP_NRT,1
-12.3839,141.8702,2026-07-30T04:38:00Z,6.03,N,h,D,VIIRS_SNPP_NRT,1
-12.3832,141.8741,2026-07-30T04:38:00Z,6.03,N,n,D,VIIRS_SNPP_NRT,1
-12.3804,141.8656,2026-07-30T04:38:00Z,5.37,N,n,D,VIIRS_SNPP_NRT,1
-12.3797,141.8695,2026-07-30T04:38:00Z,6.03,N,n,D,VIIRS_SNPP_NRT,1
-12.379,141.8733,2026-07-30T04:38:00Z,6.03,N,n,D,VIIRS_SNPP_NRT,1
-12.3769,141.861,2026-07-30T04:38:00Z,3.13,N,n,D,VIIRS_SNPP_NRT,1
-12.3762,141.8649,2026-07-30T04:38:00Z,3.13,N,n,D,VIIRS_SNPP_NRT,1
-12.3742,141.8764,2026-07-30T04:38:00Z,11.03,N,h,D,VIIRS_SNPP_NRT,1
-12.3526,141.9006,2026-07-30T04:38:00Z,5.21,N,n,D,VIIRS_SNPP_NRT,1
-12.3521,141.9014,2026-07-30T04:38:00Z,3.36,N,n,D,VIIRS_SNPP_NRT,1
-12.2801,141.8684,2026-07-30T04:38:00Z,7.24,N,n,D,VIIRS_SNPP_NRT,1
-12.3519,141.8773,2026-07-30T04:38:00Z,7.6,N,n,D,VIIRS_SNPP_NRT,1
-12.3519,141.9045,2026-07-30T04:38:00Z,4.0,N,n,D,VIIRS_SNPP_NRT,1
-12.3496,132.5271,2026-07-30T04:38:00Z,9.4,N,n,D,VIIRS_SNPP_NRT,1
-12.349,132.5316,2026-07-30T04:38:00Z,4.44,N,n,D,VIIRS_SNPP_NRT,1
-12.3464,141.8843,2026-07-30T04:38:00Z,7.66,N,n,D,VIIRS_SNPP_NRT,1
-12.3459,132.5266,2026-07-30T04:38:00Z,9.4,N,n,D,VIIRS_SNPP_NRT,1
-12.3447,132.5355,2026-07-30T04:38:00Z,4.44,N,n,D,VIIRS_SNPP_NRT,1
-12.3403,132.5395,2026-07-30T04:38:00Z,4.22,N,n,D,VIIRS_SNPP_NRT,1
-12.2835,141.8491,2026-07-30T04:38:00Z,5.92,N,n,D,VIIRS_SNPP_NRT,1
-12.2829,141.877,2026-07-30T04:38:00Z,5.8,N,n,D,VIIRS_SNPP_NRT,1
-12.2828,141.853,2026-07-30T04:38:00Z,4.92,N,n,D,VIIRS_SNPP_NRT,1
-12.2808,141.8646,2026-07-30T04:38:00Z,6.71,N,n,D,VIIRS_SNPP_NRT,1
-12.0794,133.6509,2026-07-30T04:38:00Z,3.72,N,n,D,VIIRS_SNPP_NRT,1
-12.0352,142.1024,2026-07-30T04:38:00Z,6.18,N,n,D,VIIRS_SNPP_NRT,1
-12.4052,142.4797,2026-07-30T04:38:00Z,8.34,N,n,D,VIIRS_SNPP_NRT,1
-11.7037,130.0974,2026-07-30T04:38:00Z,18.75,N,h,D,VIIRS_SNPP_NRT,1
-11.7431,130.4162,2026-07-30T04:38:00Z,5.63,N,n,D,VIIRS_SNPP_NRT,1
-11.7335,130.9616,2026-07-30T04:38:00Z,4.47,N,n,D,VIIRS_SNPP_NRT,1
-11.7331,130.9652,2026-07-30T04:38:00Z,7.62,N,n,D,VIIRS_SNPP_NRT,1
-11.7294,130.5551,2026-07-30T04:38:00Z,4.24,N,n,D,VIIRS_SNPP_NRT,1
-11.7286,130.552,2026-07-30T04:38:00Z,8.72,N,n,D,VIIRS_SNPP_NRT,1
-11.728,130.5558,2026-07-30T04:38:00Z,8.2,N,n,D,VIIRS_SNPP_NRT,1
-11.7257,130.5507,2026-07-30T04:38:00Z,5.15,N,n,D,VIIRS_SNPP_NRT,1
-11.7077,130.5491,2026-07-30T04:38:00Z,6.67,N,n,D,VIIRS_SNPP_NRT,1
-11.7072,130.5529,2026-07-30T04:38:00Z,14.08,N,n,D,VIIRS_SNPP_NRT,1
-11.7069,130.1061,2026-07-30T04:38:00Z,5.35,N,n,D,VIIRS_SNPP_NRT,1
-11.7064,130.1101,2026-07-30T04:38:00Z,8.06,N,n,D,VIIRS_SNPP_NRT,1
-11.704,130.5446,2026-07-30T04:38:00Z,3.28,N,n,D,VIIRS_SNPP_NRT,1
-11.7032,130.1014,2026-07-30T04:38:00Z,11.88,N,n,D,VIIRS_SNPP_NRT,1
-11.7462,132.7522,2026-07-30T04:38:00Z,5.22,N,n,D,VIIRS_SNPP_NRT,1
-11.7004,130.7743,2026-07-30T04:38:00Z,38.01,N,l,D,VIIRS_SNPP_NRT,1
-11.7,130.778,2026-07-30T04:38:00Z,38.01,N,n,D,VIIRS_SNPP_NRT,1
-11.7,130.0926,2026-07-30T04:38:00Z,18.75,N,n,D,VIIRS_SNPP_NRT,1
-11.6995,130.7818,2026-07-30T04:38:00Z,5.9,N,n,D,VIIRS_SNPP_NRT,1
-11.6994,130.0967,2026-07-30T04:38:00Z,18.75,N,n,D,VIIRS_SNPP_NRT,1
-11.6976,130.7746,2026-07-30T04:38:00Z,62.16,N,h,D,VIIRS_SNPP_NRT,1
-11.697,130.7784,2026-07-30T04:38:00Z,62.16,N,n,D,VIIRS_SNPP_NRT,1
-11.6958,130.7776,2026-07-30T04:38:00Z,74.69,N,n,D,VIIRS_SNPP_NRT,1
-11.6951,130.0961,2026-07-30T04:38:00Z,47.27,N,n,D,VIIRS_SNPP_NRT,1
-11.6914,130.0914,2026-07-30T04:38:00Z,47.27,N,n,D,VIIRS_SNPP_NRT,1
-11.6908,130.0955,2026-07-30T04:38:00Z,47.27,N,n,D,VIIRS_SNPP_NRT,1
-11.687,130.0908,2026-07-30T04:38:00Z,25.0,N,n,D,VIIRS_SNPP_NRT,1
-11.7434,130.4152,2026-07-30T04:38:00Z,5.69,N,n,D,VIIRS_SNPP_NRT,1
-11.747,132.7532,2026-07-30T04:38:00Z,4.22,N,n,D,VIIRS_SNPP_NRT,1
-12.0309,142.1017,2026-07-30T04:38:00Z,6.18,N,h,D,VIIRS_SNPP_NRT,1
-11.8068,130.9974,2026-07-30T04:38:00Z,4.36,N,n,D,VIIRS_SNPP_NRT,1
-12.0302,142.1058,2026-07-30T04:38:00Z,6.18,N,n,D,VIIRS_SNPP_NRT,1
-12.0294,142.1099,2026-07-30T04:38:00Z,3.89,N,n,D,VIIRS_SNPP_NRT,1
-11.9448,142.1029,2026-07-30T04:38:00Z,4.7,N,n,D,VIIRS_SNPP_NRT,1
-11.9002,142.205,2026-07-30T04:38:00Z,9.21,N,n,D,VIIRS_SNPP_NRT,1
-11.8994,142.2091,2026-07-30T04:38:00Z,9.21,N,n,D,VIIRS_SNPP_NRT,1
-11.8987,142.2132,2026-07-30T04:38:00Z,3.74,N,n,D,VIIRS_SNPP_NRT,1
-11.817,130.0525,2026-07-30T04:38:00Z,6.21,N,n,D,VIIRS_SNPP_NRT,1
-11.8123,130.9872,2026-07-30T04:38:00Z,5.87,N,n,D,VIIRS_SNPP_NRT,1
-11.8118,130.9908,2026-07-30T04:38:00Z,12.57,N,h,D,VIIRS_SNPP_NRT,1
-11.8113,130.9944,2026-07-30T04:38:00Z,12.57,N,h,D,VIIRS_SNPP_NRT,1
-11.8108,130.998,2026-07-30T04:38:00Z,5.84,N,n,D,VIIRS_SNPP_NRT,1
-11.8077,130.9902,2026-07-30T04:38:00Z,8.15,N,n,D,VIIRS_SNPP_NRT,1
-11.8063,131.001,2026-07-30T04:38:00Z,4.36,N,n,D,VIIRS_SNPP_NRT,1
-11.7473,130.4168,2026-07-30T04:38:00Z,5.63,N,n,D,VIIRS_SNPP_NRT,1
-11.7867,130.5084,2026-07-30T04:38:00Z,2.09,N,n,D,VIIRS_SNPP_NRT,1
-11.7726,130.5498,2026-07-30T04:38:00Z,11.19,N,h,D,VIIRS_SNPP_NRT,1
-11.7684,130.5492,2026-07-30T04:38:00Z,11.34,N,n,D,VIIRS_SNPP_NRT,1
-11.7655,130.6028,2026-07-30T04:38:00Z,3.04,N,n,D,VIIRS_SNPP_NRT,1
-11.7648,130.5448,2026-07-30T04:38:00Z,11.34,N,n,D,VIIRS_SNPP_NRT,1
-11.7606,130.5441,2026-07-30T04:38:00Z,38.3,N,n,D,VIIRS_SNPP_NRT,1
-11.7571,130.409,2026-07-30T04:38:00Z,3.08,N,n,D,VIIRS_SNPP_NRT,1
-11.7566,130.4129,2026-07-30T04:38:00Z,3.08,N,n,D,VIIRS_SNPP_NRT,1
-11.7524,130.4124,2026-07-30T04:38:00Z,6.36,N,n,D,VIIRS_SNPP_NRT,1
-11.7509,130.8037,2026-07-30T04:38:00Z,4.43,N,n,D,VIIRS_SNPP_NRT,1
-11.7504,130.8074,2026-07-30T04:38:00Z,4.43,N,l,D,VIIRS_SNPP_NRT,1
-11.7477,130.4157,2026-07-30T04:38:00Z,11.13,N,n,D,VIIRS_SNPP_NRT,1
-12.4009,142.4789,2026-07-30T04:38:00Z,10.84,N,n,D,VIIRS_SNPP_NRT,1
-12.406,142.4755,2026-07-30T04:38:00Z,8.34,N,n,D,VIIRS_SNPP_NRT,1
-14.4726,135.4028,2026-07-30T04:38:00Z,6.41,N,n,D,VIIRS_SNPP_NRT,1
-12.6342,142.5337,2026-07-30T04:38:00Z,8.68,N,n,D,VIIRS_SNPP_NRT,1
-12.7181,131.2182,2026-07-30T04:38:00Z,3.6,N,n,D,VIIRS_SNPP_NRT,1
-12.7145,131.214,2026-07-30T04:38:00Z,3.6,N,n,D,VIIRS_SNPP_NRT,1
-12.6611,130.6698,2026-07-30T04:38:00Z,1.09,N,l,D,VIIRS_SNPP_NRT,1
-12.6532,130.6647,2026-07-30T04:38:00Z,13.08,N,n,D,VIIRS_SNPP_NRT,1
-12.6527,130.6686,2026-07-30T04:38:00Z,13.08,N,h,D,VIIRS_SNPP_NRT,1
-12.6521,130.6725,2026-07-30T04:38:00Z,7.6,N,n,D,VIIRS_SNPP_NRT,1
-12.6516,130.6764,2026-07-30T04:38:00Z,7.6,N,l,D,VIIRS_SNPP_NRT,1
-12.6511,130.6803,2026-07-30T04:38:00Z,3.73,N,n,D,VIIRS_SNPP_NRT,1
-12.6506,130.6842,2026-07-30T04:38:00Z,3.73,N,l,D,VIIRS_SNPP_NRT,1
-12.649,130.6641,2026-07-30T04:38:00Z,13.08,N,n,D,VIIRS_SNPP_NRT,1
-12.6485,130.668,2026-07-30T04:38:00Z,13.08,N,n,D,VIIRS_SNPP_NRT,1
-12.6371,142.543,2026-07-30T04:38:00Z,8.82,N,n,D,VIIRS_SNPP_NRT,1
-12.6335,142.538,2026-07-30T04:38:00Z,8.68,N,h,D,VIIRS_SNPP_NRT,1
-12.7222,131.2188,2026-07-30T04:38:00Z,6.25,N,n,D,VIIRS_SNPP_NRT,1
-12.6327,142.5422,2026-07-30T04:38:00Z,6.18,N,n,D,VIIRS_SNPP_NRT,1
-12.6321,142.5203,2026-07-30T04:38:00Z,6.96,N,n,D,VIIRS_SNPP_NRT,1
-12.632,132.153,2026-07-30T04:38:00Z,6.65,N,n,D,VIIRS_SNPP_NRT,1
-12.6314,142.5245,2026-07-30T04:38:00Z,27.91,N,n,D,VIIRS_SNPP_NRT,1
-12.6278,142.5195,2026-07-30T04:38:00Z,3.98,N,n,D,VIIRS_SNPP_NRT,1
-12.627,142.5237,2026-07-30T04:38:00Z,9.28,N,n,D,VIIRS_SNPP_NRT,1
-12.6215,142.1946,2026-07-30T04:38:00Z,5.3,N,n,D,VIIRS_SNPP_NRT,1
-12.6208,142.1986,2026-07-30T04:38:00Z,3.95,N,n,D,VIIRS_SNPP_NRT,1
-12.6197,142.1944,2026-07-30T04:38:00Z,4.97,N,n,D,VIIRS_SNPP_NRT,1
-12.6135,132.1457,2026-07-30T04:38:00Z,1.82,N,l,D,VIIRS_SNPP_NRT,1
-12.6107,130.663,2026-07-30T04:38:00Z,2.28,N,n,D,VIIRS_SNPP_NRT,1
-12.5841,130.5716,2026-07-30T04:38:00Z,3.66,N,n,D,VIIRS_SNPP_NRT,1
-12.7195,130.4511,2026-07-30T04:38:00Z,1.54,N,n,D,VIIRS_SNPP_NRT,1
-12.7262,131.2194,2026-07-30T04:38:00Z,6.25,N,n,D,VIIRS_SNPP_NRT,1
-12.5836,130.5755,2026-07-30T04:38:00Z,7.18,N,n,D,VIIRS_SNPP_NRT,1
-12.7925,130.5825,2026-07-30T04:38:00Z,6.2,N,n,D,VIIRS_SNPP_NRT,1
-12.8443,131.5327,2026-07-30T04:38:00Z,4.88,N,n,D,VIIRS_SNPP_NRT,1
-12.8431,131.5114,2026-07-30T04:38:00Z,7.01,N,n,D,VIIRS_SNPP_NRT,1
-12.8403,131.5322,2026-07-30T04:38:00Z,7.51,N,l,D,VIIRS_SNPP_NRT,1
-12.8222,131.5454,2026-07-30T04:38:00Z,7.5,N,n,D,VIIRS_SNPP_NRT,1
-12.8216,131.5506,2026-07-30T04:38:00Z,10.17,N,n,D,VIIRS_SNPP_NRT,1
-12.8194,131.5661,2026-07-30T04:38:00Z,22.67,N,n,D,VIIRS_SNPP_NRT,1
-12.8125,130.3729,2026-07-30T04:38:00Z,2.43,N,n,D,VIIRS_SNPP_NRT,1
-12.8122,131.5599,2026-07-30T04:38:00Z,6.9,N,n,D,VIIRS_SNPP_NRT,1
-12.7959,130.3665,2026-07-30T04:38:00Z,3.05,N,n,D,VIIRS_SNPP_NRT,1
-12.7932,130.3868,2026-07-30T04:38:00Z,9.47,N,n,D,VIIRS_SNPP_NRT,1
-12.7928,130.5829,2026-07-30T04:38:00Z,7.21,N,n,D,VIIRS_SNPP_NRT,1
-12.7927,130.3909,2026-07-30T04:38:00Z,27.3,N,n,D,VIIRS_SNPP_NRT,1
-12.7921,130.395,2026-07-30T04:38:00Z,27.3,N,n,D,VIIRS_SNPP_NRT,1
-12.7267,131.2158,2026-07-30T04:38:00Z,6.25,N,n,D,VIIRS_SNPP_NRT,1
-12.7825,130.3688,2026-07-30T04:38:00Z,5.16,N,n,D,VIIRS_SNPP_NRT,1
-12.7637,130.5749,2026-07-30T04:38:00Z,9.03,N,n,D,VIIRS_SNPP_NRT,1
-12.7593,142.0231,2026-07-30T04:38:00Z,9.53,N,n,D,VIIRS_SNPP_NRT,1
-12.7591,142.0231,2026-07-30T04:38:00Z,13.33,N,h,D,VIIRS_SNPP_NRT,1
-12.7586,142.027,2026-07-30T04:38:00Z,2.51,N,n,D,VIIRS_SNPP_NRT,1
-12.7507,142.0217,2026-07-30T04:38:00Z,5.78,N,n,D,VIIRS_SNPP_NRT,1
-12.7346,131.1874,2026-07-30T04:38:00Z,15.76,N,n,D,VIIRS_SNPP_NRT,1
-12.7341,131.1909,2026-07-30T04:38:00Z,15.76,N,n,D,VIIRS_SNPP_NRT,1
-12.7336,131.1946,2026-07-30T04:38:00Z,6.42,N,n,D,VIIRS_SNPP_NRT,1
-12.7312,131.2127,2026-07-30T04:38:00Z,3.98,N,l,D,VIIRS_SNPP_NRT,1
-12.73,131.1904,2026-07-30T04:38:00Z,3.94,N,l,D,VIIRS_SNPP_NRT,1
-12.7296,131.194,2026-07-30T04:38:00Z,5.7,N,n,D,VIIRS_SNPP_NRT,1
-12.584,130.5719,2026-07-30T04:38:00Z,2.43,N,n,D,VIIRS_SNPP_NRT,1
-12.5835,130.5758,2026-07-30T04:38:00Z,5.13,N,n,D,VIIRS_SNPP_NRT,1
-12.4111,142.4721,2026-07-30T04:38:00Z,11.09,N,n,D,VIIRS_SNPP_NRT,1
-12.4602,141.7533,2026-07-30T04:38:00Z,6.87,N,n,D,VIIRS_SNPP_NRT,1
-12.4934,132.9318,2026-07-30T04:38:00Z,2.87,N,n,D,VIIRS_SNPP_NRT,1
-12.4898,132.9313,2026-07-30T04:38:00Z,2.87,N,n,D,VIIRS_SNPP_NRT,1
-12.4881,141.9898,2026-07-30T04:38:00Z,2.52,N,n,D,VIIRS_SNPP_NRT,1
-12.4855,132.9352,2026-07-30T04:38:00Z,4.3,N,l,D,VIIRS_SNPP_NRT,1
-12.4843,132.9438,2026-07-30T04:38:00Z,6.87,N,n,D,VIIRS_SNPP_NRT,1
-12.4824,141.9727,2026-07-30T04:38:00Z,5.23,N,n,D,VIIRS_SNPP_NRT,1
-12.467,141.9618,2026-07-30T04:38:00Z,6.97,N,n,D,VIIRS_SNPP_NRT,1
-12.4657,141.7465,2026-07-30T04:38:00Z,5.66,N,n,D,VIIRS_SNPP_NRT,1
-12.4655,141.723,2026-07-30T04:38:00Z,2.66,N,n,D,VIIRS_SNPP_NRT,1
-12.4654,132.9453,2026-07-30T04:38:00Z,3.93,N,n,D,VIIRS_SNPP_NRT,1
-12.4616,141.7457,2026-07-30T04:38:00Z,5.66,N,n,D,VIIRS_SNPP_NRT,1
-12.4609,141.7495,2026-07-30T04:38:00Z,6.87,N,n,D,VIIRS_SNPP_NRT,1
-12.4561,141.7526,2026-07-30T04:38:00Z,3.13,N,n,D,VIIRS_SNPP_NRT,1
-12.4992,132.7545,2026-07-30T04:38:00Z,4.59,N,n,D,VIIRS_SNPP_NRT,1
-12.4554,141.7564,2026-07-30T04:38:00Z,5.04,N,n,D,VIIRS_SNPP_NRT,1
-12.4548,141.7602,2026-07-30T04:38:00Z,5.04,N,n,D,VIIRS_SNPP_NRT,1
-12.4506,141.7595,2026-07-30T04:38:00Z,5.04,N,n,D,VIIRS_SNPP_NRT,1
-12.4465,141.7587,2026-07-30T04:38:00Z,5.34,N,n,D,VIIRS_SNPP_NRT,1
-12.4344,141.9272,2026-07-30T04:38:00Z,4.49,N,l,D,VIIRS_SNPP_NRT,1
-12.4302,141.9264,2026-07-30T04:38:00Z,4.49,N,n,D,VIIRS_SNPP_NRT,1
-12.4238,141.7664,2026-07-30T04:38:00Z,3.5,N,n,D,VIIRS_SNPP_NRT,1
-12.4231,141.7702,2026-07-30T04:38:00Z,3.5,N,n,D,VIIRS_SNPP_NRT,1
-12.4189,141.7695,2026-07-30T04:38:00Z,10.93,N,n,D,VIIRS_SNPP_NRT,1
-12.4183,141.7733,2026-07-30T04:38:00Z,4.63,N,n,D,VIIRS_SNPP_NRT,1
-12.4126,142.4636,2026-07-30T04:38:00Z,8.37,N,n,D,VIIRS_SNPP_NRT,1
-12.4118,142.4678,2026-07-30T04:38:00Z,11.09,N,n,D,VIIRS_SNPP_NRT,1
-12.4983,132.256,2026-07-30T04:38:00Z,5.38,N,n,D,VIIRS_SNPP_NRT,1
-12.4992,132.7378,2026-07-30T04:38:00Z,5.97,N,n,D,VIIRS_SNPP_NRT,1
-12.5824,134.0018,2026-07-30T04:38:00Z,3.73,N,n,D,VIIRS_SNPP_NRT,1
-12.5174,141.971,2026-07-30T04:38:00Z,8.22,N,n,D,VIIRS_SNPP_NRT,1
-12.5799,130.571,2026-07-30T04:38:00Z,3.24,N,l,D,VIIRS_SNPP_NRT,1
-12.5798,130.5713,2026-07-30T04:38:00Z,2.43,N,l,D,VIIRS_SNPP_NRT,1
-12.5755,131.8959,2026-07-30T04:38:00Z,9.04,N,n,D,VIIRS_SNPP_NRT,1
-12.5748,131.9008,2026-07-30T04:38:00Z,6.65,N,n,D,VIIRS_SNPP_NRT,1
-12.5739,142.4706,2026-07-30T04:38:00Z,2.78,N,n,D,VIIRS_SNPP_NRT,1
-12.5703,132.9164,2026-07-30T04:38:00Z,4.47,N,n,D,VIIRS_SNPP_NRT,1
-12.5586,132.2407,2026-07-30T04:38:00Z,8.4,N,n,D,VIIRS_SNPP_NRT,1
-12.5579,132.2454,2026-07-30T04:38:00Z,8.4,N,n,D,VIIRS_SNPP_NRT,1
-12.5541,132.2449,2026-07-30T04:38:00Z,8.4,N,n,D,VIIRS_SNPP_NRT,1
-12.5422,133.9838,2026-07-30T04:38:00Z,3.18,N,n,D,VIIRS_SNPP_NRT,1
-12.5387,133.9833,2026-07-30T04:38:00Z,8.5,N,n,D,VIIRS_SNPP_NRT,1
-12.5382,133.9794,2026-07-30T04:38:00Z,6.48,N,n,D,VIIRS_SNPP_NRT,1
-12.5125,141.9741,2026-07-30T04:38:00Z,9.72,N,n,D,VIIRS_SNPP_NRT,1
-12.4998,132.7501,2026-07-30T04:38:00Z,4.59,N,n,D,VIIRS_SNPP_NRT,1
-12.5097,132.2576,2026-07-30T04:38:00Z,9.38,N,n,D,VIIRS_SNPP_NRT,1
-12.505,132.6709,2026-07-30T04:38:00Z,5.34,N,n,D,VIIRS_SNPP_NRT,1
-12.5048,132.7418,2026-07-30T04:38:00Z,6.28,N,n,D,VIIRS_SNPP_NRT,1
-12.5041,132.7462,2026-07-30T04:38:00Z,6.28,N,n,D,VIIRS_SNPP_NRT,1
-12.5029,132.7383,2026-07-30T04:38:00Z,5.97,N,n,D,VIIRS_SNPP_NRT,1
-12.5023,132.7428,2026-07-30T04:38:00Z,9.29,N,n,D,VIIRS_SNPP_NRT,1
-12.5021,132.2565,2026-07-30T04:38:00Z,5.38,N,n,D,VIIRS_SNPP_NRT,1
-12.5017,132.7368,2026-07-30T04:38:00Z,13.22,N,h,D,VIIRS_SNPP_NRT,1
-12.5017,132.7472,2026-07-30T04:38:00Z,9.29,N,n,D,VIIRS_SNPP_NRT,1
-12.5011,132.7413,2026-07-30T04:38:00Z,6.28,N,n,D,VIIRS_SNPP_NRT,1
-12.501,132.7516,2026-07-30T04:38:00Z,10.08,N,n,D,VIIRS_SNPP_NRT,1
-12.4999,132.7334,2026-07-30T04:38:00Z,5.97,N,n,D,VIIRS_SNPP_NRT,1
-11.6867,130.3569,2026-07-30T04:38:00Z,8.83,N,h,D,VIIRS_SNPP_NRT,1
-11.6862,130.3608,2026-07-30T04:38:00Z,8.52,N,n,D,VIIRS_SNPP_NRT,1
-11.6853,130.091,2026-07-30T04:38:00Z,28.06,N,n,D,VIIRS_SNPP_NRT,1
-11.3656,131.292,2026-07-30T04:38:00Z,8.13,N,n,D,VIIRS_SNPP_NRT,1
-11.3866,132.4061,2026-07-30T04:38:00Z,2.3,N,l,D,VIIRS_SNPP_NRT,1
-11.3829,132.4056,2026-07-30T04:38:00Z,4.73,N,n,D,VIIRS_SNPP_NRT,1
-11.3823,132.41,2026-07-30T04:38:00Z,4.73,N,n,D,VIIRS_SNPP_NRT,1
-11.3786,132.4094,2026-07-30T04:38:00Z,4.73,N,n,D,VIIRS_SNPP_NRT,1
-11.3749,132.4089,2026-07-30T04:38:00Z,3.99,N,n,D,VIIRS_SNPP_NRT,1
-11.3726,131.3861,2026-07-30T04:38:00Z,3.94,N,n,D,VIIRS_SNPP_NRT,1
-11.3719,131.3911,2026-07-30T04:38:00Z,3.94,N,n,D,VIIRS_SNPP_NRT,1
-11.3706,132.4128,2026-07-30T04:38:00Z,3.59,N,n,D,VIIRS_SNPP_NRT,1
-11.3687,131.3856,2026-07-30T04:38:00Z,3.94,N,n,D,VIIRS_SNPP_NRT,1
-11.3668,132.4122,2026-07-30T04:38:00Z,3.9,N,n,D,VIIRS_SNPP_NRT,1
-11.3663,131.2869,2026-07-30T04:38:00Z,4.63,N,n,D,VIIRS_SNPP_NRT,1
-11.3662,132.4167,2026-07-30T04:38:00Z,3.9,N,n,D,VIIRS_SNPP_NRT,1
-11.363,131.2812,2026-07-30T04:38:00Z,6.05,N,n,D,VIIRS_SNPP_NRT,1
-11.412,131.327,2026-07-30T04:38:00Z,7.58,N,n,D,VIIRS_SNPP_NRT,1
-11.3623,131.2863,2026-07-30T04:38:00Z,6.05,N,n,D,VIIRS_SNPP_NRT,1
-11.3598,131.2756,2026-07-30T04:38:00Z,4.0,N,n,D,VIIRS_SNPP_NRT,1
-11.3591,131.2806,2026-07-30T04:38:00Z,6.05,N,n,D,VIIRS_SNPP_NRT,1
-11.3558,131.275,2026-07-30T04:38:00Z,16.91,N,n,D,VIIRS_SNPP_NRT,1
-11.3526,131.2693,2026-07-30T04:38:00Z,16.91,N,n,D,VIIRS_SNPP_NRT,1
-11.3524,130.4532,2026-07-30T04:38:00Z,3.45,N,n,D,VIIRS_SNPP_NRT,1
-11.3493,131.2637,2026-07-30T04:38:00Z,157.19,N,n,D,VIIRS_SNPP_NRT,1
-11.3488,132.3701,2026-07-30T04:38:00Z,8.24,N,n,D,VIIRS_SNPP_NRT,1
-11.3486,131.2688,2026-07-30T04:38:00Z,45.37,N,n,D,VIIRS_SNPP_NRT,1
-11.3481,132.3745,2026-07-30T04:38:00Z,2.82,N,l,D,VIIRS_SNPP_NRT,1
-11.3414,131.2625,2026-07-30T04:38:00Z,121.69,N,n,D,VIIRS_SNPP_NRT,1
-11.3407,131.2676,2026-07-30T04:38:00Z,23.79,N,n,D,VIIRS_SNPP_NRT,1
-11.4095,131.3242,2026-07-30T04:38:00Z,6.79,N,n,D,VIIRS_SNPP_NRT,1
-11.4127,131.322,2026-07-30T04:38:00Z,5.56,N,n,D,VIIRS_SNPP_NRT,1
-11.3379,131.288,2026-07-30T04:38:00Z,15.08,N,n,D,VIIRS_SNPP_NRT,1
-11.4399,131.2998,2026-07-30T04:38:00Z,8.14,N,n,D,VIIRS_SNPP_NRT,1
-11.5148,130.2652,2026-07-30T04:38:00Z,2.56,N,n,D,VIIRS_SNPP_NRT,1
-11.5058,130.2681,2026-07-30T04:38:00Z,8.58,N,n,D,VIIRS_SNPP_NRT,1
-11.5014,132.7808,2026-07-30T04:38:00Z,4.25,N,n,D,VIIRS_SNPP_NRT,1
-11.4978,132.7802,2026-07-30T04:38:00Z,8.92,N,n,D,VIIRS_SNPP_NRT,1
-11.4948,132.7754,2026-07-30T04:38:00Z,8.92,N,n,D,VIIRS_SNPP_NRT,1
-11.4644,131.2979,2026-07-30T04:38:00Z,3.43,N,n,D,VIIRS_SNPP_NRT,1
-11.4597,131.3026,2026-07-30T04:38:00Z,6.13,N,n,D,VIIRS_SNPP_NRT,1
-11.4557,131.302,2026-07-30T04:38:00Z,6.13,N,n,D,VIIRS_SNPP_NRT,1
-11.4518,131.3014,2026-07-30T04:38:00Z,5.69,N,l,D,VIIRS_SNPP_NRT,1
-11.4451,130.836,2026-07-30T04:38:00Z,1.69,N,n,D,VIIRS_SNPP_NRT,1
-11.4439,131.3003,2026-07-30T04:38:00Z,8.14,N,n,D,VIIRS_SNPP_NRT,1
-11.4406,131.2946,2026-07-30T04:38:00Z,8.68,N,n,D,VIIRS_SNPP_NRT,1
-11.4369,131.3515,2026-07-30T04:38:00Z,6.85,N,n,D,VIIRS_SNPP_NRT,1
-11.4131,130.446,2026-07-30T04:38:00Z,5.23,N,l,D,VIIRS_SNPP_NRT,1
-11.4317,131.3299,2026-07-30T04:38:00Z,11.42,N,n,D,VIIRS_SNPP_NRT,1
-11.4312,130.4407,2026-07-30T04:38:00Z,2.88,N,n,D,VIIRS_SNPP_NRT,1
-11.4307,130.4445,2026-07-30T04:38:00Z,2.56,N,n,D,VIIRS_SNPP_NRT,1
-11.4271,131.3344,2026-07-30T04:38:00Z,11.42,N,n,D,VIIRS_SNPP_NRT,1
-11.427,130.4401,2026-07-30T04:38:00Z,5.25,N,n,D,VIIRS_SNPP_NRT,1
-11.4265,130.444,2026-07-30T04:38:00Z,4.21,N,n,D,VIIRS_SNPP_NRT,1
-11.426,130.4478,2026-07-30T04:38:00Z,4.21,N,n,D,VIIRS_SNPP_NRT,1
-11.4238,131.3288,2026-07-30T04:38:00Z,5.44,N,l,D,VIIRS_SNPP_NRT,1
-11.4232,131.3339,2026-07-30T04:38:00Z,5.44,N,n,D,VIIRS_SNPP_NRT,1
-11.4199,131.3282,2026-07-30T04:38:00Z,5.44,N,n,D,VIIRS_SNPP_NRT,1
-11.4159,131.3276,2026-07-30T04:38:00Z,7.58,N,n,D,VIIRS_SNPP_NRT,1
-11.4134,131.3248,2026-07-30T04:38:00Z,6.79,N,n,D,VIIRS_SNPP_NRT,1
-11.3381,131.2568,2026-07-30T04:38:00Z,121.69,N,l,D,VIIRS_SNPP_NRT,1
-11.3378,132.3136,2026-07-30T04:38:00Z,10.46,N,n,D,VIIRS_SNPP_NRT,1
-11.6853,130.8329,2026-07-30T04:38:00Z,7.68,N,n,D,VIIRS_SNPP_NRT,1
-9.4294,147.4497,2026-07-30T04:38:00Z,9.12,N,n,D,VIIRS_SNPP_NRT,1
-11.2365,132.5569,2026-07-30T04:38:00Z,4.61,N,n,D,VIIRS_SNPP_NRT,1
-11.2358,132.5556,2026-07-30T04:38:00Z,4.27,N,n,D,VIIRS_SNPP_NRT,1
-10.5962,142.2923,2026-07-30T04:38:00Z,6.65,N,n,D,VIIRS_SNPP_NRT,1
-10.5954,142.2966,2026-07-30T04:38:00Z,4.72,N,n,D,VIIRS_SNPP_NRT,1
-10.1417,150.0658,2026-07-30T04:38:00Z,7.36,N,n,D,VIIRS_SNPP_NRT,1
-10.1407,150.065,2026-07-30T04:38:00Z,7.11,N,n,D,VIIRS_SNPP_NRT,1
-9.8321,147.5804,2026-07-30T04:38:00Z,8.79,N,n,D,VIIRS_SNPP_NRT,1
-9.6305,148.6389,2026-07-30T04:38:00Z,4.57,N,n,D,VIIRS_SNPP_NRT,1
-9.5456,147.3338,2026-07-30T04:38:00Z,5.01,N,n,D,VIIRS_SNPP_NRT,1
-9.5319,148.5609,2026-07-30T04:38:00Z,10.96,N,n,D,VIIRS_SNPP_NRT,1
-9.505,148.5554,2026-07-30T04:38:00Z,5.08,N,n,D,VIIRS_SNPP_NRT,1
-9.503,148.5575,2026-07-30T04:38:00Z,4.81,N,n,D,VIIRS_SNPP_NRT,1
-9.423,147.4485,2026-07-30T04:38:00Z,13.23,N,h,D,VIIRS_SNPP_NRT,1
-11.2738,130.4591,2026-07-30T04:38:00Z,4.03,N,n,D,VIIRS_SNPP_NRT,1
-9.2819,147.0706,2026-07-30T04:38:00Z,2.74,N,n,D,VIIRS_SNPP_NRT,1
-9.2763,147.0998,2026-07-30T04:38:00Z,5.76,N,n,D,VIIRS_SNPP_NRT,1
-9.2056,147.2643,2026-07-30T04:38:00Z,6.45,N,n,D,VIIRS_SNPP_NRT,1
-9.2047,147.2692,2026-07-30T04:38:00Z,6.45,N,n,D,VIIRS_SNPP_NRT,1
-9.0269,147.0495,2026-07-30T04:38:00Z,3.02,N,n,D,VIIRS_SNPP_NRT,1
-9.023,147.0474,2026-07-30T04:38:00Z,3.66,N,n,D,VIIRS_SNPP_NRT,1
-8.8915,146.5722,2026-07-30T04:38:00Z,4.35,N,n,D,VIIRS_SNPP_NRT,1
-8.7425,147.2978,2026-07-30T04:38:00Z,8.09,N,n,D,VIIRS_SNPP_NRT,1
-8.6227,146.5637,2026-07-30T04:38:00Z,3.91,N,n,D,VIIRS_SNPP_NRT,1
-8.5607,147.2802,2026-07-30T04:38:00Z,6.02,N,n,D,VIIRS_SNPP_NRT,1
-8.5587,147.2794,2026-07-30T04:38:00Z,3.33,N,n,D,VIIRS_SNPP_NRT,1
-8.5146,147.3391,2026-07-30T04:38:00Z,9.26,N,n,D,VIIRS_SNPP_NRT,1
-11.2707,130.4509,2026-07-30T04:38:00Z,6.17,N,n,D,VIIRS_SNPP_NRT,1
-11.2743,130.4553,2026-07-30T04:38:00Z,4.03,N,n,D,VIIRS_SNPP_NRT,1
-11.3374,131.262,2026-07-30T04:38:00Z,121.69,N,h,D,VIIRS_SNPP_NRT,1
-11.3301,132.3944,2026-07-30T04:38:00Z,5.0,N,n,D,VIIRS_SNPP_NRT,1
-11.3372,132.3182,2026-07-30T04:38:00Z,8.49,N,n,D,VIIRS_SNPP_NRT,1
-11.3367,131.2671,2026-07-30T04:38:00Z,23.79,N,n,D,VIIRS_SNPP_NRT,1
-11.3346,131.2824,2026-07-30T04:38:00Z,10.98,N,l,D,VIIRS_SNPP_NRT,1
-11.3341,132.3131,2026-07-30T04:38:00Z,2.17,N,n,D,VIIRS_SNPP_NRT,1
-11.3339,131.2874,2026-07-30T04:38:00Z,15.08,N,n,D,VIIRS_SNPP_NRT,1
-11.3335,132.3176,2026-07-30T04:38:00Z,8.87,N,n,D,VIIRS_SNPP_NRT,1
-11.3334,131.2614,2026-07-30T04:38:00Z,57.25,N,n,D,VIIRS_SNPP_NRT,1
-11.3332,132.3994,2026-07-30T04:38:00Z,16.8,N,n,D,VIIRS_SNPP_NRT,1
-11.3327,131.2665,2026-07-30T04:38:00Z,12.92,N,n,D,VIIRS_SNPP_NRT,1
-11.3326,132.4038,2026-07-30T04:38:00Z,16.8,N,n,D,VIIRS_SNPP_NRT,1
-11.3315,130.4504,2026-07-30T04:38:00Z,2.7,N,n,D,VIIRS_SNPP_NRT,1
-11.3306,131.2818,2026-07-30T04:38:00Z,7.57,N,n,D,VIIRS_SNPP_NRT,1
-11.3295,132.3989,2026-07-30T04:38:00Z,9.52,N,n,D,VIIRS_SNPP_NRT,1
-11.2754,130.4477,2026-07-30T04:38:00Z,6.26,N,n,D,VIIRS_SNPP_NRT,1
-11.3295,131.2608,2026-07-30T04:38:00Z,57.25,N,n,D,VIIRS_SNPP_NRT,1
-11.3289,132.4033,2026-07-30T04:38:00Z,9.52,N,n,D,VIIRS_SNPP_NRT,1
-11.3288,131.266,2026-07-30T04:38:00Z,12.92,N,n,D,VIIRS_SNPP_NRT,1
-11.3284,130.4421,2026-07-30T04:38:00Z,6.89,N,n,D,VIIRS_SNPP_NRT,1
-11.3279,130.4459,2026-07-30T04:38:00Z,5.27,N,n,D,VIIRS_SNPP_NRT,1
-11.3267,131.2812,2026-07-30T04:38:00Z,7.57,N,n,D,VIIRS_SNPP_NRT,1
-11.3241,131.2705,2026-07-30T04:38:00Z,16.38,N,n,D,VIIRS_SNPP_NRT,1
-11.3234,131.2756,2026-07-30T04:38:00Z,12.95,N,n,D,VIIRS_SNPP_NRT,1
-11.3201,131.2699,2026-07-30T04:38:00Z,16.38,N,n,D,VIIRS_SNPP_NRT,1
-11.3119,130.4605,2026-07-30T04:38:00Z,5.07,N,n,D,VIIRS_SNPP_NRT,1
-11.2832,130.4527,2026-07-30T04:38:00Z,5.51,N,n,D,VIIRS_SNPP_NRT,1
-11.2769,130.4672,2026-07-30T04:38:00Z,3.9,N,n,D,VIIRS_SNPP_NRT,1
-11.525,130.2543,2026-07-30T04:38:00Z,3.73,N,n,D,VIIRS_SNPP_NRT,1
-11.5296,130.7916,2026-07-30T04:38:00Z,4.62,N,n,D,VIIRS_SNPP_NRT,1
-11.5332,130.7958,2026-07-30T04:38:00Z,3.0,N,n,D,VIIRS_SNPP_NRT,1
-11.6555,131.0458,2026-07-30T04:38:00Z,9.2,N,n,D,VIIRS_SNPP_NRT,1
-11.6669,131.058,2026-07-30T04:38:00Z,14.38,N,n,D,VIIRS_SNPP_NRT,1
-11.6667,130.7551,2026-07-30T04:38:00Z,7.54,N,n,D,VIIRS_SNPP_NRT,1
-11.6633,131.0539,2026-07-30T04:38:00Z,13.9,N,h,D,VIIRS_SNPP_NRT,1
-11.6628,130.309,2026-07-30T04:38:00Z,12.06,N,n,D,VIIRS_SNPP_NRT,1
-11.6597,131.0497,2026-07-30T04:38:00Z,22.06,N,n,D,VIIRS_SNPP_NRT,1
-11.6593,131.0533,2026-07-30T04:38:00Z,22.06,N,n,D,VIIRS_SNPP_NRT,1
-11.659,131.05,2026-07-30T04:38:00Z,25.4,N,n,D,VIIRS_SNPP_NRT,1
-11.6586,130.3084,2026-07-30T04:38:00Z,9.22,N,n,D,VIIRS_SNPP_NRT,1
-11.6586,131.0535,2026-07-30T04:38:00Z,25.4,N,n,D,VIIRS_SNPP_NRT,1
-11.6562,131.0456,2026-07-30T04:38:00Z,8.33,N,n,D,VIIRS_SNPP_NRT,1
-11.656,131.0423,2026-07-30T04:38:00Z,9.2,N,n,D,VIIRS_SNPP_NRT,1
-11.6557,131.0491,2026-07-30T04:38:00Z,22.06,N,n,D,VIIRS_SNPP_NRT,1
-11.6552,131.0527,2026-07-30T04:38:00Z,22.06,N,n,D,VIIRS_SNPP_NRT,1
-11.6673,131.0545,2026-07-30T04:38:00Z,13.9,N,n,D,VIIRS_SNPP_NRT,1
-11.655,131.0494,2026-07-30T04:38:00Z,25.4,N,n,D,VIIRS_SNPP_NRT,1
-11.6525,131.0382,2026-07-30T04:38:00Z,5.21,N,n,D,VIIRS_SNPP_NRT,1
-11.652,131.0417,2026-07-30T04:38:00Z,8.76,N,n,D,VIIRS_SNPP_NRT,1
-11.6479,131.0412,2026-07-30T04:38:00Z,8.76,N,h,D,VIIRS_SNPP_NRT,1
-11.6449,131.0335,2026-07-30T04:38:00Z,8.52,N,n,D,VIIRS_SNPP_NRT,1
-11.6444,131.0371,2026-07-30T04:38:00Z,8.52,N,h,D,VIIRS_SNPP_NRT,1
-11.6418,131.0258,2026-07-30T04:38:00Z,8.5,N,h,D,VIIRS_SNPP_NRT,1
-11.6413,131.0294,2026-07-30T04:38:00Z,8.5,N,n,D,VIIRS_SNPP_NRT,1
-11.6408,131.0329,2026-07-30T04:38:00Z,8.52,N,h,D,VIIRS_SNPP_NRT,1
-11.6378,131.0252,2026-07-30T04:38:00Z,15.7,N,n,D,VIIRS_SNPP_NRT,1
-11.6373,131.0288,2026-07-30T04:38:00Z,15.7,N,n,D,VIIRS_SNPP_NRT,1
-11.6353,130.5821,2026-07-30T04:38:00Z,10.74,N,n,D,VIIRS_SNPP_NRT,1
-11.6672,130.7514,2026-07-30T04:38:00Z,14.5,N,n,D,VIIRS_SNPP_NRT,1
-11.6703,130.3182,2026-07-30T04:38:00Z,2.93,N,n,D,VIIRS_SNPP_NRT,1
-11.5373,130.7964,2026-07-30T04:38:00Z,3.0,N,n,D,VIIRS_SNPP_NRT,1
-11.6791,130.7569,2026-07-30T04:38:00Z,8.67,N,n,D,VIIRS_SNPP_NRT,1
-11.6844,130.8322,2026-07-30T04:38:00Z,4.19,N,n,D,VIIRS_SNPP_NRT,1
-11.684,130.8359,2026-07-30T04:38:00Z,4.19,N,n,D,VIIRS_SNPP_NRT,1
-11.6835,131.0568,2026-07-30T04:38:00Z,2.66,N,n,D,VIIRS_SNPP_NRT,1
-11.6833,130.0861,2026-07-30T04:38:00Z,13.42,N,n,D,VIIRS_SNPP_NRT,1
-11.683,130.3523,2026-07-30T04:38:00Z,8.83,N,n,D,VIIRS_SNPP_NRT,1
-11.6828,130.0902,2026-07-30T04:38:00Z,25.0,N,h,D,VIIRS_SNPP_NRT,1
-11.6825,130.3562,2026-07-30T04:38:00Z,8.83,N,n,D,VIIRS_SNPP_NRT,1
-11.6816,130.0863,2026-07-30T04:38:00Z,40.69,N,n,D,VIIRS_SNPP_NRT,1
-11.681,130.0904,2026-07-30T04:38:00Z,28.06,N,n,D,VIIRS_SNPP_NRT,1
-11.6801,130.7495,2026-07-30T04:38:00Z,5.68,N,n,D,VIIRS_SNPP_NRT,1
-11.6796,130.7532,2026-07-30T04:38:00Z,5.68,N,n,D,VIIRS_SNPP_NRT,1
-11.6794,131.0562,2026-07-30T04:38:00Z,2.66,N,n,D,VIIRS_SNPP_NRT,1
-11.679,130.0855,2026-07-30T04:38:00Z,10.82,N,n,D,VIIRS_SNPP_NRT,1
-11.6703,130.7594,2026-07-30T04:38:00Z,8.38,N,h,D,VIIRS_SNPP_NRT,1
-11.6788,130.3517,2026-07-30T04:38:00Z,12.93,N,n,D,VIIRS_SNPP_NRT,1
-11.6784,130.0896,2026-07-30T04:38:00Z,8.43,N,n,D,VIIRS_SNPP_NRT,1
-11.6773,131.0414,2026-07-30T04:38:00Z,1.12,N,n,D,VIIRS_SNPP_NRT,1
-11.676,130.7489,2026-07-30T04:38:00Z,6.09,N,n,D,VIIRS_SNPP_NRT,1
-11.6755,130.7526,2026-07-30T04:38:00Z,6.09,N,n,D,VIIRS_SNPP_NRT,1
-11.6751,130.3471,2026-07-30T04:38:00Z,7.6,N,n,D,VIIRS_SNPP_NRT,1
-11.675,130.7563,2026-07-30T04:38:00Z,8.38,N,n,D,VIIRS_SNPP_NRT,1
-11.6749,131.0592,2026-07-30T04:38:00Z,9.12,N,n,D,VIIRS_SNPP_NRT,1
-11.6744,130.76,2026-07-30T04:38:00Z,8.38,N,n,D,VIIRS_SNPP_NRT,1
-11.6714,130.752,2026-07-30T04:38:00Z,6.09,N,h,D,VIIRS_SNPP_NRT,1
-11.6709,131.0586,2026-07-30T04:38:00Z,9.12,N,h,D,VIIRS_SNPP_NRT,1
-11.6708,130.7556,2026-07-30T04:38:00Z,8.38,N,n,D,VIIRS_SNPP_NRT,1
-11.6348,130.5859,2026-07-30T04:38:00Z,10.74,N,n,D,VIIRS_SNPP_NRT,1
-11.6338,130.5934,2026-07-30T04:38:00Z,3.57,N,n,D,VIIRS_SNPP_NRT,1
-11.6309,131.3258,2026-07-30T04:38:00Z,7.91,N,n,D,VIIRS_SNPP_NRT,1
-11.6018,131.1076,2026-07-30T04:38:00Z,8.21,N,n,D,VIIRS_SNPP_NRT,1
-11.6138,130.4537,2026-07-30T04:38:00Z,3.64,N,n,D,VIIRS_SNPP_NRT,1
-11.6134,132.882,2026-07-30T04:38:00Z,5.23,N,n,D,VIIRS_SNPP_NRT,1
-11.6128,132.8828,2026-07-30T04:38:00Z,5.02,N,n,D,VIIRS_SNPP_NRT,1
-11.612,131.0929,2026-07-30T04:38:00Z,8.67,N,n,D,VIIRS_SNPP_NRT,1
-11.6109,130.889,2026-07-30T04:38:00Z,13.37,N,n,D,VIIRS_SNPP_NRT,1
-11.6102,130.8632,2026-07-30T04:38:00Z,5.18,N,n,D,VIIRS_SNPP_NRT,1
-11.6096,130.4532,2026-07-30T04:38:00Z,6.51,N,n,D,VIIRS_SNPP_NRT,1
-11.608,131.0924,2026-07-30T04:38:00Z,8.67,N,n,D,VIIRS_SNPP_NRT,1
-11.6069,130.7954,2026-07-30T04:38:00Z,4.43,N,n,D,VIIRS_SNPP_NRT,1
-11.6054,130.4526,2026-07-30T04:38:00Z,6.51,N,n,D,VIIRS_SNPP_NRT,1
-11.6032,130.7911,2026-07-30T04:38:00Z,2.59,N,n,D,VIIRS_SNPP_NRT,1
-11.6028,130.7948,2026-07-30T04:38:00Z,2.59,N,n,D,VIIRS_SNPP_NRT,1
-11.5978,131.107,2026-07-30T04:38:00Z,8.21,N,n,D,VIIRS_SNPP_NRT,1
-11.6302,131.3309,2026-07-30T04:38:00Z,5.37,N,n,D,VIIRS_SNPP_NRT,1
-11.597,131.1123,2026-07-30T04:38:00Z,8.21,N,n,D,VIIRS_SNPP_NRT,1
-11.5951,131.3034,2026-07-30T04:38:00Z,3.43,N,l,D,VIIRS_SNPP_NRT,1
-11.593,131.1117,2026-07-30T04:38:00Z,10.23,N,n,D,VIIRS_SNPP_NRT,1
-11.589,131.1111,2026-07-30T04:38:00Z,10.23,N,n,D,VIIRS_SNPP_NRT,1
-11.5885,130.7585,2026-07-30T04:38:00Z,3.77,N,n,D,VIIRS_SNPP_NRT,1
-11.5866,130.7586,2026-07-30T04:38:00Z,4.57,N,n,D,VIIRS_SNPP_NRT,1
-11.5862,130.7623,2026-07-30T04:38:00Z,4.57,N,n,D,VIIRS_SNPP_NRT,1
-11.5839,130.7616,2026-07-30T04:38:00Z,8.46,N,n,D,VIIRS_SNPP_NRT,1
-11.5516,130.7533,2026-07-30T04:38:00Z,6.84,N,n,D,VIIRS_SNPP_NRT,1
-11.551,130.757,2026-07-30T04:38:00Z,6.84,N,n,D,VIIRS_SNPP_NRT,1
-11.5474,130.7527,2026-07-30T04:38:00Z,6.84,N,n,D,VIIRS_SNPP_NRT,1
-11.547,130.7564,2026-07-30T04:38:00Z,6.84,N,n,D,VIIRS_SNPP_NRT,1
-11.6145,130.8932,2026-07-30T04:38:00Z,13.37,N,l,D,VIIRS_SNPP_NRT,1
-11.6148,131.0727,2026-07-30T04:38:00Z,8.11,N,n,D,VIIRS_SNPP_NRT,1
-11.6149,130.7664,2026-07-30T04:38:00Z,6.47,N,n,D,VIIRS_SNPP_NRT,1
-11.6154,130.7628,2026-07-30T04:38:00Z,6.47,N,n,D,VIIRS_SNPP_NRT,1
-11.6276,130.6081,2026-07-30T04:38:00Z,9.09,N,n,D,VIIRS_SNPP_NRT,1
-11.6262,130.7756,2026-07-30T04:38:00Z,2.56,N,n,D,VIIRS_SNPP_NRT,1
-11.6257,130.7793,2026-07-30T04:38:00Z,9.54,N,n,D,VIIRS_SNPP_NRT,1
-11.6254,131.3181,2026-07-30T04:38:00Z,6.87,N,l,D,VIIRS_SNPP_NRT,1
-11.6244,131.3144,2026-07-30T04:38:00Z,14.25,N,n,D,VIIRS_SNPP_NRT,1
-11.6241,130.7603,2026-07-30T04:38:00Z,37.47,N,h,D,VIIRS_SNPP_NRT,1
-11.6237,131.3196,2026-07-30T04:38:00Z,11.62,N,n,D,VIIRS_SNPP_NRT,1
-11.6236,130.764,2026-07-30T04:38:00Z,12.64,N,n,D,VIIRS_SNPP_NRT,1
-11.6231,130.7676,2026-07-30T04:38:00Z,12.64,N,n,D,VIIRS_SNPP_NRT,1
-11.6221,131.3124,2026-07-30T04:38:00Z,15.47,N,n,D,VIIRS_SNPP_NRT,1
-11.6214,131.3175,2026-07-30T04:38:00Z,15.47,N,n,D,VIIRS_SNPP_NRT,1
-11.6205,130.756,2026-07-30T04:38:00Z,37.47,N,n,D,VIIRS_SNPP_NRT,1
-11.6204,131.3139,2026-07-30T04:38:00Z,14.25,N,n,D,VIIRS_SNPP_NRT,1
-11.62,130.7597,2026-07-30T04:38:00Z,37.47,N,n,D,VIIRS_SNPP_NRT,1
-11.6197,131.319,2026-07-30T04:38:00Z,11.62,N,n,D,VIIRS_SNPP_NRT,1
-11.6195,130.7634,2026-07-30T04:38:00Z,12.64,N,n,D,VIIRS_SNPP_NRT,1
-11.619,130.767,2026-07-30T04:38:00Z,12.64,N,n,D,VIIRS_SNPP_NRT,1
-11.6178,131.0804,2026-07-30T04:38:00Z,11.42,N,h,D,VIIRS_SNPP_NRT,1
-11.6174,131.3169,2026-07-30T04:38:00Z,15.47,N,l,D,VIIRS_SNPP_NRT,1
-11.617,132.8792,2026-07-30T04:38:00Z,4.82,N,n,D,VIIRS_SNPP_NRT,1
-11.617,132.8825,2026-07-30T04:38:00Z,5.23,N,n,D,VIIRS_SNPP_NRT,1
-11.6164,130.7554,2026-07-30T04:38:00Z,22.09,N,n,D,VIIRS_SNPP_NRT,1
-11.6164,132.8834,2026-07-30T04:38:00Z,4.82,N,n,D,VIIRS_SNPP_NRT,1
-11.616,131.0935,2026-07-30T04:38:00Z,4.16,N,n,D,VIIRS_SNPP_NRT,1
-11.6159,130.7591,2026-07-30T04:38:00Z,22.09,N,h,D,VIIRS_SNPP_NRT,1
-12.845,131.5275,2026-07-30T04:38:00Z,6.62,N,n,D,VIIRS_SNPP_NRT,1
-12.8457,131.5223,2026-07-30T04:38:00Z,6.62,N,n,D,VIIRS_SNPP_NRT,1
-12.8464,131.5172,2026-07-30T04:38:00Z,24.77,N,h,D,VIIRS_SNPP_NRT,1
-14.3231,141.7605,2026-07-30T04:38:00Z,10.59,N,n,D,VIIRS_SNPP_NRT,1
-14.3392,135.5288,2026-07-30T04:38:00Z,3.9,N,n,D,VIIRS_SNPP_NRT,1
-14.3391,135.3898,2026-07-30T04:38:00Z,6.61,N,n,D,VIIRS_SNPP_NRT,1
-14.3386,135.5325,2026-07-30T04:38:00Z,2.28,N,n,D,VIIRS_SNPP_NRT,1
-14.3377,127.5037,2026-07-30T04:38:00Z,3.49,N,n,D,VIIRS_SNPP_NRT,1
-14.3353,135.532,2026-07-30T04:38:00Z,2.28,N,n,D,VIIRS_SNPP_NRT,1
-14.329,135.4108,2026-07-30T04:38:00Z,2.75,N,n,D,VIIRS_SNPP_NRT,1
-14.3271,141.7613,2026-07-30T04:38:00Z,10.59,N,n,D,VIIRS_SNPP_NRT,1
-14.3271,141.7647,2026-07-30T04:38:00Z,12.66,N,n,D,VIIRS_SNPP_NRT,1
-14.3265,141.7648,2026-07-30T04:38:00Z,10.59,N,n,D,VIIRS_SNPP_NRT,1
-14.3265,141.7683,2026-07-30T04:38:00Z,9.64,N,n,D,VIIRS_SNPP_NRT,1
-14.3259,141.7684,2026-07-30T04:38:00Z,7.82,N,n,D,VIIRS_SNPP_NRT,1
-14.3238,141.7604,2026-07-30T04:38:00Z,12.66,N,n,D,VIIRS_SNPP_NRT,1
-14.3231,141.764,2026-07-30T04:38:00Z,12.66,N,n,D,VIIRS_SNPP_NRT,1
-14.3409,127.5024,2026-07-30T04:38:00Z,3.08,N,n,D,VIIRS_SNPP_NRT,1
-14.3225,141.7641,2026-07-30T04:38:00Z,10.59,N,n,D,VIIRS_SNPP_NRT,1
-14.3225,141.7676,2026-07-30T04:38:00Z,9.64,N,n,D,VIIRS_SNPP_NRT,1
-14.3219,141.7677,2026-07-30T04:38:00Z,7.82,N,n,D,VIIRS_SNPP_NRT,1
-14.319,135.4318,2026-07-30T04:38:00Z,10.7,N,n,D,VIIRS_SNPP_NRT,1
-14.3178,135.533,2026-07-30T04:38:00Z,5.27,N,n,D,VIIRS_SNPP_NRT,1
-14.3156,135.4313,2026-07-30T04:38:00Z,10.7,N,n,D,VIIRS_SNPP_NRT,1
-14.315,135.5288,2026-07-30T04:38:00Z,5.27,N,n,D,VIIRS_SNPP_NRT,1
-14.3123,141.7511,2026-07-30T04:38:00Z,2.96,N,n,D,VIIRS_SNPP_NRT,1
-14.306,135.5199,2026-07-30T04:38:00Z,17.06,N,n,D,VIIRS_SNPP_NRT,1
-14.3054,135.5236,2026-07-30T04:38:00Z,17.06,N,n,D,VIIRS_SNPP_NRT,1
-14.3051,129.6675,2026-07-30T04:38:00Z,4.42,N,n,D,VIIRS_SNPP_NRT,1
-14.3049,135.5273,2026-07-30T04:38:00Z,6.11,N,n,D,VIIRS_SNPP_NRT,1
-14.3405,127.5056,2026-07-30T04:38:00Z,3.08,N,n,D,VIIRS_SNPP_NRT,1
-14.3419,135.394,2026-07-30T04:38:00Z,2.16,N,n,D,VIIRS_SNPP_NRT,1
-14.3021,135.5231,2026-07-30T04:38:00Z,17.06,N,h,D,VIIRS_SNPP_NRT,1
-14.3807,141.8377,2026-07-30T04:38:00Z,6.22,N,h,D,VIIRS_SNPP_NRT,1
-14.4094,127.3769,2026-07-30T04:38:00Z,13.4,N,h,D,VIIRS_SNPP_NRT,1
-14.409,127.3804,2026-07-30T04:38:00Z,10.88,N,n,D,VIIRS_SNPP_NRT,1
-14.4079,141.7536,2026-07-30T04:38:00Z,8.33,N,n,D,VIIRS_SNPP_NRT,1
-14.4073,141.7572,2026-07-30T04:38:00Z,8.33,N,n,D,VIIRS_SNPP_NRT,1
-14.4039,141.7529,2026-07-30T04:38:00Z,11.47,N,n,D,VIIRS_SNPP_NRT,1
-14.3975,127.3859,2026-07-30T04:38:00Z,4.29,N,n,D,VIIRS_SNPP_NRT,1
-14.3971,127.3894,2026-07-30T04:38:00Z,4.29,N,n,D,VIIRS_SNPP_NRT,1
-14.3967,127.3927,2026-07-30T04:38:00Z,3.9,N,n,D,VIIRS_SNPP_NRT,1
-14.3963,127.3961,2026-07-30T04:38:00Z,3.9,N,n,D,VIIRS_SNPP_NRT,1
-14.3936,141.788,2026-07-30T04:38:00Z,3.13,N,n,D,VIIRS_SNPP_NRT,1
-14.3934,141.7657,2026-07-30T04:38:00Z,4.02,N,n,D,VIIRS_SNPP_NRT,1
-14.3922,135.2883,2026-07-30T04:38:00Z,5.0,N,n,D,VIIRS_SNPP_NRT,1
-14.3801,141.8413,2026-07-30T04:38:00Z,6.22,N,n,D,VIIRS_SNPP_NRT,1
-14.3426,135.5294,2026-07-30T04:38:00Z,3.89,N,n,D,VIIRS_SNPP_NRT,1
-14.3756,129.4382,2026-07-30T04:38:00Z,15.07,N,n,D,VIIRS_SNPP_NRT,1
-14.375,129.4432,2026-07-30T04:38:00Z,15.07,N,h,D,VIIRS_SNPP_NRT,1
-14.3719,134.4493,2026-07-30T04:38:00Z,5.81,N,n,D,VIIRS_SNPP_NRT,1
-14.3713,134.4532,2026-07-30T04:38:00Z,5.81,N,n,D,VIIRS_SNPP_NRT,1
-14.3704,129.4426,2026-07-30T04:38:00Z,9.31,N,n,D,VIIRS_SNPP_NRT,1
-14.3609,135.3592,2026-07-30T04:38:00Z,4.45,N,n,D,VIIRS_SNPP_NRT,1
-14.3524,127.5159,2026-07-30T04:38:00Z,2.06,N,l,D,VIIRS_SNPP_NRT,1
-14.352,127.5191,2026-07-30T04:38:00Z,2.06,N,n,D,VIIRS_SNPP_NRT,1
-14.35,127.517,2026-07-30T04:38:00Z,3.13,N,n,D,VIIRS_SNPP_NRT,1
-14.3496,127.5202,2026-07-30T04:38:00Z,3.13,N,n,D,VIIRS_SNPP_NRT,1
-14.3496,135.1294,2026-07-30T04:38:00Z,2.82,N,n,D,VIIRS_SNPP_NRT,1
-14.3429,127.5046,2026-07-30T04:38:00Z,2.25,N,n,D,VIIRS_SNPP_NRT,1
-14.3046,129.6723,2026-07-30T04:38:00Z,4.42,N,n,D,VIIRS_SNPP_NRT,1
-14.3015,135.5268,2026-07-30T04:38:00Z,6.11,N,n,D,VIIRS_SNPP_NRT,1
-14.1569,134.9231,2026-07-30T04:38:00Z,5.17,N,n,D,VIIRS_SNPP_NRT,1
-14.2065,135.508,2026-07-30T04:38:00Z,8.34,N,n,D,VIIRS_SNPP_NRT,1
-14.2582,135.5163,2026-07-30T04:38:00Z,7.53,N,n,D,VIIRS_SNPP_NRT,1
-14.2575,129.4951,2026-07-30T04:38:00Z,4.08,N,n,D,VIIRS_SNPP_NRT,1
-14.2533,129.4141,2026-07-30T04:38:00Z,11.3,N,n,D,VIIRS_SNPP_NRT,1
-14.251,129.5091,2026-07-30T04:38:00Z,3.83,N,n,D,VIIRS_SNPP_NRT,1
-14.2503,135.5148,2026-07-30T04:38:00Z,2.94,N,n,D,VIIRS_SNPP_NRT,1
-14.247,135.5143,2026-07-30T04:38:00Z,2.65,N,n,D,VIIRS_SNPP_NRT,1
-14.2436,135.5137,2026-07-30T04:38:00Z,2.65,N,n,D,VIIRS_SNPP_NRT,1
-14.2402,135.5132,2026-07-30T04:38:00Z,3.5,N,n,D,VIIRS_SNPP_NRT,1
-14.2167,141.868,2026-07-30T04:38:00Z,3.18,N,n,D,VIIRS_SNPP_NRT,1
-14.2166,135.5096,2026-07-30T04:38:00Z,2.53,N,n,D,VIIRS_SNPP_NRT,1
-14.2132,135.509,2026-07-30T04:38:00Z,21.09,N,n,D,VIIRS_SNPP_NRT,1
-14.2093,135.5122,2026-07-30T04:38:00Z,4.93,N,n,D,VIIRS_SNPP_NRT,1
-14.2031,135.5075,2026-07-30T04:38:00Z,8.34,N,n,D,VIIRS_SNPP_NRT,1
-14.2621,135.5131,2026-07-30T04:38:00Z,5.69,N,n,D,VIIRS_SNPP_NRT,1
-14.2006,141.7966,2026-07-30T04:38:00Z,4.86,N,n,D,VIIRS_SNPP_NRT,1
-14.192,130.0911,2026-07-30T04:38:00Z,22.31,N,n,D,VIIRS_SNPP_NRT,1
-14.1914,130.0956,2026-07-30T04:38:00Z,17.93,N,n,D,VIIRS_SNPP_NRT,1
-14.1911,134.9284,2026-07-30T04:38:00Z,13.79,N,n,D,VIIRS_SNPP_NRT,1
-14.1908,130.1001,2026-07-30T04:38:00Z,17.93,N,n,D,VIIRS_SNPP_NRT,1
-14.1877,134.9279,2026-07-30T04:38:00Z,13.79,N,n,D,VIIRS_SNPP_NRT,1
-14.1875,130.0905,2026-07-30T04:38:00Z,22.31,N,l,D,VIIRS_SNPP_NRT,1
-14.187,130.095,2026-07-30T04:38:00Z,17.93,N,n,D,VIIRS_SNPP_NRT,1
-14.1864,130.0995,2026-07-30T04:38:00Z,17.93,N,n,D,VIIRS_SNPP_NRT,1
-14.1858,130.104,2026-07-30T04:38:00Z,7.59,N,n,D,VIIRS_SNPP_NRT,1
-14.1842,134.9274,2026-07-30T04:38:00Z,7.41,N,n,D,VIIRS_SNPP_NRT,1
-14.1808,134.9269,2026-07-30T04:38:00Z,7.41,N,n,D,VIIRS_SNPP_NRT,1
-14.2616,135.5168,2026-07-30T04:38:00Z,5.69,N,n,D,VIIRS_SNPP_NRT,1
-14.2627,129.7884,2026-07-30T04:38:00Z,34.4,N,n,D,VIIRS_SNPP_NRT,1
-14.3013,129.6687,2026-07-30T04:38:00Z,8.36,N,h,D,VIIRS_SNPP_NRT,1
-14.2842,141.8166,2026-07-30T04:38:00Z,8.9,N,n,D,VIIRS_SNPP_NRT,1
-14.3007,129.6735,2026-07-30T04:38:00Z,8.36,N,n,D,VIIRS_SNPP_NRT,1
-14.3005,129.6669,2026-07-30T04:38:00Z,4.42,N,n,D,VIIRS_SNPP_NRT,1
-14.3002,141.7489,2026-07-30T04:38:00Z,2.55,N,n,D,VIIRS_SNPP_NRT,1
-14.3,129.6717,2026-07-30T04:38:00Z,4.42,N,n,D,VIIRS_SNPP_NRT,1
-14.2947,141.7331,2026-07-30T04:38:00Z,8.03,N,n,D,VIIRS_SNPP_NRT,1
-14.294,129.653,2026-07-30T04:38:00Z,4.51,N,n,D,VIIRS_SNPP_NRT,1
-14.2934,129.6578,2026-07-30T04:38:00Z,9.38,N,n,D,VIIRS_SNPP_NRT,1
-14.2925,129.656,2026-07-30T04:38:00Z,6.34,N,n,D,VIIRS_SNPP_NRT,1
-14.2919,129.6608,2026-07-30T04:38:00Z,6.34,N,n,D,VIIRS_SNPP_NRT,1
-14.2886,141.7209,2026-07-30T04:38:00Z,5.15,N,n,D,VIIRS_SNPP_NRT,1
-14.2863,129.5288,2026-07-30T04:38:00Z,4.53,N,n,D,VIIRS_SNPP_NRT,1
-14.2858,141.7131,2026-07-30T04:38:00Z,3.97,N,n,D,VIIRS_SNPP_NRT,1
-14.2817,129.5282,2026-07-30T04:38:00Z,12.6,N,n,D,VIIRS_SNPP_NRT,1
-14.2633,129.7836,2026-07-30T04:38:00Z,19.42,N,n,D,VIIRS_SNPP_NRT,1
-14.2808,141.8123,2026-07-30T04:38:00Z,8.9,N,h,D,VIIRS_SNPP_NRT,1
-14.2802,141.8159,2026-07-30T04:38:00Z,8.9,N,n,D,VIIRS_SNPP_NRT,1
-14.2801,135.5084,2026-07-30T04:38:00Z,3.52,N,n,D,VIIRS_SNPP_NRT,1
-14.2796,129.656,2026-07-30T04:38:00Z,4.01,N,n,D,VIIRS_SNPP_NRT,1
-14.2786,141.8492,2026-07-30T04:38:00Z,4.13,N,n,D,VIIRS_SNPP_NRT,1
-14.2762,135.5116,2026-07-30T04:38:00Z,3.52,N,n,D,VIIRS_SNPP_NRT,1
-14.2714,129.497,2026-07-30T04:38:00Z,34.56,N,n,D,VIIRS_SNPP_NRT,1
-14.2708,129.5019,2026-07-30T04:38:00Z,34.56,N,n,D,VIIRS_SNPP_NRT,1
-14.2702,129.5068,2026-07-30T04:38:00Z,10.99,N,n,D,VIIRS_SNPP_NRT,1
-14.2696,129.5117,2026-07-30T04:38:00Z,10.99,N,l,D,VIIRS_SNPP_NRT,1
-14.2672,129.789,2026-07-30T04:38:00Z,34.4,N,n,D,VIIRS_SNPP_NRT,1
-14.2666,129.7938,2026-07-30T04:38:00Z,34.4,N,n,D,VIIRS_SNPP_NRT,1
-14.4101,141.7651,2026-07-30T04:38:00Z,7.04,N,n,D,VIIRS_SNPP_NRT,1
-14.4103,141.7873,2026-07-30T04:38:00Z,2.08,N,n,D,VIIRS_SNPP_NRT,1
-14.4107,141.7615,2026-07-30T04:38:00Z,7.04,N,n,D,VIIRS_SNPP_NRT,1
-14.4389,134.8774,2026-07-30T04:38:00Z,4.17,N,n,D,VIIRS_SNPP_NRT,1
-14.4485,130.0415,2026-07-30T04:38:00Z,5.86,N,n,D,VIIRS_SNPP_NRT,1
-14.4434,127.4124,2026-07-30T04:38:00Z,6.75,N,n,D,VIIRS_SNPP_NRT,1
-14.4426,127.4192,2026-07-30T04:38:00Z,8.4,N,n,D,VIIRS_SNPP_NRT,1
-14.4417,127.3804,2026-07-30T04:38:00Z,2.91,N,n,D,VIIRS_SNPP_NRT,1
-14.4409,127.3875,2026-07-30T04:38:00Z,4.66,N,n,D,VIIRS_SNPP_NRT,1
-14.4404,127.391,2026-07-30T04:38:00Z,2.18,N,l,D,VIIRS_SNPP_NRT,1
-14.44,127.3946,2026-07-30T04:38:00Z,2.18,N,n,D,VIIRS_SNPP_NRT,1
-14.4397,129.784,2026-07-30T04:38:00Z,2.45,N,n,D,VIIRS_SNPP_NRT,1
-14.4396,127.3981,2026-07-30T04:38:00Z,2.76,N,l,D,VIIRS_SNPP_NRT,1
-14.4396,127.352,2026-07-30T04:38:00Z,10.45,N,n,D,VIIRS_SNPP_NRT,1
-14.4392,127.4016,2026-07-30T04:38:00Z,2.76,N,n,D,VIIRS_SNPP_NRT,1
-14.4392,127.3554,2026-07-30T04:38:00Z,4.03,N,n,D,VIIRS_SNPP_NRT,1
-14.4388,127.4051,2026-07-30T04:38:00Z,4.77,N,n,D,VIIRS_SNPP_NRT,1
-14.4513,135.4296,2026-07-30T04:38:00Z,3.81,N,n,D,VIIRS_SNPP_NRT,1
-14.4388,127.359,2026-07-30T04:38:00Z,4.03,N,n,D,VIIRS_SNPP_NRT,1
-14.4384,127.4086,2026-07-30T04:38:00Z,4.77,N,n,D,VIIRS_SNPP_NRT,1
-14.4383,127.3625,2026-07-30T04:38:00Z,7.05,N,n,D,VIIRS_SNPP_NRT,1
-14.438,127.4121,2026-07-30T04:38:00Z,6.75,N,h,D,VIIRS_SNPP_NRT,1
-14.4379,127.3659,2026-07-30T04:38:00Z,7.05,N,n,D,VIIRS_SNPP_NRT,1
-14.4376,127.4154,2026-07-30T04:38:00Z,6.75,N,h,D,VIIRS_SNPP_NRT,1
-14.4375,127.3694,2026-07-30T04:38:00Z,5.32,N,l,D,VIIRS_SNPP_NRT,1
-14.4372,127.4187,2026-07-30T04:38:00Z,8.4,N,h,D,VIIRS_SNPP_NRT,1
-14.4371,127.3728,2026-07-30T04:38:00Z,5.32,N,n,D,VIIRS_SNPP_NRT,1
-14.4369,129.7693,2026-07-30T04:38:00Z,33.06,N,n,D,VIIRS_SNPP_NRT,1
-14.4368,127.4221,2026-07-30T04:38:00Z,8.4,N,h,D,VIIRS_SNPP_NRT,1
-14.4367,127.3763,2026-07-30T04:38:00Z,6.76,N,l,D,VIIRS_SNPP_NRT,1
-14.4503,135.4596,2026-07-30T04:38:00Z,3.22,N,n,D,VIIRS_SNPP_NRT,1
-14.4536,130.0375,2026-07-30T04:38:00Z,4.64,N,n,D,VIIRS_SNPP_NRT,1
-14.411,141.7837,2026-07-30T04:38:00Z,2.08,N,n,D,VIIRS_SNPP_NRT,1
-14.4644,135.2232,2026-07-30T04:38:00Z,4.33,N,n,D,VIIRS_SNPP_NRT,1
-14.4721,135.4065,2026-07-30T04:38:00Z,6.41,N,n,D,VIIRS_SNPP_NRT,1
-14.4713,127.6225,2026-07-30T04:38:00Z,5.73,N,n,D,VIIRS_SNPP_NRT,1
-14.471,135.4138,2026-07-30T04:38:00Z,2.37,N,n,D,VIIRS_SNPP_NRT,1
-14.4709,127.6257,2026-07-30T04:38:00Z,5.44,N,n,D,VIIRS_SNPP_NRT,1
-14.4679,141.7915,2026-07-30T04:38:00Z,2.7,N,n,D,VIIRS_SNPP_NRT,1
-14.4676,135.4133,2026-07-30T04:38:00Z,2.37,N,n,D,VIIRS_SNPP_NRT,1
-14.4672,141.7951,2026-07-30T04:38:00Z,4.07,N,n,D,VIIRS_SNPP_NRT,1
-14.467,135.417,2026-07-30T04:38:00Z,8.61,N,n,D,VIIRS_SNPP_NRT,1
-14.4666,141.7987,2026-07-30T04:38:00Z,4.07,N,n,D,VIIRS_SNPP_NRT,1
-14.4661,134.9239,2026-07-30T04:38:00Z,10.7,N,n,D,VIIRS_SNPP_NRT,1
-14.4655,135.2157,2026-07-30T04:38:00Z,4.23,N,n,D,VIIRS_SNPP_NRT,1
-14.465,135.2195,2026-07-30T04:38:00Z,4.33,N,n,D,VIIRS_SNPP_NRT,1
-14.4642,135.4128,2026-07-30T04:38:00Z,3.46,N,n,D,VIIRS_SNPP_NRT,1
-14.4547,135.4302,2026-07-30T04:38:00Z,3.81,N,n,D,VIIRS_SNPP_NRT,1
-14.4636,135.4165,2026-07-30T04:38:00Z,9.55,N,n,D,VIIRS_SNPP_NRT,1
-14.4632,135.2078,2026-07-30T04:38:00Z,3.65,N,n,D,VIIRS_SNPP_NRT,1
-14.4631,135.4202,2026-07-30T04:38:00Z,9.55,N,n,D,VIIRS_SNPP_NRT,1
-14.4627,135.2115,2026-07-30T04:38:00Z,4.23,N,n,D,VIIRS_SNPP_NRT,1
-14.462,135.4275,2026-07-30T04:38:00Z,6.41,N,n,D,VIIRS_SNPP_NRT,1
-14.4612,135.3632,2026-07-30T04:38:00Z,3.52,N,n,D,VIIRS_SNPP_NRT,1
-14.4599,135.2301,2026-07-30T04:38:00Z,9.48,N,n,D,VIIRS_SNPP_NRT,1
-14.4598,135.2073,2026-07-30T04:38:00Z,7.32,N,n,D,VIIRS_SNPP_NRT,1
-14.4594,135.2339,2026-07-30T04:38:00Z,2.78,N,n,D,VIIRS_SNPP_NRT,1
-14.4571,134.938,2026-07-30T04:38:00Z,2.03,N,n,D,VIIRS_SNPP_NRT,1
-14.4565,134.9418,2026-07-30T04:38:00Z,5.4,N,n,D,VIIRS_SNPP_NRT,1
-14.4558,135.4228,2026-07-30T04:38:00Z,5.11,N,n,D,VIIRS_SNPP_NRT,1
-14.4364,127.4257,2026-07-30T04:38:00Z,4.59,N,n,D,VIIRS_SNPP_NRT,1
-14.4363,129.774,2026-07-30T04:38:00Z,33.06,N,n,D,VIIRS_SNPP_NRT,1
-14.436,134.873,2026-07-30T04:38:00Z,3.72,N,n,D,VIIRS_SNPP_NRT,1
-14.4204,135.4512,2026-07-30T04:38:00Z,7.52,N,h,D,VIIRS_SNPP_NRT,1
-14.4264,127.3715,2026-07-30T04:38:00Z,4.21,N,l,D,VIIRS_SNPP_NRT,1
-14.4264,134.891,2026-07-30T04:38:00Z,5.86,N,n,D,VIIRS_SNPP_NRT,1
-14.4261,135.4597,2026-07-30T04:38:00Z,3.62,N,n,D,VIIRS_SNPP_NRT,1
-14.426,129.7822,2026-07-30T04:38:00Z,29.79,N,h,D,VIIRS_SNPP_NRT,1
-14.4254,129.7869,2026-07-30T04:38:00Z,4.99,N,n,D,VIIRS_SNPP_NRT,1
-14.423,127.3537,2026-07-30T04:38:00Z,4.85,N,n,D,VIIRS_SNPP_NRT,1
-14.4226,129.7722,2026-07-30T04:38:00Z,35.81,N,n,D,VIIRS_SNPP_NRT,1
-14.4226,127.3572,2026-07-30T04:38:00Z,4.85,N,n,D,VIIRS_SNPP_NRT,1
-14.4222,127.3606,2026-07-30T04:38:00Z,4.68,N,n,D,VIIRS_SNPP_NRT,1
-14.4218,127.364,2026-07-30T04:38:00Z,4.68,N,n,D,VIIRS_SNPP_NRT,1
-14.4214,129.7817,2026-07-30T04:38:00Z,29.79,N,n,D,VIIRS_SNPP_NRT,1
-14.421,135.4476,2026-07-30T04:38:00Z,7.52,N,n,D,VIIRS_SNPP_NRT,1
-14.4194,135.4586,2026-07-30T04:38:00Z,5.78,N,n,D,VIIRS_SNPP_NRT,1
-14.4359,127.4292,2026-07-30T04:38:00Z,4.59,N,n,D,VIIRS_SNPP_NRT,1
-14.4182,135.4433,2026-07-30T04:38:00Z,11.85,N,n,D,VIIRS_SNPP_NRT,1
-14.418,129.7716,2026-07-30T04:38:00Z,49.7,N,n,D,VIIRS_SNPP_NRT,1
-14.4178,127.3987,2026-07-30T04:38:00Z,2.95,N,n,D,VIIRS_SNPP_NRT,1
-14.4176,135.447,2026-07-30T04:38:00Z,14.79,N,n,D,VIIRS_SNPP_NRT,1
-14.4171,135.4507,2026-07-30T04:38:00Z,14.79,N,n,D,VIIRS_SNPP_NRT,1
-14.4148,135.4428,2026-07-30T04:38:00Z,11.85,N,n,D,VIIRS_SNPP_NRT,1
-14.4142,135.4465,2026-07-30T04:38:00Z,14.79,N,n,D,VIIRS_SNPP_NRT,1
-14.4137,135.4502,2026-07-30T04:38:00Z,14.79,N,n,D,VIIRS_SNPP_NRT,1
-14.4128,141.773,2026-07-30T04:38:00Z,5.52,N,n,D,VIIRS_SNPP_NRT,1
-14.4124,127.398,2026-07-30T04:38:00Z,4.94,N,n,D,VIIRS_SNPP_NRT,1
-14.412,127.4014,2026-07-30T04:38:00Z,3.33,N,l,D,VIIRS_SNPP_NRT,1
-14.4116,127.4048,2026-07-30T04:38:00Z,3.33,N,l,D,VIIRS_SNPP_NRT,1
-14.4266,129.7775,2026-07-30T04:38:00Z,29.79,N,n,D,VIIRS_SNPP_NRT,1
-14.4268,127.368,2026-07-30T04:38:00Z,4.21,N,n,D,VIIRS_SNPP_NRT,1
-14.4269,134.8872,2026-07-30T04:38:00Z,2.02,N,n,D,VIIRS_SNPP_NRT,1
-14.4272,129.7728,2026-07-30T04:38:00Z,35.81,N,n,D,VIIRS_SNPP_NRT,1
-14.4357,129.7787,2026-07-30T04:38:00Z,6.71,N,n,D,VIIRS_SNPP_NRT,1
-14.4355,127.4328,2026-07-30T04:38:00Z,2.07,N,n,D,VIIRS_SNPP_NRT,1
-14.4354,127.341,2026-07-30T04:38:00Z,10.13,N,n,D,VIIRS_SNPP_NRT,1
-14.4352,129.7834,2026-07-30T04:38:00Z,6.71,N,n,D,VIIRS_SNPP_NRT,1
-14.4351,127.4362,2026-07-30T04:38:00Z,2.07,N,l,D,VIIRS_SNPP_NRT,1
-14.435,127.3444,2026-07-30T04:38:00Z,10.13,N,n,D,VIIRS_SNPP_NRT,1
-14.4346,127.3479,2026-07-30T04:38:00Z,10.45,N,h,D,VIIRS_SNPP_NRT,1
-14.4342,127.3513,2026-07-30T04:38:00Z,10.45,N,n,D,VIIRS_SNPP_NRT,1
-14.434,135.4533,2026-07-30T04:38:00Z,3.48,N,n,D,VIIRS_SNPP_NRT,1
-14.4338,127.3548,2026-07-30T04:38:00Z,4.03,N,n,D,VIIRS_SNPP_NRT,1
-14.4334,127.3583,2026-07-30T04:38:00Z,4.03,N,n,D,VIIRS_SNPP_NRT,1
-14.4327,134.8959,2026-07-30T04:38:00Z,3.93,N,n,D,VIIRS_SNPP_NRT,1
-14.4323,129.7687,2026-07-30T04:38:00Z,33.06,N,n,D,VIIRS_SNPP_NRT,1
-14.4318,129.7734,2026-07-30T04:38:00Z,33.06,N,n,D,VIIRS_SNPP_NRT,1
-14.4312,129.7781,2026-07-30T04:38:00Z,6.71,N,n,D,VIIRS_SNPP_NRT,1
-14.4306,129.7828,2026-07-30T04:38:00Z,6.71,N,n,D,VIIRS_SNPP_NRT,1
-14.43,135.4565,2026-07-30T04:38:00Z,3.62,N,n,D,VIIRS_SNPP_NRT,1
-14.43,127.3403,2026-07-30T04:38:00Z,4.34,N,n,D,VIIRS_SNPP_NRT,1
-14.43,129.7875,2026-07-30T04:38:00Z,4.38,N,n,D,VIIRS_SNPP_NRT,1
-14.4296,127.3438,2026-07-30T04:38:00Z,4.34,N,h,D,VIIRS_SNPP_NRT,1
-14.4295,135.4602,2026-07-30T04:38:00Z,3.62,N,n,D,VIIRS_SNPP_NRT,1
-14.4292,134.8954,2026-07-30T04:38:00Z,3.93,N,n,D,VIIRS_SNPP_NRT,1
-14.4292,127.3473,2026-07-30T04:38:00Z,9.26,N,n,D,VIIRS_SNPP_NRT,1
-14.4284,127.3542,2026-07-30T04:38:00Z,4.85,N,l,D,VIIRS_SNPP_NRT,1
-14.4272,127.3646,2026-07-30T04:38:00Z,4.68,N,l,D,VIIRS_SNPP_NRT,1
-14.1603,134.9236,2026-07-30T04:38:00Z,3.14,N,n,D,VIIRS_SNPP_NRT,1
-14.1534,134.9226,2026-07-30T04:38:00Z,5.17,N,n,D,VIIRS_SNPP_NRT,1
-12.8471,131.512,2026-07-30T04:38:00Z,24.77,N,n,D,VIIRS_SNPP_NRT,1
-13.2496,142.5473,2026-07-30T04:38:00Z,9.73,N,n,D,VIIRS_SNPP_NRT,1
-13.3121,142.7274,2026-07-30T04:38:00Z,11.48,N,n,D,VIIRS_SNPP_NRT,1
-13.3113,142.7317,2026-07-30T04:38:00Z,11.56,N,h,D,VIIRS_SNPP_NRT,1
-13.3105,142.7359,2026-07-30T04:38:00Z,11.56,N,n,D,VIIRS_SNPP_NRT,1
-13.3097,142.7402,2026-07-30T04:38:00Z,9.32,N,n,D,VIIRS_SNPP_NRT,1
-13.3093,142.7182,2026-07-30T04:38:00Z,5.43,N,n,D,VIIRS_SNPP_NRT,1
-13.309,142.7444,2026-07-30T04:38:00Z,9.32,N,h,D,VIIRS_SNPP_NRT,1
-13.3085,142.7224,2026-07-30T04:38:00Z,11.48,N,n,D,VIIRS_SNPP_NRT,1
-13.3046,142.7436,2026-07-30T04:38:00Z,9.32,N,n,D,VIIRS_SNPP_NRT,1
-13.3038,142.7478,2026-07-30T04:38:00Z,8.6,N,n,D,VIIRS_SNPP_NRT,1
-13.2972,133.9536,2026-07-30T04:38:00Z,2.52,N,n,D,VIIRS_SNPP_NRT,1
-13.297,133.9533,2026-07-30T04:38:00Z,3.54,N,n,D,VIIRS_SNPP_NRT,1
-13.2504,142.5431,2026-07-30T04:38:00Z,4.89,N,n,D,VIIRS_SNPP_NRT,1
-13.2453,142.5465,2026-07-30T04:38:00Z,6.61,N,n,D,VIIRS_SNPP_NRT,1
-13.3599,133.5311,2026-07-30T04:38:00Z,3.41,N,n,D,VIIRS_SNPP_NRT,1
-13.2446,142.5506,2026-07-30T04:38:00Z,6.61,N,n,D,VIIRS_SNPP_NRT,1
-13.2438,142.5548,2026-07-30T04:38:00Z,6.95,N,n,D,VIIRS_SNPP_NRT,1
-13.2388,142.5582,2026-07-30T04:38:00Z,6.95,N,n,D,VIIRS_SNPP_NRT,1
-13.2264,142.5774,2026-07-30T04:38:00Z,4.4,N,n,D,VIIRS_SNPP_NRT,1
-13.2256,142.5816,2026-07-30T04:38:00Z,4.4,N,n,D,VIIRS_SNPP_NRT,1
-13.2079,142.6009,2026-07-30T04:38:00Z,7.6,N,n,D,VIIRS_SNPP_NRT,1
-13.2045,142.5993,2026-07-30T04:38:00Z,7.02,N,n,D,VIIRS_SNPP_NRT,1
-13.2038,142.6035,2026-07-30T04:38:00Z,7.02,N,n,D,VIIRS_SNPP_NRT,1
-13.2028,142.6043,2026-07-30T04:38:00Z,7.6,N,n,D,VIIRS_SNPP_NRT,1
-13.2006,142.6169,2026-07-30T04:38:00Z,4.52,N,n,D,VIIRS_SNPP_NRT,1
-13.1948,142.6278,2026-07-30T04:38:00Z,9.58,N,n,D,VIIRS_SNPP_NRT,1
-13.1948,142.6246,2026-07-30T04:38:00Z,9.48,N,n,D,VIIRS_SNPP_NRT,1
-13.3375,141.7333,2026-07-30T04:38:00Z,5.09,N,n,D,VIIRS_SNPP_NRT,1
-13.3788,141.825,2026-07-30T04:38:00Z,11.04,N,n,D,VIIRS_SNPP_NRT,1
-13.1912,142.6195,2026-07-30T04:38:00Z,6.09,N,n,D,VIIRS_SNPP_NRT,1
-13.4127,141.8735,2026-07-30T04:38:00Z,3.77,N,n,D,VIIRS_SNPP_NRT,1
-13.4495,131.2665,2026-07-30T04:38:00Z,5.68,N,n,D,VIIRS_SNPP_NRT,1
-13.449,132.1486,2026-07-30T04:38:00Z,13.08,N,n,D,VIIRS_SNPP_NRT,1
-13.4486,131.2511,2026-07-30T04:38:00Z,2.8,N,n,D,VIIRS_SNPP_NRT,1
-13.4481,131.2548,2026-07-30T04:38:00Z,2.8,N,n,D,VIIRS_SNPP_NRT,1
-13.448,132.1465,2026-07-30T04:38:00Z,14.29,N,n,D,VIIRS_SNPP_NRT,1
-13.4469,132.1932,2026-07-30T04:38:00Z,34.71,N,n,D,VIIRS_SNPP_NRT,1
-13.4463,132.198,2026-07-30T04:38:00Z,34.71,N,n,D,VIIRS_SNPP_NRT,1
-13.4431,132.1926,2026-07-30T04:38:00Z,34.71,N,n,D,VIIRS_SNPP_NRT,1
-13.4418,132.1903,2026-07-30T04:38:00Z,12.21,N,n,D,VIIRS_SNPP_NRT,1
-13.4399,132.1871,2026-07-30T04:38:00Z,3.88,N,n,D,VIIRS_SNPP_NRT,1
-13.4386,132.1849,2026-07-30T04:38:00Z,12.21,N,n,D,VIIRS_SNPP_NRT,1
-13.436,132.1865,2026-07-30T04:38:00Z,3.88,N,n,D,VIIRS_SNPP_NRT,1
-13.4079,141.8764,2026-07-30T04:38:00Z,6.39,N,n,D,VIIRS_SNPP_NRT,1
-13.381,141.8368,2026-07-30T04:38:00Z,6.67,N,n,D,VIIRS_SNPP_NRT,1
-13.4073,141.8801,2026-07-30T04:38:00Z,6.39,N,n,D,VIIRS_SNPP_NRT,1
-13.4066,141.8839,2026-07-30T04:38:00Z,4.94,N,n,D,VIIRS_SNPP_NRT,1
-13.406,141.8876,2026-07-30T04:38:00Z,4.94,N,n,D,VIIRS_SNPP_NRT,1
-13.4038,141.8756,2026-07-30T04:38:00Z,6.39,N,n,D,VIIRS_SNPP_NRT,1
-13.4032,141.8793,2026-07-30T04:38:00Z,6.39,N,n,D,VIIRS_SNPP_NRT,1
-13.3885,141.842,2026-07-30T04:38:00Z,3.89,N,n,D,VIIRS_SNPP_NRT,1
-13.3864,141.8302,2026-07-30T04:38:00Z,3.74,N,n,D,VIIRS_SNPP_NRT,1
-13.3857,141.8338,2026-07-30T04:38:00Z,6.86,N,n,D,VIIRS_SNPP_NRT,1
-13.3851,141.8375,2026-07-30T04:38:00Z,6.86,N,n,D,VIIRS_SNPP_NRT,1
-13.3844,141.8412,2026-07-30T04:38:00Z,3.89,N,n,D,VIIRS_SNPP_NRT,1
-13.3823,141.8294,2026-07-30T04:38:00Z,11.04,N,n,D,VIIRS_SNPP_NRT,1
-13.3816,141.8331,2026-07-30T04:38:00Z,6.67,N,n,D,VIIRS_SNPP_NRT,1
-13.192,142.6186,2026-07-30T04:38:00Z,5.26,N,n,D,VIIRS_SNPP_NRT,1
-13.1428,141.6323,2026-07-30T04:38:00Z,2.18,N,n,D,VIIRS_SNPP_NRT,1
-14.1506,134.9183,2026-07-30T04:38:00Z,3.54,N,n,D,VIIRS_SNPP_NRT,1
-12.8937,132.7531,2026-07-30T04:38:00Z,10.56,N,n,D,VIIRS_SNPP_NRT,1
-12.9383,131.9205,2026-07-30T04:38:00Z,2.67,N,l,D,VIIRS_SNPP_NRT,1
-12.9382,131.9226,2026-07-30T04:38:00Z,3.43,N,n,D,VIIRS_SNPP_NRT,1
-12.9317,131.9397,2026-07-30T04:38:00Z,6.68,N,n,D,VIIRS_SNPP_NRT,1
-12.9316,131.9417,2026-07-30T04:38:00Z,4.28,N,n,D,VIIRS_SNPP_NRT,1
-12.9285,131.9342,2026-07-30T04:38:00Z,6.68,N,n,D,VIIRS_SNPP_NRT,1
-12.9284,131.9363,2026-07-30T04:38:00Z,5.73,N,n,D,VIIRS_SNPP_NRT,1
-12.9278,131.9392,2026-07-30T04:38:00Z,6.68,N,n,D,VIIRS_SNPP_NRT,1
-12.9246,131.9336,2026-07-30T04:38:00Z,3.19,N,n,D,VIIRS_SNPP_NRT,1
-12.9245,131.9357,2026-07-30T04:38:00Z,5.73,N,n,D,VIIRS_SNPP_NRT,1
-12.8987,132.7447,2026-07-30T04:38:00Z,7.83,N,n,D,VIIRS_SNPP_NRT,1
-12.8981,132.7492,2026-07-30T04:38:00Z,5.52,N,n,D,VIIRS_SNPP_NRT,1
-12.8974,132.7536,2026-07-30T04:38:00Z,5.52,N,n,D,VIIRS_SNPP_NRT,1
-12.8855,131.8423,2026-07-30T04:38:00Z,3.14,N,n,D,VIIRS_SNPP_NRT,1
-12.9433,131.9434,2026-07-30T04:38:00Z,3.87,N,n,D,VIIRS_SNPP_NRT,1
-12.8835,131.8573,2026-07-30T04:38:00Z,5.27,N,n,D,VIIRS_SNPP_NRT,1
-12.8823,142.9616,2026-07-30T04:38:00Z,7.96,N,n,D,VIIRS_SNPP_NRT,1
-12.8814,142.9663,2026-07-30T04:38:00Z,7.96,N,n,D,VIIRS_SNPP_NRT,1
-12.8801,131.882,2026-07-30T04:38:00Z,5.3,N,n,D,VIIRS_SNPP_NRT,1
-12.8796,131.8567,2026-07-30T04:38:00Z,37.68,N,l,D,VIIRS_SNPP_NRT,1
-12.8789,131.8616,2026-07-30T04:38:00Z,37.68,N,n,D,VIIRS_SNPP_NRT,1
-12.8782,131.8666,2026-07-30T04:38:00Z,7.25,N,n,D,VIIRS_SNPP_NRT,1
-12.8757,131.8561,2026-07-30T04:38:00Z,37.68,N,n,D,VIIRS_SNPP_NRT,1
-12.8576,130.8332,2026-07-30T04:38:00Z,3.41,N,n,D,VIIRS_SNPP_NRT,1
-12.8571,130.837,2026-07-30T04:38:00Z,3.41,N,n,D,VIIRS_SNPP_NRT,1
-12.8524,130.8402,2026-07-30T04:38:00Z,3.0,N,l,D,VIIRS_SNPP_NRT,1
-12.8519,130.844,2026-07-30T04:38:00Z,3.0,N,n,D,VIIRS_SNPP_NRT,1
-12.9394,131.9429,2026-07-30T04:38:00Z,3.87,N,l,D,VIIRS_SNPP_NRT,1
-12.9472,131.944,2026-07-30T04:38:00Z,4.35,N,n,D,VIIRS_SNPP_NRT,1
-13.1409,141.6432,2026-07-30T04:38:00Z,8.68,N,n,D,VIIRS_SNPP_NRT,1
-13.0189,141.8317,2026-07-30T04:38:00Z,6.15,N,n,D,VIIRS_SNPP_NRT,1
-13.1079,141.8093,2026-07-30T04:38:00Z,6.63,N,n,D,VIIRS_SNPP_NRT,1
-13.1073,141.813,2026-07-30T04:38:00Z,6.1,N,n,D,VIIRS_SNPP_NRT,1
-13.1038,141.8086,2026-07-30T04:38:00Z,3.83,N,n,D,VIIRS_SNPP_NRT,1
-13.1032,141.8123,2026-07-30T04:38:00Z,5.09,N,n,D,VIIRS_SNPP_NRT,1
-13.0982,132.2434,2026-07-30T04:38:00Z,8.12,N,n,D,VIIRS_SNPP_NRT,1
-13.0961,132.2449,2026-07-30T04:38:00Z,13.32,N,n,D,VIIRS_SNPP_NRT,1
-13.095,132.2252,2026-07-30T04:38:00Z,2.31,N,n,D,VIIRS_SNPP_NRT,1
-13.0943,132.23,2026-07-30T04:38:00Z,6.45,N,n,D,VIIRS_SNPP_NRT,1
-13.0224,141.8362,2026-07-30T04:38:00Z,8.44,N,n,D,VIIRS_SNPP_NRT,1
-13.0217,131.9495,2026-07-30T04:38:00Z,4.95,N,n,D,VIIRS_SNPP_NRT,1
-13.021,131.9545,2026-07-30T04:38:00Z,6.16,N,n,D,VIIRS_SNPP_NRT,1
-13.0204,131.9594,2026-07-30T04:38:00Z,6.16,N,n,D,VIIRS_SNPP_NRT,1
-13.0181,131.9188,2026-07-30T04:38:00Z,29.76,N,n,D,VIIRS_SNPP_NRT,1
-12.9665,142.8899,2026-07-30T04:38:00Z,3.91,N,n,D,VIIRS_SNPP_NRT,1
-13.0062,131.9473,2026-07-30T04:38:00Z,6.58,N,n,D,VIIRS_SNPP_NRT,1
-13.0055,131.9522,2026-07-30T04:38:00Z,2.59,N,n,D,VIIRS_SNPP_NRT,1
-13.005,131.9269,2026-07-30T04:38:00Z,5.05,N,n,D,VIIRS_SNPP_NRT,1
-13.0044,131.9319,2026-07-30T04:38:00Z,9.18,N,n,D,VIIRS_SNPP_NRT,1
-13.0037,131.9368,2026-07-30T04:38:00Z,9.18,N,n,D,VIIRS_SNPP_NRT,1
-13.003,131.9418,2026-07-30T04:38:00Z,6.58,N,n,D,VIIRS_SNPP_NRT,1
-13.0011,131.9264,2026-07-30T04:38:00Z,6.78,N,n,D,VIIRS_SNPP_NRT,1
-13.0008,141.6326,2026-07-30T04:38:00Z,7.48,N,n,D,VIIRS_SNPP_NRT,1
-12.9877,131.1156,2026-07-30T04:38:00Z,3.86,N,n,D,VIIRS_SNPP_NRT,1
-12.9809,141.7704,2026-07-30T04:38:00Z,5.06,N,n,D,VIIRS_SNPP_NRT,1
-12.9709,142.8907,2026-07-30T04:38:00Z,3.66,N,n,D,VIIRS_SNPP_NRT,1
-12.9673,142.8855,2026-07-30T04:38:00Z,3.91,N,n,D,VIIRS_SNPP_NRT,1
-13.4496,132.1438,2026-07-30T04:38:00Z,13.08,N,n,D,VIIRS_SNPP_NRT,1
-13.4501,132.1986,2026-07-30T04:38:00Z,4.56,N,n,D,VIIRS_SNPP_NRT,1
-13.4507,131.2662,2026-07-30T04:38:00Z,5.32,N,n,D,VIIRS_SNPP_NRT,1
-13.985,130.4845,2026-07-30T04:38:00Z,4.19,N,n,D,VIIRS_SNPP_NRT,1
-14.0761,127.4653,2026-07-30T04:38:00Z,4.86,N,n,D,VIIRS_SNPP_NRT,1
-14.0691,134.7587,2026-07-30T04:38:00Z,3.0,N,n,D,VIIRS_SNPP_NRT,1
-14.0662,134.7544,2026-07-30T04:38:00Z,7.27,N,n,D,VIIRS_SNPP_NRT,1
-14.0466,130.4923,2026-07-30T04:38:00Z,2.81,N,n,D,VIIRS_SNPP_NRT,1
-14.0282,130.4984,2026-07-30T04:38:00Z,3.18,N,n,D,VIIRS_SNPP_NRT,1
-14.0277,130.5026,2026-07-30T04:38:00Z,3.18,N,l,D,VIIRS_SNPP_NRT,1
-14.0228,130.5062,2026-07-30T04:38:00Z,3.15,N,l,D,VIIRS_SNPP_NRT,1
-13.9898,130.4889,2026-07-30T04:38:00Z,3.7,N,n,D,VIIRS_SNPP_NRT,1
-13.9888,130.4893,2026-07-30T04:38:00Z,4.19,N,n,D,VIIRS_SNPP_NRT,1
-13.986,130.4842,2026-07-30T04:38:00Z,3.7,N,n,D,VIIRS_SNPP_NRT,1
-13.9856,130.4803,2026-07-30T04:38:00Z,2.87,N,l,D,VIIRS_SNPP_NRT,1
-13.9854,129.9993,2026-07-30T04:38:00Z,3.39,N,n,D,VIIRS_SNPP_NRT,1
-13.9152,136.723,2026-07-30T04:38:00Z,12.81,N,n,D,VIIRS_SNPP_NRT,1
-14.0911,143.605,2026-07-30T04:38:00Z,12.73,N,n,D,VIIRS_SNPP_NRT,1
-13.906,129.7431,2026-07-30T04:38:00Z,7.05,N,h,D,VIIRS_SNPP_NRT,1
-13.9015,129.7425,2026-07-30T04:38:00Z,7.05,N,n,D,VIIRS_SNPP_NRT,1
-13.8957,129.7514,2026-07-30T04:38:00Z,6.0,N,n,D,VIIRS_SNPP_NRT,1
-13.8924,129.7414,2026-07-30T04:38:00Z,7.35,N,n,D,VIIRS_SNPP_NRT,1
-13.8918,129.7461,2026-07-30T04:38:00Z,6.0,N,n,D,VIIRS_SNPP_NRT,1
-13.8912,129.7508,2026-07-30T04:38:00Z,6.0,N,n,D,VIIRS_SNPP_NRT,1
-13.8463,143.1136,2026-07-30T04:38:00Z,5.28,N,n,D,VIIRS_SNPP_NRT,1
-13.8456,143.1176,2026-07-30T04:38:00Z,5.28,N,n,D,VIIRS_SNPP_NRT,1
-13.8449,143.1216,2026-07-30T04:38:00Z,7.53,N,n,D,VIIRS_SNPP_NRT,1
-13.8448,141.6402,2026-07-30T04:38:00Z,4.29,N,n,D,VIIRS_SNPP_NRT,1
-13.813,130.7413,2026-07-30T04:38:00Z,4.34,N,n,D,VIIRS_SNPP_NRT,1
-13.812,135.7984,2026-07-30T04:38:00Z,4.03,N,n,D,VIIRS_SNPP_NRT,1
-14.0814,127.4662,2026-07-30T04:38:00Z,4.15,N,n,D,VIIRS_SNPP_NRT,1
-14.0912,143.6061,2026-07-30T04:38:00Z,17.89,N,n,D,VIIRS_SNPP_NRT,1
-13.4508,132.1937,2026-07-30T04:38:00Z,4.56,N,n,D,VIIRS_SNPP_NRT,1
-14.1385,134.905,2026-07-30T04:38:00Z,9.89,N,n,D,VIIRS_SNPP_NRT,1
-14.15,134.922,2026-07-30T04:38:00Z,3.54,N,n,D,VIIRS_SNPP_NRT,1
-14.1488,134.9066,2026-07-30T04:38:00Z,9.42,N,n,D,VIIRS_SNPP_NRT,1
-14.1477,134.914,2026-07-30T04:38:00Z,5.66,N,n,D,VIIRS_SNPP_NRT,1
-14.1472,134.9178,2026-07-30T04:38:00Z,3.54,N,n,D,VIIRS_SNPP_NRT,1
-14.1466,134.9215,2026-07-30T04:38:00Z,3.54,N,n,D,VIIRS_SNPP_NRT,1
-14.1454,134.906,2026-07-30T04:38:00Z,31.86,N,n,D,VIIRS_SNPP_NRT,1
-14.1448,134.9098,2026-07-30T04:38:00Z,10.3,N,n,D,VIIRS_SNPP_NRT,1
-14.1443,134.9135,2026-07-30T04:38:00Z,10.3,N,n,D,VIIRS_SNPP_NRT,1
-14.1425,134.9018,2026-07-30T04:38:00Z,31.86,N,n,D,VIIRS_SNPP_NRT,1
-14.1419,134.9055,2026-07-30T04:38:00Z,31.86,N,n,D,VIIRS_SNPP_NRT,1
-14.1414,134.9093,2026-07-30T04:38:00Z,10.3,N,n,D,VIIRS_SNPP_NRT,1
-14.1391,134.9012,2026-07-30T04:38:00Z,9.89,N,n,D,VIIRS_SNPP_NRT,1
-14.1136,127.4676,2026-07-30T04:38:00Z,3.74,N,n,D,VIIRS_SNPP_NRT,1
-14.092,143.6003,2026-07-30T04:38:00Z,12.73,N,n,D,VIIRS_SNPP_NRT,1
-14.1028,134.7445,2026-07-30T04:38:00Z,4.79,N,n,D,VIIRS_SNPP_NRT,1
-14.1014,127.4791,2026-07-30T04:38:00Z,6.45,N,n,D,VIIRS_SNPP_NRT,1
-14.101,127.4822,2026-07-30T04:38:00Z,6.87,N,n,D,VIIRS_SNPP_NRT,1
-14.0987,134.7243,2026-07-30T04:38:00Z,3.98,N,n,D,VIIRS_SNPP_NRT,1
-14.0977,143.622,2026-07-30T04:38:00Z,6.11,N,n,D,VIIRS_SNPP_NRT,1
-14.0975,143.6209,2026-07-30T04:38:00Z,7.33,N,n,D,VIIRS_SNPP_NRT,1
-14.0966,143.6022,2026-07-30T04:38:00Z,4.41,N,n,D,VIIRS_SNPP_NRT,1
-14.0965,143.6012,2026-07-30T04:38:00Z,12.73,N,n,D,VIIRS_SNPP_NRT,1
-14.0954,127.4844,2026-07-30T04:38:00Z,3.55,N,n,D,VIIRS_SNPP_NRT,1
-14.0922,143.6259,2026-07-30T04:38:00Z,6.11,N,n,D,VIIRS_SNPP_NRT,1
-14.0921,143.6248,2026-07-30T04:38:00Z,7.66,N,n,D,VIIRS_SNPP_NRT,1
-14.092,143.6013,2026-07-30T04:38:00Z,17.89,N,n,D,VIIRS_SNPP_NRT,1
-13.8082,130.7445,2026-07-30T04:38:00Z,4.41,N,n,D,VIIRS_SNPP_NRT,1
-13.8004,129.7732,2026-07-30T04:38:00Z,3.01,N,n,D,VIIRS_SNPP_NRT,1
-13.7349,130.7522,2026-07-30T04:38:00Z,3.23,N,n,D,VIIRS_SNPP_NRT,1
-13.4573,132.1449,2026-07-30T04:38:00Z,34.83,N,n,D,VIIRS_SNPP_NRT,1
-13.5166,141.9235,2026-07-30T04:38:00Z,4.13,N,n,D,VIIRS_SNPP_NRT,1
-13.505,141.5842,2026-07-30T04:38:00Z,10.01,N,h,D,VIIRS_SNPP_NRT,1
-13.5043,141.5878,2026-07-30T04:38:00Z,10.01,N,n,D,VIIRS_SNPP_NRT,1
-13.5022,141.5763,2026-07-30T04:38:00Z,4.06,N,n,D,VIIRS_SNPP_NRT,1
-13.5016,141.5799,2026-07-30T04:38:00Z,4.06,N,n,D,VIIRS_SNPP_NRT,1
-13.501,141.5835,2026-07-30T04:38:00Z,5.53,N,n,D,VIIRS_SNPP_NRT,1
-13.4963,141.5863,2026-07-30T04:38:00Z,5.53,N,n,D,VIIRS_SNPP_NRT,1
-13.469,135.6617,2026-07-30T04:38:00Z,3.41,N,n,D,VIIRS_SNPP_NRT,1
-13.4599,132.1552,2026-07-30T04:38:00Z,6.29,N,n,D,VIIRS_SNPP_NRT,1
-13.4592,132.1601,2026-07-30T04:38:00Z,6.29,N,n,D,VIIRS_SNPP_NRT,1
-13.4586,132.165,2026-07-30T04:38:00Z,4.78,N,n,D,VIIRS_SNPP_NRT,1
-13.458,132.14,2026-07-30T04:38:00Z,9.17,N,n,D,VIIRS_SNPP_NRT,1
-13.4567,132.1498,2026-07-30T04:38:00Z,34.83,N,n,D,VIIRS_SNPP_NRT,1
-13.7348,141.5566,2026-07-30T04:38:00Z,6.13,N,n,D,VIIRS_SNPP_NRT,1
-13.4553,132.1894,2026-07-30T04:38:00Z,10.21,N,n,D,VIIRS_SNPP_NRT,1
-13.4546,132.1943,2026-07-30T04:38:00Z,4.56,N,n,D,VIIRS_SNPP_NRT,1
-13.4541,132.1395,2026-07-30T04:38:00Z,12.06,N,n,D,VIIRS_SNPP_NRT,1
-13.4541,132.1692,2026-07-30T04:38:00Z,4.78,N,n,D,VIIRS_SNPP_NRT,1
-13.454,132.1991,2026-07-30T04:38:00Z,4.56,N,n,D,VIIRS_SNPP_NRT,1
-13.4535,132.1443,2026-07-30T04:38:00Z,13.08,N,n,D,VIIRS_SNPP_NRT,1
-13.4534,132.1741,2026-07-30T04:38:00Z,6.93,N,n,D,VIIRS_SNPP_NRT,1
-13.4533,132.2039,2026-07-30T04:38:00Z,8.62,N,n,D,VIIRS_SNPP_NRT,1
-13.4528,132.1492,2026-07-30T04:38:00Z,13.08,N,n,D,VIIRS_SNPP_NRT,1
-13.4528,132.179,2026-07-30T04:38:00Z,6.93,N,n,D,VIIRS_SNPP_NRT,1
-13.4521,132.1839,2026-07-30T04:38:00Z,10.21,N,n,D,VIIRS_SNPP_NRT,1
-13.4514,132.1888,2026-07-30T04:38:00Z,10.21,N,n,D,VIIRS_SNPP_NRT,1
-13.5201,141.928,2026-07-30T04:38:00Z,7.34,N,n,D,VIIRS_SNPP_NRT,1
-13.5208,141.9243,2026-07-30T04:38:00Z,23.49,N,h,D,VIIRS_SNPP_NRT,1
-13.5214,141.9205,2026-07-30T04:38:00Z,23.49,N,n,D,VIIRS_SNPP_NRT,1
-13.5242,141.9287,2026-07-30T04:38:00Z,7.34,N,n,D,VIIRS_SNPP_NRT,1
-13.7344,130.7562,2026-07-30T04:38:00Z,3.23,N,n,D,VIIRS_SNPP_NRT,1
-13.7339,130.7518,2026-07-30T04:38:00Z,3.65,N,n,D,VIIRS_SNPP_NRT,1
-13.7334,130.7559,2026-07-30T04:38:00Z,3.65,N,n,D,VIIRS_SNPP_NRT,1
-13.7074,141.641,2026-07-30T04:38:00Z,3.76,N,n,D,VIIRS_SNPP_NRT,1
-13.7067,141.6445,2026-07-30T04:38:00Z,4.25,N,n,D,VIIRS_SNPP_NRT,1
-13.7061,141.6481,2026-07-30T04:38:00Z,4.25,N,n,D,VIIRS_SNPP_NRT,1
-13.704,141.6366,2026-07-30T04:38:00Z,3.76,N,n,D,VIIRS_SNPP_NRT,1
-13.7002,136.6039,2026-07-30T04:38:00Z,2.62,N,n,D,VIIRS_SNPP_NRT,1
-13.6865,132.2428,2026-07-30T04:38:00Z,8.51,N,n,D,VIIRS_SNPP_NRT,1
-13.6858,132.2477,2026-07-30T04:38:00Z,8.51,N,n,D,VIIRS_SNPP_NRT,1
-13.6842,130.7774,2026-07-30T04:38:00Z,2.77,N,n,D,VIIRS_SNPP_NRT,1
-13.6836,130.7813,2026-07-30T04:38:00Z,2.77,N,n,D,VIIRS_SNPP_NRT,1
-13.6813,132.252,2026-07-30T04:38:00Z,4.63,N,n,D,VIIRS_SNPP_NRT,1
-13.6774,132.2515,2026-07-30T04:38:00Z,6.79,N,n,D,VIIRS_SNPP_NRT,1
-13.6747,130.784,2026-07-30T04:38:00Z,2.78,N,n,D,VIIRS_SNPP_NRT,1
-13.6742,130.7878,2026-07-30T04:38:00Z,2.78,N,n,D,VIIRS_SNPP_NRT,1
-13.6713,130.3256,2026-07-30T04:38:00Z,3.61,N,l,D,VIIRS_SNPP_NRT,1
-13.6708,130.3298,2026-07-30T04:38:00Z,3.61,N,n,D,VIIRS_SNPP_NRT,1
-13.6702,130.334,2026-07-30T04:38:00Z,9.38,N,n,D,VIIRS_SNPP_NRT,1
-13.5518,141.9268,2026-07-30T04:38:00Z,3.36,N,n,D,VIIRS_SNPP_NRT,1
-13.5356,132.2901,2026-07-30T04:38:00Z,5.26,N,n,D,VIIRS_SNPP_NRT,1
-13.5335,132.2879,2026-07-30T04:38:00Z,3.63,N,n,D,VIIRS_SNPP_NRT,1
-13.5329,132.2926,2026-07-30T04:38:00Z,5.64,N,n,D,VIIRS_SNPP_NRT,1
-13.5298,134.0846,2026-07-30T04:38:00Z,2.5,N,n,D,VIIRS_SNPP_NRT,1
-13.5249,141.925,2026-07-30T04:38:00Z,23.49,N,n,D,VIIRS_SNPP_NRT,1
-18.6152,130.766,2026-07-30T04:38:00Z,4.31,N,n,D,VIIRS_SNPP_NRT,1
-14.443,127.4158,2026-07-30T04:38:00Z,6.75,N,h,D,VIIRS_SNPP_NRT,1
-17.8982,139.0023,2026-07-30T04:36:00Z,10.3,N,n,D,VIIRS_SNPP_NRT,1
-21.0175,127.7685,2026-07-30T04:36:00Z,8.67,N,h,D,VIIRS_SNPP_NRT,1
-21.5978,126.3691,2026-07-30T04:36:00Z,21.91,N,n,D,VIIRS_SNPP_NRT,1
-21.6031,126.3799,2026-07-30T04:36:00Z,5.75,N,n,D,VIIRS_SNPP_NRT,1
-21.6036,126.3748,2026-07-30T04:36:00Z,5.75,N,n,D,VIIRS_SNPP_NRT,1
-21.6065,126.3831,2026-07-30T04:36:00Z,9.33,N,n,D,VIIRS_SNPP_NRT,1
-21.6152,126.386,2026-07-30T04:36:00Z,3.43,N,n,D,VIIRS_SNPP_NRT,1
-21.6273,127.0903,2026-07-30T04:36:00Z,11.94,N,h,D,VIIRS_SNPP_NRT,1
-21.6337,127.0862,2026-07-30T04:36:00Z,3.84,N,n,D,VIIRS_SNPP_NRT,1
-21.6557,127.0423,2026-07-30T04:36:00Z,7.09,N,n,D,VIIRS_SNPP_NRT,1
-21.6561,127.0378,2026-07-30T04:36:00Z,7.09,N,h,D,VIIRS_SNPP_NRT,1
-21.6576,127.0508,2026-07-30T04:36:00Z,7.81,N,n,D,VIIRS_SNPP_NRT,1
-21.658,127.0462,2026-07-30T04:36:00Z,7.81,N,n,D,VIIRS_SNPP_NRT,1
-21.6584,127.0416,2026-07-30T04:36:00Z,12.4,N,h,D,VIIRS_SNPP_NRT,1
-21.6586,127.0096,2026-07-30T04:36:00Z,3.31,N,l,D,VIIRS_SNPP_NRT,1
-21.6588,127.037,2026-07-30T04:36:00Z,12.4,N,h,D,VIIRS_SNPP_NRT,1
-21.6607,127.0135,2026-07-30T04:36:00Z,3.21,N,n,D,VIIRS_SNPP_NRT,1
-21.6613,127.0475,2026-07-30T04:36:00Z,5.5,N,n,D,VIIRS_SNPP_NRT,1
-21.6617,127.0429,2026-07-30T04:36:00Z,5.35,N,n,D,VIIRS_SNPP_NRT,1
-21.6621,127.0383,2026-07-30T04:36:00Z,5.35,N,h,D,VIIRS_SNPP_NRT,1
-21.7166,130.9568,2026-07-30T04:36:00Z,7.81,N,n,D,VIIRS_SNPP_NRT,1
-21.7191,130.9545,2026-07-30T04:36:00Z,7.87,N,n,D,VIIRS_SNPP_NRT,1
-21.9489,126.9426,2026-07-30T04:36:00Z,2.54,N,n,D,VIIRS_SNPP_NRT,1
-21.9493,126.9378,2026-07-30T04:36:00Z,2.54,N,n,D,VIIRS_SNPP_NRT,1
-21.955,126.9432,2026-07-30T04:36:00Z,2.54,N,l,D,VIIRS_SNPP_NRT,1
-21.961,126.9437,2026-07-30T04:36:00Z,3.29,N,n,D,VIIRS_SNPP_NRT,1
-22.103,126.1895,2026-07-30T04:36:00Z,7.23,N,n,D,VIIRS_SNPP_NRT,1
-22.1089,126.1955,2026-07-30T04:36:00Z,5.26,N,n,D,VIIRS_SNPP_NRT,1
-22.1266,126.2136,2026-07-30T04:36:00Z,4.09,N,n,D,VIIRS_SNPP_NRT,1
-21.5973,126.3742,2026-07-30T04:36:00Z,29.24,N,h,D,VIIRS_SNPP_NRT,1
-21.5969,126.3794,2026-07-30T04:36:00Z,29.24,N,n,D,VIIRS_SNPP_NRT,1
-21.5133,149.3082,2026-07-30T04:36:00Z,2.86,N,n,D,VIIRS_SNPP_NRT,1
-21.1114,127.6988,2026-07-30T04:36:00Z,15.32,N,h,D,VIIRS_SNPP_NRT,1
-21.1032,127.7148,2026-07-30T04:36:00Z,8.82,N,h,D,VIIRS_SNPP_NRT,1
-21.1036,127.7107,2026-07-30T04:36:00Z,8.82,N,n,D,VIIRS_SNPP_NRT,1
-21.1039,127.7188,2026-07-30T04:36:00Z,7.88,N,n,D,VIIRS_SNPP_NRT,1
-21.104,127.7066,2026-07-30T04:36:00Z,31.37,N,n,D,VIIRS_SNPP_NRT,1
-21.1042,127.7147,2026-07-30T04:36:00Z,8.82,N,h,D,VIIRS_SNPP_NRT,1
-21.1044,127.7025,2026-07-30T04:36:00Z,31.37,N,h,D,VIIRS_SNPP_NRT,1
-21.1046,127.7105,2026-07-30T04:36:00Z,8.82,N,n,D,VIIRS_SNPP_NRT,1
-21.105,127.7064,2026-07-30T04:36:00Z,48.5,N,n,D,VIIRS_SNPP_NRT,1
-21.1052,127.6943,2026-07-30T04:36:00Z,101.18,N,n,D,VIIRS_SNPP_NRT,1
-21.1054,127.7023,2026-07-30T04:36:00Z,48.5,N,h,D,VIIRS_SNPP_NRT,1
-21.1057,127.6982,2026-07-30T04:36:00Z,51.08,N,l,D,VIIRS_SNPP_NRT,1
-21.1111,127.7029,2026-07-30T04:36:00Z,5.95,N,n,D,VIIRS_SNPP_NRT,1
-21.1118,127.6946,2026-07-30T04:36:00Z,15.32,N,n,D,VIIRS_SNPP_NRT,1
-21.5116,149.3077,2026-07-30T04:36:00Z,3.23,N,n,D,VIIRS_SNPP_NRT,1
-21.2534,127.804,2026-07-30T04:36:00Z,12.11,N,n,D,VIIRS_SNPP_NRT,1
-21.2588,127.8086,2026-07-30T04:36:00Z,13.41,N,n,D,VIIRS_SNPP_NRT,1
-21.2592,127.8045,2026-07-30T04:36:00Z,12.11,N,h,D,VIIRS_SNPP_NRT,1
-21.2595,127.8004,2026-07-30T04:36:00Z,12.11,N,h,D,VIIRS_SNPP_NRT,1
-21.2599,127.7964,2026-07-30T04:36:00Z,7.91,N,n,D,VIIRS_SNPP_NRT,1
-21.2644,127.8092,2026-07-30T04:36:00Z,3.25,N,n,D,VIIRS_SNPP_NRT,1
-21.2697,127.8138,2026-07-30T04:36:00Z,3.25,N,n,D,VIIRS_SNPP_NRT,1
-21.275,127.8185,2026-07-30T04:36:00Z,10.29,N,n,D,VIIRS_SNPP_NRT,1
-21.2754,127.8144,2026-07-30T04:36:00Z,13.48,N,h,D,VIIRS_SNPP_NRT,1
-21.2766,127.8186,2026-07-30T04:36:00Z,7.52,N,n,D,VIIRS_SNPP_NRT,1
-21.2769,127.8144,2026-07-30T04:36:00Z,8.13,N,h,D,VIIRS_SNPP_NRT,1
-21.4016,149.0226,2026-07-30T04:36:00Z,9.55,N,h,D,VIIRS_SNPP_NRT,1
-22.6369,128.4126,2026-07-30T04:36:00Z,3.44,N,n,D,VIIRS_SNPP_NRT,1
-22.6372,128.4087,2026-07-30T04:36:00Z,3.44,N,n,D,VIIRS_SNPP_NRT,1
-22.7272,130.7978,2026-07-30T04:36:00Z,120.4,N,n,D,VIIRS_SNPP_NRT,1
-17.7671,138.7743,2026-07-30T04:36:00Z,2.68,N,n,D,VIIRS_SNPP_NRT,1
-22.8214,131.94,2026-07-30T04:36:00Z,3.19,N,n,D,VIIRS_SNPP_NRT,1
-22.9373,131.7744,2026-07-30T04:36:00Z,5.56,N,n,D,VIIRS_SNPP_NRT,1
-22.9379,131.7696,2026-07-30T04:36:00Z,5.56,N,n,D,VIIRS_SNPP_NRT,1
-23.3772,131.4212,2026-07-30T04:36:00Z,11.84,N,n,D,VIIRS_SNPP_NRT,1
-23.3778,131.4161,2026-07-30T04:36:00Z,11.84,N,n,D,VIIRS_SNPP_NRT,1
-23.3818,131.4224,2026-07-30T04:36:00Z,9.19,N,n,D,VIIRS_SNPP_NRT,1
-23.3824,131.4173,2026-07-30T04:36:00Z,9.19,N,n,D,VIIRS_SNPP_NRT,1
-23.6081,131.9782,2026-07-30T04:36:00Z,2.08,N,n,D,VIIRS_SNPP_NRT,1
-23.6147,131.9594,2026-07-30T04:36:00Z,9.07,N,n,D,VIIRS_SNPP_NRT,1
-16.9877,145.5729,2026-07-30T04:36:00Z,5.46,N,n,D,VIIRS_SNPP_NRT,1
-17.1486,145.6949,2026-07-30T04:36:00Z,5.82,N,n,D,VIIRS_SNPP_NRT,1
-17.7637,138.7737,2026-07-30T04:36:00Z,2.45,N,n,D,VIIRS_SNPP_NRT,1
-17.7711,138.7711,2026-07-30T04:36:00Z,3.06,N,n,D,VIIRS_SNPP_NRT,1
-22.813,131.9342,2026-07-30T04:36:00Z,6.16,N,n,D,VIIRS_SNPP_NRT,1
-17.7751,138.768,2026-07-30T04:36:00Z,2.89,N,n,D,VIIRS_SNPP_NRT,1
-17.7757,138.7642,2026-07-30T04:36:00Z,3.5,N,n,D,VIIRS_SNPP_NRT,1
-17.779,138.7648,2026-07-30T04:36:00Z,3.5,N,n,D,VIIRS_SNPP_NRT,1
-17.7824,138.7654,2026-07-30T04:36:00Z,5.48,N,n,D,VIIRS_SNPP_NRT,1
-17.7858,138.766,2026-07-30T04:36:00Z,5.48,N,n,D,VIIRS_SNPP_NRT,1
-17.7864,138.7622,2026-07-30T04:36:00Z,5.48,N,n,D,VIIRS_SNPP_NRT,1
-17.7904,138.7591,2026-07-30T04:36:00Z,2.26,N,l,D,VIIRS_SNPP_NRT,1
-17.7944,138.7559,2026-07-30T04:36:00Z,2.26,N,l,D,VIIRS_SNPP_NRT,1
-17.7989,138.749,2026-07-30T04:36:00Z,3.47,N,l,D,VIIRS_SNPP_NRT,1
-17.8063,138.7465,2026-07-30T04:36:00Z,3.91,N,l,D,VIIRS_SNPP_NRT,1
-17.8102,138.7433,2026-07-30T04:36:00Z,3.91,N,n,D,VIIRS_SNPP_NRT,1
-17.8108,138.7396,2026-07-30T04:36:00Z,7.98,N,n,D,VIIRS_SNPP_NRT,1
-22.815,132.0375,2026-07-30T04:36:00Z,7.05,N,n,D,VIIRS_SNPP_NRT,1
-22.8125,131.9389,2026-07-30T04:36:00Z,5.58,N,n,D,VIIRS_SNPP_NRT,1
-22.7277,130.7924,2026-07-30T04:36:00Z,72.73,N,l,D,VIIRS_SNPP_NRT,1
-22.7857,131.5935,2026-07-30T04:36:00Z,10.04,N,n,D,VIIRS_SNPP_NRT,1
-22.7283,130.7868,2026-07-30T04:36:00Z,72.73,N,n,D,VIIRS_SNPP_NRT,1
-22.7289,130.7813,2026-07-30T04:36:00Z,16.25,N,n,D,VIIRS_SNPP_NRT,1
-22.7294,130.7759,2026-07-30T04:36:00Z,16.25,N,n,D,VIIRS_SNPP_NRT,1
-22.7337,130.7819,2026-07-30T04:36:00Z,7.82,N,n,D,VIIRS_SNPP_NRT,1
-22.7342,130.7764,2026-07-30T04:36:00Z,7.82,N,n,D,VIIRS_SNPP_NRT,1
-22.7565,131.649,2026-07-30T04:36:00Z,6.63,N,n,D,VIIRS_SNPP_NRT,1
-22.7571,131.6442,2026-07-30T04:36:00Z,6.63,N,n,D,VIIRS_SNPP_NRT,1
-22.7605,131.6544,2026-07-30T04:36:00Z,8.76,N,n,D,VIIRS_SNPP_NRT,1
-22.7645,131.6598,2026-07-30T04:36:00Z,5.56,N,n,D,VIIRS_SNPP_NRT,1
-22.7811,131.593,2026-07-30T04:36:00Z,10.04,N,n,D,VIIRS_SNPP_NRT,1
-22.7817,131.5881,2026-07-30T04:36:00Z,10.04,N,h,D,VIIRS_SNPP_NRT,1
-22.7856,132.0201,2026-07-30T04:36:00Z,9.48,N,n,D,VIIRS_SNPP_NRT,1
-22.786,132.0156,2026-07-30T04:36:00Z,11.65,N,n,D,VIIRS_SNPP_NRT,1
-22.8092,132.0089,2026-07-30T04:36:00Z,4.52,N,n,D,VIIRS_SNPP_NRT,1
-22.7862,131.5886,2026-07-30T04:36:00Z,10.04,N,n,D,VIIRS_SNPP_NRT,1
-22.7895,132.0252,2026-07-30T04:36:00Z,9.48,N,n,D,VIIRS_SNPP_NRT,1
-22.79,132.0205,2026-07-30T04:36:00Z,9.48,N,n,D,VIIRS_SNPP_NRT,1
-22.7931,131.6093,2026-07-30T04:36:00Z,5.35,N,n,D,VIIRS_SNPP_NRT,1
-22.7939,132.0257,2026-07-30T04:36:00Z,3.89,N,n,D,VIIRS_SNPP_NRT,1
-22.794,131.984,2026-07-30T04:36:00Z,3.98,N,n,D,VIIRS_SNPP_NRT,1
-22.7949,131.6342,2026-07-30T04:36:00Z,4.29,N,n,D,VIIRS_SNPP_NRT,1
-22.7955,131.6293,2026-07-30T04:36:00Z,4.29,N,n,D,VIIRS_SNPP_NRT,1
-22.8072,132.0272,2026-07-30T04:36:00Z,5.46,N,n,D,VIIRS_SNPP_NRT,1
-22.8077,132.0226,2026-07-30T04:36:00Z,5.46,N,n,D,VIIRS_SNPP_NRT,1
-22.8082,132.018,2026-07-30T04:36:00Z,7.68,N,n,D,VIIRS_SNPP_NRT,1
-22.8087,132.0135,2026-07-30T04:36:00Z,7.68,N,n,D,VIIRS_SNPP_NRT,1
-21.0179,127.7645,2026-07-30T04:36:00Z,7.26,N,n,D,VIIRS_SNPP_NRT,1
-21.1061,127.6941,2026-07-30T04:36:00Z,51.08,N,n,D,VIIRS_SNPP_NRT,1
-21.0172,127.7726,2026-07-30T04:36:00Z,8.67,N,h,D,VIIRS_SNPP_NRT,1
-20.5549,127.9074,2026-07-30T04:36:00Z,8.51,N,n,D,VIIRS_SNPP_NRT,1
-19.6448,146.2297,2026-07-30T04:36:00Z,17.65,N,n,D,VIIRS_SNPP_NRT,1
-19.6459,146.2402,2026-07-30T04:36:00Z,6.72,N,n,D,VIIRS_SNPP_NRT,1
-19.647,146.2345,2026-07-30T04:36:00Z,6.72,N,n,D,VIIRS_SNPP_NRT,1
-19.6482,146.2288,2026-07-30T04:36:00Z,9.6,N,n,D,VIIRS_SNPP_NRT,1
-19.6497,146.2308,2026-07-30T04:36:00Z,17.65,N,n,D,VIIRS_SNPP_NRT,1
-19.6519,146.2356,2026-07-30T04:36:00Z,6.72,N,n,D,VIIRS_SNPP_NRT,1
-19.653,146.2299,2026-07-30T04:36:00Z,9.6,N,n,D,VIIRS_SNPP_NRT,1
-19.6542,146.2242,2026-07-30T04:36:00Z,9.6,N,n,D,VIIRS_SNPP_NRT,1
-19.6545,146.2319,2026-07-30T04:36:00Z,6.0,N,n,D,VIIRS_SNPP_NRT,1
-19.6553,146.2186,2026-07-30T04:36:00Z,8.47,N,n,D,VIIRS_SNPP_NRT,1
-19.6557,146.2262,2026-07-30T04:36:00Z,12.64,N,n,D,VIIRS_SNPP_NRT,1
-19.658,146.215,2026-07-30T04:36:00Z,5.09,N,n,D,VIIRS_SNPP_NRT,1
-19.7171,127.5825,2026-07-30T04:36:00Z,21.75,N,h,D,VIIRS_SNPP_NRT,1
-19.7175,127.5785,2026-07-30T04:36:00Z,8.94,N,n,D,VIIRS_SNPP_NRT,1
-19.7195,127.5867,2026-07-30T04:36:00Z,20.13,N,n,D,VIIRS_SNPP_NRT,1
-21.0168,127.7766,2026-07-30T04:36:00Z,9.78,N,n,D,VIIRS_SNPP_NRT,1
-19.721,127.5706,2026-07-30T04:36:00Z,2.38,N,l,D,VIIRS_SNPP_NRT,1
-19.7228,127.5831,2026-07-30T04:36:00Z,21.75,N,n,D,VIIRS_SNPP_NRT,1
-19.7232,127.5791,2026-07-30T04:36:00Z,8.94,N,n,D,VIIRS_SNPP_NRT,1
-19.724,127.5711,2026-07-30T04:36:00Z,2.55,N,n,D,VIIRS_SNPP_NRT,1
-19.7259,127.5793,2026-07-30T04:36:00Z,14.42,N,l,D,VIIRS_SNPP_NRT,1
-19.7369,147.2578,2026-07-30T04:36:00Z,4.3,N,n,D,VIIRS_SNPP_NRT,1
-19.7376,147.2546,2026-07-30T04:36:00Z,4.3,N,n,D,VIIRS_SNPP_NRT,1
-20.5522,127.897,2026-07-30T04:36:00Z,7.82,N,n,D,VIIRS_SNPP_NRT,1
-20.5525,127.8931,2026-07-30T04:36:00Z,7.82,N,n,D,VIIRS_SNPP_NRT,1
-20.5529,127.8892,2026-07-30T04:36:00Z,11.57,N,h,D,VIIRS_SNPP_NRT,1
-20.5542,127.9152,2026-07-30T04:36:00Z,9.17,N,n,D,VIIRS_SNPP_NRT,1
-19.6422,146.2334,2026-07-30T04:36:00Z,7.33,N,n,D,VIIRS_SNPP_NRT,1
-19.6373,146.2323,2026-07-30T04:36:00Z,7.33,N,n,D,VIIRS_SNPP_NRT,1
-19.6351,146.2436,2026-07-30T04:36:00Z,17.99,N,n,D,VIIRS_SNPP_NRT,1
-18.0186,143.8814,2026-07-30T04:36:00Z,5.35,N,n,D,VIIRS_SNPP_NRT,1
-17.901,139.0067,2026-07-30T04:36:00Z,9.2,N,n,D,VIIRS_SNPP_NRT,1
-17.9016,139.0029,2026-07-30T04:36:00Z,6.53,N,n,D,VIIRS_SNPP_NRT,1
-17.9043,139.0073,2026-07-30T04:36:00Z,9.2,N,l,D,VIIRS_SNPP_NRT,1
-17.905,139.0035,2026-07-30T04:36:00Z,6.53,N,l,D,VIIRS_SNPP_NRT,1
-17.9077,139.0079,2026-07-30T04:36:00Z,3.25,N,l,D,VIIRS_SNPP_NRT,1
-17.9406,139.0413,2026-07-30T04:36:00Z,3.79,N,n,D,VIIRS_SNPP_NRT,1
-17.9518,145.4121,2026-07-30T04:36:00Z,4.0,N,n,D,VIIRS_SNPP_NRT,1
-17.957,145.3855,2026-07-30T04:36:00Z,5.16,N,n,D,VIIRS_SNPP_NRT,1
-17.9644,145.3982,2026-07-30T04:36:00Z,5.72,N,n,D,VIIRS_SNPP_NRT,1
-18.0097,143.905,2026-07-30T04:36:00Z,6.36,N,n,D,VIIRS_SNPP_NRT,1
-18.0155,143.898,2026-07-30T04:36:00Z,11.22,N,n,D,VIIRS_SNPP_NRT,1
-18.0178,143.8855,2026-07-30T04:36:00Z,7.43,N,n,D,VIIRS_SNPP_NRT,1
-18.2904,145.9969,2026-07-30T04:36:00Z,5.17,N,n,D,VIIRS_SNPP_NRT,1
-19.6339,146.2493,2026-07-30T04:36:00Z,17.99,N,n,D,VIIRS_SNPP_NRT,1
-18.2914,145.9978,2026-07-30T04:36:00Z,5.22,N,n,D,VIIRS_SNPP_NRT,1
-18.2917,145.9904,2026-07-30T04:36:00Z,11.95,N,n,D,VIIRS_SNPP_NRT,1
-18.2927,145.9913,2026-07-30T04:36:00Z,5.22,N,n,D,VIIRS_SNPP_NRT,1
-18.2942,146.0032,2026-07-30T04:36:00Z,7.7,N,n,D,VIIRS_SNPP_NRT,1
-18.2955,145.9967,2026-07-30T04:36:00Z,7.7,N,n,D,VIIRS_SNPP_NRT,1
-18.2966,145.9976,2026-07-30T04:36:00Z,5.22,N,n,D,VIIRS_SNPP_NRT,1
-18.2968,145.99,2026-07-30T04:36:00Z,4.66,N,n,D,VIIRS_SNPP_NRT,1
-18.2979,145.991,2026-07-30T04:36:00Z,5.22,N,n,D,VIIRS_SNPP_NRT,1
-18.3074,146.0448,2026-07-30T04:36:00Z,14.4,N,n,D,VIIRS_SNPP_NRT,1
-18.3087,146.0386,2026-07-30T04:36:00Z,6.21,N,n,D,VIIRS_SNPP_NRT,1
-18.8409,145.8503,2026-07-30T04:36:00Z,5.04,N,n,D,VIIRS_SNPP_NRT,1
-19.6294,146.1716,2026-07-30T04:36:00Z,5.64,N,n,D,VIIRS_SNPP_NRT,1
-20.5545,127.9113,2026-07-30T04:36:00Z,8.51,N,n,D,VIIRS_SNPP_NRT,1
-19.7199,127.5827,2026-07-30T04:36:00Z,20.13,N,n,D,VIIRS_SNPP_NRT,1
-20.5553,127.9034,2026-07-30T04:36:00Z,13.86,N,n,D,VIIRS_SNPP_NRT,1
-20.5672,127.8967,2026-07-30T04:36:00Z,146.07,N,n,D,VIIRS_SNPP_NRT,1
-20.5676,127.8928,2026-07-30T04:36:00Z,146.07,N,l,D,VIIRS_SNPP_NRT,1
-20.5873,137.9299,2026-07-30T04:36:00Z,5.17,N,n,D,VIIRS_SNPP_NRT,1
-20.568,127.8889,2026-07-30T04:36:00Z,169.05,N,l,D,VIIRS_SNPP_NRT,1
-20.5683,127.885,2026-07-30T04:36:00Z,169.05,N,l,D,VIIRS_SNPP_NRT,1
-20.5687,127.8811,2026-07-30T04:36:00Z,29.5,N,n,D,VIIRS_SNPP_NRT,1
-20.57,137.9308,2026-07-30T04:36:00Z,126.09,N,n,D,VIIRS_SNPP_NRT,1
-20.5712,137.9234,2026-07-30T04:36:00Z,33.14,N,n,D,VIIRS_SNPP_NRT,1
-20.5745,137.924,2026-07-30T04:36:00Z,33.14,N,n,D,VIIRS_SNPP_NRT,1
-20.5761,137.9356,2026-07-30T04:36:00Z,30.72,N,n,D,VIIRS_SNPP_NRT,1
-20.5767,137.9319,2026-07-30T04:36:00Z,85.46,N,h,D,VIIRS_SNPP_NRT,1
-20.5556,127.8995,2026-07-30T04:36:00Z,13.86,N,n,D,VIIRS_SNPP_NRT,1
-21.0115,127.772,2026-07-30T04:36:00Z,8.67,N,n,D,VIIRS_SNPP_NRT,1
-20.5982,137.9395,2026-07-30T04:36:00Z,5.11,N,h,D,VIIRS_SNPP_NRT,1
-20.5954,137.9353,2026-07-30T04:36:00Z,6.31,N,n,D,VIIRS_SNPP_NRT,1
-20.5948,137.939,2026-07-30T04:36:00Z,5.11,N,n,D,VIIRS_SNPP_NRT,1
-20.5943,137.9427,2026-07-30T04:36:00Z,5.11,N,n,D,VIIRS_SNPP_NRT,1
-20.592,137.9347,2026-07-30T04:36:00Z,6.4,N,n,D,VIIRS_SNPP_NRT,1
-20.5909,137.9421,2026-07-30T04:36:00Z,19.21,N,n,D,VIIRS_SNPP_NRT,1
-20.5893,137.9304,2026-07-30T04:36:00Z,6.4,N,n,D,VIIRS_SNPP_NRT,1
-20.5881,137.9378,2026-07-30T04:36:00Z,19.21,N,n,D,VIIRS_SNPP_NRT,1
-20.5778,137.9245,2026-07-30T04:36:00Z,5.35,N,n,D,VIIRS_SNPP_NRT,1
-20.5795,137.9362,2026-07-30T04:36:00Z,30.72,N,n,D,VIIRS_SNPP_NRT,1
-20.5812,137.9251,2026-07-30T04:36:00Z,5.35,N,n,D,VIIRS_SNPP_NRT,1
-20.584,137.9294,2026-07-30T04:36:00Z,5.17,N,n,D,VIIRS_SNPP_NRT,1
-20.5845,137.9257,2026-07-30T04:36:00Z,2.9,N,n,D,VIIRS_SNPP_NRT,1
-20.5673,137.9265,2026-07-30T04:36:00Z,28.92,N,n,D,VIIRS_SNPP_NRT,1
-20.5678,137.9228,2026-07-30T04:36:00Z,149.76,N,h,D,VIIRS_SNPP_NRT,1
-20.5669,127.9006,2026-07-30T04:36:00Z,40.16,N,h,D,VIIRS_SNPP_NRT,1
-20.5639,137.926,2026-07-30T04:36:00Z,28.92,N,n,D,VIIRS_SNPP_NRT,1
-20.5558,127.9171,2026-07-30T04:36:00Z,7.27,N,n,D,VIIRS_SNPP_NRT,1
-20.556,127.8956,2026-07-30T04:36:00Z,14.39,N,n,D,VIIRS_SNPP_NRT,1
-20.5562,127.9132,2026-07-30T04:36:00Z,8.36,N,h,D,VIIRS_SNPP_NRT,1
-20.5564,127.8917,2026-07-30T04:36:00Z,14.39,N,h,D,VIIRS_SNPP_NRT,1
-20.5566,127.9093,2026-07-30T04:36:00Z,8.36,N,n,D,VIIRS_SNPP_NRT,1
-20.5567,127.8878,2026-07-30T04:36:00Z,8.72,N,n,D,VIIRS_SNPP_NRT,1
-20.557,127.9054,2026-07-30T04:36:00Z,8.64,N,n,D,VIIRS_SNPP_NRT,1
-20.5571,127.8839,2026-07-30T04:36:00Z,8.72,N,n,D,VIIRS_SNPP_NRT,1
-20.5574,127.9015,2026-07-30T04:36:00Z,8.64,N,n,D,VIIRS_SNPP_NRT,1
-20.5582,127.8937,2026-07-30T04:36:00Z,7.82,N,n,D,VIIRS_SNPP_NRT,1
-20.5586,127.8898,2026-07-30T04:36:00Z,11.57,N,h,D,VIIRS_SNPP_NRT,1
-20.5589,127.8859,2026-07-30T04:36:00Z,11.57,N,h,D,VIIRS_SNPP_NRT,1
-20.5593,127.882,2026-07-30T04:36:00Z,3.86,N,n,D,VIIRS_SNPP_NRT,1
-20.5597,127.8781,2026-07-30T04:36:00Z,3.86,N,n,D,VIIRS_SNPP_NRT,1
-20.5862,137.9373,2026-07-30T04:36:00Z,75.3,N,n,D,VIIRS_SNPP_NRT,1
-20.5605,127.9079,2026-07-30T04:36:00Z,8.51,N,n,D,VIIRS_SNPP_NRT,1
-20.5613,127.9001,2026-07-30T04:36:00Z,13.86,N,h,D,VIIRS_SNPP_NRT,1
-20.5635,127.8766,2026-07-30T04:36:00Z,6.78,N,n,D,VIIRS_SNPP_NRT,1
-20.5631,127.8806,2026-07-30T04:36:00Z,6.78,N,n,D,VIIRS_SNPP_NRT,1
-20.5627,127.8845,2026-07-30T04:36:00Z,8.72,N,n,D,VIIRS_SNPP_NRT,1
-20.5624,127.8884,2026-07-30T04:36:00Z,8.72,N,n,D,VIIRS_SNPP_NRT,1
-20.5598,127.9157,2026-07-30T04:36:00Z,9.17,N,n,D,VIIRS_SNPP_NRT,1
-20.562,127.8923,2026-07-30T04:36:00Z,14.39,N,n,D,VIIRS_SNPP_NRT,1
-20.5602,127.9118,2026-07-30T04:36:00Z,8.51,N,h,D,VIIRS_SNPP_NRT,1
-20.5616,127.8962,2026-07-30T04:36:00Z,14.39,N,n,D,VIIRS_SNPP_NRT,1
-20.5609,127.904,2026-07-30T04:36:00Z,13.86,N,h,D,VIIRS_SNPP_NRT,1
-25.4624,152.2486,2026-07-30T04:34:00Z,4.85,N,n,D,VIIRS_SNPP_NRT,1
-25.4665,152.249,2026-07-30T04:34:00Z,10.31,N,n,D,VIIRS_SNPP_NRT,1
-25.8751,150.2637,2026-07-30T04:34:00Z,2.77,N,n,D,VIIRS_SNPP_NRT,1
-25.8697,150.2622,2026-07-30T04:34:00Z,2.17,N,n,D,VIIRS_SNPP_NRT,1
-25.8168,152.7714,2026-07-30T04:34:00Z,5.77,N,n,D,VIIRS_SNPP_NRT,1
-25.4578,152.2576,2026-07-30T04:34:00Z,6.68,N,n,D,VIIRS_SNPP_NRT,1
-25.4598,152.259,2026-07-30T04:34:00Z,6.28,N,n,D,VIIRS_SNPP_NRT,1
-25.4611,152.2537,2026-07-30T04:34:00Z,4.85,N,n,D,VIIRS_SNPP_NRT,1
-22.767,149.8453,2026-07-30T04:34:00Z,4.23,N,n,D,VIIRS_SNPP_NRT,1
-25.8795,150.2694,2026-07-30T04:34:00Z,2.77,N,n,D,VIIRS_SNPP_NRT,1
-23.8327,148.2844,2026-07-30T04:34:00Z,73.66,N,l,D,VIIRS_SNPP_NRT,1
-22.558,148.8638,2026-07-30T04:34:00Z,1.99,N,l,D,VIIRS_SNPP_NRT,1
-22.7724,149.8479,2026-07-30T04:34:00Z,4.98,N,n,D,VIIRS_SNPP_NRT,1
-22.7732,149.8468,2026-07-30T04:34:00Z,6.53,N,n,D,VIIRS_SNPP_NRT,1
-22.7733,149.8439,2026-07-30T04:34:00Z,4.98,N,h,D,VIIRS_SNPP_NRT,1
-22.7741,149.8428,2026-07-30T04:34:00Z,6.53,N,n,D,VIIRS_SNPP_NRT,1
-22.7789,149.8458,2026-07-30T04:34:00Z,4.98,N,n,D,VIIRS_SNPP_NRT,1
-23.832,148.2877,2026-07-30T04:34:00Z,110.55,N,h,D,VIIRS_SNPP_NRT,1
-23.837,148.289,2026-07-30T04:34:00Z,12.7,N,h,D,VIIRS_SNPP_NRT,1
-24.7167,150.971,2026-07-30T04:34:00Z,5.04,N,n,D,VIIRS_SNPP_NRT,1
-23.8377,148.2858,2026-07-30T04:34:00Z,9.66,N,n,D,VIIRS_SNPP_NRT,1
-24.5286,144.318,2026-07-30T04:34:00Z,6.1,N,n,D,VIIRS_SNPP_NRT,1
-24.5963,148.6785,2026-07-30T04:34:00Z,3.57,N,n,D,VIIRS_SNPP_NRT,1
-24.5999,148.6864,2026-07-30T04:34:00Z,8.11,N,n,D,VIIRS_SNPP_NRT,1
-24.6006,148.6832,2026-07-30T04:34:00Z,8.11,N,h,D,VIIRS_SNPP_NRT,1
-24.6014,148.6799,2026-07-30T04:34:00Z,3.68,N,n,D,VIIRS_SNPP_NRT,1
-24.7131,150.9703,2026-07-30T04:34:00Z,4.51,N,n,D,VIIRS_SNPP_NRT,1
-25.8778,150.2523,2026-07-30T04:34:00Z,5.74,N,n,D,VIIRS_SNPP_NRT,1
-27.3412,150.6602,2026-07-30T04:34:00Z,5.56,N,n,D,VIIRS_SNPP_NRT,1
-25.8805,150.2655,2026-07-30T04:34:00Z,2.77,N,n,D,VIIRS_SNPP_NRT,1
-28.6742,148.6397,2026-07-30T04:34:00Z,6.22,N,n,D,VIIRS_SNPP_NRT,1
-28.9025,146.721,2026-07-30T04:34:00Z,12.76,N,h,D,VIIRS_SNPP_NRT,1
-28.901,146.707,2026-07-30T04:34:00Z,5.79,N,n,D,VIIRS_SNPP_NRT,1
-28.8607,152.0203,2026-07-30T04:34:00Z,2.91,N,n,D,VIIRS_SNPP_NRT,1
-28.8582,147.6823,2026-07-30T04:34:00Z,5.25,N,n,D,VIIRS_SNPP_NRT,1
-28.8551,152.0187,2026-07-30T04:34:00Z,2.91,N,n,D,VIIRS_SNPP_NRT,1
-28.8538,147.6811,2026-07-30T04:34:00Z,5.25,N,n,D,VIIRS_SNPP_NRT,1
-28.8519,151.3306,2026-07-30T04:34:00Z,4.71,N,n,D,VIIRS_SNPP_NRT,1
-28.7251,149.754,2026-07-30T04:34:00Z,5.3,N,n,D,VIIRS_SNPP_NRT,1
-28.5654,150.1564,2026-07-30T04:34:00Z,6.06,N,n,D,VIIRS_SNPP_NRT,1
-25.8841,150.25,2026-07-30T04:34:00Z,5.74,N,n,D,VIIRS_SNPP_NRT,1
-28.5092,148.3498,2026-07-30T04:34:00Z,12.37,N,n,D,VIIRS_SNPP_NRT,1
-28.5046,148.3485,2026-07-30T04:34:00Z,10.38,N,n,D,VIIRS_SNPP_NRT,1
-28.4696,149.6208,2026-07-30T04:34:00Z,7.11,N,n,D,VIIRS_SNPP_NRT,1
-28.4661,149.613,2026-07-30T04:34:00Z,7.11,N,n,D,VIIRS_SNPP_NRT,1
-28.4646,149.6194,2026-07-30T04:34:00Z,7.11,N,n,D,VIIRS_SNPP_NRT,1
-28.3544,150.7426,2026-07-30T04:34:00Z,5.34,N,n,D,VIIRS_SNPP_NRT,1
-28.3528,150.7394,2026-07-30T04:34:00Z,8.12,N,n,D,VIIRS_SNPP_NRT,1
-28.3519,150.7431,2026-07-30T04:34:00Z,12.77,N,h,D,VIIRS_SNPP_NRT,1
-28.9034,146.7166,2026-07-30T04:34:00Z,10.31,N,n,D,VIIRS_SNPP_NRT,1
-28.9041,146.735,2026-07-30T04:34:00Z,11.76,N,n,D,VIIRS_SNPP_NRT,1
-28.9043,146.7123,2026-07-30T04:34:00Z,10.31,N,n,D,VIIRS_SNPP_NRT,1
-28.9048,146.7533,2026-07-30T04:34:00Z,3.59,N,n,D,VIIRS_SNPP_NRT,1
-29.1528,148.4093,2026-07-30T04:34:00Z,4.04,N,n,D,VIIRS_SNPP_NRT,1
-29.1517,148.4146,2026-07-30T04:34:00Z,4.04,N,n,D,VIIRS_SNPP_NRT,1
-29.1505,148.4199,2026-07-30T04:34:00Z,17.2,N,n,D,VIIRS_SNPP_NRT,1
-28.9582,148.232,2026-07-30T04:34:00Z,3.33,N,n,D,VIIRS_SNPP_NRT,1
-28.911,149.8372,2026-07-30T04:34:00Z,6.99,N,n,D,VIIRS_SNPP_NRT,1
-28.9103,149.8324,2026-07-30T04:34:00Z,3.58,N,n,D,VIIRS_SNPP_NRT,1
-28.9098,146.7501,2026-07-30T04:34:00Z,2.48,N,n,D,VIIRS_SNPP_NRT,1
-28.9089,146.7544,2026-07-30T04:34:00Z,2.48,N,n,D,VIIRS_SNPP_NRT,1
-28.9088,149.8388,2026-07-30T04:34:00Z,9.88,N,n,D,VIIRS_SNPP_NRT,1
-28.9075,149.8293,2026-07-30T04:34:00Z,6.99,N,n,D,VIIRS_SNPP_NRT,1
-28.9074,146.7404,2026-07-30T04:34:00Z,6.8,N,n,D,VIIRS_SNPP_NRT,1
-28.9065,146.7447,2026-07-30T04:34:00Z,6.8,N,n,D,VIIRS_SNPP_NRT,1
-28.9061,149.8358,2026-07-30T04:34:00Z,6.99,N,n,D,VIIRS_SNPP_NRT,1
-28.9058,146.7264,2026-07-30T04:34:00Z,4.72,N,n,D,VIIRS_SNPP_NRT,1
-28.9056,146.749,2026-07-30T04:34:00Z,3.59,N,n,D,VIIRS_SNPP_NRT,1
-28.9054,149.831,2026-07-30T04:34:00Z,7.64,N,n,D,VIIRS_SNPP_NRT,1
-28.905,146.7306,2026-07-30T04:34:00Z,11.76,N,h,D,VIIRS_SNPP_NRT,1
-28.3467,150.7415,2026-07-30T04:34:00Z,12.77,N,n,D,VIIRS_SNPP_NRT,1
-28.3458,150.7452,2026-07-30T04:34:00Z,12.77,N,h,D,VIIRS_SNPP_NRT,1
-28.233,149.9155,2026-07-30T04:34:00Z,5.22,N,h,D,VIIRS_SNPP_NRT,1
-27.5971,151.8354,2026-07-30T04:34:00Z,7.5,N,n,D,VIIRS_SNPP_NRT,1
-27.5237,152.2305,2026-07-30T04:34:00Z,2.68,N,n,D,VIIRS_SNPP_NRT,1
-27.5172,152.1063,2026-07-30T04:34:00Z,4.27,N,n,D,VIIRS_SNPP_NRT,1
-27.3556,150.624,2026-07-30T04:34:00Z,4.61,N,n,D,VIIRS_SNPP_NRT,1
-27.3511,150.6429,2026-07-30T04:34:00Z,10.85,N,n,D,VIIRS_SNPP_NRT,1
-27.3502,150.6224,2026-07-30T04:34:00Z,2.96,N,n,D,VIIRS_SNPP_NRT,1
-27.3502,150.6467,2026-07-30T04:34:00Z,10.85,N,h,D,VIIRS_SNPP_NRT,1
-27.3493,150.6262,2026-07-30T04:34:00Z,7.18,N,n,D,VIIRS_SNPP_NRT,1
-27.3493,150.6504,2026-07-30T04:34:00Z,10.13,N,n,D,VIIRS_SNPP_NRT,1
-27.3484,150.6542,2026-07-30T04:34:00Z,10.13,N,h,D,VIIRS_SNPP_NRT,1
-27.3475,150.6337,2026-07-30T04:34:00Z,3.85,N,n,D,VIIRS_SNPP_NRT,1
-27.3475,150.6581,2026-07-30T04:34:00Z,9.13,N,n,D,VIIRS_SNPP_NRT,1
-27.3457,150.6413,2026-07-30T04:34:00Z,5.53,N,n,D,VIIRS_SNPP_NRT,1
-27.3448,150.645,2026-07-30T04:34:00Z,5.53,N,h,D,VIIRS_SNPP_NRT,1
-27.3439,150.6488,2026-07-30T04:34:00Z,8.98,N,h,D,VIIRS_SNPP_NRT,1
-27.343,150.6526,2026-07-30T04:34:00Z,8.98,N,h,D,VIIRS_SNPP_NRT,1
-27.3421,150.6564,2026-07-30T04:34:00Z,5.56,N,n,D,VIIRS_SNPP_NRT,1
-27.3412,150.6359,2026-07-30T04:34:00Z,3.85,N,n,D,VIIRS_SNPP_NRT,1
-27.596,151.8398,2026-07-30T04:34:00Z,6.73,N,n,D,VIIRS_SNPP_NRT,1
-27.7031,152.9212,2026-07-30T04:34:00Z,3.76,N,n,D,VIIRS_SNPP_NRT,1
-28.2314,149.9164,2026-07-30T04:34:00Z,11.63,N,h,D,VIIRS_SNPP_NRT,1
-27.7038,152.9226,2026-07-30T04:34:00Z,2.81,N,n,D,VIIRS_SNPP_NRT,1
-28.2279,149.9141,2026-07-30T04:34:00Z,3.88,N,n,D,VIIRS_SNPP_NRT,1
-28.2272,149.9174,2026-07-30T04:34:00Z,3.92,N,n,D,VIIRS_SNPP_NRT,1
-28.2259,152.5975,2026-07-30T04:34:00Z,2.39,N,n,D,VIIRS_SNPP_NRT,1
-27.9171,149.3231,2026-07-30T04:34:00Z,25.96,N,n,D,VIIRS_SNPP_NRT,1
-27.9159,149.3254,2026-07-30T04:34:00Z,16.13,N,n,D,VIIRS_SNPP_NRT,1
-27.9157,149.3294,2026-07-30T04:34:00Z,25.96,N,n,D,VIIRS_SNPP_NRT,1
-27.9144,149.3316,2026-07-30T04:34:00Z,33.4,N,n,D,VIIRS_SNPP_NRT,1
-27.911,149.324,2026-07-30T04:34:00Z,16.13,N,n,D,VIIRS_SNPP_NRT,1
-27.9108,149.3279,2026-07-30T04:34:00Z,9.32,N,n,D,VIIRS_SNPP_NRT,1
-27.8194,148.301,2026-07-30T04:34:00Z,6.56,N,n,D,VIIRS_SNPP_NRT,1
-27.8187,148.2984,2026-07-30T04:34:00Z,3.63,N,n,D,VIIRS_SNPP_NRT,1
-27.8142,148.8244,2026-07-30T04:34:00Z,8.31,N,n,D,VIIRS_SNPP_NRT,1
-27.8124,148.8192,2026-07-30T04:34:00Z,10.54,N,n,D,VIIRS_SNPP_NRT,1
-27.8111,148.8251,2026-07-30T04:34:00Z,10.54,N,n,D,VIIRS_SNPP_NRT,1
-27.8094,148.8231,2026-07-30T04:34:00Z,8.31,N,n,D,VIIRS_SNPP_NRT,1
-27.7224,151.1802,2026-07-30T04:34:00Z,2.55,N,n,D,VIIRS_SNPP_NRT,1
-27.7189,151.1804,2026-07-30T04:34:00Z,3.67,N,n,D,VIIRS_SNPP_NRT,1
-29.6426,149.253,2026-07-30T04:34:00Z,4.51,N,n,D,VIIRS_SNPP_NRT,1
-25.9972,152.65,2026-07-30T04:34:00Z,8.88,N,n,D,VIIRS_SNPP_NRT,1
-27.3359,150.6585,2026-07-30T04:34:00Z,5.56,N,n,D,VIIRS_SNPP_NRT,1
-27.095,152.0932,2026-07-30T04:34:00Z,1.69,N,n,D,VIIRS_SNPP_NRT,1
-27.104,153.3722,2026-07-30T04:34:00Z,74.99,N,n,D,VIIRS_SNPP_NRT,1
-27.1053,153.367,2026-07-30T04:34:00Z,23.89,N,n,D,VIIRS_SNPP_NRT,1
-27.1091,153.3786,2026-07-30T04:34:00Z,15.96,N,h,D,VIIRS_SNPP_NRT,1
-27.1103,153.3739,2026-07-30T04:34:00Z,15.96,N,h,D,VIIRS_SNPP_NRT,1
-27.1166,153.3754,2026-07-30T04:34:00Z,15.96,N,n,D,VIIRS_SNPP_NRT,1
-27.1179,153.3707,2026-07-30T04:34:00Z,16.05,N,n,D,VIIRS_SNPP_NRT,1
-27.1293,153.3788,2026-07-30T04:34:00Z,10.14,N,n,D,VIIRS_SNPP_NRT,1
-27.1331,153.3902,2026-07-30T04:34:00Z,4.42,N,n,D,VIIRS_SNPP_NRT,1
-27.3297,150.6363,2026-07-30T04:34:00Z,4.91,N,n,D,VIIRS_SNPP_NRT,1
-27.3306,150.6326,2026-07-30T04:34:00Z,3.46,N,n,D,VIIRS_SNPP_NRT,1
-27.3332,150.6456,2026-07-30T04:34:00Z,7.83,N,n,D,VIIRS_SNPP_NRT,1
-27.3341,150.6418,2026-07-30T04:34:00Z,4.91,N,n,D,VIIRS_SNPP_NRT,1
-27.335,150.6622,2026-07-30T04:34:00Z,6.36,N,n,D,VIIRS_SNPP_NRT,1
-27.335,150.638,2026-07-30T04:34:00Z,4.91,N,n,D,VIIRS_SNPP_NRT,1
-27.3359,150.6343,2026-07-30T04:34:00Z,3.46,N,n,D,VIIRS_SNPP_NRT,1
-27.3368,150.6548,2026-07-30T04:34:00Z,5.56,N,n,D,VIIRS_SNPP_NRT,1
-27.3368,150.6305,2026-07-30T04:34:00Z,3.46,N,n,D,VIIRS_SNPP_NRT,1
-27.3377,150.651,2026-07-30T04:34:00Z,8.98,N,n,D,VIIRS_SNPP_NRT,1
-27.3386,150.6473,2026-07-30T04:34:00Z,8.98,N,h,D,VIIRS_SNPP_NRT,1
-27.3394,150.6435,2026-07-30T04:34:00Z,5.53,N,n,D,VIIRS_SNPP_NRT,1
-27.3403,150.664,2026-07-30T04:34:00Z,6.36,N,n,D,VIIRS_SNPP_NRT,1
-27.1028,153.3769,2026-07-30T04:34:00Z,74.99,N,l,D,VIIRS_SNPP_NRT,1
-27.1242,153.3723,2026-07-30T04:34:00Z,7.73,N,n,D,VIIRS_SNPP_NRT,1
-27.0825,153.3768,2026-07-30T04:34:00Z,3.02,N,n,D,VIIRS_SNPP_NRT,1
-26.4088,149.2803,2026-07-30T04:34:00Z,4.88,N,h,D,VIIRS_SNPP_NRT,1
-25.8877,150.2595,2026-07-30T04:34:00Z,32.22,N,h,D,VIIRS_SNPP_NRT,1
-25.8886,150.2556,2026-07-30T04:34:00Z,33.46,N,n,D,VIIRS_SNPP_NRT,1
-25.8895,150.2517,2026-07-30T04:34:00Z,33.46,N,n,D,VIIRS_SNPP_NRT,1
-25.893,150.2612,2026-07-30T04:34:00Z,32.22,N,h,D,VIIRS_SNPP_NRT,1
-26.7045,150.9347,2026-07-30T04:34:00Z,4.45,N,n,D,VIIRS_SNPP_NRT,1
-25.8949,150.2532,2026-07-30T04:34:00Z,33.46,N,n,D,VIIRS_SNPP_NRT,1
-27.3404,150.6397,2026-07-30T04:34:00Z,5.53,N,n,D,VIIRS_SNPP_NRT,1
-25.9986,152.6447,2026-07-30T04:34:00Z,8.88,N,n,D,VIIRS_SNPP_NRT,1
-25.9999,152.6394,2026-07-30T04:34:00Z,12.33,N,n,D,VIIRS_SNPP_NRT,1
-26.408,149.2837,2026-07-30T04:34:00Z,4.88,N,n,D,VIIRS_SNPP_NRT,1
-25.894,150.2572,2026-07-30T04:34:00Z,33.46,N,n,D,VIIRS_SNPP_NRT,1
-26.4094,149.2828,2026-07-30T04:34:00Z,10.83,N,h,D,VIIRS_SNPP_NRT,1
-26.4102,149.2794,2026-07-30T04:34:00Z,9.5,N,n,D,VIIRS_SNPP_NRT,1
-26.4138,149.2817,2026-07-30T04:34:00Z,4.88,N,n,D,VIIRS_SNPP_NRT,1
-26.5291,151.88,2026-07-30T04:34:00Z,6.54,N,h,D,VIIRS_SNPP_NRT,1
-26.5349,151.882,2026-07-30T04:34:00Z,6.54,N,n,D,VIIRS_SNPP_NRT,1
-26.6018,146.941,2026-07-30T04:34:00Z,11.0,N,n,D,VIIRS_SNPP_NRT,1
-26.6028,146.9362,2026-07-30T04:34:00Z,11.0,N,n,D,VIIRS_SNPP_NRT,1
-26.4095,149.2769,2026-07-30T04:34:00Z,4.84,N,n,D,VIIRS_SNPP_NRT,1
-26.6062,146.9421,2026-07-30T04:34:00Z,9.01,N,n,D,VIIRS_SNPP_NRT,1
-32.6882,147.0381,2026-07-30T04:32:00Z,7.25,N,n,D,VIIRS_SNPP_NRT,1
-33.0577,151.2894,2026-07-30T04:32:00Z,25.88,N,n,D,VIIRS_SNPP_NRT,1
-33.0576,151.2891,2026-07-30T04:32:00Z,23.47,N,n,D,VIIRS_SNPP_NRT,1
-32.8134,146.396,2026-07-30T04:32:00Z,4.37,N,n,D,VIIRS_SNPP_NRT,1
-32.692,145.902,2026-07-30T04:32:00Z,16.95,N,n,D,VIIRS_SNPP_NRT,1
-32.6912,145.9044,2026-07-30T04:32:00Z,20.97,N,n,D,VIIRS_SNPP_NRT,1
-32.6898,147.0428,2026-07-30T04:32:00Z,9.55,N,n,D,VIIRS_SNPP_NRT,1
-32.4056,147.8674,2026-07-30T04:32:00Z,4.23,N,n,D,VIIRS_SNPP_NRT,1
-32.687,147.044,2026-07-30T04:32:00Z,7.25,N,n,D,VIIRS_SNPP_NRT,1
-32.637,146.2627,2026-07-30T04:32:00Z,3.08,N,n,D,VIIRS_SNPP_NRT,1
-32.5687,146.9571,2026-07-30T04:32:00Z,5.66,N,n,D,VIIRS_SNPP_NRT,1
-32.4054,147.869,2026-07-30T04:32:00Z,4.8,N,n,D,VIIRS_SNPP_NRT,1
-32.364,142.4507,2026-07-30T04:32:00Z,1.14,N,n,D,VIIRS_SNPP_NRT,1
-32.2354,151.5336,2026-07-30T04:32:00Z,1.97,N,n,D,VIIRS_SNPP_NRT,1
-33.0593,151.2826,2026-07-30T04:32:00Z,19.48,N,n,D,VIIRS_SNPP_NRT,1
-32.1761,145.5612,2026-07-30T04:32:00Z,4.65,N,n,D,VIIRS_SNPP_NRT,1
-33.0593,151.2824,2026-07-30T04:32:00Z,23.47,N,n,D,VIIRS_SNPP_NRT,1
-31.6638,147.2471,2026-07-30T04:32:00Z,4.01,N,n,D,VIIRS_SNPP_NRT,1
-33.0625,151.2909,2026-07-30T04:32:00Z,9.02,N,n,D,VIIRS_SNPP_NRT,1
-38.1018,142.3677,2026-07-30T04:32:00Z,2.38,N,n,D,VIIRS_SNPP_NRT,1
-31.6629,147.2512,2026-07-30T04:32:00Z,4.01,N,n,D,VIIRS_SNPP_NRT,1
-38.2668,142.0722,2026-07-30T04:32:00Z,4.89,N,n,D,VIIRS_SNPP_NRT,1
-38.2661,142.0767,2026-07-30T04:32:00Z,4.89,N,n,D,VIIRS_SNPP_NRT,1
-38.2634,142.0714,2026-07-30T04:32:00Z,6.63,N,n,D,VIIRS_SNPP_NRT,1
-38.2628,142.0759,2026-07-30T04:32:00Z,6.63,N,n,D,VIIRS_SNPP_NRT,1
-38.1796,146.5712,2026-07-30T04:32:00Z,3.23,N,n,D,VIIRS_SNPP_NRT,1
-38.0985,142.3669,2026-07-30T04:32:00Z,2.95,N,n,D,VIIRS_SNPP_NRT,1
-33.0641,151.2842,2026-07-30T04:32:00Z,9.02,N,n,D,VIIRS_SNPP_NRT,1
-37.9849,143.2954,2026-07-30T04:32:00Z,2.25,N,n,D,VIIRS_SNPP_NRT,1
-36.2579,149.6309,2026-07-30T04:32:00Z,12.47,N,n,D,VIIRS_SNPP_NRT,1
-34.4577,150.8863,2026-07-30T04:32:00Z,3.63,N,n,D,VIIRS_SNPP_NRT,1
-33.8636,149.7976,2026-07-30T04:32:00Z,4.0,N,n,D,VIIRS_SNPP_NRT,1
-33.3786,146.8539,2026-07-30T04:32:00Z,6.69,N,n,D,VIIRS_SNPP_NRT,1
-33.0642,151.2845,2026-07-30T04:32:00Z,19.48,N,n,D,VIIRS_SNPP_NRT,1
-32.154,151.7352,2026-07-30T04:32:00Z,11.01,N,n,D,VIIRS_SNPP_NRT,1
-32.1507,151.726,2026-07-30T04:32:00Z,9.61,N,n,D,VIIRS_SNPP_NRT,1
-32.1497,151.73,2026-07-30T04:32:00Z,11.01,N,h,D,VIIRS_SNPP_NRT,1
-30.4544,147.9145,2026-07-30T04:32:00Z,3.75,N,n,D,VIIRS_SNPP_NRT,1
-30.8705,151.654,2026-07-30T04:32:00Z,10.28,N,h,D,VIIRS_SNPP_NRT,1
-30.8695,151.658,2026-07-30T04:32:00Z,10.28,N,n,D,VIIRS_SNPP_NRT,1
-30.8388,148.8658,2026-07-30T04:32:00Z,4.12,N,n,D,VIIRS_SNPP_NRT,1
-30.8263,148.879,2026-07-30T04:32:00Z,6.38,N,n,D,VIIRS_SNPP_NRT,1
-30.8247,147.954,2026-07-30T04:32:00Z,2.67,N,n,D,VIIRS_SNPP_NRT,1
-30.7252,149.9776,2026-07-30T04:32:00Z,4.05,N,n,D,VIIRS_SNPP_NRT,1
-30.6953,147.7274,2026-07-30T04:32:00Z,2.2,N,n,D,VIIRS_SNPP_NRT,1
-30.6931,148.5277,2026-07-30T04:32:00Z,8.2,N,n,D,VIIRS_SNPP_NRT,1
-30.6887,148.5264,2026-07-30T04:32:00Z,8.2,N,n,D,VIIRS_SNPP_NRT,1
-30.6447,151.1289,2026-07-30T04:32:00Z,11.45,N,n,D,VIIRS_SNPP_NRT,1
-30.6438,151.1325,2026-07-30T04:32:00Z,11.45,N,h,D,VIIRS_SNPP_NRT,1
-30.6294,151.2389,2026-07-30T04:32:00Z,3.73,N,n,D,VIIRS_SNPP_NRT,1
-30.6285,151.2426,2026-07-30T04:32:00Z,3.73,N,h,D,VIIRS_SNPP_NRT,1
-30.5093,151.353,2026-07-30T04:32:00Z,0.87,N,n,D,VIIRS_SNPP_NRT,1
-30.5036,151.4355,2026-07-30T04:32:00Z,7.22,N,h,D,VIIRS_SNPP_NRT,1
-30.5026,151.4392,2026-07-30T04:32:00Z,7.22,N,n,D,VIIRS_SNPP_NRT,1
-30.5013,151.4332,2026-07-30T04:32:00Z,5.86,N,n,D,VIIRS_SNPP_NRT,1
-30.9725,151.3185,2026-07-30T04:32:00Z,2.87,N,n,D,VIIRS_SNPP_NRT,1
-31.031,149.9908,2026-07-30T04:32:00Z,10.77,N,n,D,VIIRS_SNPP_NRT,1
-31.0651,145.7512,2026-07-30T04:32:00Z,3.95,N,n,D,VIIRS_SNPP_NRT,1
-31.493,147.6037,2026-07-30T04:32:00Z,7.1,N,n,D,VIIRS_SNPP_NRT,1
-31.6618,147.2467,2026-07-30T04:32:00Z,4.89,N,n,D,VIIRS_SNPP_NRT,1
-31.6609,147.2509,2026-07-30T04:32:00Z,4.89,N,n,D,VIIRS_SNPP_NRT,1
-31.6597,147.2459,2026-07-30T04:32:00Z,3.12,N,n,D,VIIRS_SNPP_NRT,1
-31.6589,147.2501,2026-07-30T04:32:00Z,3.12,N,n,D,VIIRS_SNPP_NRT,1
-31.5407,147.7905,2026-07-30T04:32:00Z,5.3,N,n,D,VIIRS_SNPP_NRT,1
-31.5387,147.786,2026-07-30T04:32:00Z,4.41,N,n,D,VIIRS_SNPP_NRT,1
-31.4952,147.6137,2026-07-30T04:32:00Z,75.27,N,n,D,VIIRS_SNPP_NRT,1
-31.4925,147.585,2026-07-30T04:32:00Z,4.35,N,n,D,VIIRS_SNPP_NRT,1
-31.0689,145.7522,2026-07-30T04:32:00Z,7.46,N,n,D,VIIRS_SNPP_NRT,1
-31.492,147.6081,2026-07-30T04:32:00Z,16.91,N,n,D,VIIRS_SNPP_NRT,1
-31.4916,147.5894,2026-07-30T04:32:00Z,8.08,N,n,D,VIIRS_SNPP_NRT,1
-31.4911,147.6125,2026-07-30T04:32:00Z,16.91,N,n,D,VIIRS_SNPP_NRT,1
-31.4888,147.6026,2026-07-30T04:32:00Z,7.1,N,n,D,VIIRS_SNPP_NRT,1
-31.3691,151.6783,2026-07-30T04:32:00Z,1.69,N,n,D,VIIRS_SNPP_NRT,1
-31.2852,151.094,2026-07-30T04:32:00Z,2.2,N,n,D,VIIRS_SNPP_NRT,1
-31.168,146.8993,2026-07-30T04:32:00Z,3.28,N,n,D,VIIRS_SNPP_NRT,1
-31.9486,147.4172,2026-07-30T04:32:00Z,2.64,N,n,D,VIIRS_SNPP_NRT,1
-30.3667,148.1502,2026-07-30T04:32:00Z,3.87,N,n,D,VIIRS_SNPP_NRT,1
-29.2068,152.5121,2026-07-30T04:32:00Z,3.51,N,n,D,VIIRS_SNPP_NRT,1
-30.3646,148.1471,2026-07-30T04:32:00Z,2.16,N,n,D,VIIRS_SNPP_NRT,1
-29.5712,152.0873,2026-07-30T04:32:00Z,4.86,N,n,D,VIIRS_SNPP_NRT,1
-29.4485,151.9125,2026-07-30T04:32:00Z,3.65,N,n,D,VIIRS_SNPP_NRT,1
-29.4442,151.9063,2026-07-30T04:32:00Z,3.65,N,n,D,VIIRS_SNPP_NRT,1
-29.4431,151.9105,2026-07-30T04:32:00Z,3.65,N,n,D,VIIRS_SNPP_NRT,1
-29.4137,152.125,2026-07-30T04:32:00Z,5.85,N,n,D,VIIRS_SNPP_NRT,1
-29.4011,152.4426,2026-07-30T04:32:00Z,3.57,N,n,D,VIIRS_SNPP_NRT,1
-29.3845,152.4374,2026-07-30T04:32:00Z,4.99,N,n,D,VIIRS_SNPP_NRT,1
-29.3124,152.5056,2026-07-30T04:32:00Z,3.36,N,n,D,VIIRS_SNPP_NRT,1
-29.3031,152.5182,2026-07-30T04:32:00Z,6.21,N,n,D,VIIRS_SNPP_NRT,1
-29.3018,152.5235,2026-07-30T04:32:00Z,7.2,N,n,D,VIIRS_SNPP_NRT,1
-29.2684,152.6554,2026-07-30T04:32:00Z,3.75,N,n,D,VIIRS_SNPP_NRT,1
-29.2455,152.4806,2026-07-30T04:32:00Z,7.16,N,n,D,VIIRS_SNPP_NRT,1
-29.2445,152.4845,2026-07-30T04:32:00Z,5.12,N,n,D,VIIRS_SNPP_NRT,1
-29.2442,152.4838,2026-07-30T04:32:00Z,5.71,N,n,D,VIIRS_SNPP_NRT,1
-29.2327,152.6495,2026-07-30T04:32:00Z,4.6,N,n,D,VIIRS_SNPP_NRT,1
-29.2258,152.5841,2026-07-30T04:32:00Z,7.64,N,h,D,VIIRS_SNPP_NRT,1
-29.225,152.583,2026-07-30T04:32:00Z,7.35,N,n,D,VIIRS_SNPP_NRT,1
-29.574,152.0882,2026-07-30T04:32:00Z,5.98,N,n,D,VIIRS_SNPP_NRT,1
-29.5758,152.0928,2026-07-30T04:32:00Z,10.23,N,n,D,VIIRS_SNPP_NRT,1
-29.5768,152.0886,2026-07-30T04:32:00Z,4.86,N,n,D,VIIRS_SNPP_NRT,1
-29.9739,152.7151,2026-07-30T04:32:00Z,6.22,N,n,D,VIIRS_SNPP_NRT,1
-30.2735,148.9217,2026-07-30T04:32:00Z,3.9,N,n,D,VIIRS_SNPP_NRT,1
-30.2017,150.8918,2026-07-30T04:32:00Z,4.49,N,n,D,VIIRS_SNPP_NRT,1
-30.2016,150.8914,2026-07-30T04:32:00Z,4.7,N,n,D,VIIRS_SNPP_NRT,1
-30.2009,150.8953,2026-07-30T04:32:00Z,4.49,N,n,D,VIIRS_SNPP_NRT,1
-30.2008,150.8949,2026-07-30T04:32:00Z,4.7,N,n,D,VIIRS_SNPP_NRT,1
-30.0614,152.9693,2026-07-30T04:32:00Z,4.24,N,n,D,VIIRS_SNPP_NRT,1
-30.0287,152.8328,2026-07-30T04:32:00Z,5.14,N,n,D,VIIRS_SNPP_NRT,1
-29.9733,152.7151,2026-07-30T04:32:00Z,6.16,N,n,D,VIIRS_SNPP_NRT,1
-29.5786,152.0936,2026-07-30T04:32:00Z,7.95,N,n,D,VIIRS_SNPP_NRT,1
-29.9583,151.3707,2026-07-30T04:32:00Z,14.35,N,h,D,VIIRS_SNPP_NRT,1
-29.9563,151.3691,2026-07-30T04:32:00Z,16.2,N,h,D,VIIRS_SNPP_NRT,1
-29.9164,152.9116,2026-07-30T04:32:00Z,3.07,N,n,D,VIIRS_SNPP_NRT,1
-29.9125,152.9104,2026-07-30T04:32:00Z,6.64,N,n,D,VIIRS_SNPP_NRT,1
-29.9107,152.9097,2026-07-30T04:32:00Z,3.07,N,n,D,VIIRS_SNPP_NRT,1
-29.8763,151.1283,2026-07-30T04:32:00Z,1.76,N,n,D,VIIRS_SNPP_NRT,1
-29.5797,152.0893,2026-07-30T04:32:00Z,6.33,N,n,D,VIIRS_SNPP_NRT,1
-30.5004,151.437,2026-07-30T04:32:00Z,5.86,N,h,D,VIIRS_SNPP_NRT,1
-34.4623,150.8878,2026-07-30T04:32:00Z,4.5,N,n,D,VIIRS_SNPP_NRT,1
-42.2868,147.2918,2026-07-30T04:29:00Z,3.45,N,n,D,VIIRS_SNPP_NRT,1
-41.3097,146.2867,2026-07-30T04:29:00Z,3.04,N,n,D,VIIRS_SNPP_NRT,1
-54.4561,-67.1677,2026-07-30T04:25:00Z,0.64,N20,n,N,VIIRS_NOAA20_NRT,1
-24.6827,-42.3835,2026-07-30T04:19:00Z,6.89,N20,n,N,VIIRS_NOAA20_NRT,1
-20.8031,-60.2628,2026-07-30T04:19:00Z,4.21,N20,n,N,VIIRS_NOAA20_NRT,1
-22.4432,-57.2392,2026-07-30T04:19:00Z,2.18,N20,n,N,VIIRS_NOAA20_NRT,1
-23.8642,-46.424,2026-07-30T04:19:00Z,0.53,N20,n,N,VIIRS_NOAA20_NRT,1
-24.5449,-42.4703,2026-07-30T04:19:00Z,8.96,N20,n,N,VIIRS_NOAA20_NRT,1
-24.6382,-42.4119,2026-07-30T04:19:00Z,0.84,N20,n,N,VIIRS_NOAA20_NRT,1
-24.6792,-42.3851,2026-07-30T04:19:00Z,1.79,N20,n,N,VIIRS_NOAA20_NRT,1
-24.6798,-42.3804,2026-07-30T04:19:00Z,3.52,N20,n,N,VIIRS_NOAA20_NRT,1
-34.8806,-57.9252,2026-07-30T04:19:00Z,2.19,N20,n,N,VIIRS_NOAA20_NRT,1
-24.7891,-42.5073,2026-07-30T04:19:00Z,3.08,N20,n,N,VIIRS_NOAA20_NRT,1
-25.3302,-42.6913,2026-07-30T04:19:00Z,7.24,N20,n,N,VIIRS_NOAA20_NRT,1
-29.1507,-56.6563,2026-07-30T04:19:00Z,15.62,N20,n,N,VIIRS_NOAA20_NRT,1
-29.776,-51.1756,2026-07-30T04:19:00Z,1.79,N20,n,N,VIIRS_NOAA20_NRT,1
-29.7796,-51.1765,2026-07-30T04:19:00Z,1.79,N20,n,N,VIIRS_NOAA20_NRT,1
-29.8134,-51.1774,2026-07-30T04:19:00Z,0.67,N20,n,N,VIIRS_NOAA20_NRT,1
-34.818,-58.2903,2026-07-30T04:19:00Z,0.82,N20,n,N,VIIRS_NOAA20_NRT,1
-34.8563,-57.8967,2026-07-30T04:19:00Z,2.34,N20,n,N,VIIRS_NOAA20_NRT,1
-24.6835,-42.381,2026-07-30T04:19:00Z,1.48,N20,n,N,VIIRS_NOAA20_NRT,1
-22.4501,-57.2362,2026-07-30T04:19:00Z,1.05,N20,n,N,VIIRS_NOAA20_NRT,1
42.7093,-6.755,2026-07-30T04:19:00Z,15.31,Aqua,17,N,MODIS_NRT,1
42.6609,-6.5205,2026-07-30T04:19:00Z,8.12,Aqua,55,N,MODIS_NRT,1
42.7202,-6.7658,2026-07-30T04:19:00Z,210.67,Aqua,100,N,MODIS_NRT,1
42.7185,-6.7526,2026-07-30T04:19:00Z,30.46,Aqua,97,N,MODIS_NRT,1
42.711,-6.768,2026-07-30T04:19:00Z,111.08,Aqua,100,N,MODIS_NRT,1
42.7001,-6.7572,2026-07-30T04:19:00Z,60.14,Aqua,100,N,MODIS_NRT,1
42.6985,-6.7441,2026-07-30T04:19:00Z,12.98,Aqua,80,N,MODIS_NRT,1
42.6926,-6.773,2026-07-30T04:19:00Z,43.24,Aqua,100,N,MODIS_NRT,1
42.6908,-6.7592,2026-07-30T04:19:00Z,79.36,Aqua,100,N,MODIS_NRT,1
42.6892,-6.7462,2026-07-30T04:19:00Z,13.1,Aqua,80,N,MODIS_NRT,1
42.7294,-6.7633,2026-07-30T04:19:00Z,9.87,Aqua,44,N,MODIS_NRT,1
-21.4345,-46.6618,2026-07-30T04:17:00Z,1.51,N20,n,N,VIIRS_NOAA20_NRT,1
-21.3566,-44.8223,2026-07-30T04:17:00Z,2.5,N20,n,N,VIIRS_NOAA20_NRT,1
-21.3578,-44.8148,2026-07-30T04:17:00Z,3.41,N20,n,N,VIIRS_NOAA20_NRT,1
-21.4384,-41.1055,2026-07-30T04:17:00Z,4.83,N20,n,N,VIIRS_NOAA20_NRT,1
-21.439,-41.1006,2026-07-30T04:17:00Z,4.83,N20,n,N,VIIRS_NOAA20_NRT,1
-21.4428,-41.1012,2026-07-30T04:17:00Z,2.74,N20,n,N,VIIRS_NOAA20_NRT,1
-21.4432,-43.6085,2026-07-30T04:17:00Z,1.52,N20,n,N,VIIRS_NOAA20_NRT,1
-21.4538,-43.7688,2026-07-30T04:17:00Z,1.27,N20,n,N,VIIRS_NOAA20_NRT,1
-21.4544,-43.7649,2026-07-30T04:17:00Z,1.27,N20,n,N,VIIRS_NOAA20_NRT,1
-21.3572,-44.8186,2026-07-30T04:17:00Z,2.5,N20,n,N,VIIRS_NOAA20_NRT,1
-21.4598,-43.7845,2026-07-30T04:17:00Z,1.8,N20,n,N,VIIRS_NOAA20_NRT,1
-21.4604,-43.7806,2026-07-30T04:17:00Z,1.8,N20,n,N,VIIRS_NOAA20_NRT,1
-21.483,-41.2009,2026-07-30T04:17:00Z,1.01,N20,n,N,VIIRS_NOAA20_NRT,1
-21.3584,-44.8112,2026-07-30T04:17:00Z,3.41,N20,n,N,VIIRS_NOAA20_NRT,1
-21.3539,-44.818,2026-07-30T04:17:00Z,2.5,N20,n,N,VIIRS_NOAA20_NRT,1
-21.3555,-44.8296,2026-07-30T04:17:00Z,9.52,N20,n,N,VIIRS_NOAA20_NRT,1
-21.3533,-44.8217,2026-07-30T04:17:00Z,2.5,N20,n,N,VIIRS_NOAA20_NRT,1
-20.7744,-42.9772,2026-07-30T04:17:00Z,0.51,N20,n,N,VIIRS_NOAA20_NRT,1
-21.0412,-48.4679,2026-07-30T04:17:00Z,2.84,N20,n,N,VIIRS_NOAA20_NRT,1
-21.1774,-43.9799,2026-07-30T04:17:00Z,0.98,N20,n,N,VIIRS_NOAA20_NRT,1
-21.1956,-44.9387,2026-07-30T04:17:00Z,1.32,N20,n,N,VIIRS_NOAA20_NRT,1
-21.5203,-41.2136,2026-07-30T04:17:00Z,0.8,N20,n,N,VIIRS_NOAA20_NRT,1
-21.202,-43.817,2026-07-30T04:17:00Z,1.55,N20,n,N,VIIRS_NOAA20_NRT,1
-21.3455,-44.8279,2026-07-30T04:17:00Z,1.26,N20,n,N,VIIRS_NOAA20_NRT,1
-21.3511,-44.8137,2026-07-30T04:17:00Z,2.25,N20,n,N,VIIRS_NOAA20_NRT,1
-21.355,-44.8106,2026-07-30T04:17:00Z,3.41,N20,n,N,VIIRS_NOAA20_NRT,1
-21.3549,-44.8333,2026-07-30T04:17:00Z,8.55,N20,n,N,VIIRS_NOAA20_NRT,1
-21.3545,-44.8143,2026-07-30T04:17:00Z,3.41,N20,n,N,VIIRS_NOAA20_NRT,1
-21.3517,-44.81,2026-07-30T04:17:00Z,2.25,N20,n,N,VIIRS_NOAA20_NRT,1
-21.5166,-41.213,2026-07-30T04:17:00Z,2.32,N20,n,N,VIIRS_NOAA20_NRT,1
-18.376,-59.0786,2026-07-30T04:17:00Z,3.74,N20,n,N,VIIRS_NOAA20_NRT,1
-21.5923,-41.3025,2026-07-30T04:17:00Z,0.62,N20,n,N,VIIRS_NOAA20_NRT,1
-20.7635,-46.769,2026-07-30T04:17:00Z,1.27,N20,n,N,VIIRS_NOAA20_NRT,1
-22.9008,-43.7526,2026-07-30T04:17:00Z,2.65,N20,n,N,VIIRS_NOAA20_NRT,1
-22.8972,-45.3478,2026-07-30T04:17:00Z,1.05,N20,n,N,VIIRS_NOAA20_NRT,1
-22.7632,-43.7385,2026-07-30T04:17:00Z,3.59,N20,n,N,VIIRS_NOAA20_NRT,1
-22.763,-43.7391,2026-07-30T04:17:00Z,3.12,N20,n,N,VIIRS_NOAA20_NRT,1
-22.7627,-43.7424,2026-07-30T04:17:00Z,0.63,N20,n,N,VIIRS_NOAA20_NRT,1
-22.7624,-43.743,2026-07-30T04:17:00Z,0.53,N20,n,N,VIIRS_NOAA20_NRT,1
-22.7244,-43.2651,2026-07-30T04:17:00Z,1.72,N20,n,N,VIIRS_NOAA20_NRT,1
-22.7238,-43.2692,2026-07-30T04:17:00Z,1.39,N20,n,N,VIIRS_NOAA20_NRT,1
-22.7224,-43.2677,2026-07-30T04:17:00Z,1.39,N20,n,N,VIIRS_NOAA20_NRT,1
-22.6844,-43.7985,2026-07-30T04:17:00Z,0.49,N20,n,N,VIIRS_NOAA20_NRT,1
-22.6758,-43.4766,2026-07-30T04:17:00Z,0.62,N20,n,N,VIIRS_NOAA20_NRT,1
-22.5156,-44.1142,2026-07-30T04:17:00Z,1.25,N20,n,N,VIIRS_NOAA20_NRT,1
-22.5123,-44.1136,2026-07-30T04:17:00Z,1.25,N20,n,N,VIIRS_NOAA20_NRT,1
-22.5117,-44.1174,2026-07-30T04:17:00Z,1.02,N20,n,N,VIIRS_NOAA20_NRT,1
-21.5933,-41.3053,2026-07-30T04:17:00Z,2.33,N20,n,N,VIIRS_NOAA20_NRT,1
-22.5106,-44.1015,2026-07-30T04:17:00Z,0.36,N20,n,N,VIIRS_NOAA20_NRT,1
-22.5101,-44.1053,2026-07-30T04:17:00Z,0.36,N20,n,N,VIIRS_NOAA20_NRT,1
-22.5067,-44.1047,2026-07-30T04:17:00Z,0.36,N20,n,N,VIIRS_NOAA20_NRT,1
-22.4966,-44.5145,2026-07-30T04:17:00Z,0.55,N20,n,N,VIIRS_NOAA20_NRT,1
-22.4933,-44.5139,2026-07-30T04:17:00Z,0.55,N20,n,N,VIIRS_NOAA20_NRT,1
-22.4153,-42.2458,2026-07-30T04:17:00Z,2.1,N20,n,N,VIIRS_NOAA20_NRT,1
-22.4118,-42.245,2026-07-30T04:17:00Z,2.1,N20,n,N,VIIRS_NOAA20_NRT,1
-22.2841,-45.3816,2026-07-30T04:17:00Z,0.94,N20,n,N,VIIRS_NOAA20_NRT,1
-22.2808,-45.381,2026-07-30T04:17:00Z,0.89,N20,n,N,VIIRS_NOAA20_NRT,1
-22.0516,-45.0881,2026-07-30T04:17:00Z,1.17,N20,n,N,VIIRS_NOAA20_NRT,1
-21.6454,-49.7511,2026-07-30T04:17:00Z,1.74,N20,n,N,VIIRS_NOAA20_NRT,1
-21.6444,-49.756,2026-07-30T04:17:00Z,1.87,N20,n,N,VIIRS_NOAA20_NRT,1
-21.596,-41.3031,2026-07-30T04:17:00Z,0.62,N20,n,N,VIIRS_NOAA20_NRT,1
-20.7643,-46.7688,2026-07-30T04:17:00Z,1.05,N20,n,N,VIIRS_NOAA20_NRT,1
-20.4171,-43.5526,2026-07-30T04:17:00Z,1.74,N20,n,N,VIIRS_NOAA20_NRT,1
-20.7308,-42.0442,2026-07-30T04:17:00Z,1.22,N20,n,N,VIIRS_NOAA20_NRT,1
-20.2466,-40.2416,2026-07-30T04:17:00Z,3.29,N20,n,N,VIIRS_NOAA20_NRT,1
-20.242,-40.2462,2026-07-30T04:17:00Z,3.28,N20,n,N,VIIRS_NOAA20_NRT,1
-20.2388,-40.2405,2026-07-30T04:17:00Z,5.05,N20,n,N,VIIRS_NOAA20_NRT,1
-20.2362,-40.2295,2026-07-30T04:17:00Z,1.94,N20,n,N,VIIRS_NOAA20_NRT,1
-20.2323,-40.229,2026-07-30T04:17:00Z,1.94,N20,n,N,VIIRS_NOAA20_NRT,1
-20.2316,-40.2342,2026-07-30T04:17:00Z,2.78,N20,n,N,VIIRS_NOAA20_NRT,1
-20.2313,-40.2319,2026-07-30T04:17:00Z,3.61,N20,n,N,VIIRS_NOAA20_NRT,1
-20.231,-40.2394,2026-07-30T04:17:00Z,2.78,N20,n,N,VIIRS_NOAA20_NRT,1
-20.2303,-40.2445,2026-07-30T04:17:00Z,2.06,N20,n,N,VIIRS_NOAA20_NRT,1
-20.2299,-40.2423,2026-07-30T04:17:00Z,2.63,N20,n,N,VIIRS_NOAA20_NRT,1
-20.1492,-44.8776,2026-07-30T04:17:00Z,1.52,N20,n,N,VIIRS_NOAA20_NRT,1
-20.0336,-46.3667,2026-07-30T04:17:00Z,1.15,N20,n,N,VIIRS_NOAA20_NRT,1
-19.8313,-48.2058,2026-07-30T04:17:00Z,0.95,N20,n,N,VIIRS_NOAA20_NRT,1
-19.8277,-48.2052,2026-07-30T04:17:00Z,2.76,N20,n,N,VIIRS_NOAA20_NRT,1
-19.717,-40.3516,2026-07-30T04:17:00Z,1.6,N20,n,N,VIIRS_NOAA20_NRT,1
-19.6932,-44.9255,2026-07-30T04:17:00Z,0.44,N20,n,N,VIIRS_NOAA20_NRT,1
-19.6083,-44.0584,2026-07-30T04:17:00Z,2.01,N20,n,N,VIIRS_NOAA20_NRT,1
-19.5137,-44.2763,2026-07-30T04:17:00Z,1.02,N20,n,N,VIIRS_NOAA20_NRT,1
-19.4846,-42.5461,2026-07-30T04:17:00Z,1.25,N20,n,N,VIIRS_NOAA20_NRT,1
-19.4828,-42.5336,2026-07-30T04:17:00Z,1.14,N20,n,N,VIIRS_NOAA20_NRT,1
-19.4811,-42.5456,2026-07-30T04:17:00Z,2.04,N20,n,N,VIIRS_NOAA20_NRT,1
-19.4794,-42.5331,2026-07-30T04:17:00Z,1.14,N20,n,N,VIIRS_NOAA20_NRT,1
-19.3856,-41.4436,2026-07-30T04:17:00Z,1.23,N20,n,N,VIIRS_NOAA20_NRT,1
-19.2711,-42.1436,2026-07-30T04:17:00Z,0.56,N20,n,N,VIIRS_NOAA20_NRT,1
-19.1778,-47.3494,2026-07-30T04:17:00Z,3.6,N20,n,N,VIIRS_NOAA20_NRT,1
-19.177,-47.3535,2026-07-30T04:17:00Z,7.99,N20,n,N,VIIRS_NOAA20_NRT,1
-18.8993,-46.0695,2026-07-30T04:17:00Z,0.97,N20,n,N,VIIRS_NOAA20_NRT,1
-18.807,-53.1458,2026-07-30T04:17:00Z,1.86,N20,n,N,VIIRS_NOAA20_NRT,1
-20.2426,-40.241,2026-07-30T04:17:00Z,5.05,N20,n,N,VIIRS_NOAA20_NRT,1
-20.2472,-40.2364,2026-07-30T04:17:00Z,3.29,N20,n,N,VIIRS_NOAA20_NRT,1
-20.7282,-42.0455,2026-07-30T04:17:00Z,1.44,N20,n,N,VIIRS_NOAA20_NRT,1
-20.2504,-40.2422,2026-07-30T04:17:00Z,3.29,N20,n,N,VIIRS_NOAA20_NRT,1
-20.7069,-47.2895,2026-07-30T04:17:00Z,0.51,N20,n,N,VIIRS_NOAA20_NRT,1
-20.6013,-42.1498,2026-07-30T04:17:00Z,0.56,N20,n,N,VIIRS_NOAA20_NRT,1
-20.5615,-41.7031,2026-07-30T04:17:00Z,0.63,N20,n,N,VIIRS_NOAA20_NRT,1
-20.5609,-41.7005,2026-07-30T04:17:00Z,0.7,N20,n,N,VIIRS_NOAA20_NRT,1
-20.5516,-43.7682,2026-07-30T04:17:00Z,1.17,N20,n,N,VIIRS_NOAA20_NRT,1
-20.5483,-43.7676,2026-07-30T04:17:00Z,0.52,N20,n,N,VIIRS_NOAA20_NRT,1
-20.5455,-43.7633,2026-07-30T04:17:00Z,0.52,N20,n,N,VIIRS_NOAA20_NRT,1
-20.5438,-43.7514,2026-07-30T04:17:00Z,1.24,N20,n,N,VIIRS_NOAA20_NRT,1
-20.5433,-43.7552,2026-07-30T04:17:00Z,1.51,N20,n,N,VIIRS_NOAA20_NRT,1
-20.5421,-43.7627,2026-07-30T04:17:00Z,1.69,N20,n,N,VIIRS_NOAA20_NRT,1
-20.5092,-58.1575,2026-07-30T04:17:00Z,1.87,N20,n,N,VIIRS_NOAA20_NRT,1
-20.5001,-58.167,2026-07-30T04:17:00Z,1.87,N20,n,N,VIIRS_NOAA20_NRT,1
-20.4779,-45.1837,2026-07-30T04:17:00Z,0.89,N20,n,N,VIIRS_NOAA20_NRT,1
-20.4746,-45.1831,2026-07-30T04:17:00Z,0.89,N20,n,N,VIIRS_NOAA20_NRT,1
-22.9037,-43.7328,2026-07-30T04:17:00Z,1.54,N20,n,N,VIIRS_NOAA20_NRT,1
-20.3502,-40.9415,2026-07-30T04:17:00Z,1.37,N20,n,N,VIIRS_NOAA20_NRT,1
-20.3486,-47.5317,2026-07-30T04:17:00Z,1.36,N20,n,N,VIIRS_NOAA20_NRT,1
-20.3484,-40.9338,2026-07-30T04:17:00Z,1.08,N20,n,N,VIIRS_NOAA20_NRT,1
-20.3478,-40.9387,2026-07-30T04:17:00Z,3.14,N20,n,N,VIIRS_NOAA20_NRT,1
-20.3471,-40.936,2026-07-30T04:17:00Z,1.59,N20,n,N,VIIRS_NOAA20_NRT,1
-20.3464,-40.9409,2026-07-30T04:17:00Z,1.37,N20,n,N,VIIRS_NOAA20_NRT,1
-20.344,-40.9381,2026-07-30T04:17:00Z,1.72,N20,n,N,VIIRS_NOAA20_NRT,1
-20.3434,-40.9354,2026-07-30T04:17:00Z,0.98,N20,n,N,VIIRS_NOAA20_NRT,1
-20.318,-42.009,2026-07-30T04:17:00Z,0.86,N20,n,N,VIIRS_NOAA20_NRT,1
-20.3117,-45.5816,2026-07-30T04:17:00Z,0.77,N20,n,N,VIIRS_NOAA20_NRT,1
-20.3111,-45.5852,2026-07-30T04:17:00Z,0.77,N20,n,N,VIIRS_NOAA20_NRT,1
-20.2518,-40.2318,2026-07-30T04:17:00Z,3.87,N20,n,N,VIIRS_NOAA20_NRT,1
-22.9032,-43.7367,2026-07-30T04:17:00Z,1.54,N20,n,N,VIIRS_NOAA20_NRT,1
-24.0626,-58.6066,2026-07-30T04:17:00Z,1.43,N20,n,N,VIIRS_NOAA20_NRT,1
-22.9066,-43.7373,2026-07-30T04:17:00Z,2.74,N20,n,N,VIIRS_NOAA20_NRT,1
-18.383,-59.0806,2026-07-30T04:17:00Z,3.74,N20,n,N,VIIRS_NOAA20_NRT,1
-17.8361,-41.9654,2026-07-30T04:17:00Z,0.75,N20,n,N,VIIRS_NOAA20_NRT,1
-18.2203,-42.2059,2026-07-30T04:17:00Z,10.51,N20,n,N,VIIRS_NOAA20_NRT,1
-18.2213,-42.2067,2026-07-30T04:17:00Z,9.02,N20,n,N,VIIRS_NOAA20_NRT,1
-18.2266,-42.2111,2026-07-30T04:17:00Z,10.19,N20,n,N,VIIRS_NOAA20_NRT,1
-18.2272,-42.2071,2026-07-30T04:17:00Z,10.19,N20,n,N,VIIRS_NOAA20_NRT,1
-18.2278,-42.2031,2026-07-30T04:17:00Z,6.61,N20,n,N,VIIRS_NOAA20_NRT,1
-18.23,-42.2118,2026-07-30T04:17:00Z,10.19,N20,n,N,VIIRS_NOAA20_NRT,1
-18.2306,-42.2078,2026-07-30T04:17:00Z,10.19,N20,n,N,VIIRS_NOAA20_NRT,1
-18.2335,-42.2124,2026-07-30T04:17:00Z,26.94,N20,n,N,VIIRS_NOAA20_NRT,1
-18.2996,-59.0565,2026-07-30T04:17:00Z,1.57,N20,n,N,VIIRS_NOAA20_NRT,1
-18.3014,-59.0493,2026-07-30T04:17:00Z,1.57,N20,n,N,VIIRS_NOAA20_NRT,1
-18.3048,-59.0658,2026-07-30T04:17:00Z,5.34,N20,n,N,VIIRS_NOAA20_NRT,1
-18.3066,-59.0585,2026-07-30T04:17:00Z,4.09,N20,n,N,VIIRS_NOAA20_NRT,1
-18.3083,-59.0513,2026-07-30T04:17:00Z,4.09,N20,n,N,VIIRS_NOAA20_NRT,1
-18.354,-47.1971,2026-07-30T04:17:00Z,2.43,N20,n,N,VIIRS_NOAA20_NRT,1
-18.3547,-47.1931,2026-07-30T04:17:00Z,1.35,N20,n,N,VIIRS_NOAA20_NRT,1
-18.3582,-47.1937,2026-07-30T04:17:00Z,2.31,N20,n,N,VIIRS_NOAA20_NRT,1
-18.3617,-47.1943,2026-07-30T04:17:00Z,2.31,N20,n,N,VIIRS_NOAA20_NRT,1
-18.3645,-47.1991,2026-07-30T04:17:00Z,1.69,N20,n,N,VIIRS_NOAA20_NRT,1
-18.3713,-59.0839,2026-07-30T04:17:00Z,2.11,N20,n,N,VIIRS_NOAA20_NRT,1
-18.3731,-59.0767,2026-07-30T04:17:00Z,2.11,N20,n,N,VIIRS_NOAA20_NRT,1
-18.3743,-59.0858,2026-07-30T04:17:00Z,3.82,N20,n,N,VIIRS_NOAA20_NRT,1
-18.3773,-51.4528,2026-07-30T04:17:00Z,1.52,N20,n,N,VIIRS_NOAA20_NRT,1
-18.3783,-59.0859,2026-07-30T04:17:00Z,4.46,N20,n,N,VIIRS_NOAA20_NRT,1
-18.3796,-59.0949,2026-07-30T04:17:00Z,3.82,N20,n,N,VIIRS_NOAA20_NRT,1
-18.3799,-51.4515,2026-07-30T04:17:00Z,1.74,N20,n,N,VIIRS_NOAA20_NRT,1
-22.9071,-43.7334,2026-07-30T04:17:00Z,2.74,N20,n,N,VIIRS_NOAA20_NRT,1
-17.8326,-41.965,2026-07-30T04:17:00Z,0.98,N20,n,N,VIIRS_NOAA20_NRT,1
-17.7813,-42.8095,2026-07-30T04:17:00Z,0.59,N20,n,N,VIIRS_NOAA20_NRT,1
-17.6956,-44.0477,2026-07-30T04:17:00Z,1.03,N20,n,N,VIIRS_NOAA20_NRT,1
-16.4998,-43.1371,2026-07-30T04:17:00Z,0.63,N20,n,N,VIIRS_NOAA20_NRT,1
52.2643,1.6098,2026-07-30T04:17:00Z,18.27,Aqua,97,D,MODIS_NRT,1
52.2595,1.6383,2026-07-30T04:17:00Z,160.39,Aqua,100,D,MODIS_NRT,1
52.1576,10.4105,2026-07-30T04:17:00Z,19.51,Aqua,53,D,MODIS_NRT,1
51.4944,6.7449,2026-07-30T04:17:00Z,11.09,Aqua,29,D,MODIS_NRT,1
51.4887,6.7187,2026-07-30T04:17:00Z,15.98,Aqua,79,D,MODIS_NRT,1
51.1765,3.8245,2026-07-30T04:17:00Z,6.58,Aqua,47,D,MODIS_NRT,1
51.1759,3.8013,2026-07-30T04:17:00Z,6.97,Aqua,39,D,MODIS_NRT,1
51.1728,3.8174,2026-07-30T04:17:00Z,16.75,Aqua,88,D,MODIS_NRT,1
51.0481,2.3186,2026-07-30T04:17:00Z,6.68,Aqua,39,N,MODIS_NRT,1
51.0268,2.2774,2026-07-30T04:17:00Z,4.83,Aqua,28,N,MODIS_NRT,1
-15.7708,-48.0382,2026-07-30T04:17:00Z,0.69,N20,n,N,VIIRS_NOAA20_NRT,1
-15.7746,-47.9953,2026-07-30T04:17:00Z,0.9,N20,n,N,VIIRS_NOAA20_NRT,1
-16.5003,-43.1335,2026-07-30T04:17:00Z,0.63,N20,n,N,VIIRS_NOAA20_NRT,1
-17.3998,-47.3338,2026-07-30T04:17:00Z,0.77,N20,n,N,VIIRS_NOAA20_NRT,1
-16.6347,-44.4625,2026-07-30T04:17:00Z,0.45,N20,n,N,VIIRS_NOAA20_NRT,1
-16.7598,-49.3009,2026-07-30T04:17:00Z,0.97,N20,n,N,VIIRS_NOAA20_NRT,1
-16.7918,-49.2626,2026-07-30T04:17:00Z,1.11,N20,n,N,VIIRS_NOAA20_NRT,1
-16.8595,-43.3152,2026-07-30T04:17:00Z,0.57,N20,n,N,VIIRS_NOAA20_NRT,1
-17.0191,-41.2223,2026-07-30T04:17:00Z,1.17,N20,n,N,VIIRS_NOAA20_NRT,1
-17.2194,-41.5335,2026-07-30T04:17:00Z,5.09,N20,n,N,VIIRS_NOAA20_NRT,1
-17.2199,-41.5295,2026-07-30T04:17:00Z,3.17,N20,n,N,VIIRS_NOAA20_NRT,1
-17.2235,-41.53,2026-07-30T04:17:00Z,3.17,N20,n,N,VIIRS_NOAA20_NRT,1
-17.3793,-42.4828,2026-07-30T04:17:00Z,1.04,N20,n,N,VIIRS_NOAA20_NRT,1
-17.397,-47.3288,2026-07-30T04:17:00Z,0.77,N20,n,N,VIIRS_NOAA20_NRT,1
-17.3982,-47.3302,2026-07-30T04:17:00Z,1.51,N20,n,N,VIIRS_NOAA20_NRT,1
-17.3984,-44.0383,2026-07-30T04:17:00Z,0.39,N20,n,N,VIIRS_NOAA20_NRT,1
-18.3813,-59.0878,2026-07-30T04:17:00Z,3.82,N20,n,N,VIIRS_NOAA20_NRT,1
-18.38,-59.0787,2026-07-30T04:17:00Z,4.46,N20,n,N,VIIRS_NOAA20_NRT,1
-18.3835,-59.095,2026-07-30T04:17:00Z,5.38,N20,n,N,VIIRS_NOAA20_NRT,1
-26.1362,-60.8851,2026-07-30T04:17:00Z,2.12,N20,n,N,VIIRS_NOAA20_NRT,1
-24.4478,-55.4384,2026-07-30T04:17:00Z,1.14,N20,n,N,VIIRS_NOAA20_NRT,1
-24.4435,-55.4338,2026-07-30T04:17:00Z,0.36,N20,n,N,VIIRS_NOAA20_NRT,1
-24.4427,-55.437,2026-07-30T04:17:00Z,0.36,N20,n,N,VIIRS_NOAA20_NRT,1
-24.2332,-58.8542,2026-07-30T04:17:00Z,1.36,N20,n,N,VIIRS_NOAA20_NRT,1
-24.2284,-58.847,2026-07-30T04:17:00Z,0.88,N20,n,N,VIIRS_NOAA20_NRT,1
-24.2271,-58.8524,2026-07-30T04:17:00Z,0.88,N20,n,N,VIIRS_NOAA20_NRT,1
-24.0665,-56.5199,2026-07-30T04:17:00Z,7.83,N20,n,N,VIIRS_NOAA20_NRT,1
-24.0665,-56.5198,2026-07-30T04:17:00Z,7.09,N20,n,N,VIIRS_NOAA20_NRT,1
-24.0656,-56.5236,2026-07-30T04:17:00Z,6.01,N20,n,N,VIIRS_NOAA20_NRT,1
-24.0656,-56.5238,2026-07-30T04:17:00Z,5.07,N20,n,N,VIIRS_NOAA20_NRT,1
-24.0647,-56.5275,2026-07-30T04:17:00Z,6.01,N20,n,N,VIIRS_NOAA20_NRT,1
-24.0647,-56.5276,2026-07-30T04:17:00Z,5.07,N20,n,N,VIIRS_NOAA20_NRT,1
-18.8053,-53.1506,2026-07-30T04:17:00Z,0.91,N20,n,N,VIIRS_NOAA20_NRT,1
-24.0593,-56.526,2026-07-30T04:17:00Z,6.01,N20,n,N,VIIRS_NOAA20_NRT,1
-24.0584,-56.5299,2026-07-30T04:17:00Z,6.7,N20,n,N,VIIRS_NOAA20_NRT,1
-23.4005,-45.9468,2026-07-30T04:17:00Z,0.28,N20,n,N,VIIRS_NOAA20_NRT,1
-23.3533,-59.2031,2026-07-30T04:17:00Z,4.64,N20,n,N,VIIRS_NOAA20_NRT,1
-23.3518,-59.2088,2026-07-30T04:17:00Z,7.1,N20,n,N,VIIRS_NOAA20_NRT,1
-23.3504,-59.2146,2026-07-30T04:17:00Z,7.1,N20,n,N,VIIRS_NOAA20_NRT,1
-23.3164,-41.2573,2026-07-30T04:17:00Z,1.34,N20,n,N,VIIRS_NOAA20_NRT,1
-22.9373,-45.3744,2026-07-30T04:17:00Z,0.47,N20,n,N,VIIRS_NOAA20_NRT,1
-22.9247,-43.7567,2026-07-30T04:17:00Z,1.2,N20,n,N,VIIRS_NOAA20_NRT,1
-22.9213,-43.7561,2026-07-30T04:17:00Z,1.32,N20,n,N,VIIRS_NOAA20_NRT,1
-22.9209,-45.4137,2026-07-30T04:17:00Z,1.19,N20,n,N,VIIRS_NOAA20_NRT,1
-22.9179,-43.7555,2026-07-30T04:17:00Z,1.32,N20,n,N,VIIRS_NOAA20_NRT,1
-22.9111,-43.73,2026-07-30T04:17:00Z,5.53,N20,n,N,VIIRS_NOAA20_NRT,1
-22.91,-43.7379,2026-07-30T04:17:00Z,2.74,N20,n,N,VIIRS_NOAA20_NRT,1
-18.3852,-59.0878,2026-07-30T04:17:00Z,4.46,N20,n,N,VIIRS_NOAA20_NRT,1
-25.8681,-60.8156,2026-07-30T04:17:00Z,2.19,N20,n,N,VIIRS_NOAA20_NRT,1
-26.2736,-59.1526,2026-07-30T04:17:00Z,0.29,N20,n,N,VIIRS_NOAA20_NRT,1
-18.8021,-53.1447,2026-07-30T04:17:00Z,1.86,N20,n,N,VIIRS_NOAA20_NRT,1
-18.3994,-43.9538,2026-07-30T04:17:00Z,0.61,N20,n,N,VIIRS_NOAA20_NRT,1
-18.4146,-40.0214,2026-07-30T04:17:00Z,1.29,N20,n,N,VIIRS_NOAA20_NRT,1
-18.4708,-51.7303,2026-07-30T04:17:00Z,2.9,N20,n,N,VIIRS_NOAA20_NRT,1
-18.4718,-51.7255,2026-07-30T04:17:00Z,2.9,N20,n,N,VIIRS_NOAA20_NRT,1
-18.4753,-51.7314,2026-07-30T04:17:00Z,1.21,N20,n,N,VIIRS_NOAA20_NRT,1
-18.4763,-51.7266,2026-07-30T04:17:00Z,1.21,N20,n,N,VIIRS_NOAA20_NRT,1
-18.534,-46.3453,2026-07-30T04:17:00Z,0.86,N20,n,N,VIIRS_NOAA20_NRT,1
-18.5911,-48.2036,2026-07-30T04:17:00Z,1.11,N20,n,N,VIIRS_NOAA20_NRT,1
-18.5947,-48.2043,2026-07-30T04:17:00Z,1.87,N20,n,N,VIIRS_NOAA20_NRT,1
-18.8004,-53.1496,2026-07-30T04:17:00Z,1.92,N20,n,N,VIIRS_NOAA20_NRT,1
-26.2745,-59.1507,2026-07-30T04:17:00Z,1.25,N20,n,N,VIIRS_NOAA20_NRT,1
-18.8009,-53.1505,2026-07-30T04:17:00Z,1.86,N20,n,N,VIIRS_NOAA20_NRT,1
-18.8005,-42.0322,2026-07-30T04:17:00Z,0.9,N20,n,N,VIIRS_NOAA20_NRT,1
-26.6581,-56.7343,2026-07-30T04:17:00Z,0.98,N20,n,N,VIIRS_NOAA20_NRT,1
-26.6572,-56.7379,2026-07-30T04:17:00Z,1.26,N20,n,N,VIIRS_NOAA20_NRT,1
-26.2792,-59.1576,2026-07-30T04:17:00Z,1.25,N20,n,N,VIIRS_NOAA20_NRT,1
-26.2796,-59.1545,2026-07-30T04:17:00Z,2.7,N20,n,N,VIIRS_NOAA20_NRT,1
-26.2805,-59.1526,2026-07-30T04:17:00Z,1.25,N20,n,N,VIIRS_NOAA20_NRT,1
-26.4596,-60.9336,2026-07-30T04:17:00Z,2.27,N20,n,N,VIIRS_NOAA20_NRT,1
-26.4612,-60.9273,2026-07-30T04:17:00Z,2.27,N20,n,N,VIIRS_NOAA20_NRT,1
-26.4818,-53.5796,2026-07-30T04:17:00Z,2.64,N20,n,N,VIIRS_NOAA20_NRT,1
-26.4824,-53.5769,2026-07-30T04:17:00Z,3.33,N20,n,N,VIIRS_NOAA20_NRT,1
-26.4828,-53.575,2026-07-30T04:17:00Z,2.02,N20,n,N,VIIRS_NOAA20_NRT,1
-26.6562,-56.7382,2026-07-30T04:17:00Z,1.0,N20,n,N,VIIRS_NOAA20_NRT,1
-26.657,-56.7347,2026-07-30T04:17:00Z,1.32,N20,n,N,VIIRS_NOAA20_NRT,1
-18.8065,-53.1449,2026-07-30T04:17:00Z,1.07,N20,n,N,VIIRS_NOAA20_NRT,1
-8.8034,-49.1577,2026-07-30T04:14:00Z,2.15,N20,n,N,VIIRS_NOAA20_NRT,1
-15.878,-43.6001,2026-07-30T04:14:00Z,0.76,N20,n,N,VIIRS_NOAA20_NRT,1
-15.7124,-42.2581,2026-07-30T04:14:00Z,1.0,N20,n,N,VIIRS_NOAA20_NRT,1
-15.4445,-41.3803,2026-07-30T04:14:00Z,0.77,N20,n,N,VIIRS_NOAA20_NRT,1
-8.7938,-46.7399,2026-07-30T04:14:00Z,0.66,N20,n,N,VIIRS_NOAA20_NRT,1
-7.3876,-49.7475,2026-07-30T04:14:00Z,1.53,N20,n,N,VIIRS_NOAA20_NRT,1
-11.9291,-43.4374,2026-07-30T04:14:00Z,1.85,N20,n,N,VIIRS_NOAA20_NRT,1
-10.8986,-45.2051,2026-07-30T04:14:00Z,1.22,N20,n,N,VIIRS_NOAA20_NRT,1
-10.8998,-45.2044,2026-07-30T04:14:00Z,2.67,N20,n,N,VIIRS_NOAA20_NRT,1
-10.9021,-45.2057,2026-07-30T04:14:00Z,1.22,N20,n,N,VIIRS_NOAA20_NRT,1
-10.9329,-43.0582,2026-07-30T04:14:00Z,39.45,N20,n,N,VIIRS_NOAA20_NRT,1
-10.9357,-43.0622,2026-07-30T04:14:00Z,43.31,N20,n,N,VIIRS_NOAA20_NRT,1
-10.9362,-43.0587,2026-07-30T04:14:00Z,39.45,N20,h,N,VIIRS_NOAA20_NRT,1
-10.9368,-43.0552,2026-07-30T04:14:00Z,39.45,N20,n,N,VIIRS_NOAA20_NRT,1
-10.9564,-49.8068,2026-07-30T04:14:00Z,2.15,N20,n,N,VIIRS_NOAA20_NRT,1
-11.0871,-47.8032,2026-07-30T04:14:00Z,1.55,N20,n,N,VIIRS_NOAA20_NRT,1
-11.0877,-47.7996,2026-07-30T04:14:00Z,0.72,N20,n,N,VIIRS_NOAA20_NRT,1
-11.0911,-47.8041,2026-07-30T04:14:00Z,1.04,N20,n,N,VIIRS_NOAA20_NRT,1
-11.3838,-50.1254,2026-07-30T04:14:00Z,2.4,N20,n,N,VIIRS_NOAA20_NRT,1
-11.3894,-50.1213,2026-07-30T04:14:00Z,2.01,N20,n,N,VIIRS_NOAA20_NRT,1
-11.394,-50.1222,2026-07-30T04:14:00Z,2.85,N20,n,N,VIIRS_NOAA20_NRT,1
-11.4105,-50.0846,2026-07-30T04:14:00Z,0.89,N20,n,N,VIIRS_NOAA20_NRT,1
-11.4142,-50.0904,2026-07-30T04:14:00Z,2.26,N20,n,N,VIIRS_NOAA20_NRT,1
-11.418,-50.0962,2026-07-30T04:14:00Z,1.48,N20,n,N,VIIRS_NOAA20_NRT,1
-8.236,-43.7825,2026-07-30T04:14:00Z,0.71,N20,n,N,VIIRS_NOAA20_NRT,1
-11.5399,-47.5591,2026-07-30T04:14:00Z,2.59,N20,n,N,VIIRS_NOAA20_NRT,1
-11.5407,-47.5542,2026-07-30T04:14:00Z,2.59,N20,n,N,VIIRS_NOAA20_NRT,1
-11.5516,-47.5613,2026-07-30T04:14:00Z,2.43,N20,n,N,VIIRS_NOAA20_NRT,1
-11.628,-38.062,2026-07-30T04:14:00Z,0.68,N20,n,N,VIIRS_NOAA20_NRT,1
-11.6631,-43.7609,2026-07-30T04:14:00Z,1.94,N20,n,N,VIIRS_NOAA20_NRT,1
-11.8277,-38.2616,2026-07-30T04:14:00Z,0.94,N20,n,N,VIIRS_NOAA20_NRT,1
-11.9197,-43.4322,2026-07-30T04:14:00Z,0.71,N20,n,N,VIIRS_NOAA20_NRT,1
-10.8951,-45.2045,2026-07-30T04:14:00Z,1.53,N20,n,N,VIIRS_NOAA20_NRT,1
-10.7764,-42.7174,2026-07-30T04:14:00Z,0.79,N20,n,N,VIIRS_NOAA20_NRT,1
-10.6961,-37.0488,2026-07-30T04:14:00Z,0.79,N20,n,N,VIIRS_NOAA20_NRT,1
-9.5536,-48.6651,2026-07-30T04:14:00Z,2.23,N20,n,N,VIIRS_NOAA20_NRT,1
-8.8036,-49.1594,2026-07-30T04:14:00Z,1.47,N20,n,N,VIIRS_NOAA20_NRT,1
-8.8045,-49.1547,2026-07-30T04:14:00Z,1.47,N20,n,N,VIIRS_NOAA20_NRT,1
-8.991,-45.1856,2026-07-30T04:14:00Z,1.12,N20,n,N,VIIRS_NOAA20_NRT,1
-8.9946,-45.186,2026-07-30T04:14:00Z,0.93,N20,n,N,VIIRS_NOAA20_NRT,1
-8.9975,-45.1906,2026-07-30T04:14:00Z,0.93,N20,n,N,VIIRS_NOAA20_NRT,1
-9.2185,-50.102,2026-07-30T04:14:00Z,2.82,N20,n,N,VIIRS_NOAA20_NRT,1
-9.2194,-50.0966,2026-07-30T04:14:00Z,1.33,N20,n,N,VIIRS_NOAA20_NRT,1
-9.4476,-50.3102,2026-07-30T04:14:00Z,1.17,N20,n,N,VIIRS_NOAA20_NRT,1
-9.4525,-50.3111,2026-07-30T04:14:00Z,1.17,N20,n,N,VIIRS_NOAA20_NRT,1
-9.5524,-48.6659,2026-07-30T04:14:00Z,4.28,N20,n,N,VIIRS_NOAA20_NRT,1
-9.5529,-48.6693,2026-07-30T04:14:00Z,2.23,N20,n,N,VIIRS_NOAA20_NRT,1
-9.6096,-47.7644,2026-07-30T04:14:00Z,5.73,N20,n,N,VIIRS_NOAA20_NRT,1
-10.6335,-47.4869,2026-07-30T04:14:00Z,4.43,N20,n,N,VIIRS_NOAA20_NRT,1
-9.6102,-47.7608,2026-07-30T04:14:00Z,11.21,N20,n,N,VIIRS_NOAA20_NRT,1
-9.6109,-47.757,2026-07-30T04:14:00Z,11.21,N20,n,N,VIIRS_NOAA20_NRT,1
-9.6137,-47.7652,2026-07-30T04:14:00Z,5.73,N20,n,N,VIIRS_NOAA20_NRT,1
-9.6143,-47.7616,2026-07-30T04:14:00Z,11.21,N20,n,N,VIIRS_NOAA20_NRT,1
-10.079,-37.4512,2026-07-30T04:14:00Z,0.44,N20,n,N,VIIRS_NOAA20_NRT,1
-10.1971,-42.212,2026-07-30T04:14:00Z,2.61,N20,n,N,VIIRS_NOAA20_NRT,1
-10.207,-38.5487,2026-07-30T04:14:00Z,1.13,N20,n,N,VIIRS_NOAA20_NRT,1
-10.6295,-47.4861,2026-07-30T04:14:00Z,4.43,N20,n,N,VIIRS_NOAA20_NRT,1
-8.0766,-46.008,2026-07-30T04:14:00Z,1.03,N20,n,N,VIIRS_NOAA20_NRT,1
-10.6302,-47.4893,2026-07-30T04:14:00Z,3.21,N20,n,N,VIIRS_NOAA20_NRT,1
-10.6311,-47.4842,2026-07-30T04:14:00Z,3.21,N20,n,N,VIIRS_NOAA20_NRT,1
-11.923,-43.4328,2026-07-30T04:14:00Z,0.71,N20,n,N,VIIRS_NOAA20_NRT,1
-11.4189,-50.0913,2026-07-30T04:14:00Z,1.48,N20,n,N,VIIRS_NOAA20_NRT,1
-11.9324,-43.4379,2026-07-30T04:14:00Z,20.23,N20,n,N,VIIRS_NOAA20_NRT,1
-13.4405,-43.6765,2026-07-30T04:14:00Z,0.77,N20,n,N,VIIRS_NOAA20_NRT,1
-13.7419,-51.8957,2026-07-30T04:14:00Z,1.21,N20,n,N,VIIRS_NOAA20_NRT,1
-8.1266,-46.7768,2026-07-30T04:14:00Z,1.85,N20,n,N,VIIRS_NOAA20_NRT,1
-8.1274,-46.7754,2026-07-30T04:14:00Z,1.44,N20,n,N,VIIRS_NOAA20_NRT,1
-15.3735,-42.6501,2026-07-30T04:14:00Z,0.52,N20,n,N,VIIRS_NOAA20_NRT,1
-15.1472,-43.7966,2026-07-30T04:14:00Z,2.4,N20,n,N,VIIRS_NOAA20_NRT,1
-15.0777,-48.9446,2026-07-30T04:14:00Z,1.93,N20,n,N,VIIRS_NOAA20_NRT,1
-14.2844,-47.4226,2026-07-30T04:14:00Z,1.8,N20,n,N,VIIRS_NOAA20_NRT,1
-14.1981,-43.996,2026-07-30T04:14:00Z,1.82,N20,n,N,VIIRS_NOAA20_NRT,1
-14.1943,-43.9771,2026-07-30T04:14:00Z,0.89,N20,n,N,VIIRS_NOAA20_NRT,1
-14.1942,-43.999,2026-07-30T04:14:00Z,2.23,N20,n,N,VIIRS_NOAA20_NRT,1
-12.1463,-48.9518,2026-07-30T04:14:00Z,1.91,N20,n,N,VIIRS_NOAA20_NRT,1
-14.1893,-43.9872,2026-07-30T04:14:00Z,2.06,N20,n,N,VIIRS_NOAA20_NRT,1
-14.1887,-43.9908,2026-07-30T04:14:00Z,2.31,N20,n,N,VIIRS_NOAA20_NRT,1
-14.1864,-44.005,2026-07-30T04:14:00Z,1.33,N20,n,N,VIIRS_NOAA20_NRT,1
-14.1831,-44.0045,2026-07-30T04:14:00Z,1.06,N20,n,N,VIIRS_NOAA20_NRT,1
-14.1652,-42.6746,2026-07-30T04:14:00Z,1.55,N20,n,N,VIIRS_NOAA20_NRT,1
-14.1326,-41.6917,2026-07-30T04:14:00Z,1.12,N20,n,N,VIIRS_NOAA20_NRT,1
-14.1207,-41.6779,2026-07-30T04:14:00Z,0.42,N20,n,N,VIIRS_NOAA20_NRT,1
-14.0386,-42.552,2026-07-30T04:14:00Z,0.49,N20,n,N,VIIRS_NOAA20_NRT,1
-13.7918,-44.0926,2026-07-30T04:14:00Z,0.7,N20,n,N,VIIRS_NOAA20_NRT,1
-13.7891,-44.0885,2026-07-30T04:14:00Z,0.79,N20,n,N,VIIRS_NOAA20_NRT,1
-13.7885,-44.092,2026-07-30T04:14:00Z,1.23,N20,n,N,VIIRS_NOAA20_NRT,1
-13.7569,-51.8987,2026-07-30T04:14:00Z,1.3,N20,n,N,VIIRS_NOAA20_NRT,1
-13.7475,-51.8937,2026-07-30T04:14:00Z,0.93,N20,n,N,VIIRS_NOAA20_NRT,1
-13.7525,-51.8947,2026-07-30T04:14:00Z,1.27,N20,n,N,VIIRS_NOAA20_NRT,1
-13.606,-42.9313,2026-07-30T04:14:00Z,0.38,N20,n,N,VIIRS_NOAA20_NRT,1
-14.1909,-43.9985,2026-07-30T04:14:00Z,2.68,N20,n,N,VIIRS_NOAA20_NRT,1
-13.3319,-54.2922,2026-07-30T04:14:00Z,3.08,N20,n,N,VIIRS_NOAA20_NRT,1
-12.4295,-50.5511,2026-07-30T04:14:00Z,3.5,N20,n,N,VIIRS_NOAA20_NRT,1
-12.147,-48.9479,2026-07-30T04:14:00Z,1.32,N20,n,N,VIIRS_NOAA20_NRT,1
-13.3188,-43.5878,2026-07-30T04:14:00Z,3.17,N20,n,N,VIIRS_NOAA20_NRT,1
-12.1512,-48.9486,2026-07-30T04:14:00Z,1.44,N20,n,N,VIIRS_NOAA20_NRT,1
-12.2815,-50.3489,2026-07-30T04:14:00Z,1.83,N20,n,N,VIIRS_NOAA20_NRT,1
-12.2826,-50.3528,2026-07-30T04:14:00Z,0.88,N20,n,N,VIIRS_NOAA20_NRT,1
-12.2834,-50.3479,2026-07-30T04:14:00Z,0.88,N20,n,N,VIIRS_NOAA20_NRT,1
-12.3093,-46.7522,2026-07-30T04:14:00Z,1.69,N20,n,N,VIIRS_NOAA20_NRT,1
-12.3955,-38.3446,2026-07-30T04:14:00Z,2.19,N20,n,N,VIIRS_NOAA20_NRT,1
-12.3964,-38.3429,2026-07-30T04:14:00Z,1.88,N20,n,N,VIIRS_NOAA20_NRT,1
-12.3995,-38.3451,2026-07-30T04:14:00Z,1.39,N20,n,N,VIIRS_NOAA20_NRT,1
-12.4003,-38.3434,2026-07-30T04:14:00Z,1.88,N20,n,N,VIIRS_NOAA20_NRT,1
-12.313,-46.7529,2026-07-30T04:14:00Z,2.14,N20,n,N,VIIRS_NOAA20_NRT,1
-12.6182,-44.624,2026-07-30T04:14:00Z,1.87,N20,n,N,VIIRS_NOAA20_NRT,1
-12.82,-41.9604,2026-07-30T04:14:00Z,1.07,N20,n,N,VIIRS_NOAA20_NRT,1
-13.3182,-43.5913,2026-07-30T04:14:00Z,16.53,N20,n,N,VIIRS_NOAA20_NRT,1
-12.6215,-44.6246,2026-07-30T04:14:00Z,1.87,N20,n,N,VIIRS_NOAA20_NRT,1
-12.8603,-38.3666,2026-07-30T04:14:00Z,0.84,N20,n,N,VIIRS_NOAA20_NRT,1
-12.8206,-41.9568,2026-07-30T04:14:00Z,1.37,N20,n,N,VIIRS_NOAA20_NRT,1
-13.069,-42.0368,2026-07-30T04:14:00Z,1.39,N20,n,N,VIIRS_NOAA20_NRT,1
-12.8167,-41.9599,2026-07-30T04:14:00Z,1.07,N20,n,N,VIIRS_NOAA20_NRT,1
-12.6255,-44.6215,2026-07-30T04:14:00Z,1.51,N20,n,N,VIIRS_NOAA20_NRT,1
-12.6249,-44.6252,2026-07-30T04:14:00Z,1.17,N20,n,N,VIIRS_NOAA20_NRT,1
-12.6222,-44.621,2026-07-30T04:14:00Z,1.88,N20,n,N,VIIRS_NOAA20_NRT,1
-12.1505,-48.9526,2026-07-30T04:14:00Z,1.44,N20,n,N,VIIRS_NOAA20_NRT,1
-6.9528,-43.4536,2026-07-30T04:12:00Z,0.74,N20,n,N,VIIRS_NOAA20_NRT,1
-7.3455,-45.8525,2026-07-30T04:12:00Z,2.27,N20,n,N,VIIRS_NOAA20_NRT,1
-7.3417,-45.8518,2026-07-30T04:12:00Z,2.91,N20,n,N,VIIRS_NOAA20_NRT,1
-7.3335,-42.9981,2026-07-30T04:12:00Z,1.81,N20,n,N,VIIRS_NOAA20_NRT,1
-7.2436,-40.8621,2026-07-30T04:12:00Z,0.4,N20,n,N,VIIRS_NOAA20_NRT,1
-7.2416,-46.0571,2026-07-30T04:12:00Z,1.73,N20,n,N,VIIRS_NOAA20_NRT,1
-7.2011,-44.8739,2026-07-30T04:12:00Z,0.92,N20,n,N,VIIRS_NOAA20_NRT,1
-7.2004,-44.878,2026-07-30T04:12:00Z,0.92,N20,n,N,VIIRS_NOAA20_NRT,1
-7.1985,-45.5004,2026-07-30T04:12:00Z,2.9,N20,n,N,VIIRS_NOAA20_NRT,1
-7.1383,-38.2822,2026-07-30T04:12:00Z,1.47,N20,n,N,VIIRS_NOAA20_NRT,1
-6.9743,-42.8823,2026-07-30T04:12:00Z,1.1,N20,n,N,VIIRS_NOAA20_NRT,1
-6.3387,-44.6056,2026-07-30T04:12:00Z,1.64,N20,n,N,VIIRS_NOAA20_NRT,1
-6.9522,-43.4572,2026-07-30T04:12:00Z,0.74,N20,n,N,VIIRS_NOAA20_NRT,1
-6.8729,-46.007,2026-07-30T04:12:00Z,0.79,N20,n,N,VIIRS_NOAA20_NRT,1
-6.8652,-46.0057,2026-07-30T04:12:00Z,5.67,N20,n,N,VIIRS_NOAA20_NRT,1
-6.8644,-46.0103,2026-07-30T04:12:00Z,4.15,N20,n,N,VIIRS_NOAA20_NRT,1
-6.8606,-46.0096,2026-07-30T04:12:00Z,4.15,N20,n,N,VIIRS_NOAA20_NRT,1
-6.8437,-42.8905,2026-07-30T04:12:00Z,1.45,N20,n,N,VIIRS_NOAA20_NRT,1
-6.8404,-42.89,2026-07-30T04:12:00Z,1.45,N20,n,N,VIIRS_NOAA20_NRT,1
-6.8398,-42.8936,2026-07-30T04:12:00Z,1.45,N20,n,N,VIIRS_NOAA20_NRT,1
-6.8392,-42.8971,2026-07-30T04:12:00Z,2.83,N20,n,N,VIIRS_NOAA20_NRT,1
-6.5734,-51.1006,2026-07-30T04:12:00Z,6.66,N20,n,N,VIIRS_NOAA20_NRT,1
-6.4632,-45.7886,2026-07-30T04:12:00Z,1.12,N20,n,N,VIIRS_NOAA20_NRT,1
-6.338,-44.6097,2026-07-30T04:12:00Z,1.64,N20,n,N,VIIRS_NOAA20_NRT,1
-7.358,-47.0352,2026-07-30T04:12:00Z,1.54,N20,n,N,VIIRS_NOAA20_NRT,1
46.7077,82.8858,2026-07-30T04:12:00Z,18.4,Terra,21,D,MODIS_NRT,1
-7.5428,-46.9038,2026-07-30T04:12:00Z,0.71,N20,n,N,VIIRS_NOAA20_NRT,1
43.8056,81.2526,2026-07-30T04:12:00Z,14.18,Terra,55,D,MODIS_NRT,1
46.8186,74.9271,2026-07-30T04:12:00Z,8.33,Terra,43,D,MODIS_NRT,1
46.718,82.89,2026-07-30T04:12:00Z,22.54,Terra,54,D,MODIS_NRT,1
-6.3055,-43.6564,2026-07-30T04:12:00Z,0.57,N20,n,N,VIIRS_NOAA20_NRT,1
44.2453,80.759,2026-07-30T04:12:00Z,21.74,Terra,63,D,MODIS_NRT,1
44.2356,80.864,2026-07-30T04:12:00Z,8.05,Terra,29,D,MODIS_NRT,1
44.1815,80.6519,2026-07-30T04:12:00Z,10.91,Terra,51,D,MODIS_NRT,1
44.0765,81.2174,2026-07-30T04:12:00Z,11.99,Terra,39,D,MODIS_NRT,1
44.0598,81.1915,2026-07-30T04:12:00Z,8.64,Terra,56,D,MODIS_NRT,1
43.8795,81.6411,2026-07-30T04:12:00Z,10.29,Terra,16,D,MODIS_NRT,1
43.8298,81.3537,2026-07-30T04:12:00Z,11.56,Terra,40,D,MODIS_NRT,1
43.8133,81.7509,2026-07-30T04:12:00Z,14.12,Terra,38,D,MODIS_NRT,1
43.7574,82.6122,2026-07-30T04:12:00Z,13.32,Terra,38,D,MODIS_NRT,1
-7.5467,-46.9045,2026-07-30T04:12:00Z,0.71,N20,n,N,VIIRS_NOAA20_NRT,1
43.7193,81.3244,2026-07-30T04:12:00Z,12.4,Terra,18,D,MODIS_NRT,1
43.7189,81.8654,2026-07-30T04:12:00Z,13.04,Terra,37,D,MODIS_NRT,1
43.7183,79.5155,2026-07-30T04:12:00Z,63.94,Terra,94,D,MODIS_NRT,1
43.7089,79.5123,2026-07-30T04:12:00Z,28.82,Terra,84,D,MODIS_NRT,1
43.468,82.3501,2026-07-30T04:12:00Z,10.46,Terra,27,D,MODIS_NRT,1
43.4188,82.2472,2026-07-30T04:12:00Z,9.89,Terra,22,D,MODIS_NRT,1
41.213,79.4999,2026-07-30T04:12:00Z,11.18,Terra,55,D,MODIS_NRT,1
39.8112,78.5124,2026-07-30T04:12:00Z,11.27,Terra,22,D,MODIS_NRT,1
-8.9043,-37.9693,2026-07-30T04:12:00Z,1.08,N20,n,N,VIIRS_NOAA20_NRT,1
-7.6312,-44.8151,2026-07-30T04:12:00Z,7.6,N20,n,N,VIIRS_NOAA20_NRT,1
-7.6306,-44.8191,2026-07-30T04:12:00Z,7.6,N20,n,N,VIIRS_NOAA20_NRT,1
-6.3089,-43.657,2026-07-30T04:12:00Z,5.08,N20,n,N,VIIRS_NOAA20_NRT,1
-7.5056,-46.0997,2026-07-30T04:12:00Z,1.02,N20,n,N,VIIRS_NOAA20_NRT,1
-5.9066,-35.7255,2026-07-30T04:12:00Z,7.8,N20,n,N,VIIRS_NOAA20_NRT,1
-5.9017,-35.7288,2026-07-30T04:12:00Z,4.01,N20,n,N,VIIRS_NOAA20_NRT,1
-3.5837,-38.8533,2026-07-30T04:12:00Z,2.06,N20,n,N,VIIRS_NOAA20_NRT,1
-3.586,-38.8614,2026-07-30T04:12:00Z,2.84,N20,n,N,VIIRS_NOAA20_NRT,1
-3.5866,-38.8576,2026-07-30T04:12:00Z,2.06,N20,n,N,VIIRS_NOAA20_NRT,1
-3.5935,-38.8587,2026-07-30T04:12:00Z,5.79,N20,n,N,VIIRS_NOAA20_NRT,1
-3.6396,-49.7063,2026-07-30T04:12:00Z,1.4,N20,n,N,VIIRS_NOAA20_NRT,1
-3.6734,-49.4786,2026-07-30T04:12:00Z,2.87,N20,n,N,VIIRS_NOAA20_NRT,1
-3.6743,-49.484,2026-07-30T04:12:00Z,1.85,N20,n,N,VIIRS_NOAA20_NRT,1
-3.6748,-49.4811,2026-07-30T04:12:00Z,1.85,N20,n,N,VIIRS_NOAA20_NRT,1
-3.6753,-49.4781,2026-07-30T04:12:00Z,1.64,N20,n,N,VIIRS_NOAA20_NRT,1
-3.678,-49.4824,2026-07-30T04:12:00Z,3.23,N20,n,N,VIIRS_NOAA20_NRT,1
-3.6792,-47.6459,2026-07-30T04:12:00Z,1.62,N20,n,N,VIIRS_NOAA20_NRT,1
-3.68,-47.6414,2026-07-30T04:12:00Z,1.62,N20,n,N,VIIRS_NOAA20_NRT,1
-3.6882,-47.6474,2026-07-30T04:12:00Z,1.8,N20,n,N,VIIRS_NOAA20_NRT,1
-3.9614,-43.1175,2026-07-30T04:12:00Z,2.02,N20,n,N,VIIRS_NOAA20_NRT,1
-3.9671,-40.053,2026-07-30T04:12:00Z,1.47,N20,n,N,VIIRS_NOAA20_NRT,1
-3.9967,-43.2922,2026-07-30T04:12:00Z,1.64,N20,n,N,VIIRS_NOAA20_NRT,1
-4.0284,-43.2702,2026-07-30T04:12:00Z,1.0,N20,n,N,VIIRS_NOAA20_NRT,1
-4.0319,-43.2708,2026-07-30T04:12:00Z,1.0,N20,n,N,VIIRS_NOAA20_NRT,1
-4.3676,-47.7709,2026-07-30T04:12:00Z,2.89,N20,n,N,VIIRS_NOAA20_NRT,1
-3.5832,-38.857,2026-07-30T04:12:00Z,2.06,N20,n,N,VIIRS_NOAA20_NRT,1
-3.5437,-43.2067,2026-07-30T04:12:00Z,0.59,N20,n,N,VIIRS_NOAA20_NRT,1
-3.5012,-42.3313,2026-07-30T04:12:00Z,0.97,N20,n,N,VIIRS_NOAA20_NRT,1
-3.0386,-40.1235,2026-07-30T04:12:00Z,0.92,N20,n,N,VIIRS_NOAA20_NRT,1
-2.4857,-47.0899,2026-07-30T04:12:00Z,1.78,N20,n,N,VIIRS_NOAA20_NRT,1
-2.4864,-47.0857,2026-07-30T04:12:00Z,1.57,N20,n,N,VIIRS_NOAA20_NRT,1
-2.6081,-47.3567,2026-07-30T04:12:00Z,1.14,N20,n,N,VIIRS_NOAA20_NRT,1
-2.6428,-47.9924,2026-07-30T04:12:00Z,1.84,N20,n,N,VIIRS_NOAA20_NRT,1
-2.6444,-47.9826,2026-07-30T04:12:00Z,1.34,N20,n,N,VIIRS_NOAA20_NRT,1
-2.9039,-40.397,2026-07-30T04:12:00Z,2.4,N20,n,N,VIIRS_NOAA20_NRT,1
-2.9073,-40.3975,2026-07-30T04:12:00Z,2.2,N20,n,N,VIIRS_NOAA20_NRT,1
-2.9078,-40.394,2026-07-30T04:12:00Z,1.65,N20,n,N,VIIRS_NOAA20_NRT,1
-3.0392,-40.12,2026-07-30T04:12:00Z,0.92,N20,n,N,VIIRS_NOAA20_NRT,1
-3.2366,-47.93,2026-07-30T04:12:00Z,2.74,N20,n,N,VIIRS_NOAA20_NRT,1
-3.1132,-47.9073,2026-07-30T04:12:00Z,1.38,N20,n,N,VIIRS_NOAA20_NRT,1
-3.1646,-48.1352,2026-07-30T04:12:00Z,2.75,N20,n,N,VIIRS_NOAA20_NRT,1
-3.1692,-48.1361,2026-07-30T04:12:00Z,2.75,N20,n,N,VIIRS_NOAA20_NRT,1
-3.1693,-49.5184,2026-07-30T04:12:00Z,0.7,N20,n,N,VIIRS_NOAA20_NRT,1
-3.1744,-49.5193,2026-07-30T04:12:00Z,0.7,N20,n,N,VIIRS_NOAA20_NRT,1
-3.1778,-48.0275,2026-07-30T04:12:00Z,3.39,N20,n,N,VIIRS_NOAA20_NRT,1
-3.1832,-48.0235,2026-07-30T04:12:00Z,2.63,N20,n,N,VIIRS_NOAA20_NRT,1
-3.184,-48.0188,2026-07-30T04:12:00Z,2.42,N20,n,N,VIIRS_NOAA20_NRT,1
-4.3684,-47.7664,2026-07-30T04:12:00Z,7.28,N20,n,N,VIIRS_NOAA20_NRT,1
-5.9023,-35.7248,2026-07-30T04:12:00Z,4.01,N20,n,N,VIIRS_NOAA20_NRT,1
-4.4481,-37.929,2026-07-30T04:12:00Z,1.2,N20,n,N,VIIRS_NOAA20_NRT,1
-5.4734,-45.1165,2026-07-30T04:12:00Z,1.71,N20,n,N,VIIRS_NOAA20_NRT,1
-4.3871,-47.7537,2026-07-30T04:12:00Z,2.9,N20,n,N,VIIRS_NOAA20_NRT,1
-4.3884,-47.756,2026-07-30T04:12:00Z,2.38,N20,n,N,VIIRS_NOAA20_NRT,1
-4.4488,-37.9276,2026-07-30T04:12:00Z,1.21,N20,n,N,VIIRS_NOAA20_NRT,1
-4.4644,-38.307,2026-07-30T04:12:00Z,0.71,N20,n,N,VIIRS_NOAA20_NRT,1
-4.9033,-43.4751,2026-07-30T04:12:00Z,2.63,N20,n,N,VIIRS_NOAA20_NRT,1
-4.9039,-43.4713,2026-07-30T04:12:00Z,2.63,N20,n,N,VIIRS_NOAA20_NRT,1
-4.9074,-43.4718,2026-07-30T04:12:00Z,2.63,N20,n,N,VIIRS_NOAA20_NRT,1
-4.9362,-41.9825,2026-07-30T04:12:00Z,0.56,N20,n,N,VIIRS_NOAA20_NRT,1
-5.0457,-43.2681,2026-07-30T04:12:00Z,2.47,N20,n,N,VIIRS_NOAA20_NRT,1
-5.1386,-37.6518,2026-07-30T04:12:00Z,1.63,N20,n,N,VIIRS_NOAA20_NRT,1
-5.1405,-37.6501,2026-07-30T04:12:00Z,1.66,N20,n,N,VIIRS_NOAA20_NRT,1
-5.1713,-35.6752,2026-07-30T04:12:00Z,1.06,N20,n,N,VIIRS_NOAA20_NRT,1
-5.2897,-45.2124,2026-07-30T04:12:00Z,1.71,N20,n,N,VIIRS_NOAA20_NRT,1
-5.0463,-43.2644,2026-07-30T04:12:00Z,2.47,N20,n,N,VIIRS_NOAA20_NRT,1
-5.4754,-45.1142,2026-07-30T04:12:00Z,2.22,N20,n,N,VIIRS_NOAA20_NRT,1
-5.8278,-44.1397,2026-07-30T04:12:00Z,4.36,N20,n,N,VIIRS_NOAA20_NRT,1
-5.5043,-35.5846,2026-07-30T04:12:00Z,1.05,N20,n,N,VIIRS_NOAA20_NRT,1
-5.7462,-51.7118,2026-07-30T04:12:00Z,4.21,N20,n,N,VIIRS_NOAA20_NRT,1
-5.7469,-51.7078,2026-07-30T04:12:00Z,3.04,N20,n,N,VIIRS_NOAA20_NRT,1
-5.7476,-51.7039,2026-07-30T04:12:00Z,3.04,N20,n,N,VIIRS_NOAA20_NRT,1
-5.7483,-51.7123,2026-07-30T04:12:00Z,4.27,N20,n,N,VIIRS_NOAA20_NRT,1
-5.749,-51.7083,2026-07-30T04:12:00Z,3.29,N20,n,N,VIIRS_NOAA20_NRT,1
-5.7497,-51.7044,2026-07-30T04:12:00Z,3.29,N20,n,N,VIIRS_NOAA20_NRT,1
-5.7504,-51.7004,2026-07-30T04:12:00Z,1.75,N20,n,N,VIIRS_NOAA20_NRT,1
-5.7702,-45.7823,2026-07-30T04:12:00Z,2.31,N20,n,N,VIIRS_NOAA20_NRT,1
-5.8208,-44.1386,2026-07-30T04:12:00Z,3.47,N20,n,N,VIIRS_NOAA20_NRT,1
-5.4771,-45.117,2026-07-30T04:12:00Z,1.71,N20,n,N,VIIRS_NOAA20_NRT,1
-5.8225,-44.7517,2026-07-30T04:12:00Z,0.7,N20,n,N,VIIRS_NOAA20_NRT,1
50.0367,73.0121,2026-07-30T04:10:00Z,11.14,Terra,48,D,MODIS_NRT,1
50.063,73.0544,2026-07-30T04:10:00Z,10.27,Terra,28,D,MODIS_NRT,1
50.3985,80.1837,2026-07-30T04:10:00Z,5.81,Terra,50,D,MODIS_NRT,1
53.359,78.2542,2026-07-30T04:08:00Z,8.78,Terra,56,D,MODIS_NRT,1
53.3609,78.2395,2026-07-30T04:08:00Z,12.32,Terra,76,D,MODIS_NRT,1
53.3716,78.2279,2026-07-30T04:08:00Z,14.48,Terra,60,D,MODIS_NRT,1
54.9566,82.8121,2026-07-30T04:08:00Z,5.75,Terra,55,D,MODIS_NRT,1
56.4811,89.4461,2026-07-30T04:08:00Z,3.52,Terra,19,D,MODIS_NRT,1
57.4216,78.7081,2026-07-30T04:08:00Z,8.01,Terra,68,D,MODIS_NRT,1
57.4237,78.6909,2026-07-30T04:08:00Z,17.24,Terra,79,D,MODIS_NRT,1
58.1577,78.9144,2026-07-30T04:08:00Z,6.02,Terra,60,D,MODIS_NRT,1
58.1598,78.8968,2026-07-30T04:08:00Z,6.9,Terra,63,D,MODIS_NRT,1
66.528,76.5031,2026-07-30T04:06:00Z,59.73,Terra,81,D,MODIS_NRT,1
64.3783,80.3552,2026-07-30T04:06:00Z,13.5,Terra,71,D,MODIS_NRT,1
64.3714,80.3264,2026-07-30T04:06:00Z,5.64,Terra,33,D,MODIS_NRT,1
64.2943,92.4644,2026-07-30T04:06:00Z,11.75,Terra,70,D,MODIS_NRT,1
64.2899,92.4866,2026-07-30T04:06:00Z,4.04,Terra,19,D,MODIS_NRT,1
63.9316,84.1728,2026-07-30T04:06:00Z,6.71,Terra,67,D,MODIS_NRT,1
63.7599,95.3524,2026-07-30T04:06:00Z,6.93,Terra,54,D,MODIS_NRT,1
63.7232,95.5708,2026-07-30T04:06:00Z,6.77,Terra,51,D,MODIS_NRT,1
63.5501,80.7976,2026-07-30T04:06:00Z,9.05,Terra,16,D,MODIS_NRT,1
63.5451,80.7891,2026-07-30T04:06:00Z,11.21,Terra,71,D,MODIS_NRT,1
63.5427,80.8108,2026-07-30T04:06:00Z,9.87,Terra,68,D,MODIS_NRT,1
63.5359,80.7841,2026-07-30T04:06:00Z,5.54,Terra,19,D,MODIS_NRT,1
63.4458,80.9883,2026-07-30T04:06:00Z,6.67,Terra,59,D,MODIS_NRT,1
63.0363,87.8777,2026-07-30T04:06:00Z,7.09,Terra,52,D,MODIS_NRT,1
64.3832,91.3866,2026-07-30T04:06:00Z,6.42,Terra,41,D,MODIS_NRT,1
66.5059,76.4942,2026-07-30T04:06:00Z,61.82,Terra,88,D,MODIS_NRT,1
66.5057,76.4882,2026-07-30T04:06:00Z,47.17,Terra,70,D,MODIS_NRT,1
66.5024,74.7206,2026-07-30T04:06:00Z,59.19,Terra,81,D,MODIS_NRT,1
65.6284,81.6461,2026-07-30T04:06:00Z,7.63,Terra,51,D,MODIS_NRT,1
65.5355,80.305,2026-07-30T04:06:00Z,7.91,Terra,46,D,MODIS_NRT,1
65.533,80.3308,2026-07-30T04:06:00Z,9.19,Terra,50,D,MODIS_NRT,1
65.5234,80.3255,2026-07-30T04:06:00Z,16.96,Terra,74,D,MODIS_NRT,1
65.5146,82.4306,2026-07-30T04:06:00Z,5.83,Terra,56,D,MODIS_NRT,1
65.3778,87.6988,2026-07-30T04:06:00Z,15.15,Terra,77,D,MODIS_NRT,1
65.3748,87.7188,2026-07-30T04:06:00Z,12.08,Terra,67,D,MODIS_NRT,1
65.3535,81.5119,2026-07-30T04:06:00Z,7.47,Terra,63,D,MODIS_NRT,1
65.3496,83.3064,2026-07-30T04:06:00Z,4.09,Terra,47,D,MODIS_NRT,1
65.2352,86.982,2026-07-30T04:06:00Z,4.08,Terra,52,D,MODIS_NRT,1
65.2021,69.836,2026-07-30T04:06:00Z,47.38,Terra,70,D,MODIS_NRT,1
65.2007,69.891,2026-07-30T04:06:00Z,26.32,Terra,42,D,MODIS_NRT,1
65.1253,77.8137,2026-07-30T04:06:00Z,41.87,Terra,85,D,MODIS_NRT,1
65.1207,77.8177,2026-07-30T04:06:00Z,46.51,Terra,86,D,MODIS_NRT,1
65.0659,77.7568,2026-07-30T04:06:00Z,14.81,Terra,66,D,MODIS_NRT,1
65.0432,87.6888,2026-07-30T04:06:00Z,5.23,Terra,55,D,MODIS_NRT,1
65.0354,71.4512,2026-07-30T04:06:00Z,23.39,Terra,63,D,MODIS_NRT,1
65.0007,87.646,2026-07-30T04:06:00Z,4.26,Terra,48,D,MODIS_NRT,1
64.9977,87.6658,2026-07-30T04:06:00Z,9.44,Terra,69,D,MODIS_NRT,1
64.9553,83.9934,2026-07-30T04:06:00Z,17.24,Terra,79,D,MODIS_NRT,1
64.8704,70.7598,2026-07-30T04:06:00Z,14.09,Terra,48,D,MODIS_NRT,1
64.8438,82.5095,2026-07-30T04:06:00Z,4.41,Terra,45,D,MODIS_NRT,1
64.6919,91.7423,2026-07-30T04:06:00Z,6.73,Terra,61,D,MODIS_NRT,1
64.6833,91.7338,2026-07-30T04:06:00Z,5.87,Terra,47,D,MODIS_NRT,1
64.632,91.4766,2026-07-30T04:06:00Z,8.8,Terra,68,D,MODIS_NRT,1
64.5121,81.7156,2026-07-30T04:06:00Z,5.4,Terra,56,D,MODIS_NRT,1
65.563,80.2456,2026-07-30T04:06:00Z,11.02,Terra,20,D,MODIS_NRT,1
65.6525,80.1568,2026-07-30T04:06:00Z,7.47,Terra,58,D,MODIS_NRT,1
66.4907,74.7167,2026-07-30T04:06:00Z,34.81,Terra,67,D,MODIS_NRT,1
65.7589,84.7385,2026-07-30T04:06:00Z,4.27,Terra,49,D,MODIS_NRT,1
66.4884,74.7575,2026-07-30T04:06:00Z,20.58,Terra,51,D,MODIS_NRT,1
66.4736,76.2902,2026-07-30T04:06:00Z,28.23,Terra,59,D,MODIS_NRT,1
66.4625,76.286,2026-07-30T04:06:00Z,27.63,Terra,43,D,MODIS_NRT,1
66.3698,76.9654,2026-07-30T04:06:00Z,12.65,Terra,54,D,MODIS_NRT,1
66.3674,76.9995,2026-07-30T04:06:00Z,10.68,Terra,55,D,MODIS_NRT,1
66.2607,76.0743,2026-07-30T04:06:00Z,12.7,Terra,63,D,MODIS_NRT,1
66.2597,76.0815,2026-07-30T04:06:00Z,15.7,Terra,66,D,MODIS_NRT,1
66.2141,77.2409,2026-07-30T04:06:00Z,11.09,Terra,44,D,MODIS_NRT,1
66.134,80.7161,2026-07-30T04:06:00Z,15.39,Terra,64,D,MODIS_NRT,1
66.1315,80.7424,2026-07-30T04:06:00Z,13.0,Terra,71,D,MODIS_NRT,1
66.0798,77.3788,2026-07-30T04:06:00Z,21.46,Terra,73,D,MODIS_NRT,1
66.0774,77.4113,2026-07-30T04:06:00Z,9.76,Terra,58,D,MODIS_NRT,1
66.074,77.4039,2026-07-30T04:06:00Z,12.4,Terra,52,D,MODIS_NRT,1
65.9144,76.6385,2026-07-30T04:06:00Z,96.09,Terra,81,D,MODIS_NRT,1
65.9084,77.2233,2026-07-30T04:06:00Z,8.05,Terra,47,D,MODIS_NRT,1
65.906,77.2558,2026-07-30T04:06:00Z,19.39,Terra,61,D,MODIS_NRT,1
65.9036,76.6341,2026-07-30T04:06:00Z,92.4,Terra,88,D,MODIS_NRT,1
65.9029,77.249,2026-07-30T04:06:00Z,20.9,Terra,64,D,MODIS_NRT,1
60.4397,97.5312,2026-07-30T04:06:00Z,16.59,Terra,57,D,MODIS_NRT,1
65.9025,80.3415,2026-07-30T04:06:00Z,8.45,Terra,62,D,MODIS_NRT,1
64.3736,78.5843,2026-07-30T04:06:00Z,8.6,Terra,52,D,MODIS_NRT,1
65.8582,76.9598,2026-07-30T04:06:00Z,11.85,Terra,61,D,MODIS_NRT,1
65.8288,76.8716,2026-07-30T04:06:00Z,8.78,Terra,52,D,MODIS_NRT,1
65.7675,84.7449,2026-07-30T04:06:00Z,4.89,Terra,55,D,MODIS_NRT,1
65.7656,82.7847,2026-07-30T04:06:00Z,7.85,Terra,66,D,MODIS_NRT,1
65.9012,76.668,2026-07-30T04:06:00Z,22.02,Terra,63,D,MODIS_NRT,1
60.4362,96.4933,2026-07-30T04:06:00Z,16.87,Terra,62,D,MODIS_NRT,1
60.4338,97.664,2026-07-30T04:06:00Z,25.06,Terra,66,D,MODIS_NRT,1
59.2877,88.0222,2026-07-30T04:06:00Z,21.15,Terra,77,D,MODIS_NRT,1
59.0237,90.476,2026-07-30T04:06:00Z,15.11,Terra,31,D,MODIS_NRT,1
59.0139,90.4684,2026-07-30T04:06:00Z,28.38,Terra,80,D,MODIS_NRT,1
57.5096,97.051,2026-07-30T04:06:00Z,12.03,Terra,23,D,MODIS_NRT,1
63.0278,87.8709,2026-07-30T04:06:00Z,23.15,Terra,84,D,MODIS_NRT,1
63.0246,87.89,2026-07-30T04:06:00Z,23.04,Terra,84,D,MODIS_NRT,1
63.0161,87.8832,2026-07-30T04:06:00Z,8.45,Terra,68,D,MODIS_NRT,1
62.3891,76.6411,2026-07-30T04:06:00Z,9.32,Terra,57,D,MODIS_NRT,1
61.9037,88.4986,2026-07-30T04:06:00Z,12.18,Terra,75,D,MODIS_NRT,1
61.895,88.4917,2026-07-30T04:06:00Z,7.89,Terra,41,D,MODIS_NRT,1
61.2649,75.657,2026-07-30T04:06:00Z,11.68,Terra,65,D,MODIS_NRT,1
60.8401,97.3592,2026-07-30T04:06:00Z,54.73,Terra,80,D,MODIS_NRT,1
60.8398,97.3518,2026-07-30T04:06:00Z,77.88,Terra,85,D,MODIS_NRT,1
60.7838,97.0624,2026-07-30T04:06:00Z,43.04,Terra,77,D,MODIS_NRT,1
60.7748,97.097,2026-07-30T04:06:00Z,31.74,Terra,72,D,MODIS_NRT,1
60.5759,78.7384,2026-07-30T04:06:00Z,4.86,Terra,52,D,MODIS_NRT,1
59.2803,88.0612,2026-07-30T04:06:00Z,8.94,Terra,66,D,MODIS_NRT,1
60.4414,96.2405,2026-07-30T04:06:00Z,64.31,Terra,84,D,MODIS_NRT,1
59.2914,88.0027,2026-07-30T04:06:00Z,971.26,Terra,100,D,MODIS_NRT,1
59.5715,89.229,2026-07-30T04:06:00Z,25.9,Terra,80,D,MODIS_NRT,1
59.295,87.9833,2026-07-30T04:06:00Z,127.48,Terra,100,D,MODIS_NRT,1
60.4326,96.2749,2026-07-30T04:06:00Z,64.48,Terra,84,D,MODIS_NRT,1
60.4322,97.667,2026-07-30T04:06:00Z,27.79,Terra,69,D,MODIS_NRT,1
60.4302,97.5667,2026-07-30T04:06:00Z,12.91,Terra,20,D,MODIS_NRT,1
60.4278,96.5257,2026-07-30T04:06:00Z,73.86,Terra,85,D,MODIS_NRT,1
60.4266,96.517,2026-07-30T04:06:00Z,133.57,Terra,92,D,MODIS_NRT,1
60.2537,87.8693,2026-07-30T04:06:00Z,17.48,Terra,80,D,MODIS_NRT,1
60.23,83.5426,2026-07-30T04:06:00Z,9.28,Terra,70,D,MODIS_NRT,1
59.7999,88.6606,2026-07-30T04:06:00Z,21.13,Terra,78,D,MODIS_NRT,1
59.5808,89.2362,2026-07-30T04:06:00Z,28.23,Terra,82,D,MODIS_NRT,1
59.5756,89.2083,2026-07-30T04:06:00Z,5.34,Terra,37,D,MODIS_NRT,1
59.8037,88.6405,2026-07-30T04:06:00Z,15.13,Terra,73,D,MODIS_NRT,1
59.3041,87.9898,2026-07-30T04:06:00Z,10.47,Terra,54,D,MODIS_NRT,1
59.3004,88.0093,2026-07-30T04:06:00Z,99.51,Terra,99,D,MODIS_NRT,1
67.5712,91.766,2026-07-30T04:04:00Z,5.68,Terra,58,D,MODIS_NRT,1
67.3648,81.9669,2026-07-30T04:04:00Z,9.08,Terra,42,D,MODIS_NRT,1
67.3689,82.0271,2026-07-30T04:04:00Z,7.0,Terra,22,D,MODIS_NRT,1
67.3716,82.0,2026-07-30T04:04:00Z,14.48,Terra,71,D,MODIS_NRT,1
67.4349,81.8681,2026-07-30T04:04:00Z,17.18,Terra,68,D,MODIS_NRT,1
67.5467,83.2128,2026-07-30T04:04:00Z,57.77,Terra,0,D,MODIS_NRT,1
67.5495,83.187,2026-07-30T04:04:00Z,13.52,Terra,55,D,MODIS_NRT,1
67.6147,84.4715,2026-07-30T04:04:00Z,26.48,Terra,84,D,MODIS_NRT,1
67.2749,83.2185,2026-07-30T04:04:00Z,12.2,Terra,53,D,MODIS_NRT,1
67.6175,84.4471,2026-07-30T04:04:00Z,29.32,Terra,85,D,MODIS_NRT,1
67.6236,84.4783,2026-07-30T04:04:00Z,7.76,Terra,65,D,MODIS_NRT,1
67.712,95.4814,2026-07-30T04:04:00Z,10.12,Terra,69,D,MODIS_NRT,1
67.7168,95.4936,2026-07-30T04:04:00Z,10.07,Terra,39,D,MODIS_NRT,1
67.8139,98.5437,2026-07-30T04:04:00Z,20.87,Terra,57,D,MODIS_NRT,1
67.2848,83.0348,2026-07-30T04:04:00Z,13.53,Terra,74,D,MODIS_NRT,1
67.2262,76.9616,2026-07-30T04:04:00Z,14.17,Terra,36,D,MODIS_NRT,1
67.2372,76.9663,2026-07-30T04:04:00Z,73.69,Terra,0,D,MODIS_NRT,1
67.2073,95.4688,2026-07-30T04:04:00Z,7.02,Terra,57,D,MODIS_NRT,1
67.2396,76.9296,2026-07-30T04:04:00Z,22.97,Terra,56,D,MODIS_NRT,1
67.2456,77.0077,2026-07-30T04:04:00Z,41.77,Terra,0,D,MODIS_NRT,1
67.259,92.0993,2026-07-30T04:04:00Z,10.08,Terra,64,D,MODIS_NRT,1
67.2626,92.0778,2026-07-30T04:04:00Z,12.91,Terra,55,D,MODIS_NRT,1
67.2155,95.4568,2026-07-30T04:04:00Z,32.6,Terra,85,D,MODIS_NRT,1
67.212,95.4446,2026-07-30T04:04:00Z,27.82,Terra,83,D,MODIS_NRT,1
67.1966,81.9869,2026-07-30T04:04:00Z,11.34,Terra,69,D,MODIS_NRT,1
63.4058,105.8963,2026-07-30T04:04:00Z,40.57,Terra,48,D,MODIS_NRT,1
67.82,85.6915,2026-07-30T04:04:00Z,22.82,Terra,82,D,MODIS_NRT,1
67.191,92.7238,2026-07-30T04:04:00Z,6.08,Terra,52,D,MODIS_NRT,1
67.187,92.7463,2026-07-30T04:04:00Z,7.43,Terra,61,D,MODIS_NRT,1
67.1643,86.2213,2026-07-30T04:04:00Z,6.33,Terra,64,D,MODIS_NRT,1
67.1614,86.2436,2026-07-30T04:04:00Z,6.74,Terra,66,D,MODIS_NRT,1
67.1594,90.9778,2026-07-30T04:04:00Z,6.47,Terra,62,D,MODIS_NRT,1
67.8195,98.517,2026-07-30T04:04:00Z,15.48,Terra,53,D,MODIS_NRT,1
67.8702,84.2833,2026-07-30T04:04:00Z,38.51,Terra,89,D,MODIS_NRT,1
67.8201,98.5247,2026-07-30T04:04:00Z,18.97,Terra,39,D,MODIS_NRT,1
68.3039,98.0271,2026-07-30T04:04:00Z,10.39,Terra,67,D,MODIS_NRT,1
68.2607,98.129,2026-07-30T04:04:00Z,24.88,Terra,81,D,MODIS_NRT,1
68.2659,98.1043,2026-07-30T04:04:00Z,58.22,Terra,92,D,MODIS_NRT,1
68.2673,84.5386,2026-07-30T04:04:00Z,17.52,Terra,79,D,MODIS_NRT,1
68.271,98.0792,2026-07-30T04:04:00Z,18.15,Terra,72,D,MODIS_NRT,1
68.2746,98.1156,2026-07-30T04:04:00Z,36.83,Terra,86,D,MODIS_NRT,1
68.2999,83.271,2026-07-30T04:04:00Z,8.16,Terra,64,D,MODIS_NRT,1
68.3126,98.0384,2026-07-30T04:04:00Z,6.49,Terra,40,D,MODIS_NRT,1
67.8204,98.6295,2026-07-30T04:04:00Z,26.8,Terra,81,D,MODIS_NRT,1
68.3176,98.0144,2026-07-30T04:04:00Z,7.97,Terra,56,D,MODIS_NRT,1
68.3678,83.7072,2026-07-30T04:04:00Z,37.29,Terra,88,D,MODIS_NRT,1
68.3707,83.6804,2026-07-30T04:04:00Z,13.12,Terra,70,D,MODIS_NRT,1
68.4102,83.6301,2026-07-30T04:04:00Z,9.28,Terra,66,D,MODIS_NRT,1
68.5228,79.9727,2026-07-30T04:04:00Z,8.9,Terra,61,D,MODIS_NRT,1
68.5255,79.9393,2026-07-30T04:04:00Z,9.42,Terra,62,D,MODIS_NRT,1
68.1056,84.7901,2026-07-30T04:04:00Z,13.63,Terra,29,D,MODIS_NRT,1
68.0651,83.3459,2026-07-30T04:04:00Z,10.89,Terra,59,D,MODIS_NRT,1
67.0472,93.1953,2026-07-30T04:04:00Z,4.99,Terra,55,D,MODIS_NRT,1
68.0623,83.3727,2026-07-30T04:04:00Z,38.44,Terra,88,D,MODIS_NRT,1
68.0595,83.3993,2026-07-30T04:04:00Z,33.68,Terra,87,D,MODIS_NRT,1
68.0567,83.4258,2026-07-30T04:04:00Z,40.99,Terra,89,D,MODIS_NRT,1
68.0531,83.3657,2026-07-30T04:04:00Z,31.87,Terra,86,D,MODIS_NRT,1
67.9708,82.8318,2026-07-30T04:04:00Z,27.04,Terra,81,D,MODIS_NRT,1
67.968,82.8591,2026-07-30T04:04:00Z,26.19,Terra,83,D,MODIS_NRT,1
67.959,98.4668,2026-07-30T04:04:00Z,23.98,Terra,79,D,MODIS_NRT,1
67.9587,82.8525,2026-07-30T04:04:00Z,15.71,Terra,75,D,MODIS_NRT,1
67.956,82.8796,2026-07-30T04:04:00Z,9.09,Terra,53,D,MODIS_NRT,1
67.8674,84.3085,2026-07-30T04:04:00Z,27.71,Terra,77,D,MODIS_NRT,1
67.8646,84.3336,2026-07-30T04:04:00Z,10.65,Terra,51,D,MODIS_NRT,1
67.8408,84.882,2026-07-30T04:04:00Z,18.86,Terra,75,D,MODIS_NRT,1
67.838,84.9065,2026-07-30T04:04:00Z,20.63,Terra,61,D,MODIS_NRT,1
67.8288,85.6988,2026-07-30T04:04:00Z,20.19,Terra,81,D,MODIS_NRT,1
64.158,96.8056,2026-07-30T04:04:00Z,9.7,Terra,57,D,MODIS_NRT,1
64.6035,93.2441,2026-07-30T04:04:00Z,7.58,Terra,47,D,MODIS_NRT,1
64.3205,94.9453,2026-07-30T04:04:00Z,11.67,Terra,61,D,MODIS_NRT,1
65.9528,117.7337,2026-07-30T04:04:00Z,3168.84,Terra,94,D,MODIS_NRT,1
66.3568,100.5119,2026-07-30T04:04:00Z,11.3,Terra,46,D,MODIS_NRT,1
66.1893,94.2512,2026-07-30T04:04:00Z,10.22,Terra,67,D,MODIS_NRT,1
66.1876,95.3331,2026-07-30T04:04:00Z,12.67,Terra,69,D,MODIS_NRT,1
66.1848,94.2741,2026-07-30T04:04:00Z,26.72,Terra,84,D,MODIS_NRT,1
66.1804,94.297,2026-07-30T04:04:00Z,21.17,Terra,71,D,MODIS_NRT,1
66.1759,94.32,2026-07-30T04:04:00Z,30.51,Terra,85,D,MODIS_NRT,1
66.1714,94.3433,2026-07-30T04:04:00Z,15.46,Terra,74,D,MODIS_NRT,1
66.164,94.2187,2026-07-30T04:04:00Z,11.16,Terra,61,D,MODIS_NRT,1
65.9646,117.7647,2026-07-30T04:04:00Z,718.36,Terra,100,D,MODIS_NRT,1
65.964,117.7539,2026-07-30T04:04:00Z,1379.65,Terra,94,D,MODIS_NRT,1
65.9523,117.7227,2026-07-30T04:04:00Z,2581.15,Terra,94,D,MODIS_NRT,1
66.3702,100.616,2026-07-30T04:04:00Z,21.77,Terra,59,D,MODIS_NRT,1
65.853,113.4043,2026-07-30T04:04:00Z,156.27,Terra,83,D,MODIS_NRT,1
65.8488,113.3993,2026-07-30T04:04:00Z,176.02,Terra,85,D,MODIS_NRT,1
65.8122,91.5521,2026-07-30T04:04:00Z,9.36,Terra,69,D,MODIS_NRT,1
65.8038,91.5434,2026-07-30T04:04:00Z,4.11,Terra,35,D,MODIS_NRT,1
65.7803,88.288,2026-07-30T04:04:00Z,10.81,Terra,71,D,MODIS_NRT,1
65.7356,107.5593,2026-07-30T04:04:00Z,53.22,Terra,73,D,MODIS_NRT,1
65.7217,107.6031,2026-07-30T04:04:00Z,38.17,Terra,67,D,MODIS_NRT,1
65.4044,89.6291,2026-07-30T04:04:00Z,4.17,Terra,52,D,MODIS_NRT,1
65.4043,93.8815,2026-07-30T04:04:00Z,11.04,Terra,67,D,MODIS_NRT,1
65.3628,93.6371,2026-07-30T04:04:00Z,15.51,Terra,75,D,MODIS_NRT,1
66.3644,100.4811,2026-07-30T04:04:00Z,15.65,Terra,62,D,MODIS_NRT,1
66.3777,100.5852,2026-07-30T04:04:00Z,18.54,Terra,26,D,MODIS_NRT,1
64.5198,98.074,2026-07-30T04:04:00Z,10.07,Terra,25,D,MODIS_NRT,1
66.6166,87.8483,2026-07-30T04:04:00Z,4.3,Terra,49,D,MODIS_NRT,1
67.0253,81.6359,2026-07-30T04:04:00Z,20.15,Terra,70,D,MODIS_NRT,1
66.9125,76.5384,2026-07-30T04:04:00Z,15.74,Terra,59,D,MODIS_NRT,1
66.7594,82.2307,2026-07-30T04:04:00Z,23.54,Terra,80,D,MODIS_NRT,1
66.7567,82.2562,2026-07-30T04:04:00Z,26.5,Terra,82,D,MODIS_NRT,1
66.724,82.337,2026-07-30T04:04:00Z,7.83,Terra,61,D,MODIS_NRT,1
66.7213,82.3623,2026-07-30T04:04:00Z,13.68,Terra,72,D,MODIS_NRT,1
66.7072,80.4263,2026-07-30T04:04:00Z,7.45,Terra,63,D,MODIS_NRT,1
66.7047,80.4543,2026-07-30T04:04:00Z,19.05,Terra,77,D,MODIS_NRT,1
66.6702,77.4043,2026-07-30T04:04:00Z,9.31,Terra,49,D,MODIS_NRT,1
66.6632,80.4598,2026-07-30T04:04:00Z,15.93,Terra,74,D,MODIS_NRT,1
66.5646,91.0112,2026-07-30T04:04:00Z,9.13,Terra,68,D,MODIS_NRT,1
66.4619,117.5809,2026-07-30T04:04:00Z,65.36,Terra,68,D,MODIS_NRT,1
66.5624,117.8717,2026-07-30T04:04:00Z,61.06,Terra,37,D,MODIS_NRT,1
66.561,91.0323,2026-07-30T04:04:00Z,8.07,Terra,63,D,MODIS_NRT,1
66.5089,117.8587,2026-07-30T04:04:00Z,148.75,Terra,54,D,MODIS_NRT,1
66.4932,91.4342,2026-07-30T04:04:00Z,4.57,Terra,18,D,MODIS_NRT,1
66.4885,91.4043,2026-07-30T04:04:00Z,6.58,Terra,61,D,MODIS_NRT,1
66.4849,91.4254,2026-07-30T04:04:00Z,5.58,Terra,46,D,MODIS_NRT,1
66.4761,95.0887,2026-07-30T04:04:00Z,25.21,Terra,71,D,MODIS_NRT,1
66.4713,95.1124,2026-07-30T04:04:00Z,15.14,Terra,33,D,MODIS_NRT,1
66.4685,90.0377,2026-07-30T04:04:00Z,6.15,Terra,64,D,MODIS_NRT,1
66.4656,117.5946,2026-07-30T04:04:00Z,86.06,Terra,70,D,MODIS_NRT,1
65.3022,89.8326,2026-07-30T04:04:00Z,14.06,Terra,75,D,MODIS_NRT,1
65.2995,105.4237,2026-07-30T04:04:00Z,22.66,Terra,61,D,MODIS_NRT,1
65.2965,105.4235,2026-07-30T04:04:00Z,47.8,Terra,75,D,MODIS_NRT,1
64.7012,110.0428,2026-07-30T04:04:00Z,261.53,Terra,92,D,MODIS_NRT,1
64.7214,109.8899,2026-07-30T04:04:00Z,399.87,Terra,97,D,MODIS_NRT,1
64.721,109.9879,2026-07-30T04:04:00Z,133.3,Terra,82,D,MODIS_NRT,1
64.7175,110.268,2026-07-30T04:04:00Z,131.64,Terra,74,D,MODIS_NRT,1
64.7171,109.8867,2026-07-30T04:04:00Z,299.78,Terra,94,D,MODIS_NRT,1
64.7138,109.9679,2026-07-30T04:04:00Z,290.39,Terra,94,D,MODIS_NRT,1
64.7097,110.245,2026-07-30T04:04:00Z,85.32,Terra,41,D,MODIS_NRT,1
64.7094,109.964,2026-07-30T04:04:00Z,345.83,Terra,96,D,MODIS_NRT,1
64.7058,110.2438,2026-07-30T04:04:00Z,61.88,Terra,22,D,MODIS_NRT,1
64.7058,110.0472,2026-07-30T04:04:00Z,227.41,Terra,91,D,MODIS_NRT,1
64.7021,109.9442,2026-07-30T04:04:00Z,470.54,Terra,99,D,MODIS_NRT,1
64.6976,109.9404,2026-07-30T04:04:00Z,421.49,Terra,98,D,MODIS_NRT,1
65.2959,90.162,2026-07-30T04:04:00Z,16.48,Terra,57,D,MODIS_NRT,1
64.6945,110.022,2026-07-30T04:04:00Z,143.49,Terra,74,D,MODIS_NRT,1
64.6901,110.0174,2026-07-30T04:04:00Z,234.11,Terra,91,D,MODIS_NRT,1
64.683,109.9977,2026-07-30T04:04:00Z,525.44,Terra,100,D,MODIS_NRT,1
64.6783,109.9938,2026-07-30T04:04:00Z,397.41,Terra,97,D,MODIS_NRT,1
64.5989,93.2671,2026-07-30T04:04:00Z,8.13,Terra,54,D,MODIS_NRT,1
64.5947,93.2344,2026-07-30T04:04:00Z,7.08,Terra,50,D,MODIS_NRT,1
64.5902,93.2574,2026-07-30T04:04:00Z,11.23,Terra,69,D,MODIS_NRT,1
64.545,96.295,2026-07-30T04:04:00Z,6.07,Terra,33,D,MODIS_NRT,1
64.5389,98.1005,2026-07-30T04:04:00Z,18.72,Terra,67,D,MODIS_NRT,1
64.5263,98.0469,2026-07-30T04:04:00Z,10.74,Terra,27,D,MODIS_NRT,1
64.7214,110.2692,2026-07-30T04:04:00Z,83.52,Terra,45,D,MODIS_NRT,1
64.7291,109.9095,2026-07-30T04:04:00Z,142.99,Terra,62,D,MODIS_NRT,1
64.7721,109.9021,2026-07-30T04:04:00Z,73.06,Terra,49,D,MODIS_NRT,1
64.7838,109.9257,2026-07-30T04:04:00Z,101.51,Terra,45,D,MODIS_NRT,1
65.2886,105.4055,2026-07-30T04:04:00Z,35.87,Terra,70,D,MODIS_NRT,1
65.288,90.149,2026-07-30T04:04:00Z,15.12,Terra,76,D,MODIS_NRT,1
65.2846,90.1694,2026-07-30T04:04:00Z,19.4,Terra,80,D,MODIS_NRT,1
65.2541,94.1288,2026-07-30T04:04:00Z,5.7,Terra,51,D,MODIS_NRT,1
65.2524,94.1199,2026-07-30T04:04:00Z,10.08,Terra,66,D,MODIS_NRT,1
65.2423,106.3264,2026-07-30T04:04:00Z,16.91,Terra,44,D,MODIS_NRT,1
65.2362,106.312,2026-07-30T04:04:00Z,17.73,Terra,47,D,MODIS_NRT,1
65.1571,94.2713,2026-07-30T04:04:00Z,18.01,Terra,77,D,MODIS_NRT,1
65.1524,94.2945,2026-07-30T04:04:00Z,17.55,Terra,76,D,MODIS_NRT,1
65.0893,91.3416,2026-07-30T04:04:00Z,8.34,Terra,56,D,MODIS_NRT,1
65.0855,91.3626,2026-07-30T04:04:00Z,5.65,Terra,25,D,MODIS_NRT,1
64.9395,110.1511,2026-07-30T04:04:00Z,89.47,Terra,78,D,MODIS_NRT,1
64.9167,110.3839,2026-07-30T04:04:00Z,133.34,Terra,83,D,MODIS_NRT,1
64.913,110.3843,2026-07-30T04:04:00Z,202.3,Terra,89,D,MODIS_NRT,1
64.9048,110.3604,2026-07-30T04:04:00Z,84.61,Terra,59,D,MODIS_NRT,1
64.8526,96.6978,2026-07-30T04:04:00Z,8.0,Terra,52,D,MODIS_NRT,1
64.8191,109.9957,2026-07-30T04:04:00Z,35.01,Terra,34,D,MODIS_NRT,1
64.816,109.9965,2026-07-30T04:04:00Z,41.13,Terra,28,D,MODIS_NRT,1
64.8073,109.9726,2026-07-30T04:04:00Z,56.42,Terra,67,D,MODIS_NRT,1
64.8041,109.9736,2026-07-30T04:04:00Z,50.79,Terra,51,D,MODIS_NRT,1
64.7921,109.8461,2026-07-30T04:04:00Z,120.26,Terra,83,D,MODIS_NRT,1
64.1605,96.8139,2026-07-30T04:04:00Z,10.46,Terra,59,D,MODIS_NRT,1
67.0348,81.6418,2026-07-30T04:04:00Z,26.63,Terra,71,D,MODIS_NRT,1
-29.7765,-51.1788,2026-07-30T04:00:00Z,1.84,N,n,N,VIIRS_SNPP_NRT,1
-29.7766,-51.1798,2026-07-30T04:00:00Z,2.08,N,n,N,VIIRS_SNPP_NRT,1
-29.7773,-51.1752,2026-07-30T04:00:00Z,1.84,N,n,N,VIIRS_SNPP_NRT,1
-29.7775,-51.1762,2026-07-30T04:00:00Z,2.08,N,n,N,VIIRS_SNPP_NRT,1
-29.153,-56.6602,2026-07-30T04:00:00Z,11.76,N,n,N,VIIRS_SNPP_NRT,1
-22.2842,-45.3845,2026-07-30T03:57:00Z,1.4,N,n,N,VIIRS_SNPP_NRT,1
-21.5623,-41.2774,2026-07-30T03:57:00Z,0.65,N,n,N,VIIRS_SNPP_NRT,1
-22.683,-43.7984,2026-07-30T03:57:00Z,0.66,N,n,N,VIIRS_SNPP_NRT,1
-22.0499,-45.0907,2026-07-30T03:57:00Z,1.11,N,n,N,VIIRS_SNPP_NRT,1
-22.5478,-40.0684,2026-07-30T03:57:00Z,1.31,N,n,N,VIIRS_SNPP_NRT,1
-21.9133,-42.2625,2026-07-30T03:57:00Z,0.72,N,n,N,VIIRS_SNPP_NRT,1
-21.9119,-42.2641,2026-07-30T03:57:00Z,0.79,N,n,N,VIIRS_SNPP_NRT,1
-21.7536,-41.277,2026-07-30T03:57:00Z,0.69,N,n,N,VIIRS_SNPP_NRT,1
-21.6591,-41.5124,2026-07-30T03:57:00Z,0.83,N,n,N,VIIRS_SNPP_NRT,1
-21.6428,-49.7527,2026-07-30T03:57:00Z,1.15,N,n,N,VIIRS_SNPP_NRT,1
-21.5935,-41.3047,2026-07-30T03:57:00Z,2.68,N,n,N,VIIRS_SNPP_NRT,1
-21.4893,-41.1972,2026-07-30T03:57:00Z,5.07,N,n,N,VIIRS_SNPP_NRT,1
-21.519,-41.2115,2026-07-30T03:57:00Z,0.83,N,n,N,VIIRS_SNPP_NRT,1
-21.492,-41.2019,2026-07-30T03:57:00Z,1.45,N,n,N,VIIRS_SNPP_NRT,1
-22.7623,-43.7446,2026-07-30T03:57:00Z,0.92,N,n,N,VIIRS_SNPP_NRT,1
-21.4886,-41.2013,2026-07-30T03:57:00Z,5.07,N,n,N,VIIRS_SNPP_NRT,1
-21.4851,-41.2006,2026-07-30T03:57:00Z,5.07,N,n,N,VIIRS_SNPP_NRT,1
-21.4817,-41.1999,2026-07-30T03:57:00Z,3.14,N,n,N,VIIRS_SNPP_NRT,1
-21.4616,-43.7808,2026-07-30T03:57:00Z,1.25,N,n,N,VIIRS_SNPP_NRT,1
-21.4606,-43.7861,2026-07-30T03:57:00Z,2.26,N,n,N,VIIRS_SNPP_NRT,1
-21.4577,-43.78,2026-07-30T03:57:00Z,1.06,N,n,N,VIIRS_SNPP_NRT,1
-22.7165,-42.858,2026-07-30T03:57:00Z,0.65,N,n,N,VIIRS_SNPP_NRT,1
-22.9043,-43.7356,2026-07-30T03:57:00Z,4.33,N,n,N,VIIRS_SNPP_NRT,1
-22.7632,-43.7396,2026-07-30T03:57:00Z,7.97,N,n,N,VIIRS_SNPP_NRT,1
-22.9015,-43.7508,2026-07-30T03:57:00Z,2.14,N,n,N,VIIRS_SNPP_NRT,1
-22.0507,-45.0866,2026-07-30T03:57:00Z,0.93,N,n,N,VIIRS_SNPP_NRT,1
-22.2807,-45.3797,2026-07-30T03:57:00Z,1.6,N,n,N,VIIRS_SNPP_NRT,1
-24.7911,-42.5099,2026-07-30T03:57:00Z,1.39,N,n,N,VIIRS_SNPP_NRT,1
-24.7876,-42.5091,2026-07-30T03:57:00Z,0.65,N,n,N,VIIRS_SNPP_NRT,1
-24.6828,-42.3823,2026-07-30T03:57:00Z,3.4,N,n,N,VIIRS_SNPP_NRT,1
-24.6821,-42.3866,2026-07-30T03:57:00Z,3.4,N,n,N,VIIRS_SNPP_NRT,1
-24.6376,-42.4124,2026-07-30T03:57:00Z,0.84,N,n,N,VIIRS_SNPP_NRT,1
-24.5444,-42.47,2026-07-30T03:57:00Z,4.79,N,n,N,VIIRS_SNPP_NRT,1
-24.4496,-55.4364,2026-07-30T03:57:00Z,3.47,N,n,N,VIIRS_SNPP_NRT,1
-24.4424,-55.4342,2026-07-30T03:57:00Z,1.69,N,n,N,VIIRS_SNPP_NRT,1
-23.3173,-41.2598,2026-07-30T03:57:00Z,0.52,N,n,N,VIIRS_SNPP_NRT,1
-22.9495,-42.9608,2026-07-30T03:57:00Z,0.65,N,n,N,VIIRS_SNPP_NRT,1
-22.9243,-43.7558,2026-07-30T03:57:00Z,4.53,N,n,N,VIIRS_SNPP_NRT,1
-22.9205,-43.755,2026-07-30T03:57:00Z,4.53,N,n,N,VIIRS_SNPP_NRT,1
-22.9128,-43.7322,2026-07-30T03:57:00Z,2.99,N,n,N,VIIRS_SNPP_NRT,1
-22.9081,-43.7365,2026-07-30T03:57:00Z,2.99,N,n,N,VIIRS_SNPP_NRT,1
-22.9072,-43.7415,2026-07-30T03:57:00Z,2.58,N,n,N,VIIRS_SNPP_NRT,1
-22.9052,-43.7306,2026-07-30T03:57:00Z,4.33,N,n,N,VIIRS_SNPP_NRT,1
-21.4453,-43.6109,2026-07-30T03:57:00Z,0.8,N,n,N,VIIRS_SNPP_NRT,1
-21.4558,-43.7688,2026-07-30T03:57:00Z,3.07,N,n,N,VIIRS_SNPP_NRT,1
-21.6419,-49.7566,2026-07-30T03:57:00Z,1.25,N,n,N,VIIRS_SNPP_NRT,1
-21.4452,-43.6089,2026-07-30T03:57:00Z,1.0,N,n,N,VIIRS_SNPP_NRT,1
-20.3467,-40.938,2026-07-30T03:57:00Z,2.17,N,n,N,VIIRS_SNPP_NRT,1
-20.5448,-43.7657,2026-07-30T03:57:00Z,1.32,N,n,N,VIIRS_SNPP_NRT,1
-20.544,-43.7486,2026-07-30T03:57:00Z,2.36,N,n,N,VIIRS_SNPP_NRT,1
-20.5431,-43.7639,2026-07-30T03:57:00Z,8.08,N,n,N,VIIRS_SNPP_NRT,1
-20.5429,-43.754,2026-07-30T03:57:00Z,1.91,N,n,N,VIIRS_SNPP_NRT,1
-20.5419,-43.7594,2026-07-30T03:57:00Z,1.91,N,n,N,VIIRS_SNPP_NRT,1
-20.5408,-43.7649,2026-07-30T03:57:00Z,4.84,N,n,N,VIIRS_SNPP_NRT,1
-20.5392,-43.7631,2026-07-30T03:57:00Z,1.56,N,n,N,VIIRS_SNPP_NRT,1
-20.428,-40.3573,2026-07-30T03:57:00Z,0.35,N,n,N,VIIRS_SNPP_NRT,1
-20.3495,-40.9426,2026-07-30T03:57:00Z,0.6,N,n,N,VIIRS_SNPP_NRT,1
-20.3432,-40.9373,2026-07-30T03:57:00Z,2.17,N,n,N,VIIRS_SNPP_NRT,1
-20.5477,-43.772,2026-07-30T03:57:00Z,1.32,N,n,N,VIIRS_SNPP_NRT,1
-20.1496,-44.8787,2026-07-30T03:57:00Z,1.51,N,n,N,VIIRS_SNPP_NRT,1
-19.8326,-48.2073,2026-07-30T03:57:00Z,0.72,N,n,N,VIIRS_SNPP_NRT,1
-21.4398,-41.1012,2026-07-30T03:57:00Z,0.51,N,n,N,VIIRS_SNPP_NRT,1
-19.8266,-48.2097,2026-07-30T03:57:00Z,1.62,N,n,N,VIIRS_SNPP_NRT,1
-19.1791,-47.3513,2026-07-30T03:57:00Z,0.77,N,n,N,VIIRS_SNPP_NRT,1
-19.1784,-47.3543,2026-07-30T03:57:00Z,2.17,N,n,N,VIIRS_SNPP_NRT,1
-19.1763,-47.3529,2026-07-30T03:57:00Z,2.81,N,n,N,VIIRS_SNPP_NRT,1
-18.4756,-51.7256,2026-07-30T03:57:00Z,2.21,N,n,N,VIIRS_SNPP_NRT,1
-18.4742,-51.7316,2026-07-30T03:57:00Z,2.21,N,n,N,VIIRS_SNPP_NRT,1
-20.5452,-43.7531,2026-07-30T03:57:00Z,3.81,N,n,N,VIIRS_SNPP_NRT,1
-19.8274,-48.2061,2026-07-30T03:57:00Z,0.72,N,n,N,VIIRS_SNPP_NRT,1
-20.55,-43.7712,2026-07-30T03:57:00Z,1.43,N,n,N,VIIRS_SNPP_NRT,1
-21.3551,-44.8128,2026-07-30T03:57:00Z,3.83,N,n,N,VIIRS_SNPP_NRT,1
-20.73,-42.0436,2026-07-30T03:57:00Z,1.6,N,n,N,VIIRS_SNPP_NRT,1
-21.4357,-41.1046,2026-07-30T03:57:00Z,0.39,N,n,N,VIIRS_SNPP_NRT,1
-21.4316,-46.6629,2026-07-30T03:57:00Z,1.43,N,n,N,VIIRS_SNPP_NRT,1
-21.3585,-44.8179,2026-07-30T03:57:00Z,3.83,N,n,N,VIIRS_SNPP_NRT,1
-21.3577,-44.8219,2026-07-30T03:57:00Z,3.0,N,n,N,VIIRS_SNPP_NRT,1
-22.5148,-44.1168,2026-07-30T03:57:00Z,2.85,N,n,N,VIIRS_SNPP_NRT,1
-22.4139,-42.2472,2026-07-30T03:57:00Z,1.66,N,n,N,VIIRS_SNPP_NRT,1
-21.356,-44.8304,2026-07-30T03:57:00Z,4.59,N,n,N,VIIRS_SNPP_NRT,1
-21.3552,-44.8345,2026-07-30T03:57:00Z,4.59,N,n,N,VIIRS_SNPP_NRT,1
-21.3592,-44.814,2026-07-30T03:57:00Z,3.83,N,n,N,VIIRS_SNPP_NRT,1
-21.4392,-41.1053,2026-07-30T03:57:00Z,0.39,N,n,N,VIIRS_SNPP_NRT,1
-21.3536,-44.8208,2026-07-30T03:57:00Z,3.0,N,n,N,VIIRS_SNPP_NRT,1
-21.351,-44.812,2026-07-30T03:57:00Z,2.41,N,n,N,VIIRS_SNPP_NRT,1
-21.3477,-44.8285,2026-07-30T03:57:00Z,1.0,N,n,N,VIIRS_SNPP_NRT,1
-21.2045,-43.8169,2026-07-30T03:57:00Z,0.88,N,n,N,VIIRS_SNPP_NRT,1
-21.2006,-43.8161,2026-07-30T03:57:00Z,2.17,N,n,N,VIIRS_SNPP_NRT,1
-20.776,-42.979,2026-07-30T03:57:00Z,0.79,N,n,N,VIIRS_SNPP_NRT,1
-21.3544,-44.8168,2026-07-30T03:57:00Z,3.83,N,n,N,VIIRS_SNPP_NRT,1
-20.761,-46.7711,2026-07-30T03:57:00Z,1.14,N,n,N,VIIRS_SNPP_NRT,1
-14.19,-43.9992,2026-07-30T03:55:00Z,2.13,N,n,N,VIIRS_SNPP_NRT,1
-14.181,-43.9974,2026-07-30T03:55:00Z,3.77,N,n,N,VIIRS_SNPP_NRT,1
-14.1846,-44.003,2026-07-30T03:55:00Z,3.77,N,n,N,VIIRS_SNPP_NRT,1
-14.1855,-43.9983,2026-07-30T03:55:00Z,3.77,N,n,N,VIIRS_SNPP_NRT,1
-14.1864,-43.9937,2026-07-30T03:55:00Z,2.33,N,n,N,VIIRS_SNPP_NRT,1
-14.1872,-43.9891,2026-07-30T03:55:00Z,2.33,N,n,N,VIIRS_SNPP_NRT,1
-14.1891,-44.0038,2026-07-30T03:55:00Z,2.13,N,n,N,VIIRS_SNPP_NRT,1
-14.1954,-44.003,2026-07-30T03:55:00Z,1.81,N,n,N,VIIRS_SNPP_NRT,1
-14.1917,-43.99,2026-07-30T03:55:00Z,3.31,N,n,N,VIIRS_SNPP_NRT,1
-14.1945,-44.0001,2026-07-30T03:55:00Z,2.13,N,n,N,VIIRS_SNPP_NRT,1
-14.1963,-43.9984,2026-07-30T03:55:00Z,1.81,N,n,N,VIIRS_SNPP_NRT,1
-14.197,-43.9863,2026-07-30T03:55:00Z,2.51,N,n,N,VIIRS_SNPP_NRT,1
-14.199,-44.001,2026-07-30T03:55:00Z,1.38,N,n,N,VIIRS_SNPP_NRT,1
-13.6042,-42.9347,2026-07-30T03:55:00Z,1.4,N,n,N,VIIRS_SNPP_NRT,1
-14.1354,-41.6937,2026-07-30T03:55:00Z,0.76,N,n,N,VIIRS_SNPP_NRT,1
-12.1452,-48.9523,2026-07-30T03:55:00Z,0.93,N,n,N,VIIRS_SNPP_NRT,1
-13.4408,-43.6768,2026-07-30T03:55:00Z,0.97,N,n,N,VIIRS_SNPP_NRT,1
-11.5535,-47.563,2026-07-30T03:55:00Z,2.35,N,n,N,VIIRS_SNPP_NRT,1
-14.3866,-48.0357,2026-07-30T03:55:00Z,2.88,N,n,N,VIIRS_SNPP_NRT,1
-11.3847,-50.1289,2026-07-30T03:55:00Z,1.44,N,n,N,VIIRS_SNPP_NRT,1
-11.3908,-50.1258,2026-07-30T03:55:00Z,3.79,N,n,N,VIIRS_SNPP_NRT,1
-11.393,-50.1238,2026-07-30T03:55:00Z,2.16,N,n,N,VIIRS_SNPP_NRT,1
-11.4129,-50.0896,2026-07-30T03:55:00Z,1.36,N,n,N,VIIRS_SNPP_NRT,1
-11.4184,-50.0976,2026-07-30T03:55:00Z,0.98,N,n,N,VIIRS_SNPP_NRT,1
-12.1516,-48.9535,2026-07-30T03:55:00Z,2.45,N,n,N,VIIRS_SNPP_NRT,1
-13.3207,-43.5905,2026-07-30T03:55:00Z,4.95,N,n,N,VIIRS_SNPP_NRT,1
-12.8159,-41.9597,2026-07-30T03:55:00Z,1.58,N,n,N,VIIRS_SNPP_NRT,1
-12.82,-41.9604,2026-07-30T03:55:00Z,1.58,N,n,N,VIIRS_SNPP_NRT,1
-12.9382,-39.6297,2026-07-30T03:55:00Z,0.55,N,n,N,VIIRS_SNPP_NRT,1
-13.0692,-42.0372,2026-07-30T03:55:00Z,0.61,N,n,N,VIIRS_SNPP_NRT,1
-13.3154,-43.5942,2026-07-30T03:55:00Z,4.95,N,n,N,VIIRS_SNPP_NRT,1
-13.3162,-43.5897,2026-07-30T03:55:00Z,4.95,N,n,N,VIIRS_SNPP_NRT,1
-14.3857,-48.0328,2026-07-30T03:55:00Z,2.16,N,n,N,VIIRS_SNPP_NRT,1
-14.1998,-43.9964,2026-07-30T03:55:00Z,1.62,N,n,N,VIIRS_SNPP_NRT,1
-14.3912,-48.0355,2026-07-30T03:55:00Z,2.91,N,n,N,VIIRS_SNPP_NRT,1
-19.6067,-44.0589,2026-07-30T03:55:00Z,1.93,N,n,N,VIIRS_SNPP_NRT,1
-18.359,-47.1953,2026-07-30T03:55:00Z,1.63,N,n,N,VIIRS_SNPP_NRT,1
-18.3596,-47.1924,2026-07-30T03:55:00Z,0.84,N,n,N,VIIRS_SNPP_NRT,1
-18.3647,-47.1935,2026-07-30T03:55:00Z,0.84,N,n,N,VIIRS_SNPP_NRT,1
-18.416,-40.0224,2026-07-30T03:55:00Z,1.03,N,n,N,VIIRS_SNPP_NRT,1
-18.5216,-46.1751,2026-07-30T03:55:00Z,2.71,N,n,N,VIIRS_SNPP_NRT,1
-18.5839,-39.8353,2026-07-30T03:55:00Z,0.71,N,n,N,VIIRS_SNPP_NRT,1
-18.5945,-48.2059,2026-07-30T03:55:00Z,2.09,N,n,N,VIIRS_SNPP_NRT,1
-18.8982,-46.0711,2026-07-30T03:55:00Z,1.36,N,n,N,VIIRS_SNPP_NRT,1
-19.3866,-41.443,2026-07-30T03:55:00Z,2.81,N,n,N,VIIRS_SNPP_NRT,1
-19.4792,-42.5321,2026-07-30T03:55:00Z,1.47,N,n,N,VIIRS_SNPP_NRT,1
-19.483,-42.5328,2026-07-30T03:55:00Z,1.47,N,n,N,VIIRS_SNPP_NRT,1
-19.4841,-42.548,2026-07-30T03:55:00Z,2.18,N,n,N,VIIRS_SNPP_NRT,1
-19.7188,-40.3526,2026-07-30T03:55:00Z,0.68,N,n,N,VIIRS_SNPP_NRT,1
-18.3539,-47.1943,2026-07-30T03:55:00Z,1.27,N,n,N,VIIRS_SNPP_NRT,1
-20.2306,-40.2411,2026-07-30T03:55:00Z,1.04,N,n,N,VIIRS_SNPP_NRT,1
-20.2319,-40.2334,2026-07-30T03:55:00Z,4.23,N,n,N,VIIRS_SNPP_NRT,1
-20.2325,-40.2296,2026-07-30T03:55:00Z,1.9,N,n,N,VIIRS_SNPP_NRT,1
-20.2333,-40.2456,2026-07-30T03:55:00Z,1.04,N,n,N,VIIRS_SNPP_NRT,1
-20.234,-40.2418,2026-07-30T03:55:00Z,1.04,N,n,N,VIIRS_SNPP_NRT,1
-20.2359,-40.2302,2026-07-30T03:55:00Z,1.9,N,n,N,VIIRS_SNPP_NRT,1
-20.2408,-40.2431,2026-07-30T03:55:00Z,10.38,N,n,N,VIIRS_SNPP_NRT,1
-20.2448,-40.2398,2026-07-30T03:55:00Z,1.67,N,n,N,VIIRS_SNPP_NRT,1
-20.2476,-40.2444,2026-07-30T03:55:00Z,5.68,N,n,N,VIIRS_SNPP_NRT,1
-20.2482,-40.2405,2026-07-30T03:55:00Z,1.67,N,n,N,VIIRS_SNPP_NRT,1
-20.2529,-40.2334,2026-07-30T03:55:00Z,1.02,N,n,N,VIIRS_SNPP_NRT,1
-20.2535,-40.2296,2026-07-30T03:55:00Z,1.02,N,n,N,VIIRS_SNPP_NRT,1
-14.3921,-48.0385,2026-07-30T03:55:00Z,2.15,N,n,N,VIIRS_SNPP_NRT,1
-18.3584,-47.1983,2026-07-30T03:55:00Z,1.63,N,n,N,VIIRS_SNPP_NRT,1
-18.3533,-47.1972,2026-07-30T03:55:00Z,1.27,N,n,N,VIIRS_SNPP_NRT,1
-18.2191,-42.2047,2026-07-30T03:55:00Z,4.79,N,n,N,VIIRS_SNPP_NRT,1
-15.3739,-42.6502,2026-07-30T03:55:00Z,1.34,N,n,N,VIIRS_SNPP_NRT,1
-15.7104,-42.2596,2026-07-30T03:55:00Z,1.01,N,n,N,VIIRS_SNPP_NRT,1
-16.3478,-43.6952,2026-07-30T03:55:00Z,1.22,N,n,N,VIIRS_SNPP_NRT,1
-16.4283,-40.87,2026-07-30T03:55:00Z,1.11,N,n,N,VIIRS_SNPP_NRT,1
-16.4993,-43.137,2026-07-30T03:55:00Z,0.79,N,n,N,VIIRS_SNPP_NRT,1
-16.5,-43.1331,2026-07-30T03:55:00Z,0.86,N,n,N,VIIRS_SNPP_NRT,1
-17.0218,-41.2214,2026-07-30T03:55:00Z,0.87,N,n,N,VIIRS_SNPP_NRT,1
-17.2183,-41.5305,2026-07-30T03:55:00Z,0.83,N,n,N,VIIRS_SNPP_NRT,1
-17.222,-41.5313,2026-07-30T03:55:00Z,22.27,N,n,N,VIIRS_SNPP_NRT,1
-17.835,-41.9661,2026-07-30T03:55:00Z,1.49,N,n,N,VIIRS_SNPP_NRT,1
-17.9355,-44.3397,2026-07-30T03:55:00Z,0.87,N,n,N,VIIRS_SNPP_NRT,1
-18.2334,-42.2118,2026-07-30T03:55:00Z,21.45,N,n,N,VIIRS_SNPP_NRT,1
-18.2188,-42.2073,2026-07-30T03:55:00Z,6.88,N,n,N,VIIRS_SNPP_NRT,1
-18.222,-42.2101,2026-07-30T03:55:00Z,4.63,N,n,N,VIIRS_SNPP_NRT,1
-18.2226,-42.2079,2026-07-30T03:55:00Z,6.88,N,n,N,VIIRS_SNPP_NRT,1
-18.2229,-42.2053,2026-07-30T03:55:00Z,4.79,N,n,N,VIIRS_SNPP_NRT,1
-18.2256,-42.2132,2026-07-30T03:55:00Z,26.71,N,n,N,VIIRS_SNPP_NRT,1
-18.2258,-42.2106,2026-07-30T03:55:00Z,26.4,N,n,N,VIIRS_SNPP_NRT,1
-18.2264,-42.2084,2026-07-30T03:55:00Z,6.83,N,n,N,VIIRS_SNPP_NRT,1
-18.2267,-42.2059,2026-07-30T03:55:00Z,8.24,N,n,N,VIIRS_SNPP_NRT,1
-18.2273,-42.2037,2026-07-30T03:55:00Z,6.83,N,n,N,VIIRS_SNPP_NRT,1
-18.2287,-42.2159,2026-07-30T03:55:00Z,26.4,N,n,N,VIIRS_SNPP_NRT,1
-18.2294,-42.2137,2026-07-30T03:55:00Z,26.71,N,n,N,VIIRS_SNPP_NRT,1
-18.2302,-42.209,2026-07-30T03:55:00Z,6.83,N,n,N,VIIRS_SNPP_NRT,1
-18.2305,-42.2065,2026-07-30T03:55:00Z,8.24,N,n,N,VIIRS_SNPP_NRT,1
-18.3635,-47.1995,2026-07-30T03:55:00Z,1.63,N,n,N,VIIRS_SNPP_NRT,1
53.5625,-7.0392,2026-07-30T03:53:00Z,1.77,N20,n,N,VIIRS_NOAA20_NRT,1
53.5607,-7.0338,2026-07-30T03:53:00Z,1.77,N20,n,N,VIIRS_NOAA20_NRT,1
-7.1372,-38.2817,2026-07-30T03:53:00Z,1.18,N,n,N,VIIRS_SNPP_NRT,1
-7.1961,-45.5002,2026-07-30T03:53:00Z,1.53,N,n,N,VIIRS_SNPP_NRT,1
-9.9463,-37.4587,2026-07-30T03:53:00Z,0.32,N,n,N,VIIRS_SNPP_NRT,1
-9.612,-47.7579,2026-07-30T03:53:00Z,5.11,N,n,N,VIIRS_SNPP_NRT,1
-9.6126,-47.766,2026-07-30T03:53:00Z,9.7,N,h,N,VIIRS_SNPP_NRT,1
-9.6135,-47.7611,2026-07-30T03:53:00Z,12.42,N,n,N,VIIRS_SNPP_NRT,1
-9.6172,-47.7644,2026-07-30T03:53:00Z,6.64,N,n,N,VIIRS_SNPP_NRT,1
-9.6187,-47.7674,2026-07-30T03:53:00Z,9.7,N,n,N,VIIRS_SNPP_NRT,1
-9.6607,-37.8361,2026-07-30T03:53:00Z,0.69,N,n,N,VIIRS_SNPP_NRT,1
-6.8655,-46.0084,2026-07-30T03:53:00Z,4.21,N,n,N,VIIRS_SNPP_NRT,1
-9.6101,-47.7677,2026-07-30T03:53:00Z,8.62,N,n,N,VIIRS_SNPP_NRT,1
-10.1979,-42.2122,2026-07-30T03:53:00Z,2.68,N,n,N,VIIRS_SNPP_NRT,1
-10.1996,-42.2137,2026-07-30T03:53:00Z,1.02,N,n,N,VIIRS_SNPP_NRT,1
-10.6304,-47.4873,2026-07-30T03:53:00Z,3.93,N,n,N,VIIRS_SNPP_NRT,1
-10.6311,-47.4895,2026-07-30T03:53:00Z,4.09,N,n,N,VIIRS_SNPP_NRT,1
-10.632,-47.4851,2026-07-30T03:53:00Z,4.09,N,n,N,VIIRS_SNPP_NRT,1
-10.6363,-47.4889,2026-07-30T03:53:00Z,3.93,N,n,N,VIIRS_SNPP_NRT,1
-9.611,-47.763,2026-07-30T03:53:00Z,8.62,N,h,N,VIIRS_SNPP_NRT,1
-9.6074,-47.7594,2026-07-30T03:53:00Z,1.31,N,n,N,VIIRS_SNPP_NRT,1
-10.9333,-43.0556,2026-07-30T03:53:00Z,3.35,N,n,N,VIIRS_SNPP_NRT,1
-7.3473,-45.8504,2026-07-30T03:53:00Z,0.95,N,n,N,VIIRS_SNPP_NRT,1
-7.2,-44.8813,2026-07-30T03:53:00Z,0.69,N,n,N,VIIRS_SNPP_NRT,1
-7.2006,-44.8778,2026-07-30T03:53:00Z,1.21,N,n,N,VIIRS_SNPP_NRT,1
-7.2016,-45.5013,2026-07-30T03:53:00Z,1.53,N,n,N,VIIRS_SNPP_NRT,1
-7.245,-46.0561,2026-07-30T03:53:00Z,1.58,N,n,N,VIIRS_SNPP_NRT,1
-7.3409,-45.8532,2026-07-30T03:53:00Z,1.98,N,n,N,VIIRS_SNPP_NRT,1
-7.3466,-45.8544,2026-07-30T03:53:00Z,1.41,N,n,N,VIIRS_SNPP_NRT,1
-7.3787,-34.8851,2026-07-30T03:53:00Z,1.01,N,n,N,VIIRS_SNPP_NRT,1
-9.4158,-40.7943,2026-07-30T03:53:00Z,0.72,N,n,N,VIIRS_SNPP_NRT,1
-7.4762,-34.8432,2026-07-30T03:53:00Z,1.31,N,n,N,VIIRS_SNPP_NRT,1
-7.6305,-44.8178,2026-07-30T03:53:00Z,3.7,N,n,N,VIIRS_SNPP_NRT,1
-7.6311,-44.8147,2026-07-30T03:53:00Z,3.7,N,n,N,VIIRS_SNPP_NRT,1
-7.6484,-37.2693,2026-07-30T03:53:00Z,0.82,N,n,N,VIIRS_SNPP_NRT,1
-8.4708,-36.2804,2026-07-30T03:53:00Z,0.82,N,n,N,VIIRS_SNPP_NRT,1
-8.9041,-37.9709,2026-07-30T03:53:00Z,1.62,N,n,N,VIIRS_SNPP_NRT,1
-10.9325,-43.0601,2026-07-30T03:53:00Z,32.35,N,n,N,VIIRS_SNPP_NRT,1
-10.9362,-43.0655,2026-07-30T03:53:00Z,32.35,N,n,N,VIIRS_SNPP_NRT,1
53.4337,-8.4392,2026-07-30T03:53:00Z,1.11,N20,n,N,VIIRS_NOAA20_NRT,1
-5.8264,-44.14,2026-07-30T03:53:00Z,1.78,N,n,N,VIIRS_SNPP_NRT,1
-6.8393,-42.8978,2026-07-30T03:53:00Z,3.15,N,n,N,VIIRS_SNPP_NRT,1
-6.6738,-39.4915,2026-07-30T03:53:00Z,1.13,N,n,N,VIIRS_SNPP_NRT,1
-6.339,-44.608,2026-07-30T03:53:00Z,1.84,N,n,N,VIIRS_SNPP_NRT,1
-6.3095,-43.6559,2026-07-30T03:53:00Z,1.85,N,n,N,VIIRS_SNPP_NRT,1
-6.309,-43.6588,2026-07-30T03:53:00Z,1.85,N,n,N,VIIRS_SNPP_NRT,1
-5.8322,-44.1378,2026-07-30T03:53:00Z,1.22,N,n,N,VIIRS_SNPP_NRT,1
-5.8259,-44.1432,2026-07-30T03:53:00Z,1.78,N,n,N,VIIRS_SNPP_NRT,1
-6.859,-46.0109,2026-07-30T03:53:00Z,4.21,N,n,N,VIIRS_SNPP_NRT,1
-5.8212,-44.139,2026-07-30T03:53:00Z,1.28,N,n,N,VIIRS_SNPP_NRT,1
-5.8206,-44.1423,2026-07-30T03:53:00Z,1.28,N,n,N,VIIRS_SNPP_NRT,1
-5.4783,-45.118,2026-07-30T03:53:00Z,1.0,N,n,N,VIIRS_SNPP_NRT,1
-5.4764,-45.1154,2026-07-30T03:53:00Z,0.89,N,n,N,VIIRS_SNPP_NRT,1
-5.4758,-45.1194,2026-07-30T03:53:00Z,1.76,N,n,N,VIIRS_SNPP_NRT,1
-5.4726,-45.1172,2026-07-30T03:53:00Z,1.01,N,n,N,VIIRS_SNPP_NRT,1
-6.8466,-42.8832,2026-07-30T03:53:00Z,3.13,N,n,N,VIIRS_SNPP_NRT,1
-6.8597,-46.0072,2026-07-30T03:53:00Z,1.76,N,n,N,VIIRS_SNPP_NRT,1
-10.937,-43.061,2026-07-30T03:53:00Z,32.35,N,n,N,VIIRS_SNPP_NRT,1
-11.9306,-43.4362,2026-07-30T03:53:00Z,3.3,N,n,N,VIIRS_SNPP_NRT,1
-10.9378,-43.0565,2026-07-30T03:53:00Z,3.35,N,n,N,VIIRS_SNPP_NRT,1
-11.0865,-47.8037,2026-07-30T03:53:00Z,1.62,N,n,N,VIIRS_SNPP_NRT,1
-11.0924,-47.8054,2026-07-30T03:53:00Z,1.71,N,n,N,VIIRS_SNPP_NRT,1
-11.664,-43.761,2026-07-30T03:53:00Z,1.89,N,n,N,VIIRS_SNPP_NRT,1
-11.9216,-43.4346,2026-07-30T03:53:00Z,1.29,N,n,N,VIIRS_SNPP_NRT,1
-11.9298,-43.4407,2026-07-30T03:53:00Z,3.3,N,n,N,VIIRS_SNPP_NRT,1
-11.9313,-43.4388,2026-07-30T03:53:00Z,5.45,N,n,N,VIIRS_SNPP_NRT,1
-12.3957,-38.343,2026-07-30T03:53:00Z,1.38,N,n,N,VIIRS_SNPP_NRT,1
-12.3991,-38.3436,2026-07-30T03:53:00Z,3.27,N,n,N,VIIRS_SNPP_NRT,1
-12.7108,-38.5722,2026-07-30T03:53:00Z,1.45,N,n,N,VIIRS_SNPP_NRT,1
-12.7114,-38.5684,2026-07-30T03:53:00Z,1.45,N,n,N,VIIRS_SNPP_NRT,1
-12.7148,-38.569,2026-07-30T03:53:00Z,1.99,N,n,N,VIIRS_SNPP_NRT,1
-10.1954,-42.2129,2026-07-30T03:53:00Z,1.31,N,n,N,VIIRS_SNPP_NRT,1
57.5866,-1.8317,2026-07-30T03:51:00Z,0.56,N20,n,N,VIIRS_NOAA20_NRT,1
57.5829,-1.8352,2026-07-30T03:51:00Z,1.62,N20,n,N,VIIRS_NOAA20_NRT,1
57.5819,-1.8377,2026-07-30T03:51:00Z,0.56,N20,n,N,VIIRS_NOAA20_NRT,1
63.5184,-111.4642,2026-07-30T03:51:00Z,18.62,Terra,41,D,MODIS_NRT,1
-6.1833,-35.2949,2026-07-30T03:51:00Z,0.62,N,n,N,VIIRS_SNPP_NRT,1
-4.9051,-43.4746,2026-07-30T03:51:00Z,2.47,N,n,N,VIIRS_SNPP_NRT,1
-4.9057,-43.4716,2026-07-30T03:51:00Z,2.47,N,n,N,VIIRS_SNPP_NRT,1
-4.9082,-43.4747,2026-07-30T03:51:00Z,1.64,N,n,N,VIIRS_SNPP_NRT,1
-4.9087,-43.4717,2026-07-30T03:51:00Z,1.64,N,n,N,VIIRS_SNPP_NRT,1
-5.0447,-43.2686,2026-07-30T03:51:00Z,0.51,N,n,N,VIIRS_SNPP_NRT,1
-5.0452,-43.2657,2026-07-30T03:51:00Z,0.51,N,n,N,VIIRS_SNPP_NRT,1
-5.0489,-43.2705,2026-07-30T03:51:00Z,2.15,N,n,N,VIIRS_SNPP_NRT,1
-5.0497,-43.2695,2026-07-30T03:51:00Z,0.89,N,n,N,VIIRS_SNPP_NRT,1
-5.1242,-42.7947,2026-07-30T03:51:00Z,3.86,N,n,N,VIIRS_SNPP_NRT,1
-5.1389,-37.6518,2026-07-30T03:51:00Z,1.75,N,n,N,VIIRS_SNPP_NRT,1
-5.1716,-35.6742,2026-07-30T03:51:00Z,0.68,N,n,N,VIIRS_SNPP_NRT,1
-5.175,-35.6747,2026-07-30T03:51:00Z,0.68,N,n,N,VIIRS_SNPP_NRT,1
-5.5043,-35.5849,2026-07-30T03:51:00Z,2.29,N,n,N,VIIRS_SNPP_NRT,1
-5.9014,-35.7264,2026-07-30T03:51:00Z,4.53,N,n,N,VIIRS_SNPP_NRT,1
-5.9047,-35.727,2026-07-30T03:51:00Z,4.53,N,n,N,VIIRS_SNPP_NRT,1
-5.9053,-35.7235,2026-07-30T03:51:00Z,4.53,N,n,N,VIIRS_SNPP_NRT,1
-5.908,-35.7275,2026-07-30T03:51:00Z,2.29,N,n,N,VIIRS_SNPP_NRT,1
-4.9031,-43.4739,2026-07-30T03:51:00Z,1.59,N,n,N,VIIRS_SNPP_NRT,1
-4.4638,-38.3059,2026-07-30T03:51:00Z,0.69,N,n,N,VIIRS_SNPP_NRT,1
-4.4468,-37.929,2026-07-30T03:51:00Z,1.56,N,n,N,VIIRS_SNPP_NRT,1
-3.1807,-48.0214,2026-07-30T03:51:00Z,2.05,N,n,N,VIIRS_SNPP_NRT,1
63.5106,-111.4568,2026-07-30T03:51:00Z,32.81,Terra,85,D,MODIS_NRT,1
-2.9096,-40.3952,2026-07-30T03:51:00Z,2.57,N,n,N,VIIRS_SNPP_NRT,1
-3.0403,-40.1238,2026-07-30T03:51:00Z,0.92,N,n,N,VIIRS_SNPP_NRT,1
-3.0409,-40.12,2026-07-30T03:51:00Z,0.92,N,n,N,VIIRS_SNPP_NRT,1
-3.1778,-48.0286,2026-07-30T03:51:00Z,2.62,N,n,N,VIIRS_SNPP_NRT,1
-3.179,-48.0219,2026-07-30T03:51:00Z,2.37,N,n,N,VIIRS_SNPP_NRT,1
-3.1796,-48.0281,2026-07-30T03:51:00Z,2.05,N,n,N,VIIRS_SNPP_NRT,1
-3.586,-38.863,2026-07-30T03:51:00Z,0.71,N,n,N,VIIRS_SNPP_NRT,1
-4.3918,-47.7571,2026-07-30T03:51:00Z,1.08,N,n,N,VIIRS_SNPP_NRT,1
-3.5944,-38.8595,2026-07-30T03:51:00Z,9.35,N,n,N,VIIRS_SNPP_NRT,1
-4.0302,-43.2722,2026-07-30T03:51:00Z,1.33,N,n,N,VIIRS_SNPP_NRT,1
-4.0308,-43.2692,2026-07-30T03:51:00Z,1.33,N,n,N,VIIRS_SNPP_NRT,1
-4.3683,-47.7721,2026-07-30T03:51:00Z,2.92,N,n,N,VIIRS_SNPP_NRT,1
-4.3694,-47.7658,2026-07-30T03:51:00Z,2.92,N,n,N,VIIRS_SNPP_NRT,1
-4.3696,-47.7718,2026-07-30T03:51:00Z,5.06,N,n,N,VIIRS_SNPP_NRT,1
-4.3851,-47.7558,2026-07-30T03:51:00Z,1.47,N,n,N,VIIRS_SNPP_NRT,1
-5.9086,-35.724,2026-07-30T03:51:00Z,2.29,N,n,N,VIIRS_SNPP_NRT,1
-3.5868,-38.8582,2026-07-30T03:51:00Z,0.71,N,n,N,VIIRS_SNPP_NRT,1
63.2212,-112.929,2026-07-30T03:51:00Z,19.02,Terra,72,D,MODIS_NRT,1
63.4562,-111.5832,2026-07-30T03:51:00Z,19.84,Terra,62,D,MODIS_NRT,1
-2.9054,-40.3945,2026-07-30T03:51:00Z,2.56,N,n,N,VIIRS_SNPP_NRT,1
-2.9047,-40.3985,2026-07-30T03:51:00Z,2.56,N,n,N,VIIRS_SNPP_NRT,1
63.161,-112.9642,2026-07-30T03:51:00Z,12.13,Terra,32,D,MODIS_NRT,1
63.1626,-112.9714,2026-07-30T03:51:00Z,10.69,Terra,34,D,MODIS_NRT,1
63.2103,-112.9253,2026-07-30T03:51:00Z,22.52,Terra,69,D,MODIS_NRT,1
48.1891,-118.2621,2026-07-30T03:49:00Z,112.85,Terra,100,N,MODIS_NRT,1
49.6134,-116.3112,2026-07-30T03:49:00Z,56.72,Terra,100,N,MODIS_NRT,1
49.6115,-116.3241,2026-07-30T03:49:00Z,34.63,Terra,100,N,MODIS_NRT,1
49.6095,-116.3375,2026-07-30T03:49:00Z,13.99,Terra,89,N,MODIS_NRT,1
49.6048,-116.3075,2026-07-30T03:49:00Z,107.0,Terra,100,N,MODIS_NRT,1
49.6029,-116.3206,2026-07-30T03:49:00Z,68.76,Terra,100,N,MODIS_NRT,1
49.1236,-115.5885,2026-07-30T03:49:00Z,26.27,Terra,100,N,MODIS_NRT,1
49.1218,-115.6017,2026-07-30T03:49:00Z,39.66,Terra,100,N,MODIS_NRT,1
49.115,-115.5855,2026-07-30T03:49:00Z,6.76,Terra,55,N,MODIS_NRT,1
49.6231,-116.3208,2026-07-30T03:49:00Z,26.63,Terra,100,N,MODIS_NRT,1
49.1131,-115.5987,2026-07-30T03:49:00Z,13.01,Terra,86,N,MODIS_NRT,1
48.9694,-120.5416,2026-07-30T03:49:00Z,46.44,Terra,100,N,MODIS_NRT,1
48.917,-120.5934,2026-07-30T03:49:00Z,15.0,Terra,35,N,MODIS_NRT,1
48.9132,-120.6133,2026-07-30T03:49:00Z,89.36,Terra,100,N,MODIS_NRT,1
48.9097,-120.6315,2026-07-30T03:49:00Z,26.3,Terra,81,N,MODIS_NRT,1
48.9035,-120.6081,2026-07-30T03:49:00Z,258.2,Terra,100,N,MODIS_NRT,1
48.8999,-120.6269,2026-07-30T03:49:00Z,52.08,Terra,97,N,MODIS_NRT,1
48.8298,-121.2115,2026-07-30T03:49:00Z,130.2,Terra,100,N,MODIS_NRT,1
48.5018,-114.856,2026-07-30T03:49:00Z,18.64,Terra,100,N,MODIS_NRT,1
48.5,-114.869,2026-07-30T03:49:00Z,18.25,Terra,99,N,MODIS_NRT,1
48.495,-114.8402,2026-07-30T03:49:00Z,4.86,Terra,27,N,MODIS_NRT,1
48.4932,-114.8532,2026-07-30T03:49:00Z,97.24,Terra,100,N,MODIS_NRT,1
48.4914,-114.8662,2026-07-30T03:49:00Z,126.04,Terra,100,N,MODIS_NRT,1
49.6211,-116.3339,2026-07-30T03:49:00Z,12.57,Terra,84,N,MODIS_NRT,1
49.7039,-117.847,2026-07-30T03:49:00Z,7.2,Terra,45,N,MODIS_NRT,1
48.3554,-118.0651,2026-07-30T03:49:00Z,14.61,Terra,86,N,MODIS_NRT,1
49.7798,-121.3736,2026-07-30T03:49:00Z,60.48,Terra,100,N,MODIS_NRT,1
50.7438,-117.4212,2026-07-30T03:49:00Z,13.56,Terra,84,N,MODIS_NRT,1
50.5748,-121.8899,2026-07-30T03:49:00Z,14.54,Terra,51,D,MODIS_NRT,1
50.5715,-121.9068,2026-07-30T03:49:00Z,26.25,Terra,91,D,MODIS_NRT,1
50.4995,-120.8528,2026-07-30T03:49:00Z,10.18,Terra,53,N,MODIS_NRT,1
50.4986,-117.1906,2026-07-30T03:49:00Z,15.5,Terra,89,N,MODIS_NRT,1
50.4899,-120.8483,2026-07-30T03:49:00Z,12.09,Terra,64,N,MODIS_NRT,1
50.3978,-117.1191,2026-07-30T03:49:00Z,8.33,Terra,57,N,MODIS_NRT,1
50.3958,-117.1325,2026-07-30T03:49:00Z,16.71,Terra,92,N,MODIS_NRT,1
50.3682,-116.5089,2026-07-30T03:49:00Z,8.35,Terra,59,N,MODIS_NRT,1
50.1092,-121.2425,2026-07-30T03:49:00Z,12.07,Terra,38,N,MODIS_NRT,1
50.098,-121.2529,2026-07-30T03:49:00Z,25.12,Terra,92,N,MODIS_NRT,1
50.0955,-121.2577,2026-07-30T03:49:00Z,28.8,Terra,97,N,MODIS_NRT,1
50.003,-118.3118,2026-07-30T03:49:00Z,32.19,Terra,100,N,MODIS_NRT,1
50.0005,-118.327,2026-07-30T03:49:00Z,8.8,Terra,54,N,MODIS_NRT,1
49.994,-118.3088,2026-07-30T03:49:00Z,15.36,Terra,88,N,MODIS_NRT,1
49.9743,-118.2558,2026-07-30T03:49:00Z,12.2,Terra,75,N,MODIS_NRT,1
49.9423,-121.29,2026-07-30T03:49:00Z,36.47,Terra,100,N,MODIS_NRT,1
49.9386,-121.3095,2026-07-30T03:49:00Z,22.77,Terra,84,N,MODIS_NRT,1
49.858,-117.703,2026-07-30T03:49:00Z,7.54,Terra,41,N,MODIS_NRT,1
49.8276,-121.3367,2026-07-30T03:49:00Z,11.4,Terra,49,N,MODIS_NRT,1
49.7996,-121.3689,2026-07-30T03:49:00Z,95.67,Terra,100,N,MODIS_NRT,1
49.7934,-121.3591,2026-07-30T03:49:00Z,109.15,Terra,100,N,MODIS_NRT,1
49.7897,-121.3784,2026-07-30T03:49:00Z,61.39,Terra,100,N,MODIS_NRT,1
49.7896,-121.3642,2026-07-30T03:49:00Z,85.18,Terra,100,N,MODIS_NRT,1
49.786,-121.3825,2026-07-30T03:49:00Z,26.65,Terra,48,N,MODIS_NRT,1
49.7837,-121.3533,2026-07-30T03:49:00Z,11.34,Terra,45,N,MODIS_NRT,1
49.7832,-121.3968,2026-07-30T03:49:00Z,20.56,Terra,34,N,MODIS_NRT,1
48.4896,-114.8792,2026-07-30T03:49:00Z,6.02,Terra,51,N,MODIS_NRT,1
48.2952,-119.1268,2026-07-30T03:49:00Z,21.69,Terra,84,N,MODIS_NRT,1
48.301,-119.0944,2026-07-30T03:49:00Z,30.12,Terra,100,N,MODIS_NRT,1
48.1795,-118.2831,2026-07-30T03:49:00Z,39.52,Terra,100,N,MODIS_NRT,1
48.1618,-118.2149,2026-07-30T03:49:00Z,83.9,Terra,100,N,MODIS_NRT,1
48.1636,-118.2622,2026-07-30T03:49:00Z,136.24,Terra,100,N,MODIS_NRT,1
48.166,-118.2478,2026-07-30T03:49:00Z,105.56,Terra,100,N,MODIS_NRT,1
48.168,-118.2935,2026-07-30T03:49:00Z,54.17,Terra,100,N,MODIS_NRT,1
48.1685,-118.233,2026-07-30T03:49:00Z,119.25,Terra,100,N,MODIS_NRT,1
48.1704,-118.2796,2026-07-30T03:49:00Z,20.55,Terra,99,N,MODIS_NRT,1
48.171,-118.2182,2026-07-30T03:49:00Z,103.01,Terra,100,N,MODIS_NRT,1
48.1727,-118.2656,2026-07-30T03:49:00Z,42.05,Terra,100,N,MODIS_NRT,1
48.1752,-118.2512,2026-07-30T03:49:00Z,247.96,Terra,100,N,MODIS_NRT,1
48.1771,-118.297,2026-07-30T03:49:00Z,20.51,Terra,98,N,MODIS_NRT,1
48.1777,-118.2361,2026-07-30T03:49:00Z,80.65,Terra,100,N,MODIS_NRT,1
48.1802,-118.2212,2026-07-30T03:49:00Z,99.77,Terra,100,N,MODIS_NRT,1
48.1593,-118.2297,2026-07-30T03:49:00Z,83.59,Terra,100,N,MODIS_NRT,1
48.1819,-118.2691,2026-07-30T03:49:00Z,86.82,Terra,100,N,MODIS_NRT,1
48.1842,-118.2903,2026-07-30T03:49:00Z,72.41,Terra,100,N,MODIS_NRT,1
48.1844,-118.2546,2026-07-30T03:49:00Z,115.32,Terra,100,N,MODIS_NRT,1
48.1866,-118.2765,2026-07-30T03:49:00Z,138.09,Terra,100,N,MODIS_NRT,1
48.187,-118.2392,2026-07-30T03:49:00Z,130.94,Terra,100,N,MODIS_NRT,1
48.1983,-118.2653,2026-07-30T03:49:00Z,63.78,Terra,100,N,MODIS_NRT,1
48.1967,-118.2179,2026-07-30T03:49:00Z,728.2,Terra,100,N,MODIS_NRT,1
48.1957,-118.2803,2026-07-30T03:49:00Z,85.75,Terra,100,N,MODIS_NRT,1
48.1943,-118.2317,2026-07-30T03:49:00Z,946.55,Terra,100,N,MODIS_NRT,1
48.1933,-118.2942,2026-07-30T03:49:00Z,19.38,Terra,96,N,MODIS_NRT,1
48.1917,-118.2468,2026-07-30T03:49:00Z,45.99,Terra,100,N,MODIS_NRT,1
48.1611,-118.2763,2026-07-30T03:49:00Z,36.93,Terra,100,N,MODIS_NRT,1
48.1587,-118.2909,2026-07-30T03:49:00Z,35.3,Terra,100,N,MODIS_NRT,1
48.298,-119.111,2026-07-30T03:49:00Z,55.46,Terra,100,N,MODIS_NRT,1
48.2035,-118.235,2026-07-30T03:49:00Z,145.92,Terra,100,N,MODIS_NRT,1
48.1894,-118.2245,2026-07-30T03:49:00Z,1963.31,Terra,100,N,MODIS_NRT,1
48.2916,-119.0905,2026-07-30T03:49:00Z,10.93,Terra,70,N,MODIS_NRT,1
48.2887,-119.1069,2026-07-30T03:49:00Z,22.13,Terra,97,N,MODIS_NRT,1
48.2859,-119.1227,2026-07-30T03:49:00Z,15.4,Terra,31,N,MODIS_NRT,1
48.2841,-119.1892,2026-07-30T03:49:00Z,42.43,Terra,100,N,MODIS_NRT,1
48.2747,-119.1852,2026-07-30T03:49:00Z,18.26,Terra,30,N,MODIS_NRT,1
48.2661,-119.0639,2026-07-30T03:49:00Z,12.84,Terra,59,N,MODIS_NRT,1
48.2635,-119.0786,2026-07-30T03:49:00Z,10.75,Terra,49,N,MODIS_NRT,1
48.2566,-119.0605,2026-07-30T03:49:00Z,14.02,Terra,42,N,MODIS_NRT,1
48.2258,-118.761,2026-07-30T03:49:00Z,7.68,Terra,51,N,MODIS_NRT,1
48.2059,-118.2208,2026-07-30T03:49:00Z,16.09,Terra,92,N,MODIS_NRT,1
48.2009,-118.25,2026-07-30T03:49:00Z,58.45,Terra,100,N,MODIS_NRT,1
48.1568,-118.2444,2026-07-30T03:49:00Z,88.52,Terra,100,N,MODIS_NRT,1
47.9196,-120.7608,2026-07-30T03:49:00Z,18.76,Terra,32,N,MODIS_NRT,1
47.9846,-120.63,2026-07-30T03:49:00Z,55.64,Terra,100,N,MODIS_NRT,1
50.7525,-117.4245,2026-07-30T03:49:00Z,9.58,Terra,68,N,MODIS_NRT,1
47.9918,-120.649,2026-07-30T03:49:00Z,18.79,Terra,59,N,MODIS_NRT,1
48.0287,-120.777,2026-07-30T03:49:00Z,20.98,Terra,81,N,MODIS_NRT,1
48.0326,-120.7571,2026-07-30T03:49:00Z,29.89,Terra,94,N,MODIS_NRT,1
48.147,-118.3022,2026-07-30T03:49:00Z,20.77,Terra,99,N,MODIS_NRT,1
48.1494,-118.2878,2026-07-30T03:49:00Z,31.49,Terra,100,N,MODIS_NRT,1
48.1502,-118.2262,2026-07-30T03:49:00Z,45.3,Terra,100,N,MODIS_NRT,1
48.1519,-118.2735,2026-07-30T03:49:00Z,46.74,Terra,100,N,MODIS_NRT,1
48.1543,-118.259,2026-07-30T03:49:00Z,177.43,Terra,100,N,MODIS_NRT,1
50.746,-117.4067,2026-07-30T03:49:00Z,11.86,Terra,78,N,MODIS_NRT,1
51.0871,-121.5385,2026-07-30T03:49:00Z,13.44,Terra,16,D,MODIS_NRT,1
50.7548,-117.4096,2026-07-30T03:49:00Z,8.99,Terra,63,N,MODIS_NRT,1
51.2722,-121.5631,2026-07-30T03:49:00Z,44.77,Terra,90,D,MODIS_NRT,1
51.2703,-121.6276,2026-07-30T03:49:00Z,24.02,Terra,62,D,MODIS_NRT,1
51.2668,-121.6456,2026-07-30T03:49:00Z,35.41,Terra,100,D,MODIS_NRT,1
51.2664,-121.4818,2026-07-30T03:49:00Z,103.92,Terra,100,D,MODIS_NRT,1
51.2662,-122.4707,2026-07-30T03:49:00Z,9.75,Terra,8,D,MODIS_NRT,1
51.2659,-121.5404,2026-07-30T03:49:00Z,106.83,Terra,100,D,MODIS_NRT,1
51.2638,-122.4269,2026-07-30T03:49:00Z,12.8,Terra,53,D,MODIS_NRT,1
51.2634,-121.6637,2026-07-30T03:49:00Z,10.52,Terra,34,D,MODIS_NRT,1
51.263,-121.4998,2026-07-30T03:49:00Z,41.82,Terra,68,D,MODIS_NRT,1
51.2625,-121.5584,2026-07-30T03:49:00Z,48.03,Terra,100,D,MODIS_NRT,1
51.2624,-122.4899,2026-07-30T03:49:00Z,17.07,Terra,70,D,MODIS_NRT,1
51.2599,-122.4467,2026-07-30T03:49:00Z,24.41,Terra,88,D,MODIS_NRT,1
51.2596,-121.5178,2026-07-30T03:49:00Z,29.38,Terra,46,D,MODIS_NRT,1
51.2571,-121.6408,2026-07-30T03:49:00Z,33.11,Terra,100,D,MODIS_NRT,1
51.2567,-121.4774,2026-07-30T03:49:00Z,68.27,Terra,99,D,MODIS_NRT,1
51.2562,-121.5357,2026-07-30T03:49:00Z,33.92,Terra,81,D,MODIS_NRT,1
51.2552,-121.6532,2026-07-30T03:49:00Z,17.21,Terra,24,D,MODIS_NRT,1
51.2541,-122.42,2026-07-30T03:49:00Z,26.78,Terra,91,D,MODIS_NRT,1
51.2533,-121.4952,2026-07-30T03:49:00Z,46.02,Terra,94,D,MODIS_NRT,1
51.2501,-122.4404,2026-07-30T03:49:00Z,50.56,Terra,100,D,MODIS_NRT,1
51.249,-121.6304,2026-07-30T03:49:00Z,28.61,Terra,58,D,MODIS_NRT,1
51.2463,-122.4594,2026-07-30T03:49:00Z,75.44,Terra,100,D,MODIS_NRT,1
51.2456,-121.6484,2026-07-30T03:49:00Z,53.31,Terra,98,D,MODIS_NRT,1
51.2431,-122.3091,2026-07-30T03:49:00Z,19.1,Terra,41,D,MODIS_NRT,1
51.2427,-122.4778,2026-07-30T03:49:00Z,33.1,Terra,99,D,MODIS_NRT,1
51.2377,-122.2258,2026-07-30T03:49:00Z,11.83,Terra,38,D,MODIS_NRT,1
51.271,-121.5689,2026-07-30T03:49:00Z,23.56,Terra,45,D,MODIS_NRT,1
51.2744,-121.551,2026-07-30T03:49:00Z,83.79,Terra,100,D,MODIS_NRT,1
50.9413,-121.8515,2026-07-30T03:49:00Z,9.95,Terra,38,D,MODIS_NRT,1
51.2756,-121.5451,2026-07-30T03:49:00Z,68.55,Terra,96,D,MODIS_NRT,1
55.8902,-105.4426,2026-07-30T03:49:00Z,26.53,Terra,59,N,MODIS_NRT,1
55.8838,-105.4373,2026-07-30T03:49:00Z,22.43,Terra,48,N,MODIS_NRT,1
51.9237,-121.8576,2026-07-30T03:49:00Z,44.19,Terra,100,D,MODIS_NRT,1
51.9203,-121.8756,2026-07-30T03:49:00Z,16.83,Terra,77,D,MODIS_NRT,1
51.4295,-122.4414,2026-07-30T03:49:00Z,20.48,Terra,81,D,MODIS_NRT,1
51.4258,-122.4601,2026-07-30T03:49:00Z,12.31,Terra,55,D,MODIS_NRT,1
51.4197,-122.4354,2026-07-30T03:49:00Z,104.11,Terra,100,D,MODIS_NRT,1
51.4159,-122.4545,2026-07-30T03:49:00Z,73.84,Terra,100,D,MODIS_NRT,1
51.4124,-122.3224,2026-07-30T03:49:00Z,10.49,Terra,39,D,MODIS_NRT,1
51.4102,-122.4282,2026-07-30T03:49:00Z,35.22,Terra,99,D,MODIS_NRT,1
51.4062,-122.4483,2026-07-30T03:49:00Z,38.19,Terra,100,D,MODIS_NRT,1
51.3905,-122.4349,2026-07-30T03:49:00Z,12.3,Terra,21,D,MODIS_NRT,1
51.3555,-121.9564,2026-07-30T03:49:00Z,369.1,Terra,100,D,MODIS_NRT,1
51.3519,-121.9749,2026-07-30T03:49:00Z,170.37,Terra,100,D,MODIS_NRT,1
51.3456,-121.9516,2026-07-30T03:49:00Z,477.21,Terra,100,D,MODIS_NRT,1
51.3421,-121.9701,2026-07-30T03:49:00Z,87.26,Terra,100,D,MODIS_NRT,1
51.3031,-122.4319,2026-07-30T03:49:00Z,22.3,Terra,85,D,MODIS_NRT,1
51.2995,-122.4501,2026-07-30T03:49:00Z,13.16,Terra,58,D,MODIS_NRT,1
51.296,-121.66,2026-07-30T03:49:00Z,291.16,Terra,100,D,MODIS_NRT,1
51.2959,-122.4679,2026-07-30T03:49:00Z,15.34,Terra,66,D,MODIS_NRT,1
51.2932,-121.6191,2026-07-30T03:49:00Z,18.28,Terra,83,D,MODIS_NRT,1
51.2863,-121.6551,2026-07-30T03:49:00Z,250.62,Terra,100,D,MODIS_NRT,1
51.2841,-121.5557,2026-07-30T03:49:00Z,27.91,Terra,83,D,MODIS_NRT,1
51.2807,-121.5736,2026-07-30T03:49:00Z,55.45,Terra,100,D,MODIS_NRT,1
51.2766,-121.6503,2026-07-30T03:49:00Z,32.22,Terra,70,D,MODIS_NRT,1
51.2358,-121.6436,2026-07-30T03:49:00Z,27.15,Terra,74,D,MODIS_NRT,1
51.2261,-121.6387,2026-07-30T03:49:00Z,95.85,Terra,100,D,MODIS_NRT,1
51.2231,-122.6878,2026-07-30T03:49:00Z,23.23,Terra,82,D,MODIS_NRT,1
51.2227,-121.6566,2026-07-30T03:49:00Z,22.26,Terra,55,D,MODIS_NRT,1
51.1209,-121.5814,2026-07-30T03:49:00Z,20.91,Terra,89,D,MODIS_NRT,1
51.0984,-121.5327,2026-07-30T03:49:00Z,13.46,Terra,71,D,MODIS_NRT,1
51.091,-121.6263,2026-07-30T03:49:00Z,8.28,Terra,9,D,MODIS_NRT,1
51.0904,-121.5208,2026-07-30T03:49:00Z,15.46,Terra,34,D,MODIS_NRT,1
51.089,-121.5262,2026-07-30T03:49:00Z,21.02,Terra,79,D,MODIS_NRT,1
51.0809,-121.5151,2026-07-30T03:49:00Z,30.15,Terra,100,D,MODIS_NRT,1
51.0781,-121.4179,2026-07-30T03:49:00Z,14.94,Terra,73,D,MODIS_NRT,1
51.0777,-121.6401,2026-07-30T03:49:00Z,9.4,Terra,28,D,MODIS_NRT,1
51.0776,-121.5325,2026-07-30T03:49:00Z,21.85,Terra,84,D,MODIS_NRT,1
51.0747,-121.4355,2026-07-30T03:49:00Z,12.62,Terra,66,D,MODIS_NRT,1
51.0712,-121.5101,2026-07-30T03:49:00Z,11.06,Terra,26,D,MODIS_NRT,1
51.0679,-121.5276,2026-07-30T03:49:00Z,16.21,Terra,61,D,MODIS_NRT,1
51.0613,-121.7248,2026-07-30T03:49:00Z,25.27,Terra,92,D,MODIS_NRT,1
51.0534,-121.7161,2026-07-30T03:49:00Z,28.79,Terra,96,D,MODIS_NRT,1
51.0518,-121.501,2026-07-30T03:49:00Z,14.82,Terra,56,D,MODIS_NRT,1
51.0513,-121.7214,2026-07-30T03:49:00Z,20.87,Terra,85,D,MODIS_NRT,1
51.042,-121.4965,2026-07-30T03:49:00Z,10.65,Terra,26,D,MODIS_NRT,1
51.0388,-121.5134,2026-07-30T03:49:00Z,24.27,Terra,94,D,MODIS_NRT,1
51.029,-121.5092,2026-07-30T03:49:00Z,46.83,Terra,100,D,MODIS_NRT,1
51.0191,-121.5052,2026-07-30T03:49:00Z,92.82,Terra,100,D,MODIS_NRT,1
51.0057,-121.5196,2026-07-30T03:49:00Z,11.73,Terra,40,D,MODIS_NRT,1
51.0056,-121.5759,2026-07-30T03:49:00Z,9.93,Terra,29,D,MODIS_NRT,1
50.9821,-121.6422,2026-07-30T03:49:00Z,11.65,Terra,45,D,MODIS_NRT,1
50.9707,-121.7564,2026-07-30T03:49:00Z,11.03,Terra,37,D,MODIS_NRT,1
50.9459,-121.8282,2026-07-30T03:49:00Z,12.51,Terra,44,D,MODIS_NRT,1
51.1242,-121.5642,2026-07-30T03:49:00Z,30.62,Terra,100,D,MODIS_NRT,1
51.1265,-121.7195,2026-07-30T03:49:00Z,25.8,Terra,92,D,MODIS_NRT,1
51.1275,-121.5468,2026-07-30T03:49:00Z,10.4,Terra,58,D,MODIS_NRT,1
51.1571,-121.721,2026-07-30T03:49:00Z,23.23,Terra,89,D,MODIS_NRT,1
51.221,-122.2717,2026-07-30T03:49:00Z,18.08,Terra,44,D,MODIS_NRT,1
51.221,-121.499,2026-07-30T03:49:00Z,27.82,Terra,83,D,MODIS_NRT,1
51.2193,-121.6746,2026-07-30T03:49:00Z,16.96,Terra,77,D,MODIS_NRT,1
51.2146,-122.2486,2026-07-30T03:49:00Z,102.17,Terra,100,D,MODIS_NRT,1
51.2112,-121.4944,2026-07-30T03:49:00Z,15.57,Terra,19,D,MODIS_NRT,1
51.2112,-122.2661,2026-07-30T03:49:00Z,83.2,Terra,100,D,MODIS_NRT,1
51.1766,-121.5111,2026-07-30T03:49:00Z,21.59,Terra,19,D,MODIS_NRT,1
51.167,-121.5065,2026-07-30T03:49:00Z,21.42,Terra,72,D,MODIS_NRT,1
51.1637,-121.5239,2026-07-30T03:49:00Z,50.94,Terra,100,D,MODIS_NRT,1
51.1603,-121.5418,2026-07-30T03:49:00Z,43.19,Terra,100,D,MODIS_NRT,1
51.1572,-121.502,2026-07-30T03:49:00Z,19.7,Terra,87,D,MODIS_NRT,1
51.1569,-121.5598,2026-07-30T03:49:00Z,10.8,Terra,38,D,MODIS_NRT,1
51.1294,-121.3707,2026-07-30T03:49:00Z,8.99,Terra,4,D,MODIS_NRT,1
51.154,-121.5192,2026-07-30T03:49:00Z,68.25,Terra,100,D,MODIS_NRT,1
51.1536,-121.7391,2026-07-30T03:49:00Z,19.09,Terra,81,D,MODIS_NRT,1
51.1506,-121.537,2026-07-30T03:49:00Z,105.76,Terra,100,D,MODIS_NRT,1
51.1475,-121.7153,2026-07-30T03:49:00Z,14.21,Terra,67,D,MODIS_NRT,1
51.1472,-121.5551,2026-07-30T03:49:00Z,274.38,Terra,100,D,MODIS_NRT,1
51.144,-121.7331,2026-07-30T03:49:00Z,36.79,Terra,100,D,MODIS_NRT,1
51.1438,-121.5731,2026-07-30T03:49:00Z,19.41,Terra,55,D,MODIS_NRT,1
51.1424,-121.3579,2026-07-30T03:49:00Z,19.42,Terra,64,D,MODIS_NRT,1
51.1374,-121.5508,2026-07-30T03:49:00Z,129.95,Terra,100,D,MODIS_NRT,1
51.1365,-121.7235,2026-07-30T03:49:00Z,54.49,Terra,100,D,MODIS_NRT,1
51.134,-121.5687,2026-07-30T03:49:00Z,41.57,Terra,100,D,MODIS_NRT,1
65.7712,21.679,2026-07-30T03:49:00Z,4.28,N20,n,D,VIIRS_NOAA20_NRT,1
51.1461,-121.7289,2026-07-30T03:49:00Z,44.61,Terra,100,D,MODIS_NRT,1
43.6794,-117.8575,2026-07-30T03:47:00Z,25.79,Terra,100,N,MODIS_NRT,1
44.406,-120.713,2026-07-30T03:47:00Z,45.06,Terra,98,N,MODIS_NRT,1
43.7622,-117.8613,2026-07-30T03:47:00Z,17.95,Terra,70,N,MODIS_NRT,1
43.7649,-117.8462,2026-07-30T03:47:00Z,82.84,Terra,100,N,MODIS_NRT,1
43.7682,-117.9992,2026-07-30T03:47:00Z,18.25,Terra,94,N,MODIS_NRT,1
43.7718,-117.8657,2026-07-30T03:47:00Z,15.93,Terra,90,N,MODIS_NRT,1
43.7746,-117.8504,2026-07-30T03:47:00Z,25.79,Terra,100,N,MODIS_NRT,1
43.7814,-117.87,2026-07-30T03:47:00Z,24.35,Terra,100,N,MODIS_NRT,1
43.7837,-117.9717,2026-07-30T03:47:00Z,8.14,Terra,44,N,MODIS_NRT,1
43.7841,-117.8549,2026-07-30T03:47:00Z,52.98,Terra,100,N,MODIS_NRT,1
43.7865,-117.956,2026-07-30T03:47:00Z,9.18,Terra,42,N,MODIS_NRT,1
43.7894,-117.9403,2026-07-30T03:47:00Z,18.78,Terra,96,N,MODIS_NRT,1
43.791,-117.8742,2026-07-30T03:47:00Z,15.96,Terra,92,N,MODIS_NRT,1
43.7922,-117.9248,2026-07-30T03:47:00Z,36.63,Terra,100,N,MODIS_NRT,1
43.7951,-117.9091,2026-07-30T03:47:00Z,46.01,Terra,100,N,MODIS_NRT,1
43.7963,-117.9594,2026-07-30T03:47:00Z,18.05,Terra,89,N,MODIS_NRT,1
43.7979,-117.8934,2026-07-30T03:47:00Z,22.8,Terra,100,N,MODIS_NRT,1
44.3496,-119.7673,2026-07-30T03:47:00Z,26.37,Terra,88,N,MODIS_NRT,1
44.3602,-119.7716,2026-07-30T03:47:00Z,26.53,Terra,89,N,MODIS_NRT,1
44.3613,-120.6961,2026-07-30T03:47:00Z,10.76,Terra,52,N,MODIS_NRT,1
44.3655,-120.6759,2026-07-30T03:47:00Z,67.71,Terra,100,N,MODIS_NRT,1
44.3664,-119.8557,2026-07-30T03:47:00Z,12.69,Terra,58,N,MODIS_NRT,1
44.3726,-120.6998,2026-07-30T03:47:00Z,81.63,Terra,100,N,MODIS_NRT,1
44.3768,-120.6795,2026-07-30T03:47:00Z,172.2,Terra,100,N,MODIS_NRT,1
44.377,-119.8599,2026-07-30T03:47:00Z,13.45,Terra,59,N,MODIS_NRT,1
44.3838,-120.704,2026-07-30T03:47:00Z,44.68,Terra,88,N,MODIS_NRT,1
44.3854,-119.7595,2026-07-30T03:47:00Z,13.64,Terra,61,N,MODIS_NRT,1
44.3881,-120.6831,2026-07-30T03:47:00Z,30.37,Terra,54,N,MODIS_NRT,1
44.395,-120.7078,2026-07-30T03:47:00Z,30.3,Terra,48,N,MODIS_NRT,1
43.7584,-117.9954,2026-07-30T03:47:00Z,13.7,Terra,70,N,MODIS_NRT,1
43.7553,-117.8419,2026-07-30T03:47:00Z,33.19,Terra,100,N,MODIS_NRT,1
43.7533,-117.8516,2026-07-30T03:47:00Z,59.72,Terra,100,N,MODIS_NRT,1
43.7109,-117.9711,2026-07-30T03:47:00Z,30.7,Terra,100,N,MODIS_NRT,1
43.692,-117.8454,2026-07-30T03:47:00Z,11.34,Terra,78,N,MODIS_NRT,1
43.6942,-117.9476,2026-07-30T03:47:00Z,23.37,Terra,98,N,MODIS_NRT,1
43.6972,-117.9317,2026-07-30T03:47:00Z,26.5,Terra,100,N,MODIS_NRT,1
43.7,-117.9159,2026-07-30T03:47:00Z,15.45,Terra,71,N,MODIS_NRT,1
43.7011,-117.9674,2026-07-30T03:47:00Z,26.41,Terra,100,N,MODIS_NRT,1
43.7037,-119.3899,2026-07-30T03:47:00Z,8.43,Terra,13,N,MODIS_NRT,1
43.704,-117.9515,2026-07-30T03:47:00Z,70.34,Terra,100,N,MODIS_NRT,1
43.7069,-117.9354,2026-07-30T03:47:00Z,37.53,Terra,100,N,MODIS_NRT,1
43.7073,-119.3715,2026-07-30T03:47:00Z,62.26,Terra,100,N,MODIS_NRT,1
43.7081,-117.9866,2026-07-30T03:47:00Z,9.17,Terra,68,N,MODIS_NRT,1
43.7088,-117.8679,2026-07-30T03:47:00Z,25.75,Terra,62,N,MODIS_NRT,1
43.7108,-119.3538,2026-07-30T03:47:00Z,68.99,Terra,100,N,MODIS_NRT,1
43.7126,-117.904,2026-07-30T03:47:00Z,8.99,Terra,28,N,MODIS_NRT,1
43.7526,-117.8568,2026-07-30T03:47:00Z,28.74,Terra,95,N,MODIS_NRT,1
43.7137,-117.9555,2026-07-30T03:47:00Z,46.32,Terra,100,N,MODIS_NRT,1
43.7143,-119.3934,2026-07-30T03:47:00Z,40.73,Terra,100,N,MODIS_NRT,1
43.7147,-119.0782,2026-07-30T03:47:00Z,16.3,Terra,82,N,MODIS_NRT,1
43.7179,-119.3753,2026-07-30T03:47:00Z,155.74,Terra,100,N,MODIS_NRT,1
43.7185,-119.0848,2026-07-30T03:47:00Z,11.55,Terra,70,N,MODIS_NRT,1
43.7213,-119.3579,2026-07-30T03:47:00Z,150.64,Terra,100,N,MODIS_NRT,1
43.7352,-119.3441,2026-07-30T03:47:00Z,35.43,Terra,100,N,MODIS_NRT,1
43.7387,-119.3261,2026-07-30T03:47:00Z,13.21,Terra,69,N,MODIS_NRT,1
43.7436,-117.8475,2026-07-30T03:47:00Z,27.08,Terra,69,N,MODIS_NRT,1
43.7465,-118.0601,2026-07-30T03:47:00Z,88.73,Terra,100,N,MODIS_NRT,1
43.7478,-118.2823,2026-07-30T03:47:00Z,24.87,Terra,97,N,MODIS_NRT,1
43.7496,-118.0434,2026-07-30T03:47:00Z,33.6,Terra,100,N,MODIS_NRT,1
44.3991,-120.6879,2026-07-30T03:47:00Z,26.22,Terra,45,N,MODIS_NRT,1
44.4103,-120.6919,2026-07-30T03:47:00Z,51.89,Terra,100,N,MODIS_NRT,1
43.6806,-117.9082,2026-07-30T03:47:00Z,12.12,Terra,69,N,MODIS_NRT,1
44.4189,-120.7012,2026-07-30T03:47:00Z,22.28,Terra,35,N,MODIS_NRT,1
44.5399,-120.5757,2026-07-30T03:47:00Z,46.47,Terra,99,N,MODIS_NRT,1
44.5423,-120.6217,2026-07-30T03:47:00Z,26.31,Terra,87,N,MODIS_NRT,1
44.5464,-120.6016,2026-07-30T03:47:00Z,81.54,Terra,100,N,MODIS_NRT,1
44.5481,-120.597,2026-07-30T03:47:00Z,58.84,Terra,91,N,MODIS_NRT,1
44.5507,-120.5812,2026-07-30T03:47:00Z,35.8,Terra,96,N,MODIS_NRT,1
44.5573,-120.6068,2026-07-30T03:47:00Z,10.07,Terra,37,N,MODIS_NRT,1
44.5682,-120.6116,2026-07-30T03:47:00Z,27.87,Terra,87,N,MODIS_NRT,1
44.5788,-117.0172,2026-07-30T03:47:00Z,8.18,Terra,66,N,MODIS_NRT,1
44.621,-120.5864,2026-07-30T03:47:00Z,14.76,Terra,56,N,MODIS_NRT,1
44.6232,-121.4298,2026-07-30T03:47:00Z,28.41,Terra,85,N,MODIS_NRT,1
44.643,-117.2437,2026-07-30T03:47:00Z,26.6,Terra,100,N,MODIS_NRT,1
44.6454,-117.23,2026-07-30T03:47:00Z,41.14,Terra,100,N,MODIS_NRT,1
44.6469,-121.4702,2026-07-30T03:47:00Z,14.55,Terra,62,N,MODIS_NRT,1
44.6479,-117.2159,2026-07-30T03:47:00Z,63.5,Terra,100,N,MODIS_NRT,1
44.6481,-121.4896,2026-07-30T03:47:00Z,16.16,Terra,40,N,MODIS_NRT,1
44.6503,-117.2018,2026-07-30T03:47:00Z,7.48,Terra,62,N,MODIS_NRT,1
44.653,-121.4662,2026-07-30T03:47:00Z,14.52,Terra,35,N,MODIS_NRT,1
44.6584,-121.4749,2026-07-30T03:47:00Z,14.37,Terra,44,N,MODIS_NRT,1
44.6766,-121.507,2026-07-30T03:47:00Z,67.7,Terra,100,N,MODIS_NRT,1
44.6881,-121.512,2026-07-30T03:47:00Z,64.48,Terra,100,N,MODIS_NRT,1
44.6901,-117.2006,2026-07-30T03:47:00Z,9.75,Terra,75,N,MODIS_NRT,1
44.6996,-121.517,2026-07-30T03:47:00Z,158.48,Terra,100,N,MODIS_NRT,1
44.7013,-121.568,2026-07-30T03:47:00Z,16.22,Terra,58,N,MODIS_NRT,1
44.7043,-121.4947,2026-07-30T03:47:00Z,108.52,Terra,100,N,MODIS_NRT,1
44.7064,-121.5439,2026-07-30T03:47:00Z,251.97,Terra,100,N,MODIS_NRT,1
44.7112,-121.5214,2026-07-30T03:47:00Z,1040.37,Terra,100,N,MODIS_NRT,1
44.7117,-121.5513,2026-07-30T03:47:00Z,38.52,Terra,95,N,MODIS_NRT,1
44.5373,-120.5916,2026-07-30T03:47:00Z,319.33,Terra,100,N,MODIS_NRT,1
44.5356,-120.5962,2026-07-30T03:47:00Z,344.62,Terra,100,N,MODIS_NRT,1
44.5338,-120.6622,2026-07-30T03:47:00Z,52.76,Terra,100,N,MODIS_NRT,1
44.4922,-120.6371,2026-07-30T03:47:00Z,55.16,Terra,85,N,MODIS_NRT,1
44.421,-119.8832,2026-07-30T03:47:00Z,15.09,Terra,65,N,MODIS_NRT,1
44.431,-119.7006,2026-07-30T03:47:00Z,11.07,Terra,50,N,MODIS_NRT,1
44.453,-119.8954,2026-07-30T03:47:00Z,11.31,Terra,10,N,MODIS_NRT,1
44.4547,-120.6447,2026-07-30T03:47:00Z,21.96,Terra,63,N,MODIS_NRT,1
44.4588,-120.6249,2026-07-30T03:47:00Z,15.61,Terra,26,N,MODIS_NRT,1
44.4655,-120.6506,2026-07-30T03:47:00Z,12.17,Terra,29,N,MODIS_NRT,1
44.4763,-120.6562,2026-07-30T03:47:00Z,57.65,Terra,100,N,MODIS_NRT,1
44.4809,-120.634,2026-07-30T03:47:00Z,44.74,Terra,100,N,MODIS_NRT,1
44.4874,-120.429,2026-07-30T03:47:00Z,15.9,Terra,15,N,MODIS_NRT,1
44.4876,-120.6593,2026-07-30T03:47:00Z,67.36,Terra,100,N,MODIS_NRT,1
44.4904,-120.4151,2026-07-30T03:47:00Z,29.73,Terra,91,N,MODIS_NRT,1
44.4913,-120.4094,2026-07-30T03:47:00Z,31.29,Terra,93,N,MODIS_NRT,1
44.4987,-120.664,2026-07-30T03:47:00Z,189.6,Terra,100,N,MODIS_NRT,1
44.5333,-120.6113,2026-07-30T03:47:00Z,281.89,Terra,100,N,MODIS_NRT,1
44.503,-120.6426,2026-07-30T03:47:00Z,47.65,Terra,82,N,MODIS_NRT,1
44.5095,-120.6694,2026-07-30T03:47:00Z,54.58,Terra,100,N,MODIS_NRT,1
44.5165,-120.6937,2026-07-30T03:47:00Z,24.08,Terra,39,N,MODIS_NRT,1
44.5186,-120.6777,2026-07-30T03:47:00Z,64.68,Terra,100,N,MODIS_NRT,1
44.5202,-120.5588,2026-07-30T03:47:00Z,26.43,Terra,72,N,MODIS_NRT,1
44.5208,-120.6727,2026-07-30T03:47:00Z,102.62,Terra,100,N,MODIS_NRT,1
44.5225,-120.6056,2026-07-30T03:47:00Z,394.3,Terra,100,N,MODIS_NRT,1
44.5231,-120.6561,2026-07-30T03:47:00Z,46.07,Terra,57,N,MODIS_NRT,1
44.5266,-120.5858,2026-07-30T03:47:00Z,341.16,Terra,100,N,MODIS_NRT,1
44.5296,-120.6826,2026-07-30T03:47:00Z,34.39,Terra,94,N,MODIS_NRT,1
44.5315,-120.6161,2026-07-30T03:47:00Z,110.23,Terra,100,N,MODIS_NRT,1
44.5316,-120.6783,2026-07-30T03:47:00Z,26.32,Terra,40,N,MODIS_NRT,1
43.6903,-117.9118,2026-07-30T03:47:00Z,11.65,Terra,8,N,MODIS_NRT,1
44.7159,-121.4991,2026-07-30T03:47:00Z,242.77,Terra,100,N,MODIS_NRT,1
44.7166,-121.5288,2026-07-30T03:47:00Z,544.99,Terra,100,N,MODIS_NRT,1
45.6301,-118.1434,2026-07-30T03:47:00Z,26.75,Terra,100,N,MODIS_NRT,1
45.6287,-118.208,2026-07-30T03:47:00Z,11.22,Terra,16,N,MODIS_NRT,1
45.6273,-118.159,2026-07-30T03:47:00Z,21.54,Terra,80,N,MODIS_NRT,1
45.3108,-121.3747,2026-07-30T03:47:00Z,45.37,Terra,50,N,MODIS_NRT,1
45.3047,-121.4627,2026-07-30T03:47:00Z,48.28,Terra,76,N,MODIS_NRT,1
45.3002,-121.4678,2026-07-30T03:47:00Z,59.0,Terra,62,N,MODIS_NRT,1
45.2995,-121.4878,2026-07-30T03:47:00Z,39.61,Terra,66,N,MODIS_NRT,1
45.2994,-121.3711,2026-07-30T03:47:00Z,50.36,Terra,86,N,MODIS_NRT,1
45.2881,-121.4833,2026-07-30T03:47:00Z,32.9,Terra,72,N,MODIS_NRT,1
45.2745,-121.3152,2026-07-30T03:47:00Z,53.9,Terra,100,N,MODIS_NRT,1
45.2678,-121.2891,2026-07-30T03:47:00Z,49.28,Terra,100,N,MODIS_NRT,1
45.2632,-121.3108,2026-07-30T03:47:00Z,161.95,Terra,100,N,MODIS_NRT,1
44.7342,-121.5311,2026-07-30T03:47:00Z,70.74,Terra,100,N,MODIS_NRT,1
44.733,-121.5113,2026-07-30T03:47:00Z,48.83,Terra,100,N,MODIS_NRT,1
44.7281,-121.5337,2026-07-30T03:47:00Z,136.52,Terra,100,N,MODIS_NRT,1
44.7274,-121.5038,2026-07-30T03:47:00Z,95.55,Terra,100,N,MODIS_NRT,1
44.7263,-121.4843,2026-07-30T03:47:00Z,70.3,Terra,100,N,MODIS_NRT,1
44.7227,-121.5262,2026-07-30T03:47:00Z,212.45,Terra,100,N,MODIS_NRT,1
44.7215,-121.5065,2026-07-30T03:47:00Z,240.13,Terra,100,N,MODIS_NRT,1
44.7205,-121.4772,2026-07-30T03:47:00Z,33.17,Terra,91,N,MODIS_NRT,1
44.718,-121.5487,2026-07-30T03:47:00Z,31.41,Terra,58,N,MODIS_NRT,1
39.5807,-117.4327,2026-07-30T03:47:00Z,42.56,Terra,100,N,MODIS_NRT,1
39.5838,-117.4158,2026-07-30T03:47:00Z,65.55,Terra,100,N,MODIS_NRT,1
39.588,-117.4528,2026-07-30T03:47:00Z,16.93,Terra,80,N,MODIS_NRT,1
39.5912,-117.4358,2026-07-30T03:47:00Z,104.11,Terra,100,N,MODIS_NRT,1
43.6708,-117.9044,2026-07-30T03:47:00Z,16.31,Terra,87,N,MODIS_NRT,1
45.63,-118.2583,2026-07-30T03:47:00Z,27.5,Terra,100,N,MODIS_NRT,1
45.6414,-118.3197,2026-07-30T03:47:00Z,7.41,Terra,43,N,MODIS_NRT,1
39.6048,-117.4221,2026-07-30T03:47:00Z,68.67,Terra,100,N,MODIS_NRT,1
45.6478,-118.3406,2026-07-30T03:47:00Z,42.14,Terra,100,N,MODIS_NRT,1
46.9535,-114.326,2026-07-30T03:47:00Z,5.99,Terra,63,N,MODIS_NRT,1
46.9517,-114.3387,2026-07-30T03:47:00Z,8.67,Terra,77,N,MODIS_NRT,1
46.7782,-115.2188,2026-07-30T03:47:00Z,7.88,Terra,68,N,MODIS_NRT,1
46.0658,-113.6988,2026-07-30T03:47:00Z,11.93,Terra,74,N,MODIS_NRT,1
45.7277,-118.1228,2026-07-30T03:47:00Z,54.34,Terra,100,N,MODIS_NRT,1
45.7251,-118.1374,2026-07-30T03:47:00Z,24.72,Terra,99,N,MODIS_NRT,1
69.2657,57.2834,2026-07-30T03:47:00Z,4.75,N20,n,D,VIIRS_NOAA20_NRT,1
45.7212,-117.2483,2026-07-30T03:47:00Z,7.6,Terra,63,N,MODIS_NRT,1
45.7184,-118.118,2026-07-30T03:47:00Z,15.34,Terra,84,N,MODIS_NRT,1
45.7157,-118.1333,2026-07-30T03:47:00Z,37.09,Terra,100,N,MODIS_NRT,1
45.709,-118.1139,2026-07-30T03:47:00Z,7.61,Terra,45,N,MODIS_NRT,1
45.7062,-118.13,2026-07-30T03:47:00Z,25.19,Terra,100,N,MODIS_NRT,1
45.6859,-118.3567,2026-07-30T03:47:00Z,88.64,Terra,100,N,MODIS_NRT,1
45.6832,-118.3714,2026-07-30T03:47:00Z,15.35,Terra,63,N,MODIS_NRT,1
45.6794,-118.336,2026-07-30T03:47:00Z,48.05,Terra,100,N,MODIS_NRT,1
45.6764,-118.3526,2026-07-30T03:47:00Z,133.02,Terra,100,N,MODIS_NRT,1
45.6724,-118.1488,2026-07-30T03:47:00Z,18.84,Terra,92,N,MODIS_NRT,1
45.671,-118.1416,2026-07-30T03:47:00Z,16.29,Terra,74,N,MODIS_NRT,1
45.6669,-118.3482,2026-07-30T03:47:00Z,45.18,Terra,100,N,MODIS_NRT,1
45.6604,-118.3278,2026-07-30T03:47:00Z,20.74,Terra,93,N,MODIS_NRT,1
45.6585,-118.1552,2026-07-30T03:47:00Z,11.97,Terra,19,N,MODIS_NRT,1
45.6574,-118.3441,2026-07-30T03:47:00Z,41.69,Terra,100,N,MODIS_NRT,1
45.6557,-118.1708,2026-07-30T03:47:00Z,23.91,Terra,95,N,MODIS_NRT,1
45.6509,-118.3237,2026-07-30T03:47:00Z,67.9,Terra,100,N,MODIS_NRT,1
45.6491,-118.2653,2026-07-30T03:47:00Z,10.49,Terra,17,N,MODIS_NRT,1
39.6017,-117.4386,2026-07-30T03:47:00Z,43.1,Terra,100,N,MODIS_NRT,1
39.5943,-117.419,2026-07-30T03:47:00Z,97.78,Terra,100,N,MODIS_NRT,1
39.6054,-117.4457,2026-07-30T03:47:00Z,24.03,Terra,93,N,MODIS_NRT,1
42.4416,-117.038,2026-07-30T03:47:00Z,9.07,Terra,72,N,MODIS_NRT,1
39.6079,-117.4053,2026-07-30T03:47:00Z,129.26,Terra,100,N,MODIS_NRT,1
42.5092,-116.9562,2026-07-30T03:47:00Z,8.65,Terra,69,N,MODIS_NRT,1
42.5675,-116.9135,2026-07-30T03:47:00Z,14.81,Terra,87,N,MODIS_NRT,1
42.5701,-116.8987,2026-07-30T03:47:00Z,7.32,Terra,48,N,MODIS_NRT,1
42.5771,-116.9166,2026-07-30T03:47:00Z,11.65,Terra,79,N,MODIS_NRT,1
42.6779,-113.0363,2026-07-30T03:47:00Z,18.6,Terra,76,N,MODIS_NRT,1
42.6866,-113.0386,2026-07-30T03:47:00Z,75.86,Terra,100,N,MODIS_NRT,1
42.7652,-116.9103,2026-07-30T03:47:00Z,22.84,Terra,96,N,MODIS_NRT,1
42.7677,-116.8966,2026-07-30T03:47:00Z,10.08,Terra,67,N,MODIS_NRT,1
43.0623,-118.4339,2026-07-30T03:47:00Z,26.0,Terra,95,N,MODIS_NRT,1
43.0653,-118.4179,2026-07-30T03:47:00Z,52.2,Terra,100,N,MODIS_NRT,1
43.0723,-118.4384,2026-07-30T03:47:00Z,14.05,Terra,76,N,MODIS_NRT,1
43.0999,-122.5529,2026-07-30T03:47:00Z,17.78,Terra,37,N,MODIS_NRT,1
43.1059,-122.588,2026-07-30T03:47:00Z,75.52,Terra,100,N,MODIS_NRT,1
43.1131,-122.5566,2026-07-30T03:47:00Z,119.88,Terra,100,N,MODIS_NRT,1
43.571,-118.0502,2026-07-30T03:47:00Z,22.8,Terra,95,N,MODIS_NRT,1
43.6037,-118.0445,2026-07-30T03:47:00Z,18.28,Terra,89,N,MODIS_NRT,1
43.6522,-117.8922,2026-07-30T03:47:00Z,14.09,Terra,84,N,MODIS_NRT,1
43.654,-117.8825,2026-07-30T03:47:00Z,36.24,Terra,100,N,MODIS_NRT,1
43.655,-117.8765,2026-07-30T03:47:00Z,47.13,Terra,100,N,MODIS_NRT,1
43.6569,-117.8668,2026-07-30T03:47:00Z,18.19,Terra,94,N,MODIS_NRT,1
43.6578,-117.8608,2026-07-30T03:47:00Z,11.17,Terra,78,N,MODIS_NRT,1
43.661,-117.9011,2026-07-30T03:47:00Z,188.3,Terra,100,N,MODIS_NRT,1
43.664,-117.8851,2026-07-30T03:47:00Z,281.69,Terra,100,N,MODIS_NRT,1
43.6668,-117.8696,2026-07-30T03:47:00Z,25.43,Terra,77,N,MODIS_NRT,1
42.4942,-116.913,2026-07-30T03:47:00Z,23.87,Terra,99,N,MODIS_NRT,1
42.5082,-116.9491,2026-07-30T03:47:00Z,14.8,Terra,88,N,MODIS_NRT,1
42.4389,-117.0531,2026-07-30T03:47:00Z,75.51,Terra,100,N,MODIS_NRT,1
39.6216,-117.3913,2026-07-30T03:47:00Z,343.63,Terra,100,N,MODIS_NRT,1
39.6086,-117.4292,2026-07-30T03:47:00Z,56.45,Terra,100,N,MODIS_NRT,1
39.6111,-117.3885,2026-07-30T03:47:00Z,127.18,Terra,100,N,MODIS_NRT,1
39.6117,-117.4127,2026-07-30T03:47:00Z,93.01,Terra,100,N,MODIS_NRT,1
39.6123,-117.4415,2026-07-30T03:47:00Z,38.7,Terra,100,N,MODIS_NRT,1
39.6141,-117.3721,2026-07-30T03:47:00Z,11.53,Terra,61,N,MODIS_NRT,1
39.615,-117.3957,2026-07-30T03:47:00Z,232.74,Terra,100,N,MODIS_NRT,1
39.6153,-117.4252,2026-07-30T03:47:00Z,57.05,Terra,100,N,MODIS_NRT,1
39.616,-117.4484,2026-07-30T03:47:00Z,33.5,Terra,100,N,MODIS_NRT,1
39.6165,-117.5041,2026-07-30T03:47:00Z,40.99,Terra,100,N,MODIS_NRT,1
42.4293,-117.0498,2026-07-30T03:47:00Z,32.3,Terra,100,N,MODIS_NRT,1
39.6184,-117.4084,2026-07-30T03:47:00Z,132.55,Terra,100,N,MODIS_NRT,1
39.6191,-117.4323,2026-07-30T03:47:00Z,64.44,Terra,100,N,MODIS_NRT,1
39.6181,-117.3794,2026-07-30T03:47:00Z,103.54,Terra,100,N,MODIS_NRT,1
39.6222,-117.4158,2026-07-30T03:47:00Z,63.17,Terra,100,N,MODIS_NRT,1
39.6359,-117.4024,2026-07-30T03:47:00Z,24.19,Terra,90,N,MODIS_NRT,1
39.7109,-120.1445,2026-07-30T03:47:00Z,15.41,Terra,39,N,MODIS_NRT,1
39.71,-120.1391,2026-07-30T03:47:00Z,22.71,Terra,64,N,MODIS_NRT,1
39.6246,-117.3751,2026-07-30T03:47:00Z,48.85,Terra,100,N,MODIS_NRT,1
39.637,-117.4545,2026-07-30T03:47:00Z,34.97,Terra,100,N,MODIS_NRT,1
39.64,-117.4388,2026-07-30T03:47:00Z,13.26,Terra,63,N,MODIS_NRT,1
39.6327,-117.4189,2026-07-30T03:47:00Z,28.0,Terra,94,N,MODIS_NRT,1
39.6296,-117.4355,2026-07-30T03:47:00Z,37.58,Terra,100,N,MODIS_NRT,1
39.6286,-117.3822,2026-07-30T03:47:00Z,99.91,Terra,100,N,MODIS_NRT,1
39.6266,-117.4513,2026-07-30T03:47:00Z,26.74,Terra,92,N,MODIS_NRT,1
39.6255,-117.3987,2026-07-30T03:47:00Z,219.86,Terra,100,N,MODIS_NRT,1
66.4818,76.2835,2026-07-30T03:45:00Z,6.91,N20,n,D,VIIRS_NOAA20_NRT,1
66.4794,76.2883,2026-07-30T03:45:00Z,10.76,N20,n,D,VIIRS_NOAA20_NRT,1
66.4752,76.2775,2026-07-30T03:45:00Z,6.91,N20,n,D,VIIRS_NOAA20_NRT,1
66.4621,76.2654,2026-07-30T03:45:00Z,6.12,N20,n,D,VIIRS_NOAA20_NRT,1
66.4598,76.2706,2026-07-30T03:45:00Z,10.42,N20,n,D,VIIRS_NOAA20_NRT,1
66.4598,76.2824,2026-07-30T03:45:00Z,6.12,N20,n,D,VIIRS_NOAA20_NRT,1
66.4977,74.726,2026-07-30T03:45:00Z,10.02,N20,n,D,VIIRS_NOAA20_NRT,1
66.5015,74.7383,2026-07-30T03:45:00Z,8.93,N20,n,D,VIIRS_NOAA20_NRT,1
37.4883,-115.7445,2026-07-30T03:45:00Z,13.43,Terra,78,N,MODIS_NRT,1
67.8028,72.517,2026-07-30T03:45:00Z,5.33,N20,n,D,VIIRS_NOAA20_NRT,1
37.1342,-106.9713,2026-07-30T03:45:00Z,7.99,Terra,45,N,MODIS_NRT,1
37.1327,-106.9859,2026-07-30T03:45:00Z,15.2,Terra,80,N,MODIS_NRT,1
33.4202,-110.8601,2026-07-30T03:45:00Z,21.17,Terra,100,N,MODIS_NRT,1
33.4187,-110.8706,2026-07-30T03:45:00Z,21.34,Terra,100,N,MODIS_NRT,1
37.4877,-115.7532,2026-07-30T03:45:00Z,14.86,Terra,77,N,MODIS_NRT,1
66.4901,76.3171,2026-07-30T03:45:00Z,10.23,N20,n,D,VIIRS_NOAA20_NRT,1
66.4924,76.3126,2026-07-30T03:45:00Z,12.05,N20,n,D,VIIRS_NOAA20_NRT,1
66.4946,74.7325,2026-07-30T03:45:00Z,11.66,N20,n,D,VIIRS_NOAA20_NRT,1
66.4955,74.7433,2026-07-30T03:45:00Z,10.02,N20,n,D,VIIRS_NOAA20_NRT,1
67.2461,76.9947,2026-07-30T03:45:00Z,11.73,N20,n,D,VIIRS_NOAA20_NRT,1
37.2672,-116.1666,2026-07-30T03:45:00Z,20.25,Terra,66,N,MODIS_NRT,1
67.2456,76.9867,2026-07-30T03:45:00Z,8.79,N20,n,D,VIIRS_NOAA20_NRT,1
67.2427,76.9724,2026-07-30T03:45:00Z,11.73,N20,n,D,VIIRS_NOAA20_NRT,1
67.2422,76.9646,2026-07-30T03:45:00Z,14.92,N20,n,D,VIIRS_NOAA20_NRT,1
67.2403,76.989,2026-07-30T03:45:00Z,11.73,N20,n,D,VIIRS_NOAA20_NRT,1
67.2388,76.9425,2026-07-30T03:45:00Z,10.9,N20,n,D,VIIRS_NOAA20_NRT,1
67.2373,76.9977,2026-07-30T03:45:00Z,8.79,N20,n,D,VIIRS_NOAA20_NRT,1
67.237,76.9667,2026-07-30T03:45:00Z,15.96,N20,n,D,VIIRS_NOAA20_NRT,1
67.2364,76.959,2026-07-30T03:45:00Z,10.9,N20,n,D,VIIRS_NOAA20_NRT,1
66.9201,76.5811,2026-07-30T03:45:00Z,12.15,N20,n,D,VIIRS_NOAA20_NRT,1
37.2655,-116.1167,2026-07-30T03:45:00Z,22.78,Terra,92,N,MODIS_NRT,1
67.2398,76.9811,2026-07-30T03:45:00Z,8.79,N20,n,D,VIIRS_NOAA20_NRT,1
37.2757,-116.1196,2026-07-30T03:45:00Z,14.94,Terra,49,N,MODIS_NRT,1
37.3117,-116.0992,2026-07-30T03:45:00Z,22.74,Terra,76,N,MODIS_NRT,1
37.2914,-116.0928,2026-07-30T03:45:00Z,83.79,Terra,100,N,MODIS_NRT,1
37.3411,-116.0966,2026-07-30T03:45:00Z,11.75,Terra,67,N,MODIS_NRT,1
37.335,-116.0892,2026-07-30T03:45:00Z,23.06,Terra,93,N,MODIS_NRT,1
37.3323,-116.1041,2026-07-30T03:45:00Z,29.43,Terra,100,N,MODIS_NRT,1
37.3309,-116.0935,2026-07-30T03:45:00Z,46.25,Terra,100,N,MODIS_NRT,1
37.3282,-116.1082,2026-07-30T03:45:00Z,16.99,Terra,83,N,MODIS_NRT,1
37.324,-116.1896,2026-07-30T03:45:00Z,40.59,Terra,100,N,MODIS_NRT,1
37.322,-116.1014,2026-07-30T03:45:00Z,50.76,Terra,100,N,MODIS_NRT,1
37.3209,-116.206,2026-07-30T03:45:00Z,15.89,Terra,80,N,MODIS_NRT,1
37.3185,-116.1812,2026-07-30T03:45:00Z,27.61,Terra,98,N,MODIS_NRT,1
37.3155,-116.198,2026-07-30T03:45:00Z,60.12,Terra,100,N,MODIS_NRT,1
37.3144,-116.0844,2026-07-30T03:45:00Z,23.15,Terra,71,N,MODIS_NRT,1
37.3139,-116.1856,2026-07-30T03:45:00Z,29.09,Terra,99,N,MODIS_NRT,1
37.3246,-116.0869,2026-07-30T03:45:00Z,75.92,Terra,100,N,MODIS_NRT,1
37.3107,-116.2026,2026-07-30T03:45:00Z,23.75,Terra,93,N,MODIS_NRT,1
37.2941,-116.0779,2026-07-30T03:45:00Z,24.57,Terra,92,N,MODIS_NRT,1
37.3069,-116.0663,2026-07-30T03:45:00Z,8.91,Terra,46,N,MODIS_NRT,1
37.3053,-116.1946,2026-07-30T03:45:00Z,18.33,Terra,61,N,MODIS_NRT,1
37.3042,-116.0814,2026-07-30T03:45:00Z,25.32,Terra,97,N,MODIS_NRT,1
67.2742,83.2061,2026-07-30T03:42:00Z,7.25,N20,n,D,VIIRS_NOAA20_NRT,1
67.163,86.2429,2026-07-30T03:42:00Z,3.0,N20,n,D,VIIRS_NOAA20_NRT,1
67.1639,86.2426,2026-07-30T03:42:00Z,5.59,N20,n,D,VIIRS_NOAA20_NRT,1
67.1661,86.2289,2026-07-30T03:42:00Z,3.0,N20,n,D,VIIRS_NOAA20_NRT,1
67.1931,92.732,2026-07-30T03:42:00Z,6.35,N20,n,D,VIIRS_NOAA20_NRT,1
67.1976,81.9871,2026-07-30T03:42:00Z,4.45,N20,n,D,VIIRS_NOAA20_NRT,1
67.1976,81.9897,2026-07-30T03:42:00Z,4.18,N20,n,D,VIIRS_NOAA20_NRT,1
67.2128,95.4483,2026-07-30T03:42:00Z,20.87,N20,n,D,VIIRS_NOAA20_NRT,1
67.2153,95.4534,2026-07-30T03:42:00Z,20.87,N20,n,D,VIIRS_NOAA20_NRT,1
67.2631,92.0958,2026-07-30T03:42:00Z,3.12,N20,n,D,VIIRS_NOAA20_NRT,1
67.2662,92.0832,2026-07-30T03:42:00Z,3.12,N20,n,D,VIIRS_NOAA20_NRT,1
67.2814,83.0472,2026-07-30T03:42:00Z,8.96,N20,n,D,VIIRS_NOAA20_NRT,1
67.2808,83.04,2026-07-30T03:42:00Z,10.29,N20,h,D,VIIRS_NOAA20_NRT,1
67.368,82.0105,2026-07-30T03:42:00Z,9.29,N20,n,D,VIIRS_NOAA20_NRT,1
67.3602,81.9777,2026-07-30T03:42:00Z,5.75,N20,n,D,VIIRS_NOAA20_NRT,1
67.6175,84.4713,2026-07-30T03:42:00Z,5.34,N20,n,D,VIIRS_NOAA20_NRT,1
67.5499,83.2038,2026-07-30T03:42:00Z,44.8,N20,h,D,VIIRS_NOAA20_NRT,1
67.3611,81.9832,2026-07-30T03:42:00Z,4.82,N20,n,D,VIIRS_NOAA20_NRT,1
66.7068,80.4455,2026-07-30T03:42:00Z,9.04,N20,n,D,VIIRS_NOAA20_NRT,1
67.5471,83.2186,2026-07-30T03:42:00Z,8.36,N20,h,D,VIIRS_NOAA20_NRT,1
67.4522,81.867,2026-07-30T03:42:00Z,6.69,N20,n,D,VIIRS_NOAA20_NRT,1
67.4429,81.9488,2026-07-30T03:42:00Z,6.56,N20,n,D,VIIRS_NOAA20_NRT,1
67.432,81.8793,2026-07-30T03:42:00Z,5.78,N20,n,D,VIIRS_NOAA20_NRT,1
67.3719,82.0107,2026-07-30T03:42:00Z,5.12,N20,n,D,VIIRS_NOAA20_NRT,1
66.7181,80.4961,2026-07-30T03:42:00Z,3.04,N20,n,D,VIIRS_NOAA20_NRT,1
66.4055,77.4715,2026-07-30T03:42:00Z,11.28,N20,n,D,VIIRS_NOAA20_NRT,1
66.6705,80.4493,2026-07-30T03:42:00Z,6.44,N20,n,D,VIIRS_NOAA20_NRT,1
66.6621,80.4586,2026-07-30T03:42:00Z,6.44,N20,n,D,VIIRS_NOAA20_NRT,1
65.2885,90.1836,2026-07-30T03:42:00Z,5.19,N20,n,D,VIIRS_NOAA20_NRT,1
65.2891,90.1856,2026-07-30T03:42:00Z,4.5,N20,n,D,VIIRS_NOAA20_NRT,1
65.2958,90.1574,2026-07-30T03:42:00Z,7.13,N20,n,D,VIIRS_NOAA20_NRT,1
66.1365,80.7294,2026-07-30T03:42:00Z,9.35,N20,n,D,VIIRS_NOAA20_NRT,1
66.1367,80.7294,2026-07-30T03:42:00Z,9.22,N20,n,D,VIIRS_NOAA20_NRT,1
66.1624,76.9504,2026-07-30T03:42:00Z,4.3,N20,n,D,VIIRS_NOAA20_NRT,1
66.1945,77.2396,2026-07-30T03:42:00Z,8.9,N20,n,D,VIIRS_NOAA20_NRT,1
66.2008,77.2362,2026-07-30T03:42:00Z,7.3,N20,n,D,VIIRS_NOAA20_NRT,1
67.6205,84.457,2026-07-30T03:42:00Z,5.34,N20,n,D,VIIRS_NOAA20_NRT,1
66.2075,77.2426,2026-07-30T03:42:00Z,7.3,N20,n,D,VIIRS_NOAA20_NRT,1
66.2105,77.2354,2026-07-30T03:42:00Z,6.13,N20,n,D,VIIRS_NOAA20_NRT,1
66.3638,76.9841,2026-07-30T03:42:00Z,12.87,N20,h,D,VIIRS_NOAA20_NRT,1
66.3643,76.9784,2026-07-30T03:42:00Z,9.52,N20,n,D,VIIRS_NOAA20_NRT,1
66.404,76.5568,2026-07-30T03:42:00Z,6.37,N20,n,D,VIIRS_NOAA20_NRT,1
66.4046,76.5508,2026-07-30T03:42:00Z,6.68,N20,n,D,VIIRS_NOAA20_NRT,1
66.503,76.4946,2026-07-30T03:42:00Z,7.7,N20,n,D,VIIRS_NOAA20_NRT,1
66.5055,76.4777,2026-07-30T03:42:00Z,9.59,N20,n,D,VIIRS_NOAA20_NRT,1
66.5095,76.5006,2026-07-30T03:42:00Z,7.7,N20,n,D,VIIRS_NOAA20_NRT,1
66.5159,76.5065,2026-07-30T03:42:00Z,12.06,N20,n,D,VIIRS_NOAA20_NRT,1
66.5224,76.5125,2026-07-30T03:42:00Z,12.06,N20,n,D,VIIRS_NOAA20_NRT,1
66.525,76.4957,2026-07-30T03:42:00Z,19.25,N20,n,D,VIIRS_NOAA20_NRT,1
66.5313,76.5016,2026-07-30T03:42:00Z,13.74,N20,n,D,VIIRS_NOAA20_NRT,1
66.6616,80.4704,2026-07-30T03:42:00Z,12.03,N20,n,D,VIIRS_NOAA20_NRT,1
67.62,84.4563,2026-07-30T03:42:00Z,5.55,N20,n,D,VIIRS_NOAA20_NRT,1
67.8265,80.0099,2026-07-30T03:42:00Z,4.35,N20,n,D,VIIRS_NOAA20_NRT,1
67.621,84.4762,2026-07-30T03:42:00Z,13.02,N20,n,D,VIIRS_NOAA20_NRT,1
68.3052,83.2886,2026-07-30T03:42:00Z,5.03,N20,n,D,VIIRS_NOAA20_NRT,1
68.0631,83.4273,2026-07-30T03:42:00Z,5.62,N20,n,D,VIIRS_NOAA20_NRT,1
68.0645,83.3922,2026-07-30T03:42:00Z,6.87,N20,n,D,VIIRS_NOAA20_NRT,1
68.0953,84.7864,2026-07-30T03:42:00Z,5.03,N20,n,D,VIIRS_NOAA20_NRT,1
68.1072,84.8033,2026-07-30T03:42:00Z,4.64,N20,n,D,VIIRS_NOAA20_NRT,1
68.1101,84.7984,2026-07-30T03:42:00Z,4.57,N20,n,D,VIIRS_NOAA20_NRT,1
68.111,84.8087,2026-07-30T03:42:00Z,4.64,N20,n,D,VIIRS_NOAA20_NRT,1
68.114,84.804,2026-07-30T03:42:00Z,4.57,N20,n,D,VIIRS_NOAA20_NRT,1
68.2078,83.458,2026-07-30T03:42:00Z,2.21,N20,n,D,VIIRS_NOAA20_NRT,1
68.2718,84.5501,2026-07-30T03:42:00Z,6.95,N20,n,D,VIIRS_NOAA20_NRT,1
68.3654,83.6939,2026-07-30T03:42:00Z,18.17,N20,n,D,VIIRS_NOAA20_NRT,1
68.0626,83.4116,2026-07-30T03:42:00Z,8.17,N20,n,D,VIIRS_NOAA20_NRT,1
68.3694,83.6995,2026-07-30T03:42:00Z,18.17,N20,l,D,VIIRS_NOAA20_NRT,1
68.4084,83.6252,2026-07-30T03:42:00Z,4.14,N20,n,D,VIIRS_NOAA20_NRT,1
68.4106,83.6348,2026-07-30T03:42:00Z,8.32,N20,n,D,VIIRS_NOAA20_NRT,1
68.4123,83.6307,2026-07-30T03:42:00Z,4.14,N20,n,D,VIIRS_NOAA20_NRT,1
68.5238,79.9565,2026-07-30T03:42:00Z,7.57,N20,h,D,VIIRS_NOAA20_NRT,1
68.524,79.9588,2026-07-30T03:42:00Z,5.71,N20,n,D,VIIRS_NOAA20_NRT,1
70.4424,84.3612,2026-07-30T03:42:00Z,1.49,N20,n,D,VIIRS_NOAA20_NRT,1
25.5745,-99.9348,2026-07-30T03:42:00Z,22.0,Terra,74,N,MODIS_NRT,1
67.6216,84.477,2026-07-30T03:42:00Z,5.34,N20,n,D,VIIRS_NOAA20_NRT,1
68.063,83.3718,2026-07-30T03:42:00Z,11.24,N20,n,D,VIIRS_NOAA20_NRT,1
25.5796,-99.9409,2026-07-30T03:42:00Z,20.2,Terra,71,N,MODIS_NRT,1
68.0616,83.4068,2026-07-30T03:42:00Z,6.87,N20,n,D,VIIRS_NOAA20_NRT,1
67.8682,84.3374,2026-07-30T03:42:00Z,6.13,N20,n,D,VIIRS_NOAA20_NRT,1
68.0599,83.4264,2026-07-30T03:42:00Z,8.17,N20,n,D,VIIRS_NOAA20_NRT,1
67.8228,85.6846,2026-07-30T03:42:00Z,4.26,N20,n,D,VIIRS_NOAA20_NRT,1
67.8237,85.7044,2026-07-30T03:42:00Z,4.76,N20,n,D,VIIRS_NOAA20_NRT,1
67.8267,85.6904,2026-07-30T03:42:00Z,4.26,N20,n,D,VIIRS_NOAA20_NRT,1
67.8272,85.7022,2026-07-30T03:42:00Z,8.21,N20,n,D,VIIRS_NOAA20_NRT,1
67.8382,84.8943,2026-07-30T03:42:00Z,12.39,N20,n,D,VIIRS_NOAA20_NRT,1
67.8422,84.9002,2026-07-30T03:42:00Z,6.78,N20,n,D,VIIRS_NOAA20_NRT,1
67.8468,80.0824,2026-07-30T03:42:00Z,2.76,N20,n,D,VIIRS_NOAA20_NRT,1
67.8473,80.0902,2026-07-30T03:42:00Z,2.14,N20,n,D,VIIRS_NOAA20_NRT,1
67.8233,85.6965,2026-07-30T03:42:00Z,12.2,N20,n,D,VIIRS_NOAA20_NRT,1
67.8699,84.3027,2026-07-30T03:42:00Z,9.19,N20,n,D,VIIRS_NOAA20_NRT,1
68.0588,83.4215,2026-07-30T03:42:00Z,5.62,N20,n,D,VIIRS_NOAA20_NRT,1
67.8756,84.2737,2026-07-30T03:42:00Z,7.15,N20,n,D,VIIRS_NOAA20_NRT,1
67.8909,84.2766,2026-07-30T03:42:00Z,4.57,N20,n,D,VIIRS_NOAA20_NRT,1
67.9576,82.8595,2026-07-30T03:42:00Z,8.1,N20,n,D,VIIRS_NOAA20_NRT,1
67.9715,82.8408,2026-07-30T03:42:00Z,6.98,N20,n,D,VIIRS_NOAA20_NRT,1
68.0516,83.375,2026-07-30T03:42:00Z,3.35,N20,n,D,VIIRS_NOAA20_NRT,1
67.8726,84.2881,2026-07-30T03:42:00Z,9.19,N20,n,D,VIIRS_NOAA20_NRT,1
68.0587,83.366,2026-07-30T03:42:00Z,11.24,N20,h,D,VIIRS_NOAA20_NRT,1
64.801,109.8336,2026-07-30T03:40:00Z,9.18,N20,l,D,VIIRS_NOAA20_NRT,1
64.8007,109.8302,2026-07-30T03:40:00Z,6.22,N20,n,D,VIIRS_NOAA20_NRT,1
64.7979,109.8244,2026-07-30T03:40:00Z,9.18,N20,n,D,VIIRS_NOAA20_NRT,1
64.7977,109.821,2026-07-30T03:40:00Z,7.4,N20,n,D,VIIRS_NOAA20_NRT,1
64.7971,109.8371,2026-07-30T03:40:00Z,6.22,N20,l,D,VIIRS_NOAA20_NRT,1
64.7941,109.8279,2026-07-30T03:40:00Z,7.4,N20,n,D,VIIRS_NOAA20_NRT,1
64.7958,109.9226,2026-07-30T03:40:00Z,4.36,N20,n,D,VIIRS_NOAA20_NRT,1
64.7943,109.8313,2026-07-30T03:40:00Z,8.62,N20,n,D,VIIRS_NOAA20_NRT,1
64.8043,109.8232,2026-07-30T03:40:00Z,8.22,N20,n,D,VIIRS_NOAA20_NRT,1
64.7921,109.9292,2026-07-30T03:40:00Z,4.36,N20,n,D,VIIRS_NOAA20_NRT,1
64.7913,109.8223,2026-07-30T03:40:00Z,6.19,N20,n,D,VIIRS_NOAA20_NRT,1
64.7907,109.8383,2026-07-30T03:40:00Z,8.62,N20,n,D,VIIRS_NOAA20_NRT,1
64.7905,109.8349,2026-07-30T03:40:00Z,8.87,N20,n,D,VIIRS_NOAA20_NRT,1
64.7888,109.8656,2026-07-30T03:40:00Z,4.44,N20,n,D,VIIRS_NOAA20_NRT,1
64.8016,109.8175,2026-07-30T03:40:00Z,9.18,N20,n,D,VIIRS_NOAA20_NRT,1
64.8079,109.8162,2026-07-30T03:40:00Z,8.22,N20,n,D,VIIRS_NOAA20_NRT,1
64.8046,109.8267,2026-07-30T03:40:00Z,9.18,N20,n,D,VIIRS_NOAA20_NRT,1
64.806,109.9892,2026-07-30T03:40:00Z,16.08,N20,n,D,VIIRS_NOAA20_NRT,1
64.8743,110.4286,2026-07-30T03:40:00Z,11.45,N20,n,D,VIIRS_NOAA20_NRT,1
64.8563,109.9462,2026-07-30T03:40:00Z,2.48,N20,l,D,VIIRS_NOAA20_NRT,1
64.8192,109.9938,2026-07-30T03:40:00Z,8.75,N20,n,D,VIIRS_NOAA20_NRT,1
64.8184,110.0092,2026-07-30T03:40:00Z,8.75,N20,n,D,VIIRS_NOAA20_NRT,1
64.8155,110.0003,2026-07-30T03:40:00Z,8.75,N20,n,D,VIIRS_NOAA20_NRT,1
64.8148,109.8216,2026-07-30T03:40:00Z,10.71,N20,n,D,VIIRS_NOAA20_NRT,1
64.8126,109.9916,2026-07-30T03:40:00Z,6.53,N20,n,D,VIIRS_NOAA20_NRT,1
64.8118,109.8127,2026-07-30T03:40:00Z,15.12,N20,n,D,VIIRS_NOAA20_NRT,1
64.7868,109.8417,2026-07-30T03:40:00Z,8.87,N20,n,D,VIIRS_NOAA20_NRT,1
64.8118,110.0069,2026-07-30T03:40:00Z,12.65,N20,n,D,VIIRS_NOAA20_NRT,1
64.8109,109.8252,2026-07-30T03:40:00Z,8.22,N20,n,D,VIIRS_NOAA20_NRT,1
64.8097,109.9827,2026-07-30T03:40:00Z,6.53,N20,n,D,VIIRS_NOAA20_NRT,1
64.8089,109.9981,2026-07-30T03:40:00Z,16.08,N20,n,D,VIIRS_NOAA20_NRT,1
64.8082,109.8196,2026-07-30T03:40:00Z,15.12,N20,n,D,VIIRS_NOAA20_NRT,1
64.8073,109.8324,2026-07-30T03:40:00Z,8.22,N20,l,D,VIIRS_NOAA20_NRT,1
64.7883,109.9357,2026-07-30T03:40:00Z,4.44,N20,n,D,VIIRS_NOAA20_NRT,1
64.7783,109.8696,2026-07-30T03:40:00Z,6.03,N20,n,D,VIIRS_NOAA20_NRT,1
64.7859,109.8569,2026-07-30T03:40:00Z,4.44,N20,l,D,VIIRS_NOAA20_NRT,1
64.7427,109.9051,2026-07-30T03:40:00Z,5.14,N20,n,D,VIIRS_NOAA20_NRT,1
64.8753,110.4353,2026-07-30T03:40:00Z,13.58,N20,h,D,VIIRS_NOAA20_NRT,1
64.7469,110.2898,2026-07-30T03:40:00Z,7.6,N20,n,D,VIIRS_NOAA20_NRT,1
64.7468,110.3607,2026-07-30T03:40:00Z,5.39,N20,n,D,VIIRS_NOAA20_NRT,1
64.7456,109.9139,2026-07-30T03:40:00Z,5.14,N20,l,D,VIIRS_NOAA20_NRT,1
64.7439,110.2807,2026-07-30T03:40:00Z,7.6,N20,n,D,VIIRS_NOAA20_NRT,1
64.7439,110.3519,2026-07-30T03:40:00Z,9.62,N20,n,D,VIIRS_NOAA20_NRT,1
64.7418,110.3276,2026-07-30T03:40:00Z,5.16,N20,n,D,VIIRS_NOAA20_NRT,1
64.7854,109.9269,2026-07-30T03:40:00Z,16.99,N20,n,D,VIIRS_NOAA20_NRT,1
64.7402,110.2874,2026-07-30T03:40:00Z,7.6,N20,n,D,VIIRS_NOAA20_NRT,1
64.7398,109.8962,2026-07-30T03:40:00Z,5.35,N20,n,D,VIIRS_NOAA20_NRT,1
64.7368,109.8873,2026-07-30T03:40:00Z,5.35,N20,n,D,VIIRS_NOAA20_NRT,1
64.7338,109.8783,2026-07-30T03:40:00Z,24.6,N20,n,D,VIIRS_NOAA20_NRT,1
64.7331,109.8939,2026-07-30T03:40:00Z,5.35,N20,n,D,VIIRS_NOAA20_NRT,1
64.7329,110.3007,2026-07-30T03:40:00Z,16.36,N20,n,D,VIIRS_NOAA20_NRT,1
64.7485,109.9226,2026-07-30T03:40:00Z,9.42,N20,n,D,VIIRS_NOAA20_NRT,1
64.7493,109.907,2026-07-30T03:40:00Z,5.1,N20,n,D,VIIRS_NOAA20_NRT,1
64.7514,109.9313,2026-07-30T03:40:00Z,9.42,N20,n,D,VIIRS_NOAA20_NRT,1
64.7522,109.9158,2026-07-30T03:40:00Z,3.25,N20,n,D,VIIRS_NOAA20_NRT,1
64.7716,109.8673,2026-07-30T03:40:00Z,22.55,N20,n,D,VIIRS_NOAA20_NRT,1
64.7724,109.8517,2026-07-30T03:40:00Z,22.55,N20,n,D,VIIRS_NOAA20_NRT,1
64.7754,109.8608,2026-07-30T03:40:00Z,22.55,N20,n,D,VIIRS_NOAA20_NRT,1
64.7762,109.8455,2026-07-30T03:40:00Z,11.15,N20,n,D,VIIRS_NOAA20_NRT,1
64.7767,109.9005,2026-07-30T03:40:00Z,15.26,N20,n,D,VIIRS_NOAA20_NRT,1
64.7775,109.8849,2026-07-30T03:40:00Z,6.03,N20,n,D,VIIRS_NOAA20_NRT,1
64.7792,109.8545,2026-07-30T03:40:00Z,11.15,N20,n,D,VIIRS_NOAA20_NRT,1
64.7796,109.9094,2026-07-30T03:40:00Z,15.26,N20,n,D,VIIRS_NOAA20_NRT,1
64.7804,109.8939,2026-07-30T03:40:00Z,5.27,N20,n,D,VIIRS_NOAA20_NRT,1
64.7821,109.8632,2026-07-30T03:40:00Z,4.44,N20,n,D,VIIRS_NOAA20_NRT,1
64.7825,109.9181,2026-07-30T03:40:00Z,16.99,N20,h,D,VIIRS_NOAA20_NRT,1
64.783,109.8482,2026-07-30T03:40:00Z,11.15,N20,n,D,VIIRS_NOAA20_NRT,1
64.785,109.8719,2026-07-30T03:40:00Z,4.44,N20,l,D,VIIRS_NOAA20_NRT,1
64.7478,109.9381,2026-07-30T03:40:00Z,9.42,N20,n,D,VIIRS_NOAA20_NRT,1
65.3017,105.4073,2026-07-30T03:40:00Z,5.12,N20,n,D,VIIRS_NOAA20_NRT,1
64.8771,110.4372,2026-07-30T03:40:00Z,11.45,N20,n,D,VIIRS_NOAA20_NRT,1
64.878,110.4222,2026-07-30T03:40:00Z,11.45,N20,n,D,VIIRS_NOAA20_NRT,1
65.9679,117.739,2026-07-30T03:40:00Z,77.87,N20,l,D,VIIRS_NOAA20_NRT,1
65.9675,117.7012,2026-07-30T03:40:00Z,6.53,N20,n,D,VIIRS_NOAA20_NRT,1
65.9665,117.7153,2026-07-30T03:40:00Z,52.03,N20,l,D,VIIRS_NOAA20_NRT,1
65.966,117.7671,2026-07-30T03:40:00Z,5.28,N20,n,D,VIIRS_NOAA20_NRT,1
65.9656,117.7295,2026-07-30T03:40:00Z,51.6,N20,l,D,VIIRS_NOAA20_NRT,1
65.9643,117.7059,2026-07-30T03:40:00Z,6.53,N20,n,D,VIIRS_NOAA20_NRT,1
65.9633,117.7201,2026-07-30T03:40:00Z,51.6,N20,n,D,VIIRS_NOAA20_NRT,1
65.9624,117.7343,2026-07-30T03:40:00Z,51.6,N20,n,D,VIIRS_NOAA20_NRT,1
65.9601,117.7248,2026-07-30T03:40:00Z,51.6,N20,n,D,VIIRS_NOAA20_NRT,1
65.8553,113.4096,2026-07-30T03:40:00Z,25.51,N20,n,D,VIIRS_NOAA20_NRT,1
65.8532,113.4024,2026-07-30T03:40:00Z,25.51,N20,n,D,VIIRS_NOAA20_NRT,1
65.8525,99.2357,2026-07-30T03:40:00Z,1.39,N20,l,D,VIIRS_NOAA20_NRT,1
65.8518,113.4149,2026-07-30T03:40:00Z,16.66,N20,n,D,VIIRS_NOAA20_NRT,1
65.8497,113.4076,2026-07-30T03:40:00Z,16.66,N20,n,D,VIIRS_NOAA20_NRT,1
65.8483,113.4203,2026-07-30T03:40:00Z,16.66,N20,n,D,VIIRS_NOAA20_NRT,1
65.9683,117.7765,2026-07-30T03:40:00Z,5.28,N20,n,D,VIIRS_NOAA20_NRT,1
65.9684,117.6872,2026-07-30T03:40:00Z,8.15,N20,n,D,VIIRS_NOAA20_NRT,1
65.9688,117.7248,2026-07-30T03:40:00Z,52.03,N20,n,D,VIIRS_NOAA20_NRT,1
65.9726,117.6684,2026-07-30T03:40:00Z,27.82,N20,n,D,VIIRS_NOAA20_NRT,1
65.9749,117.6778,2026-07-30T03:40:00Z,7.43,N20,n,D,VIIRS_NOAA20_NRT,1
65.9747,117.7673,2026-07-30T03:40:00Z,9.8,N20,n,D,VIIRS_NOAA20_NRT,1
65.9738,117.7813,2026-07-30T03:40:00Z,43.72,N20,n,D,VIIRS_NOAA20_NRT,1
65.9737,117.5647,2026-07-30T03:40:00Z,6.69,N20,n,D,VIIRS_NOAA20_NRT,1
65.9736,117.6544,2026-07-30T03:40:00Z,27.82,N20,l,D,VIIRS_NOAA20_NRT,1
65.9734,117.7438,2026-07-30T03:40:00Z,149.75,N20,n,D,VIIRS_NOAA20_NRT,1
65.9724,117.7578,2026-07-30T03:40:00Z,9.8,N20,n,D,VIIRS_NOAA20_NRT,1
65.9694,117.6731,2026-07-30T03:40:00Z,5.87,N20,n,D,VIIRS_NOAA20_NRT,1
65.9717,117.6825,2026-07-30T03:40:00Z,8.15,N20,n,D,VIIRS_NOAA20_NRT,1
65.9715,117.7719,2026-07-30T03:40:00Z,9.8,N20,n,D,VIIRS_NOAA20_NRT,1
65.9707,117.6965,2026-07-30T03:40:00Z,8.15,N20,n,D,VIIRS_NOAA20_NRT,1
65.9705,117.7859,2026-07-30T03:40:00Z,7.31,N20,n,D,VIIRS_NOAA20_NRT,1
65.9702,117.7484,2026-07-30T03:40:00Z,77.87,N20,n,D,VIIRS_NOAA20_NRT,1
65.9698,117.7106,2026-07-30T03:40:00Z,52.03,N20,n,D,VIIRS_NOAA20_NRT,1
65.8474,117.8071,2026-07-30T03:40:00Z,5.03,N20,n,D,VIIRS_NOAA20_NRT,1
65.8462,113.413,2026-07-30T03:40:00Z,16.66,N20,n,D,VIIRS_NOAA20_NRT,1
65.8099,99.324,2026-07-30T03:40:00Z,2.85,N20,n,D,VIIRS_NOAA20_NRT,1
64.9101,110.3789,2026-07-30T03:40:00Z,6.2,N20,n,D,VIIRS_NOAA20_NRT,1
64.9444,110.1244,2026-07-30T03:40:00Z,7.87,N20,n,D,VIIRS_NOAA20_NRT,1
64.9408,110.1313,2026-07-30T03:40:00Z,5.24,N20,n,D,VIIRS_NOAA20_NRT,1
64.9328,110.0891,2026-07-30T03:40:00Z,2.83,N20,n,D,VIIRS_NOAA20_NRT,1
64.9298,110.0088,2026-07-30T03:40:00Z,7.19,N20,n,D,VIIRS_NOAA20_NRT,1
64.9262,110.0156,2026-07-30T03:40:00Z,6.57,N20,n,D,VIIRS_NOAA20_NRT,1
64.9174,110.3658,2026-07-30T03:40:00Z,7.3,N20,n,D,VIIRS_NOAA20_NRT,1
64.9036,110.3766,2026-07-30T03:40:00Z,6.2,N20,n,D,VIIRS_NOAA20_NRT,1
65.2482,106.3106,2026-07-30T03:40:00Z,5.14,N20,n,D,VIIRS_NOAA20_NRT,1
64.9028,110.392,2026-07-30T03:40:00Z,12.66,N20,n,D,VIIRS_NOAA20_NRT,1
64.8992,110.3986,2026-07-30T03:40:00Z,12.66,N20,n,D,VIIRS_NOAA20_NRT,1
64.8963,110.3897,2026-07-30T03:40:00Z,12.66,N20,n,D,VIIRS_NOAA20_NRT,1
64.8933,110.3806,2026-07-30T03:40:00Z,10.22,N20,n,D,VIIRS_NOAA20_NRT,1
64.8799,110.4458,2026-07-30T03:40:00Z,13.89,N20,n,D,VIIRS_NOAA20_NRT,1
64.878,110.4439,2026-07-30T03:40:00Z,13.58,N20,n,D,VIIRS_NOAA20_NRT,1
65.2451,106.3106,2026-07-30T03:40:00Z,3.32,N20,n,D,VIIRS_NOAA20_NRT,1
65.2488,106.3026,2026-07-30T03:40:00Z,7.65,N20,n,D,VIIRS_NOAA20_NRT,1
65.8098,99.3264,2026-07-30T03:40:00Z,4.6,N20,n,D,VIIRS_NOAA20_NRT,1
65.7303,107.5602,2026-07-30T03:40:00Z,12.27,N20,n,D,VIIRS_NOAA20_NRT,1
65.8071,99.3178,2026-07-30T03:40:00Z,3.35,N20,n,D,VIIRS_NOAA20_NRT,1
65.807,99.3202,2026-07-30T03:40:00Z,4.6,N20,n,D,VIIRS_NOAA20_NRT,1
65.7398,107.5876,2026-07-30T03:40:00Z,4.81,N20,n,D,VIIRS_NOAA20_NRT,1
65.7372,107.5622,2026-07-30T03:40:00Z,4.57,N20,l,D,VIIRS_NOAA20_NRT,1
65.7368,107.579,2026-07-30T03:40:00Z,4.81,N20,n,D,VIIRS_NOAA20_NRT,1
65.7332,107.5863,2026-07-30T03:40:00Z,4.81,N20,l,D,VIIRS_NOAA20_NRT,1
65.7266,107.5849,2026-07-30T03:40:00Z,10.36,N20,n,D,VIIRS_NOAA20_NRT,1
65.2964,105.4135,2026-07-30T03:40:00Z,11.73,N20,n,D,VIIRS_NOAA20_NRT,1
65.7234,107.5757,2026-07-30T03:40:00Z,10.36,N20,n,D,VIIRS_NOAA20_NRT,1
65.5759,113.2327,2026-07-30T03:40:00Z,10.07,N20,n,D,VIIRS_NOAA20_NRT,1
65.5703,113.2307,2026-07-30T03:40:00Z,3.15,N20,n,D,VIIRS_NOAA20_NRT,1
65.3698,107.2205,2026-07-30T03:40:00Z,6.24,N20,n,D,VIIRS_NOAA20_NRT,1
64.7302,110.0064,2026-07-30T03:40:00Z,6.96,N20,n,D,VIIRS_NOAA20_NRT,1
65.3003,105.4057,2026-07-30T03:40:00Z,11.73,N20,n,D,VIIRS_NOAA20_NRT,1
64.7322,110.3164,2026-07-30T03:40:00Z,21.36,N20,n,D,VIIRS_NOAA20_NRT,1
64.7153,109.9827,2026-07-30T03:40:00Z,12.87,N20,n,D,VIIRS_NOAA20_NRT,1
64.7301,109.8849,2026-07-30T03:40:00Z,24.6,N20,n,D,VIIRS_NOAA20_NRT,1
64.2911,108.7427,2026-07-30T03:40:00Z,10.8,N20,n,D,VIIRS_NOAA20_NRT,1
64.3103,108.852,2026-07-30T03:40:00Z,7.74,N20,n,D,VIIRS_NOAA20_NRT,1
64.3088,108.6188,2026-07-30T03:40:00Z,10.81,N20,n,D,VIIRS_NOAA20_NRT,1
64.3049,108.6258,2026-07-30T03:40:00Z,10.06,N20,n,D,VIIRS_NOAA20_NRT,1
64.3015,108.6161,2026-07-30T03:40:00Z,10.06,N20,n,D,VIIRS_NOAA20_NRT,1
64.2976,108.6232,2026-07-30T03:40:00Z,10.06,N20,n,D,VIIRS_NOAA20_NRT,1
64.2939,108.7689,2026-07-30T03:40:00Z,6.34,N20,n,D,VIIRS_NOAA20_NRT,1
64.2856,108.6789,2026-07-30T03:40:00Z,10.69,N20,n,D,VIIRS_NOAA20_NRT,1
64.3148,108.851,2026-07-30T03:40:00Z,6.87,N20,n,D,VIIRS_NOAA20_NRT,1
64.2853,108.6719,2026-07-30T03:40:00Z,9.21,N20,n,D,VIIRS_NOAA20_NRT,1
64.2845,108.7058,2026-07-30T03:40:00Z,7.47,N20,n,D,VIIRS_NOAA20_NRT,1
64.2825,108.652,2026-07-30T03:40:00Z,15.36,N20,n,D,VIIRS_NOAA20_NRT,1
64.2815,108.7031,2026-07-30T03:40:00Z,8.44,N20,n,D,VIIRS_NOAA20_NRT,1
64.2813,108.6965,2026-07-30T03:40:00Z,7.47,N20,n,D,VIIRS_NOAA20_NRT,1
64.2808,108.719,2026-07-30T03:40:00Z,15.11,N20,n,D,VIIRS_NOAA20_NRT,1
64.3121,108.6284,2026-07-30T03:40:00Z,7.9,N20,n,D,VIIRS_NOAA20_NRT,1
64.316,108.6215,2026-07-30T03:40:00Z,7.9,N20,n,D,VIIRS_NOAA20_NRT,1
64.2782,108.6937,2026-07-30T03:40:00Z,8.44,N20,n,D,VIIRS_NOAA20_NRT,1
64.3322,108.8433,2026-07-30T03:40:00Z,7.22,N20,n,D,VIIRS_NOAA20_NRT,1
64.3365,108.841,2026-07-30T03:40:00Z,4.7,N20,n,D,VIIRS_NOAA20_NRT,1
64.3361,108.8184,2026-07-30T03:40:00Z,8.3,N20,n,D,VIIRS_NOAA20_NRT,1
64.3358,108.8354,2026-07-30T03:40:00Z,8.3,N20,n,D,VIIRS_NOAA20_NRT,1
64.3335,108.6532,2026-07-30T03:40:00Z,11.58,N20,n,D,VIIRS_NOAA20_NRT,1
64.3334,108.8323,2026-07-30T03:40:00Z,7.85,N20,n,D,VIIRS_NOAA20_NRT,1
64.3329,108.8487,2026-07-30T03:40:00Z,7.41,N20,n,D,VIIRS_NOAA20_NRT,1
64.3301,108.6437,2026-07-30T03:40:00Z,10.15,N20,n,D,VIIRS_NOAA20_NRT,1
64.3173,108.8543,2026-07-30T03:40:00Z,6.13,N20,n,D,VIIRS_NOAA20_NRT,1
64.3284,108.8503,2026-07-30T03:40:00Z,7.22,N20,n,D,VIIRS_NOAA20_NRT,1
64.3268,108.634,2026-07-30T03:40:00Z,10.15,N20,n,D,VIIRS_NOAA20_NRT,1
64.3259,108.8467,2026-07-30T03:40:00Z,10.17,N20,n,D,VIIRS_NOAA20_NRT,1
64.3218,108.8529,2026-07-30T03:40:00Z,6.87,N20,n,D,VIIRS_NOAA20_NRT,1
64.3212,108.8475,2026-07-30T03:40:00Z,6.13,N20,n,D,VIIRS_NOAA20_NRT,1
64.3194,108.6311,2026-07-30T03:40:00Z,7.9,N20,n,D,VIIRS_NOAA20_NRT,1
64.2807,108.7127,2026-07-30T03:40:00Z,7.47,N20,n,D,VIIRS_NOAA20_NRT,1
64.2777,108.71,2026-07-30T03:40:00Z,8.44,N20,n,D,VIIRS_NOAA20_NRT,1
64.7277,110.0022,2026-07-30T03:40:00Z,6.81,N20,n,D,VIIRS_NOAA20_NRT,1
63.4104,105.6716,2026-07-30T03:40:00Z,8.16,N20,n,D,VIIRS_NOAA20_NRT,1
63.4346,105.6949,2026-07-30T03:40:00Z,5.81,N20,n,D,VIIRS_NOAA20_NRT,1
63.4322,105.6892,2026-07-30T03:40:00Z,8.27,N20,n,D,VIIRS_NOAA20_NRT,1
63.414,105.8716,2026-07-30T03:40:00Z,68.23,N20,h,D,VIIRS_NOAA20_NRT,1
63.4117,105.8657,2026-07-30T03:40:00Z,68.23,N20,h,D,VIIRS_NOAA20_NRT,1
63.4114,105.6256,2026-07-30T03:40:00Z,4.12,N20,n,D,VIIRS_NOAA20_NRT,1
63.4108,105.6795,2026-07-30T03:40:00Z,3.39,N20,l,D,VIIRS_NOAA20_NRT,1
63.4094,105.86,2026-07-30T03:40:00Z,66.34,N20,l,D,VIIRS_NOAA20_NRT,1
63.4372,105.6907,2026-07-30T03:40:00Z,1.78,N20,n,D,VIIRS_NOAA20_NRT,1
63.4085,105.6736,2026-07-30T03:40:00Z,3.48,N20,n,D,VIIRS_NOAA20_NRT,1
63.4076,105.8738,2026-07-30T03:40:00Z,68.23,N20,n,D,VIIRS_NOAA20_NRT,1
63.4071,105.8542,2026-07-30T03:40:00Z,66.34,N20,n,D,VIIRS_NOAA20_NRT,1
63.4048,105.8482,2026-07-30T03:40:00Z,3.48,N20,n,D,VIIRS_NOAA20_NRT,1
63.4024,105.8423,2026-07-30T03:40:00Z,3.48,N20,l,D,VIIRS_NOAA20_NRT,1
65.9757,117.7532,2026-07-30T03:40:00Z,8.71,N20,n,D,VIIRS_NOAA20_NRT,1
63.4349,105.6849,2026-07-30T03:40:00Z,1.78,N20,n,D,VIIRS_NOAA20_NRT,1
63.4385,105.7125,2026-07-30T03:40:00Z,2.83,N20,n,D,VIIRS_NOAA20_NRT,1
64.2775,108.7036,2026-07-30T03:40:00Z,7.47,N20,n,D,VIIRS_NOAA20_NRT,1
63.4862,105.8335,2026-07-30T03:40:00Z,3.27,N20,n,D,VIIRS_NOAA20_NRT,1
64.2767,108.7195,2026-07-30T03:40:00Z,8.17,N20,n,D,VIIRS_NOAA20_NRT,1
64.2737,108.7168,2026-07-30T03:40:00Z,12.65,N20,n,D,VIIRS_NOAA20_NRT,1
64.2696,108.7172,2026-07-30T03:40:00Z,8.17,N20,n,D,VIIRS_NOAA20_NRT,1
63.4902,105.6874,2026-07-30T03:40:00Z,3.58,N20,n,D,VIIRS_NOAA20_NRT,1
63.4872,105.6615,2026-07-30T03:40:00Z,6.31,N20,n,D,VIIRS_NOAA20_NRT,1
63.4863,105.8243,2026-07-30T03:40:00Z,8.12,N20,n,D,VIIRS_NOAA20_NRT,1
63.4838,105.8273,2026-07-30T03:40:00Z,5.1,N20,n,D,VIIRS_NOAA20_NRT,1
63.4387,105.7054,2026-07-30T03:40:00Z,7.87,N20,n,D,VIIRS_NOAA20_NRT,1
63.4462,105.6949,2026-07-30T03:40:00Z,2.71,N20,n,D,VIIRS_NOAA20_NRT,1
63.4453,105.7111,2026-07-30T03:40:00Z,6.21,N20,n,D,VIIRS_NOAA20_NRT,1
63.4433,105.7061,2026-07-30T03:40:00Z,6.21,N20,h,D,VIIRS_NOAA20_NRT,1
63.4429,105.7157,2026-07-30T03:40:00Z,5.15,N20,n,D,VIIRS_NOAA20_NRT,1
63.4413,105.7011,2026-07-30T03:40:00Z,2.71,N20,n,D,VIIRS_NOAA20_NRT,1
63.4408,105.7105,2026-07-30T03:40:00Z,7.87,N20,n,D,VIIRS_NOAA20_NRT,1
64.3368,108.6626,2026-07-30T03:40:00Z,11.58,N20,n,D,VIIRS_NOAA20_NRT,1
64.3368,108.8243,2026-07-30T03:40:00Z,7.85,N20,n,D,VIIRS_NOAA20_NRT,1
64.3371,108.8072,2026-07-30T03:40:00Z,7.44,N20,n,D,VIIRS_NOAA20_NRT,1
64.7112,109.9847,2026-07-30T03:40:00Z,38.98,N20,n,D,VIIRS_NOAA20_NRT,1
64.7158,109.8954,2026-07-30T03:40:00Z,34.72,N20,n,D,VIIRS_NOAA20_NRT,1
64.715,109.911,2026-07-30T03:40:00Z,34.72,N20,n,D,VIIRS_NOAA20_NRT,1
64.7145,109.9981,2026-07-30T03:40:00Z,38.86,N20,n,D,VIIRS_NOAA20_NRT,1
64.7141,109.9934,2026-07-30T03:40:00Z,22.43,N20,n,D,VIIRS_NOAA20_NRT,1
64.714,110.0648,2026-07-30T03:40:00Z,4.99,N20,n,D,VIIRS_NOAA20_NRT,1
64.7116,109.9896,2026-07-30T03:40:00Z,38.86,N20,n,D,VIIRS_NOAA20_NRT,1
64.7104,110.0717,2026-07-30T03:40:00Z,11.28,N20,n,D,VIIRS_NOAA20_NRT,1
64.718,109.92,2026-07-30T03:40:00Z,32.75,N20,n,D,VIIRS_NOAA20_NRT,1
64.7089,110.2455,2026-07-30T03:40:00Z,25.34,N20,n,D,VIIRS_NOAA20_NRT,1
64.7087,109.9807,2026-07-30T03:40:00Z,21.56,N20,n,D,VIIRS_NOAA20_NRT,1
64.7083,109.9756,2026-07-30T03:40:00Z,38.98,N20,n,D,VIIRS_NOAA20_NRT,1
64.7076,109.9915,2026-07-30T03:40:00Z,23.84,N20,n,D,VIIRS_NOAA20_NRT,1
64.7056,109.9717,2026-07-30T03:40:00Z,21.56,N20,n,D,VIIRS_NOAA20_NRT,1
64.7052,110.2521,2026-07-30T03:40:00Z,25.34,N20,n,D,VIIRS_NOAA20_NRT,1
64.7177,109.9866,2026-07-30T03:40:00Z,22.43,N20,n,D,VIIRS_NOAA20_NRT,1
64.7181,109.9914,2026-07-30T03:40:00Z,12.87,N20,h,D,VIIRS_NOAA20_NRT,1
64.3398,108.6892,2026-07-30T03:40:00Z,7.64,N20,n,D,VIIRS_NOAA20_NRT,1
64.7214,109.9797,2026-07-30T03:40:00Z,8.82,N20,n,D,VIIRS_NOAA20_NRT,1
64.727,109.8757,2026-07-30T03:40:00Z,24.6,N20,n,D,VIIRS_NOAA20_NRT,1
64.7263,109.8913,2026-07-30T03:40:00Z,155.81,N20,l,D,VIIRS_NOAA20_NRT,1
64.7255,109.9068,2026-07-30T03:40:00Z,457.08,N20,l,D,VIIRS_NOAA20_NRT,1
64.7228,110.0915,2026-07-30T03:40:00Z,7.19,N20,n,D,VIIRS_NOAA20_NRT,1
64.722,110.2497,2026-07-30T03:40:00Z,46.05,N20,n,D,VIIRS_NOAA20_NRT,1
64.7218,109.9134,2026-07-30T03:40:00Z,32.75,N20,n,D,VIIRS_NOAA20_NRT,1
64.7206,109.9952,2026-07-30T03:40:00Z,22.43,N20,n,D,VIIRS_NOAA20_NRT,1
64.7183,110.2563,2026-07-30T03:40:00Z,46.05,N20,l,D,VIIRS_NOAA20_NRT,1
64.7199,110.0827,2026-07-30T03:40:00Z,14.85,N20,n,D,VIIRS_NOAA20_NRT,1
64.7195,109.8887,2026-07-30T03:40:00Z,155.81,N20,n,D,VIIRS_NOAA20_NRT,1
64.7192,110.0984,2026-07-30T03:40:00Z,6.18,N20,n,D,VIIRS_NOAA20_NRT,1
64.7188,109.9757,2026-07-30T03:40:00Z,12.87,N20,n,D,VIIRS_NOAA20_NRT,1
64.7188,109.9043,2026-07-30T03:40:00Z,34.72,N20,h,D,VIIRS_NOAA20_NRT,1
64.7184,109.9707,2026-07-30T03:40:00Z,6.97,N20,l,D,VIIRS_NOAA20_NRT,1
64.705,109.9876,2026-07-30T03:40:00Z,21.56,N20,n,D,VIIRS_NOAA20_NRT,1
64.7046,109.9826,2026-07-30T03:40:00Z,23.84,N20,n,D,VIIRS_NOAA20_NRT,1
64.703,109.9417,2026-07-30T03:40:00Z,10.63,N20,n,D,VIIRS_NOAA20_NRT,1
64.5404,98.1093,2026-07-30T03:40:00Z,6.21,N20,n,D,VIIRS_NOAA20_NRT,1
64.6916,109.9788,2026-07-30T03:40:00Z,3.55,N20,n,D,VIIRS_NOAA20_NRT,1
64.6905,110.2076,2026-07-30T03:40:00Z,12.89,N20,n,D,VIIRS_NOAA20_NRT,1
64.6898,110.223,2026-07-30T03:40:00Z,7.02,N20,n,D,VIIRS_NOAA20_NRT,1
64.6875,110.1984,2026-07-30T03:40:00Z,8.96,N20,n,D,VIIRS_NOAA20_NRT,1
64.6867,110.2139,2026-07-30T03:40:00Z,7.02,N20,n,D,VIIRS_NOAA20_NRT,1
64.6839,110.2052,2026-07-30T03:40:00Z,4.83,N20,n,D,VIIRS_NOAA20_NRT,1
64.3564,108.7547,2026-07-30T03:40:00Z,4.14,N20,n,D,VIIRS_NOAA20_NRT,1
64.7024,109.9578,2026-07-30T03:40:00Z,15.45,N20,n,D,VIIRS_NOAA20_NRT,1
64.3559,108.7712,2026-07-30T03:40:00Z,5.94,N20,n,D,VIIRS_NOAA20_NRT,1
64.3555,108.7878,2026-07-30T03:40:00Z,5.94,N20,n,D,VIIRS_NOAA20_NRT,1
64.3531,108.7451,2026-07-30T03:40:00Z,4.14,N20,n,D,VIIRS_NOAA20_NRT,1
64.3522,108.7784,2026-07-30T03:40:00Z,5.94,N20,n,D,VIIRS_NOAA20_NRT,1
64.3497,108.7355,2026-07-30T03:40:00Z,7.46,N20,n,D,VIIRS_NOAA20_NRT,1
64.3413,108.7833,2026-07-30T03:40:00Z,5.21,N20,n,D,VIIRS_NOAA20_NRT,1
64.6919,110.1762,2026-07-30T03:40:00Z,12.46,N20,l,D,VIIRS_NOAA20_NRT,1
64.6928,110.2322,2026-07-30T03:40:00Z,231.22,N20,l,D,VIIRS_NOAA20_NRT,1
64.6945,109.9876,2026-07-30T03:40:00Z,3.55,N20,n,D,VIIRS_NOAA20_NRT,1
64.6953,109.9721,2026-07-30T03:40:00Z,102.45,N20,l,D,VIIRS_NOAA20_NRT,1
64.6962,109.9612,2026-07-30T03:40:00Z,13.24,N20,n,D,VIIRS_NOAA20_NRT,1
64.6967,109.9449,2026-07-30T03:40:00Z,11.16,N20,n,D,VIIRS_NOAA20_NRT,1
64.6982,109.9808,2026-07-30T03:40:00Z,102.45,N20,l,D,VIIRS_NOAA20_NRT,1
64.6989,109.965,2026-07-30T03:40:00Z,102.45,N20,n,D,VIIRS_NOAA20_NRT,1
64.6992,109.9701,2026-07-30T03:40:00Z,13.24,N20,n,D,VIIRS_NOAA20_NRT,1
64.6994,109.9487,2026-07-30T03:40:00Z,10.63,N20,n,D,VIIRS_NOAA20_NRT,1
64.6995,110.2347,2026-07-30T03:40:00Z,14.36,N20,n,D,VIIRS_NOAA20_NRT,1
64.6997,109.954,2026-07-30T03:40:00Z,13.24,N20,n,D,VIIRS_NOAA20_NRT,1
64.6999,110.0756,2026-07-30T03:40:00Z,16.7,N20,n,D,VIIRS_NOAA20_NRT,1
64.7006,110.0597,2026-07-30T03:40:00Z,3.61,N20,n,D,VIIRS_NOAA20_NRT,1
64.7017,109.9737,2026-07-30T03:40:00Z,102.45,N20,n,D,VIIRS_NOAA20_NRT,1
64.7021,109.9787,2026-07-30T03:40:00Z,21.56,N20,n,D,VIIRS_NOAA20_NRT,1
64.7024,110.2434,2026-07-30T03:40:00Z,25.34,N20,n,D,VIIRS_NOAA20_NRT,1
64.3408,108.7998,2026-07-30T03:40:00Z,7.44,N20,n,D,VIIRS_NOAA20_NRT,1
65.9758,117.6638,2026-07-30T03:40:00Z,27.82,N20,n,D,VIIRS_NOAA20_NRT,1
65.976,117.5742,2026-07-30T03:40:00Z,11.42,N20,n,D,VIIRS_NOAA20_NRT,1
66.1787,94.3162,2026-07-30T03:40:00Z,6.58,N20,n,D,VIIRS_NOAA20_NRT,1
66.3612,100.5005,2026-07-30T03:40:00Z,5.07,N20,n,D,VIIRS_NOAA20_NRT,1
66.1878,94.2586,2026-07-30T03:40:00Z,3.09,N20,n,D,VIIRS_NOAA20_NRT,1
66.1874,94.2763,2026-07-30T03:40:00Z,3.09,N20,n,D,VIIRS_NOAA20_NRT,1
66.1866,94.2575,2026-07-30T03:40:00Z,5.65,N20,n,D,VIIRS_NOAA20_NRT,1
66.1862,94.2751,2026-07-30T03:40:00Z,5.65,N20,n,D,VIIRS_NOAA20_NRT,1
66.1844,94.2706,2026-07-30T03:40:00Z,3.09,N20,n,D,VIIRS_NOAA20_NRT,1
66.1839,94.2882,2026-07-30T03:40:00Z,4.96,N20,n,D,VIIRS_NOAA20_NRT,1
66.1828,94.287,2026-07-30T03:40:00Z,6.84,N20,n,D,VIIRS_NOAA20_NRT,1
66.181,94.2826,2026-07-30T03:40:00Z,4.96,N20,n,D,VIIRS_NOAA20_NRT,1
66.1804,94.3001,2026-07-30T03:40:00Z,4.96,N20,n,D,VIIRS_NOAA20_NRT,1
66.1799,94.3176,2026-07-30T03:40:00Z,5.96,N20,n,D,VIIRS_NOAA20_NRT,1
66.1792,94.2988,2026-07-30T03:40:00Z,6.84,N20,n,D,VIIRS_NOAA20_NRT,1
66.1763,94.3292,2026-07-30T03:40:00Z,5.96,N20,n,D,VIIRS_NOAA20_NRT,1
66.4508,117.8637,2026-07-30T03:40:00Z,6.81,N20,n,D,VIIRS_NOAA20_NRT,1
66.175,94.3277,2026-07-30T03:40:00Z,6.58,N20,n,D,VIIRS_NOAA20_NRT,1
66.1726,118.8583,2026-07-30T03:40:00Z,7.47,N20,n,D,VIIRS_NOAA20_NRT,1
66.1725,94.3404,2026-07-30T03:40:00Z,5.73,N20,n,D,VIIRS_NOAA20_NRT,1
66.1694,94.3345,2026-07-30T03:40:00Z,7.14,N20,n,D,VIIRS_NOAA20_NRT,1
66.1673,94.2195,2026-07-30T03:40:00Z,3.21,N20,n,D,VIIRS_NOAA20_NRT,1
66.166,94.2187,2026-07-30T03:40:00Z,3.57,N20,n,D,VIIRS_NOAA20_NRT,1
66.1653,117.5097,2026-07-30T03:40:00Z,6.19,N20,n,D,VIIRS_NOAA20_NRT,1
66.163,117.5002,2026-07-30T03:40:00Z,3.94,N20,n,D,VIIRS_NOAA20_NRT,1
66.152,117.4909,2026-07-30T03:40:00Z,2.78,N20,n,D,VIIRS_NOAA20_NRT,1
66.1487,118.9239,2026-07-30T03:40:00Z,10.72,N20,n,D,VIIRS_NOAA20_NRT,1
66.1479,94.2936,2026-07-30T03:40:00Z,3.19,N20,n,D,VIIRS_NOAA20_NRT,1
66.1456,118.9284,2026-07-30T03:40:00Z,10.72,N20,n,D,VIIRS_NOAA20_NRT,1
66.3659,100.4934,2026-07-30T03:40:00Z,3.11,N20,n,D,VIIRS_NOAA20_NRT,1
66.3741,100.6062,2026-07-30T03:40:00Z,5.26,N20,l,D,VIIRS_NOAA20_NRT,1
66.375,100.6265,2026-07-30T03:40:00Z,4.8,N20,l,D,VIIRS_NOAA20_NRT,1
66.3753,100.6232,2026-07-30T03:40:00Z,7.4,N20,l,D,VIIRS_NOAA20_NRT,1
66.4477,117.8683,2026-07-30T03:40:00Z,6.81,N20,n,D,VIIRS_NOAA20_NRT,1
66.4455,117.8591,2026-07-30T03:40:00Z,6.81,N20,n,D,VIIRS_NOAA20_NRT,1
66.4445,117.873,2026-07-30T03:40:00Z,15.31,N20,n,D,VIIRS_NOAA20_NRT,1
66.4423,117.8638,2026-07-30T03:40:00Z,15.31,N20,n,D,VIIRS_NOAA20_NRT,1
66.4418,117.7895,2026-07-30T03:40:00Z,2.74,N20,l,D,VIIRS_NOAA20_NRT,1
66.4413,117.8777,2026-07-30T03:40:00Z,15.31,N20,n,D,VIIRS_NOAA20_NRT,1
66.4391,117.8684,2026-07-30T03:40:00Z,15.31,N20,n,D,VIIRS_NOAA20_NRT,1
66.4382,117.8823,2026-07-30T03:40:00Z,17.89,N20,n,D,VIIRS_NOAA20_NRT,1
66.437,117.8592,2026-07-30T03:40:00Z,8.04,N20,n,D,VIIRS_NOAA20_NRT,1
66.4365,117.7851,2026-07-30T03:40:00Z,4.69,N20,n,D,VIIRS_NOAA20_NRT,1
66.436,117.8731,2026-07-30T03:40:00Z,17.89,N20,n,D,VIIRS_NOAA20_NRT,1
66.435,117.887,2026-07-30T03:40:00Z,17.89,N20,n,D,VIIRS_NOAA20_NRT,1
66.4348,117.85,2026-07-30T03:40:00Z,8.04,N20,n,D,VIIRS_NOAA20_NRT,1
66.4338,117.8639,2026-07-30T03:40:00Z,8.12,N20,n,D,VIIRS_NOAA20_NRT,1
66.4328,117.8778,2026-07-30T03:40:00Z,17.89,N20,n,D,VIIRS_NOAA20_NRT,1
66.4316,117.8547,2026-07-30T03:40:00Z,8.12,N20,n,D,VIIRS_NOAA20_NRT,1
66.4313,117.8174,2026-07-30T03:40:00Z,2.32,N20,l,D,VIIRS_NOAA20_NRT,1
66.4306,117.8686,2026-07-30T03:40:00Z,8.12,N20,n,D,VIIRS_NOAA20_NRT,1
66.4296,117.8824,2026-07-30T03:40:00Z,61.4,N20,n,D,VIIRS_NOAA20_NRT,1
66.4281,117.8221,2026-07-30T03:40:00Z,2.32,N20,n,D,VIIRS_NOAA20_NRT,1
66.4274,117.8732,2026-07-30T03:40:00Z,13.81,N20,n,D,VIIRS_NOAA20_NRT,1
66.4248,117.7899,2026-07-30T03:40:00Z,3.74,N20,n,D,VIIRS_NOAA20_NRT,1
66.4189,117.711,2026-07-30T03:40:00Z,9.1,N20,n,D,VIIRS_NOAA20_NRT,1
66.3769,100.6091,2026-07-30T03:40:00Z,8.44,N20,l,D,VIIRS_NOAA20_NRT,1
66.3767,100.6124,2026-07-30T03:40:00Z,4.8,N20,l,D,VIIRS_NOAA20_NRT,1
66.1424,118.9328,2026-07-30T03:40:00Z,6.14,N20,n,D,VIIRS_NOAA20_NRT,1
66.1368,118.9998,2026-07-30T03:40:00Z,5.82,N20,n,D,VIIRS_NOAA20_NRT,1
66.132,117.4439,2026-07-30T03:40:00Z,4.07,N20,l,D,VIIRS_NOAA20_NRT,1
66.0436,117.8612,2026-07-30T03:40:00Z,26.26,N20,n,D,VIIRS_NOAA20_NRT,1
66.0414,117.8519,2026-07-30T03:40:00Z,26.26,N20,l,D,VIIRS_NOAA20_NRT,1
66.0404,117.8608,2026-07-30T03:40:00Z,37.45,N20,n,D,VIIRS_NOAA20_NRT,1
66.0404,117.8658,2026-07-30T03:40:00Z,26.26,N20,n,D,VIIRS_NOAA20_NRT,1
66.0391,117.8426,2026-07-30T03:40:00Z,23.09,N20,n,D,VIIRS_NOAA20_NRT,1
66.0382,117.8514,2026-07-30T03:40:00Z,28.03,N20,n,D,VIIRS_NOAA20_NRT,1
66.0382,117.8565,2026-07-30T03:40:00Z,26.26,N20,l,D,VIIRS_NOAA20_NRT,1
66.036,117.8421,2026-07-30T03:40:00Z,28.03,N20,n,D,VIIRS_NOAA20_NRT,1
66.0359,117.8473,2026-07-30T03:40:00Z,23.09,N20,n,D,VIIRS_NOAA20_NRT,1
66.035,117.8561,2026-07-30T03:40:00Z,28.03,N20,n,D,VIIRS_NOAA20_NRT,1
66.0337,117.838,2026-07-30T03:40:00Z,23.09,N20,n,D,VIIRS_NOAA20_NRT,1
66.0328,117.8468,2026-07-30T03:40:00Z,28.03,N20,n,D,VIIRS_NOAA20_NRT,1
66.0306,117.8375,2026-07-30T03:40:00Z,26.37,N20,n,D,VIIRS_NOAA20_NRT,1
66.0283,117.8282,2026-07-30T03:40:00Z,26.37,N20,l,D,VIIRS_NOAA20_NRT,1
66.0269,117.8101,2026-07-30T03:40:00Z,7.86,N20,n,D,VIIRS_NOAA20_NRT,1
66.0261,117.8188,2026-07-30T03:40:00Z,29.3,N20,l,D,VIIRS_NOAA20_NRT,1
66.0251,117.8329,2026-07-30T03:40:00Z,51.71,N20,n,D,VIIRS_NOAA20_NRT,1
66.0239,117.8095,2026-07-30T03:40:00Z,29.3,N20,n,D,VIIRS_NOAA20_NRT,1
66.0229,117.8236,2026-07-30T03:40:00Z,108.82,N20,h,D,VIIRS_NOAA20_NRT,1
66.0216,117.8001,2026-07-30T03:40:00Z,7.94,N20,n,D,VIIRS_NOAA20_NRT,1
66.0207,117.8142,2026-07-30T03:40:00Z,108.82,N20,h,D,VIIRS_NOAA20_NRT,1
66.0197,117.8282,2026-07-30T03:40:00Z,108.82,N20,n,D,VIIRS_NOAA20_NRT,1
66.0184,117.8048,2026-07-30T03:40:00Z,10.69,N20,n,D,VIIRS_NOAA20_NRT,1
66.0175,117.8189,2026-07-30T03:40:00Z,108.82,N20,n,D,VIIRS_NOAA20_NRT,1
66.0162,117.7954,2026-07-30T03:40:00Z,10.69,N20,n,D,VIIRS_NOAA20_NRT,1
66.0152,117.8095,2026-07-30T03:40:00Z,10.69,N20,n,D,VIIRS_NOAA20_NRT,1
66.0427,117.8701,2026-07-30T03:40:00Z,37.45,N20,n,D,VIIRS_NOAA20_NRT,1
66.0436,117.8561,2026-07-30T03:40:00Z,25.0,N20,n,D,VIIRS_NOAA20_NRT,1
65.9763,117.5664,2026-07-30T03:40:00Z,25.56,N20,n,D,VIIRS_NOAA20_NRT,1
66.0458,117.8655,2026-07-30T03:40:00Z,25.0,N20,n,D,VIIRS_NOAA20_NRT,1
66.1276,118.9414,2026-07-30T03:40:00Z,1.57,N20,n,D,VIIRS_NOAA20_NRT,1
66.1251,117.4156,2026-07-30T03:40:00Z,22.29,N20,n,D,VIIRS_NOAA20_NRT,1
66.1228,117.4063,2026-07-30T03:40:00Z,11.42,N20,n,D,VIIRS_NOAA20_NRT,1
66.1196,117.411,2026-07-30T03:40:00Z,13.91,N20,n,D,VIIRS_NOAA20_NRT,1
66.1142,117.4067,2026-07-30T03:40:00Z,13.91,N20,n,D,VIIRS_NOAA20_NRT,1
66.1132,117.4206,2026-07-30T03:40:00Z,16.84,N20,n,D,VIIRS_NOAA20_NRT,1
66.111,117.4114,2026-07-30T03:40:00Z,16.84,N20,n,D,VIIRS_NOAA20_NRT,1
66.1087,117.402,2026-07-30T03:40:00Z,8.53,N20,n,D,VIIRS_NOAA20_NRT,1
66.1077,117.416,2026-07-30T03:40:00Z,16.84,N20,n,D,VIIRS_NOAA20_NRT,1
66.1044,117.4205,2026-07-30T03:40:00Z,14.95,N20,n,D,VIIRS_NOAA20_NRT,1
66.0753,117.7773,2026-07-30T03:40:00Z,10.02,N20,n,D,VIIRS_NOAA20_NRT,1
66.0641,117.8563,2026-07-30T03:40:00Z,4.8,N20,n,D,VIIRS_NOAA20_NRT,1
66.0618,117.8471,2026-07-30T03:40:00Z,4.8,N20,n,D,VIIRS_NOAA20_NRT,1
66.0609,117.861,2026-07-30T03:40:00Z,12.23,N20,n,D,VIIRS_NOAA20_NRT,1
66.0599,117.8749,2026-07-30T03:40:00Z,11.88,N20,n,D,VIIRS_NOAA20_NRT,1
66.0582,118.9672,2026-07-30T03:40:00Z,4.24,N20,l,D,VIIRS_NOAA20_NRT,1
66.0567,118.9666,2026-07-30T03:40:00Z,5.98,N20,n,D,VIIRS_NOAA20_NRT,1
66.0556,118.98,2026-07-30T03:40:00Z,2.53,N20,n,D,VIIRS_NOAA20_NRT,1
66.055,118.9715,2026-07-30T03:40:00Z,4.24,N20,n,D,VIIRS_NOAA20_NRT,1
66.0535,118.971,2026-07-30T03:40:00Z,2.33,N20,n,D,VIIRS_NOAA20_NRT,1
66.0513,117.8751,2026-07-30T03:40:00Z,15.67,N20,n,D,VIIRS_NOAA20_NRT,1
66.0513,117.8701,2026-07-30T03:40:00Z,24.09,N20,n,D,VIIRS_NOAA20_NRT,1
66.0491,117.8658,2026-07-30T03:40:00Z,15.67,N20,n,D,VIIRS_NOAA20_NRT,1
66.0481,117.8748,2026-07-30T03:40:00Z,24.09,N20,n,D,VIIRS_NOAA20_NRT,1
66.0459,117.8705,2026-07-30T03:40:00Z,80.51,N20,n,D,VIIRS_NOAA20_NRT,1
66.4486,117.8544,2026-07-30T03:40:00Z,6.81,N20,n,D,VIIRS_NOAA20_NRT,1
66.4516,117.8126,2026-07-30T03:40:00Z,6.8,N20,n,D,VIIRS_NOAA20_NRT,1
66.013,117.8,2026-07-30T03:40:00Z,10.69,N20,n,D,VIIRS_NOAA20_NRT,1
66.5572,117.8605,2026-07-30T03:40:00Z,7.44,N20,n,D,VIIRS_NOAA20_NRT,1
67.8235,98.6376,2026-07-30T03:40:00Z,3.64,N20,n,D,VIIRS_NOAA20_NRT,1
67.8212,98.6322,2026-07-30T03:40:00Z,4.24,N20,l,D,VIIRS_NOAA20_NRT,1
67.8168,98.5328,2026-07-30T03:40:00Z,2.73,N20,n,D,VIIRS_NOAA20_NRT,1
67.214,95.469,2026-07-30T03:40:00Z,6.73,N20,n,D,VIIRS_NOAA20_NRT,1
66.571,117.8649,2026-07-30T03:40:00Z,2.35,N20,n,D,VIIRS_NOAA20_NRT,1
66.57,117.8788,2026-07-30T03:40:00Z,7.55,N20,n,D,VIIRS_NOAA20_NRT,1
66.5688,117.8557,2026-07-30T03:40:00Z,3.4,N20,n,D,VIIRS_NOAA20_NRT,1
66.5679,117.8696,2026-07-30T03:40:00Z,7.55,N20,n,D,VIIRS_NOAA20_NRT,1
66.5659,117.8972,2026-07-30T03:40:00Z,4.01,N20,n,D,VIIRS_NOAA20_NRT,1
66.5657,117.8604,2026-07-30T03:40:00Z,13.81,N20,n,D,VIIRS_NOAA20_NRT,1
66.5647,117.8743,2026-07-30T03:40:00Z,7.55,N20,n,D,VIIRS_NOAA20_NRT,1
66.5627,117.9018,2026-07-30T03:40:00Z,4.01,N20,n,D,VIIRS_NOAA20_NRT,1
66.557,117.8235,2026-07-30T03:40:00Z,4.0,N20,n,D,VIIRS_NOAA20_NRT,1
66.454,117.859,2026-07-30T03:40:00Z,7.56,N20,n,D,VIIRS_NOAA20_NRT,1
66.5552,117.8882,2026-07-30T03:40:00Z,9.82,N20,n,D,VIIRS_NOAA20_NRT,1
66.5548,117.8143,2026-07-30T03:40:00Z,4.0,N20,l,D,VIIRS_NOAA20_NRT,1
66.5529,117.8421,2026-07-30T03:40:00Z,8.2,N20,n,D,VIIRS_NOAA20_NRT,1
66.5517,117.819,2026-07-30T03:40:00Z,4.0,N20,n,D,VIIRS_NOAA20_NRT,1
66.5499,117.8837,2026-07-30T03:40:00Z,8.64,N20,n,D,VIIRS_NOAA20_NRT,1
66.5485,117.8237,2026-07-30T03:40:00Z,5.81,N20,l,D,VIIRS_NOAA20_NRT,1
66.5463,117.8144,2026-07-30T03:40:00Z,6.19,N20,l,D,VIIRS_NOAA20_NRT,1
66.5432,117.8192,2026-07-30T03:40:00Z,6.19,N20,n,D,VIIRS_NOAA20_NRT,1
66.5401,117.8807,2026-07-30T03:40:00Z,11.93,N20,n,D,VIIRS_NOAA20_NRT,1
66.5392,117.8747,2026-07-30T03:40:00Z,10.2,N20,n,D,VIIRS_NOAA20_NRT,1
66.5369,117.8854,2026-07-30T03:40:00Z,11.93,N20,n,D,VIIRS_NOAA20_NRT,1
66.5348,117.8762,2026-07-30T03:40:00Z,11.93,N20,n,D,VIIRS_NOAA20_NRT,1
67.8243,98.6038,2026-07-30T03:40:00Z,5.9,N20,n,D,VIIRS_NOAA20_NRT,1
67.8248,98.6227,2026-07-30T03:40:00Z,9.61,N20,n,D,VIIRS_NOAA20_NRT,1
67.8269,98.6278,2026-07-30T03:40:00Z,3.83,N20,n,D,VIIRS_NOAA20_NRT,1
67.8542,101.692,2026-07-30T03:40:00Z,4.38,N20,n,D,VIIRS_NOAA20_NRT,1
69.4584,109.7979,2026-07-30T03:40:00Z,13.33,N20,n,D,VIIRS_NOAA20_NRT,1
68.9789,108.5005,2026-07-30T03:40:00Z,7.52,N20,n,D,VIIRS_NOAA20_NRT,1
68.9788,108.4824,2026-07-30T03:40:00Z,7.52,N20,n,D,VIIRS_NOAA20_NRT,1
68.9757,108.4894,2026-07-30T03:40:00Z,7.52,N20,n,D,VIIRS_NOAA20_NRT,1
68.0094,114.549,2026-07-30T03:40:00Z,10.16,N20,n,D,VIIRS_NOAA20_NRT,1
68.0091,114.5428,2026-07-30T03:40:00Z,9.15,N20,n,D,VIIRS_NOAA20_NRT,1
68.0069,114.5393,2026-07-30T03:40:00Z,10.16,N20,n,D,VIIRS_NOAA20_NRT,1
68.0063,114.5546,2026-07-30T03:40:00Z,17.1,N20,n,D,VIIRS_NOAA20_NRT,1
68.006,114.5483,2026-07-30T03:40:00Z,9.15,N20,n,D,VIIRS_NOAA20_NRT,1
68.0054,114.5636,2026-07-30T03:40:00Z,54.93,N20,n,D,VIIRS_NOAA20_NRT,1
68.0038,114.5448,2026-07-30T03:40:00Z,17.1,N20,n,D,VIIRS_NOAA20_NRT,1
68.0036,114.5385,2026-07-30T03:40:00Z,31.51,N20,n,D,VIIRS_NOAA20_NRT,1
68.0032,114.5601,2026-07-30T03:40:00Z,17.1,N20,n,D,VIIRS_NOAA20_NRT,1
68.003,114.5539,2026-07-30T03:40:00Z,54.93,N20,n,D,VIIRS_NOAA20_NRT,1
68.0023,114.5692,2026-07-30T03:40:00Z,54.93,N20,n,D,VIIRS_NOAA20_NRT,1
68.0014,114.535,2026-07-30T03:40:00Z,9.25,N20,n,D,VIIRS_NOAA20_NRT,1
68.0008,114.5504,2026-07-30T03:40:00Z,17.1,N20,n,D,VIIRS_NOAA20_NRT,1
68.0005,114.5441,2026-07-30T03:40:00Z,17.35,N20,n,D,VIIRS_NOAA20_NRT,1
67.9992,114.5749,2026-07-30T03:40:00Z,37.21,N20,n,D,VIIRS_NOAA20_NRT,1
67.9975,114.5496,2026-07-30T03:40:00Z,17.35,N20,n,D,VIIRS_NOAA20_NRT,1
67.9968,114.5651,2026-07-30T03:40:00Z,37.21,N20,n,D,VIIRS_NOAA20_NRT,1
67.9649,98.4667,2026-07-30T03:40:00Z,9.24,N20,n,D,VIIRS_NOAA20_NRT,1
67.9611,98.4757,2026-07-30T03:40:00Z,5.72,N20,n,D,VIIRS_NOAA20_NRT,1
67.9564,98.4646,2026-07-30T03:40:00Z,5.72,N20,n,D,VIIRS_NOAA20_NRT,1
67.8563,101.8215,2026-07-30T03:40:00Z,4.89,N20,n,D,VIIRS_NOAA20_NRT,1
66.5326,117.867,2026-07-30T03:40:00Z,11.18,N20,n,D,VIIRS_NOAA20_NRT,1
66.5316,117.8809,2026-07-30T03:40:00Z,12.07,N20,n,D,VIIRS_NOAA20_NRT,1
66.5305,117.8578,2026-07-30T03:40:00Z,11.18,N20,n,D,VIIRS_NOAA20_NRT,1
66.4818,117.5976,2026-07-30T03:40:00Z,11.38,N20,l,D,VIIRS_NOAA20_NRT,1
66.4796,117.5883,2026-07-30T03:40:00Z,10.63,N20,n,D,VIIRS_NOAA20_NRT,1
66.4789,117.5841,2026-07-30T03:40:00Z,5.93,N20,n,D,VIIRS_NOAA20_NRT,1
66.4784,95.0977,2026-07-30T03:40:00Z,9.77,N20,n,D,VIIRS_NOAA20_NRT,1
66.478,117.5981,2026-07-30T03:40:00Z,5.93,N20,n,D,VIIRS_NOAA20_NRT,1
66.4775,95.1143,2026-07-30T03:40:00Z,4.28,N20,n,D,VIIRS_NOAA20_NRT,1
66.4764,117.593,2026-07-30T03:40:00Z,15.74,N20,n,D,VIIRS_NOAA20_NRT,1
66.4758,117.5888,2026-07-30T03:40:00Z,5.93,N20,h,D,VIIRS_NOAA20_NRT,1
66.4745,95.1085,2026-07-30T03:40:00Z,4.28,N20,n,D,VIIRS_NOAA20_NRT,1
66.4742,117.5837,2026-07-30T03:40:00Z,15.74,N20,n,D,VIIRS_NOAA20_NRT,1
66.4726,117.5936,2026-07-30T03:40:00Z,11.24,N20,n,D,VIIRS_NOAA20_NRT,1
66.471,117.5885,2026-07-30T03:40:00Z,15.74,N20,n,D,VIIRS_NOAA20_NRT,1
66.4704,117.5843,2026-07-30T03:40:00Z,10.21,N20,n,D,VIIRS_NOAA20_NRT,1
66.4694,117.5983,2026-07-30T03:40:00Z,11.24,N20,n,D,VIIRS_NOAA20_NRT,1
66.4672,117.589,2026-07-30T03:40:00Z,10.21,N20,l,D,VIIRS_NOAA20_NRT,1
66.4657,117.8541,2026-07-30T03:40:00Z,7.8,N20,n,D,VIIRS_NOAA20_NRT,1
66.4625,117.8588,2026-07-30T03:40:00Z,7.8,N20,n,D,VIIRS_NOAA20_NRT,1
66.4608,117.5984,2026-07-30T03:40:00Z,9.54,N20,n,D,VIIRS_NOAA20_NRT,1
66.4603,117.8496,2026-07-30T03:40:00Z,5.32,N20,n,D,VIIRS_NOAA20_NRT,1
66.4593,117.8635,2026-07-30T03:40:00Z,4.16,N20,n,D,VIIRS_NOAA20_NRT,1
66.4582,117.8404,2026-07-30T03:40:00Z,5.32,N20,l,D,VIIRS_NOAA20_NRT,1
66.4577,117.6031,2026-07-30T03:40:00Z,5.93,N20,n,D,VIIRS_NOAA20_NRT,1
66.4572,117.8543,2026-07-30T03:40:00Z,7.56,N20,n,D,VIIRS_NOAA20_NRT,1
66.4562,117.8682,2026-07-30T03:40:00Z,4.16,N20,n,D,VIIRS_NOAA20_NRT,1
66.4554,117.5938,2026-07-30T03:40:00Z,5.93,N20,n,D,VIIRS_NOAA20_NRT,1
66.4545,117.6078,2026-07-30T03:40:00Z,5.93,N20,n,D,VIIRS_NOAA20_NRT,1
66.4811,117.5934,2026-07-30T03:40:00Z,5.93,N20,n,D,VIIRS_NOAA20_NRT,1
66.4833,117.6027,2026-07-30T03:40:00Z,2.11,N20,n,D,VIIRS_NOAA20_NRT,1
66.5295,117.8717,2026-07-30T03:40:00Z,9.58,N20,n,D,VIIRS_NOAA20_NRT,1
66.485,117.5928,2026-07-30T03:40:00Z,11.38,N20,n,D,VIIRS_NOAA20_NRT,1
66.5115,117.7039,2026-07-30T03:40:00Z,4.8,N20,l,D,VIIRS_NOAA20_NRT,1
66.5094,117.8766,2026-07-30T03:40:00Z,4.37,N20,n,D,VIIRS_NOAA20_NRT,1
66.5072,117.8674,2026-07-30T03:40:00Z,4.37,N20,n,D,VIIRS_NOAA20_NRT,1
66.5071,117.6854,2026-07-30T03:40:00Z,3.13,N20,l,D,VIIRS_NOAA20_NRT,1
66.5062,117.8813,2026-07-30T03:40:00Z,22.38,N20,n,D,VIIRS_NOAA20_NRT,1
66.5052,117.8952,2026-07-30T03:40:00Z,8.15,N20,n,D,VIIRS_NOAA20_NRT,1
66.505,117.8582,2026-07-30T03:40:00Z,17.48,N20,n,D,VIIRS_NOAA20_NRT,1
66.5049,117.6761,2026-07-30T03:40:00Z,5.05,N20,l,D,VIIRS_NOAA20_NRT,1
66.504,117.8721,2026-07-30T03:40:00Z,22.38,N20,h,D,VIIRS_NOAA20_NRT,1
66.5039,95.1112,2026-07-30T03:40:00Z,4.69,N20,n,D,VIIRS_NOAA20_NRT,1
66.5037,117.653,2026-07-30T03:40:00Z,11.78,N20,n,D,VIIRS_NOAA20_NRT,1
66.503,117.886,2026-07-30T03:40:00Z,22.38,N20,n,D,VIIRS_NOAA20_NRT,1
66.5019,117.8629,2026-07-30T03:40:00Z,38.72,N20,n,D,VIIRS_NOAA20_NRT,1
66.5009,117.8768,2026-07-30T03:40:00Z,22.38,N20,n,D,VIIRS_NOAA20_NRT,1
66.5005,117.6577,2026-07-30T03:40:00Z,24.72,N20,n,D,VIIRS_NOAA20_NRT,1
66.4999,117.8906,2026-07-30T03:40:00Z,36.5,N20,n,D,VIIRS_NOAA20_NRT,1
66.4973,117.6624,2026-07-30T03:40:00Z,24.72,N20,n,D,VIIRS_NOAA20_NRT,1
66.4965,117.6585,2026-07-30T03:40:00Z,4.84,N20,n,D,VIIRS_NOAA20_NRT,1
66.4958,117.6019,2026-07-30T03:40:00Z,7.66,N20,n,D,VIIRS_NOAA20_NRT,1
66.4943,117.849,2026-07-30T03:40:00Z,2.71,N20,n,D,VIIRS_NOAA20_NRT,1
66.4936,117.5926,2026-07-30T03:40:00Z,6.66,N20,n,D,VIIRS_NOAA20_NRT,1
66.4912,117.8537,2026-07-30T03:40:00Z,41.94,N20,n,D,VIIRS_NOAA20_NRT,1
66.4904,117.5974,2026-07-30T03:40:00Z,6.66,N20,n,D,VIIRS_NOAA20_NRT,1
66.4882,117.5881,2026-07-30T03:40:00Z,6.66,N20,n,D,VIIRS_NOAA20_NRT,1
66.4872,117.6021,2026-07-30T03:40:00Z,11.38,N20,n,D,VIIRS_NOAA20_NRT,1
66.0149,117.5098,2026-07-30T03:40:00Z,5.76,N20,n,D,VIIRS_NOAA20_NRT,1
66.1308,117.6368,2026-07-30T03:40:00Z,3.71,N20,n,D,VIIRS_NOAA20_NRT,1
66.1768,118.8404,2026-07-30T03:40:00Z,4.86,N20,n,D,VIIRS_NOAA20_NRT,1
65.9805,117.8092,2026-07-30T03:40:00Z,49.72,N20,n,D,VIIRS_NOAA20_NRT,1
65.9837,117.8046,2026-07-30T03:40:00Z,49.72,N20,n,D,VIIRS_NOAA20_NRT,1
65.9837,117.6325,2026-07-30T03:40:00Z,5.31,N20,n,D,VIIRS_NOAA20_NRT,1
65.9833,117.6404,2026-07-30T03:40:00Z,8.09,N20,n,D,VIIRS_NOAA20_NRT,1
65.9825,117.7814,2026-07-30T03:40:00Z,8.62,N20,n,D,VIIRS_NOAA20_NRT,1
65.9815,117.5789,2026-07-30T03:40:00Z,11.42,N20,l,D,VIIRS_NOAA20_NRT,1
65.9815,117.7953,2026-07-30T03:40:00Z,49.72,N20,n,D,VIIRS_NOAA20_NRT,1
65.9809,117.5852,2026-07-30T03:40:00Z,5.61,N20,n,D,VIIRS_NOAA20_NRT,1
65.9806,117.5931,2026-07-30T03:40:00Z,5.17,N20,n,D,VIIRS_NOAA20_NRT,1
65.9802,117.7721,2026-07-30T03:40:00Z,8.62,N20,n,D,VIIRS_NOAA20_NRT,1
65.9768,117.6497,2026-07-30T03:40:00Z,35.2,N20,n,D,VIIRS_NOAA20_NRT,1
65.98,117.6451,2026-07-30T03:40:00Z,35.2,N20,l,D,VIIRS_NOAA20_NRT,1
65.9792,117.786,2026-07-30T03:40:00Z,43.72,N20,n,D,VIIRS_NOAA20_NRT,1
65.9792,117.5694,2026-07-30T03:40:00Z,11.42,N20,n,D,VIIRS_NOAA20_NRT,1
65.9786,117.5758,2026-07-30T03:40:00Z,25.56,N20,n,D,VIIRS_NOAA20_NRT,1
65.9783,117.5836,2026-07-30T03:40:00Z,11.42,N20,n,D,VIIRS_NOAA20_NRT,1
65.978,117.7627,2026-07-30T03:40:00Z,8.71,N20,n,D,VIIRS_NOAA20_NRT,1
65.9776,117.5899,2026-07-30T03:40:00Z,4.2,N20,n,D,VIIRS_NOAA20_NRT,1
65.977,117.7767,2026-07-30T03:40:00Z,43.72,N20,n,D,VIIRS_NOAA20_NRT,1
65.9843,117.6265,2026-07-30T03:40:00Z,11.52,N20,n,D,VIIRS_NOAA20_NRT,1
65.9846,117.6184,2026-07-30T03:40:00Z,13.22,N20,n,D,VIIRS_NOAA20_NRT,1
65.9847,117.7907,2026-07-30T03:40:00Z,54.55,N20,n,D,VIIRS_NOAA20_NRT,1
65.9852,117.6122,2026-07-30T03:40:00Z,7.15,N20,n,D,VIIRS_NOAA20_NRT,1
66.0117,117.5146,2026-07-30T03:40:00Z,6.11,N20,n,D,VIIRS_NOAA20_NRT,1
66.0107,117.7907,2026-07-30T03:40:00Z,11.62,N20,n,D,VIIRS_NOAA20_NRT,1
66.0075,117.7955,2026-07-30T03:40:00Z,34.39,N20,l,D,VIIRS_NOAA20_NRT,1
66.0034,117.8142,2026-07-30T03:40:00Z,37.73,N20,n,D,VIIRS_NOAA20_NRT,1
66.0001,117.8187,2026-07-30T03:40:00Z,37.73,N20,n,D,VIIRS_NOAA20_NRT,1
65.9979,117.8094,2026-07-30T03:40:00Z,28.7,N20,n,D,VIIRS_NOAA20_NRT,1
65.9956,117.8001,2026-07-30T03:40:00Z,28.7,N20,n,D,VIIRS_NOAA20_NRT,1
65.9946,117.814,2026-07-30T03:40:00Z,60.51,N20,n,D,VIIRS_NOAA20_NRT,1
65.9924,117.8047,2026-07-30T03:40:00Z,60.51,N20,n,D,VIIRS_NOAA20_NRT,1
65.9914,117.8186,2026-07-30T03:40:00Z,60.51,N20,h,D,VIIRS_NOAA20_NRT,1
65.9911,117.609,2026-07-30T03:40:00Z,8.01,N20,n,D,VIIRS_NOAA20_NRT,1
65.9902,117.7954,2026-07-30T03:40:00Z,54.55,N20,n,D,VIIRS_NOAA20_NRT,1
65.9884,117.6076,2026-07-30T03:40:00Z,7.15,N20,n,D,VIIRS_NOAA20_NRT,1
65.9882,117.8232,2026-07-30T03:40:00Z,140.44,N20,n,D,VIIRS_NOAA20_NRT,1
65.9879,117.7861,2026-07-30T03:40:00Z,54.55,N20,n,D,VIIRS_NOAA20_NRT,1
65.9875,117.6218,2026-07-30T03:40:00Z,7.15,N20,n,D,VIIRS_NOAA20_NRT,1
65.9869,117.6278,2026-07-30T03:40:00Z,5.31,N20,n,D,VIIRS_NOAA20_NRT,1
65.977,117.56,2026-07-30T03:40:00Z,6.69,N20,n,D,VIIRS_NOAA20_NRT,1
65.9878,117.6138,2026-07-30T03:40:00Z,8.01,N20,n,D,VIIRS_NOAA20_NRT,1
62.4013,113.3349,2026-07-30T03:38:00Z,3.19,N20,n,D,VIIRS_NOAA20_NRT,1
42.6948,-6.7613,2026-07-30T03:38:00Z,12.59,N,n,N,VIIRS_SNPP_NRT,1
42.6965,-6.7667,2026-07-30T03:38:00Z,12.59,N,n,N,VIIRS_SNPP_NRT,1
42.6985,-6.7744,2026-07-30T03:38:00Z,6.8,N,n,N,VIIRS_SNPP_NRT,1
42.6997,-6.7769,2026-07-30T03:38:00Z,7.17,N,n,N,VIIRS_SNPP_NRT,1
42.7001,-6.7797,2026-07-30T03:38:00Z,16.65,N,n,N,VIIRS_SNPP_NRT,1
42.7017,-6.7833,2026-07-30T03:38:00Z,14.59,N,n,N,VIIRS_SNPP_NRT,1
42.7026,-6.7878,2026-07-30T03:38:00Z,16.65,N,n,N,VIIRS_SNPP_NRT,1
42.7027,-6.765,2026-07-30T03:38:00Z,23.5,N,n,N,VIIRS_SNPP_NRT,1
42.7032,-6.768,2026-07-30T03:38:00Z,6.8,N,n,N,VIIRS_SNPP_NRT,1
42.7044,-6.7502,2026-07-30T03:38:00Z,10.85,N,n,N,VIIRS_SNPP_NRT,1
42.7045,-6.7706,2026-07-30T03:38:00Z,52.19,N,n,N,VIIRS_SNPP_NRT,1
42.7048,-6.773,2026-07-30T03:38:00Z,6.8,N,n,N,VIIRS_SNPP_NRT,1
42.7059,-6.7538,2026-07-30T03:38:00Z,23.5,N,n,N,VIIRS_SNPP_NRT,1
42.706,-6.7753,2026-07-30T03:38:00Z,52.19,N,h,N,VIIRS_SNPP_NRT,1
42.7062,-6.7776,2026-07-30T03:38:00Z,16.65,N,n,N,VIIRS_SNPP_NRT,1
42.7068,-6.7579,2026-07-30T03:38:00Z,10.85,N,n,N,VIIRS_SNPP_NRT,1
42.7076,-6.7804,2026-07-30T03:38:00Z,23.43,N,h,N,VIIRS_SNPP_NRT,1
42.7083,-6.7842,2026-07-30T03:38:00Z,16.65,N,h,N,VIIRS_SNPP_NRT,1
42.7086,-6.7624,2026-07-30T03:38:00Z,23.5,N,n,N,VIIRS_SNPP_NRT,1
42.7103,-6.7888,2026-07-30T03:38:00Z,23.43,N,n,N,VIIRS_SNPP_NRT,1
42.711,-6.7713,2026-07-30T03:38:00Z,74.96,N,h,N,VIIRS_SNPP_NRT,1
42.7118,-6.7511,2026-07-30T03:38:00Z,3.68,N,n,N,VIIRS_SNPP_NRT,1
42.7122,-6.7735,2026-07-30T03:38:00Z,52.19,N,n,N,VIIRS_SNPP_NRT,1
42.7124,-6.7757,2026-07-30T03:38:00Z,13.78,N,n,N,VIIRS_SNPP_NRT,1
42.7124,-6.7542,2026-07-30T03:38:00Z,10.85,N,n,N,VIIRS_SNPP_NRT,1
42.7142,-6.7584,2026-07-30T03:38:00Z,3.68,N,n,N,VIIRS_SNPP_NRT,1
42.715,-6.7624,2026-07-30T03:38:00Z,74.96,N,h,N,VIIRS_SNPP_NRT,1
42.7165,-6.7657,2026-07-30T03:38:00Z,14.63,N,h,N,VIIRS_SNPP_NRT,1
42.6953,-6.7642,2026-07-30T03:38:00Z,8.56,N,n,N,VIIRS_SNPP_NRT,1
42.6938,-6.7795,2026-07-30T03:38:00Z,7.17,N,n,N,VIIRS_SNPP_NRT,1
62.4044,113.5876,2026-07-30T03:38:00Z,5.66,N20,n,D,VIIRS_NOAA20_NRT,1
42.6934,-6.7582,2026-07-30T03:38:00Z,8.56,N,n,N,VIIRS_SNPP_NRT,1
41.69,-7.2764,2026-07-30T03:38:00Z,0.99,N,n,N,VIIRS_SNPP_NRT,1
41.6919,-7.2407,2026-07-30T03:38:00Z,3.63,N,n,N,VIIRS_SNPP_NRT,1
41.6924,-7.2402,2026-07-30T03:38:00Z,3.31,N,n,N,VIIRS_SNPP_NRT,1
41.6937,-7.2464,2026-07-30T03:38:00Z,2.3,N,n,N,VIIRS_SNPP_NRT,1
41.6942,-7.2459,2026-07-30T03:38:00Z,3.31,N,n,N,VIIRS_SNPP_NRT,1
41.6956,-7.2523,2026-07-30T03:38:00Z,2.3,N,n,N,VIIRS_SNPP_NRT,1
41.696,-7.2519,2026-07-30T03:38:00Z,2.07,N,n,N,VIIRS_SNPP_NRT,1
41.6961,-7.2743,2026-07-30T03:38:00Z,8.33,N,n,N,VIIRS_SNPP_NRT,1
41.6976,-7.2587,2026-07-30T03:38:00Z,1.81,N,n,N,VIIRS_SNPP_NRT,1
41.698,-7.2583,2026-07-30T03:38:00Z,2.07,N,n,N,VIIRS_SNPP_NRT,1
41.6984,-7.2815,2026-07-30T03:38:00Z,6.13,N,n,N,VIIRS_SNPP_NRT,1
41.6998,-7.2441,2026-07-30T03:38:00Z,2.3,N,n,N,VIIRS_SNPP_NRT,1
42.6818,-6.7641,2026-07-30T03:38:00Z,9.81,N,n,N,VIIRS_SNPP_NRT,1
42.6836,-6.77,2026-07-30T03:38:00Z,9.81,N,n,N,VIIRS_SNPP_NRT,1
42.6855,-6.7545,2026-07-30T03:38:00Z,3.14,N,n,N,VIIRS_SNPP_NRT,1
42.687,-6.7582,2026-07-30T03:38:00Z,7.15,N,n,N,VIIRS_SNPP_NRT,1
42.6877,-6.7616,2026-07-30T03:38:00Z,9.81,N,n,N,VIIRS_SNPP_NRT,1
42.689,-6.7644,2026-07-30T03:38:00Z,12.59,N,h,N,VIIRS_SNPP_NRT,1
42.6894,-6.7671,2026-07-30T03:38:00Z,9.81,N,h,N,VIIRS_SNPP_NRT,1
42.69,-5.4185,2026-07-30T03:38:00Z,1.76,N,n,N,VIIRS_SNPP_NRT,1
42.6906,-6.7694,2026-07-30T03:38:00Z,12.59,N,h,N,VIIRS_SNPP_NRT,1
42.6909,-6.7718,2026-07-30T03:38:00Z,11.42,N,n,N,VIIRS_SNPP_NRT,1
42.6911,-6.7508,2026-07-30T03:38:00Z,5.11,N,n,N,VIIRS_SNPP_NRT,1
42.6921,-6.7741,2026-07-30T03:38:00Z,7.17,N,n,N,VIIRS_SNPP_NRT,1
42.6924,-5.3822,2026-07-30T03:38:00Z,1.17,N,n,N,VIIRS_SNPP_NRT,1
42.6925,-6.7768,2026-07-30T03:38:00Z,11.42,N,n,N,VIIRS_SNPP_NRT,1
42.6926,-6.7546,2026-07-30T03:38:00Z,7.15,N,n,N,VIIRS_SNPP_NRT,1
42.7171,-6.7691,2026-07-30T03:38:00Z,74.96,N,h,N,VIIRS_SNPP_NRT,1
42.7184,-6.7719,2026-07-30T03:38:00Z,14.63,N,h,N,VIIRS_SNPP_NRT,1
42.7185,-6.7739,2026-07-30T03:38:00Z,13.78,N,n,N,VIIRS_SNPP_NRT,1
42.7202,-6.7563,2026-07-30T03:38:00Z,3.68,N,n,N,VIIRS_SNPP_NRT,1
60.4654,109.7158,2026-07-30T03:38:00Z,12.05,N20,h,D,VIIRS_NOAA20_NRT,1
60.9194,112.1266,2026-07-30T03:38:00Z,3.55,N20,n,D,VIIRS_NOAA20_NRT,1
60.9204,112.1177,2026-07-30T03:38:00Z,3.11,N20,l,D,VIIRS_NOAA20_NRT,1
60.9223,112.1231,2026-07-30T03:38:00Z,5.36,N20,n,D,VIIRS_NOAA20_NRT,1
60.9467,112.0208,2026-07-30T03:38:00Z,7.65,N20,h,D,VIIRS_NOAA20_NRT,1
61.3434,112.8126,2026-07-30T03:38:00Z,10.0,N20,n,D,VIIRS_NOAA20_NRT,1
61.4073,112.8932,2026-07-30T03:38:00Z,21.29,N20,n,D,VIIRS_NOAA20_NRT,1
61.4617,113.0018,2026-07-30T03:38:00Z,3.96,N20,n,D,VIIRS_NOAA20_NRT,1
61.5375,113.1673,2026-07-30T03:38:00Z,12.54,N20,n,D,VIIRS_NOAA20_NRT,1
61.5414,113.1702,2026-07-30T03:38:00Z,29.85,N20,n,D,VIIRS_NOAA20_NRT,1
61.5415,113.1614,2026-07-30T03:38:00Z,12.54,N20,n,D,VIIRS_NOAA20_NRT,1
62.3489,113.7666,2026-07-30T03:38:00Z,24.0,N20,n,D,VIIRS_NOAA20_NRT,1
62.3516,113.691,2026-07-30T03:38:00Z,22.61,N20,n,D,VIIRS_NOAA20_NRT,1
62.3544,113.6999,2026-07-30T03:38:00Z,51.91,N20,n,D,VIIRS_NOAA20_NRT,1
62.3545,113.6939,2026-07-30T03:38:00Z,48.6,N20,n,D,VIIRS_NOAA20_NRT,1
62.3936,113.4994,2026-07-30T03:38:00Z,4.28,N20,n,D,VIIRS_NOAA20_NRT,1
18.5087,-96.1618,2026-07-30T03:38:00Z,65.83,Terra,35,N,MODIS_NRT,1
-16.3344,179.4676,2026-07-30T03:38:00Z,10.3,Aqua,54,D,MODIS_NRT,1
-16.504,179.387,2026-07-30T03:38:00Z,14.78,Aqua,56,D,MODIS_NRT,1
-16.6739,178.8229,2026-07-30T03:38:00Z,4.85,Aqua,31,D,MODIS_NRT,1
-16.7594,178.7324,2026-07-30T03:38:00Z,6.44,Aqua,62,D,MODIS_NRT,1
-16.7689,178.734,2026-07-30T03:38:00Z,5.34,Aqua,47,D,MODIS_NRT,1
-17.5229,177.7512,2026-07-30T03:38:00Z,22.23,Aqua,61,D,MODIS_NRT,1
63.5376,129.6414,2026-07-30T03:38:00Z,3.23,N20,n,D,VIIRS_NOAA20_NRT,1
63.5344,129.644,2026-07-30T03:38:00Z,3.23,N20,n,D,VIIRS_NOAA20_NRT,1
62.4994,113.9073,2026-07-30T03:38:00Z,8.17,N20,n,D,VIIRS_NOAA20_NRT,1
62.4438,113.6582,2026-07-30T03:38:00Z,3.72,N20,l,D,VIIRS_NOAA20_NRT,1
60.4636,109.725,2026-07-30T03:38:00Z,9.13,N20,h,D,VIIRS_NOAA20_NRT,1
60.2873,111.6444,2026-07-30T03:38:00Z,2.66,N20,n,D,VIIRS_NOAA20_NRT,1
60.1481,109.0968,2026-07-30T03:38:00Z,25.9,N20,h,D,VIIRS_NOAA20_NRT,1
57.8756,105.8946,2026-07-30T03:38:00Z,19.9,N20,n,D,VIIRS_NOAA20_NRT,1
42.7207,-6.759,2026-07-30T03:38:00Z,8.88,N,n,N,VIIRS_SNPP_NRT,1
42.7221,-6.7621,2026-07-30T03:38:00Z,14.63,N,n,N,VIIRS_SNPP_NRT,1
42.7227,-6.7657,2026-07-30T03:38:00Z,8.88,N,h,N,VIIRS_SNPP_NRT,1
42.7243,-6.7692,2026-07-30T03:38:00Z,14.63,N,n,N,VIIRS_SNPP_NRT,1
57.5351,105.8641,2026-07-30T03:38:00Z,11.04,N20,n,D,VIIRS_NOAA20_NRT,1
57.5615,105.921,2026-07-30T03:38:00Z,11.77,N20,n,D,VIIRS_NOAA20_NRT,1
57.5657,105.9299,2026-07-30T03:38:00Z,11.77,N20,l,D,VIIRS_NOAA20_NRT,1
57.5695,105.8781,2026-07-30T03:38:00Z,10.32,N20,n,D,VIIRS_NOAA20_NRT,1
57.5711,105.8823,2026-07-30T03:38:00Z,8.23,N20,n,D,VIIRS_NOAA20_NRT,1
57.8713,105.8884,2026-07-30T03:38:00Z,11.67,N20,n,D,VIIRS_NOAA20_NRT,1
57.8718,105.8863,2026-07-30T03:38:00Z,27.49,N20,n,D,VIIRS_NOAA20_NRT,1
57.875,105.8966,2026-07-30T03:38:00Z,11.67,N20,n,D,VIIRS_NOAA20_NRT,1
57.9499,107.0823,2026-07-30T03:38:00Z,9.1,N20,n,D,VIIRS_NOAA20_NRT,1
60.1457,109.0905,2026-07-30T03:38:00Z,25.9,N20,n,D,VIIRS_NOAA20_NRT,1
57.9537,107.0909,2026-07-30T03:38:00Z,9.1,N20,n,D,VIIRS_NOAA20_NRT,1
57.9831,106.7957,2026-07-30T03:38:00Z,23.77,N20,n,D,VIIRS_NOAA20_NRT,1
57.9872,106.8047,2026-07-30T03:38:00Z,19.83,N20,n,D,VIIRS_NOAA20_NRT,1
58.292,106.9209,2026-07-30T03:38:00Z,14.3,N20,n,D,VIIRS_NOAA20_NRT,1
59.6372,108.1249,2026-07-30T03:38:00Z,3.98,N20,n,D,VIIRS_NOAA20_NRT,1
41.6879,-7.228,2026-07-30T03:38:00Z,4.23,N,n,N,VIIRS_SNPP_NRT,1
59.7878,108.198,2026-07-30T03:38:00Z,5.64,N20,n,D,VIIRS_NOAA20_NRT,1
59.79,110.8778,2026-07-30T03:38:00Z,3.07,N20,n,D,VIIRS_NOAA20_NRT,1
59.8047,109.4233,2026-07-30T03:38:00Z,14.21,N20,n,D,VIIRS_NOAA20_NRT,1
59.8059,109.4278,2026-07-30T03:38:00Z,23.82,N20,h,D,VIIRS_NOAA20_NRT,1
59.8073,109.4299,2026-07-30T03:38:00Z,14.21,N20,h,D,VIIRS_NOAA20_NRT,1
59.8414,108.4059,2026-07-30T03:38:00Z,5.11,N20,n,D,VIIRS_NOAA20_NRT,1
41.6884,-7.2273,2026-07-30T03:38:00Z,5.82,N,n,N,VIIRS_SNPP_NRT,1
42.7107,-6.7688,2026-07-30T03:38:00Z,52.19,N,h,N,VIIRS_SNPP_NRT,1
41.6861,-7.2199,2026-07-30T03:38:00Z,3.98,N,n,N,VIIRS_SNPP_NRT,1
41.6708,-7.1706,2026-07-30T03:38:00Z,2.27,N,n,N,VIIRS_SNPP_NRT,1
41.6856,-7.2206,2026-07-30T03:38:00Z,4.23,N,n,N,VIIRS_SNPP_NRT,1
41.393,-6.3129,2026-07-30T03:38:00Z,5.86,N,n,N,VIIRS_SNPP_NRT,1
41.3939,-6.3137,2026-07-30T03:38:00Z,5.13,N,n,N,VIIRS_SNPP_NRT,1
41.3951,-6.3194,2026-07-30T03:38:00Z,3.01,N,n,N,VIIRS_SNPP_NRT,1
41.6435,-7.2358,2026-07-30T03:38:00Z,1.41,N,n,N,VIIRS_SNPP_NRT,1
41.6453,-7.2416,2026-07-30T03:38:00Z,1.41,N,n,N,VIIRS_SNPP_NRT,1
41.6556,-7.2094,2026-07-30T03:38:00Z,3.89,N,n,N,VIIRS_SNPP_NRT,1
41.67,-7.1714,2026-07-30T03:38:00Z,0.86,N,n,N,VIIRS_SNPP_NRT,1
41.3961,-6.3202,2026-07-30T03:38:00Z,5.13,N,n,N,VIIRS_SNPP_NRT,1
41.676,-7.1688,2026-07-30T03:38:00Z,0.86,N,n,N,VIIRS_SNPP_NRT,1
41.6788,-7.1746,2026-07-30T03:38:00Z,3.69,N,n,N,VIIRS_SNPP_NRT,1
41.6804,-7.2453,2026-07-30T03:38:00Z,2.46,N,n,N,VIIRS_SNPP_NRT,1
41.6841,-7.1729,2026-07-30T03:38:00Z,1.51,N,n,N,VIIRS_SNPP_NRT,1
41.6821,-7.2509,2026-07-30T03:38:00Z,2.46,N,n,N,VIIRS_SNPP_NRT,1
41.6834,-7.2136,2026-07-30T03:38:00Z,3.7,N,n,N,VIIRS_SNPP_NRT,1
41.6839,-7.213,2026-07-30T03:38:00Z,3.98,N,n,N,VIIRS_SNPP_NRT,1
41.6781,-7.1753,2026-07-30T03:38:00Z,0.86,N,n,N,VIIRS_SNPP_NRT,1
57.7764,137.5685,2026-07-30T03:36:00Z,6.76,N20,n,D,VIIRS_NOAA20_NRT,1
57.7403,135.7018,2026-07-30T03:36:00Z,2.37,N20,n,D,VIIRS_NOAA20_NRT,1
57.7426,135.6938,2026-07-30T03:36:00Z,2.37,N20,n,D,VIIRS_NOAA20_NRT,1
57.745,135.6858,2026-07-30T03:36:00Z,4.96,N20,n,D,VIIRS_NOAA20_NRT,1
57.7459,135.6921,2026-07-30T03:36:00Z,6.15,N20,n,D,VIIRS_NOAA20_NRT,1
57.968,137.4661,2026-07-30T03:36:00Z,5.64,N20,n,D,VIIRS_NOAA20_NRT,1
57.9646,137.4676,2026-07-30T03:36:00Z,21.32,N20,n,D,VIIRS_NOAA20_NRT,1
57.9655,137.4742,2026-07-30T03:36:00Z,6.75,N20,n,D,VIIRS_NOAA20_NRT,1
58.0781,135.1314,2026-07-30T03:36:00Z,2.49,N20,n,D,VIIRS_NOAA20_NRT,1
58.3092,138.2149,2026-07-30T03:36:00Z,9.14,N20,n,D,VIIRS_NOAA20_NRT,1
57.738,135.7098,2026-07-30T03:36:00Z,5.73,N20,n,D,VIIRS_NOAA20_NRT,1
57.7394,135.6955,2026-07-30T03:36:00Z,2.37,N20,l,D,VIIRS_NOAA20_NRT,1
50.8308,-1.366,2026-07-30T03:36:00Z,2.0,N,n,N,VIIRS_SNPP_NRT,1
51.7159,-0.5865,2026-07-30T03:36:00Z,0.56,N,n,N,VIIRS_SNPP_NRT,1
52.6439,-8.6887,2026-07-30T03:36:00Z,0.96,N,n,N,VIIRS_SNPP_NRT,1
53.5649,-7.038,2026-07-30T03:36:00Z,1.98,N,n,N,VIIRS_SNPP_NRT,1
53.5608,-7.041,2026-07-30T03:36:00Z,1.98,N,n,N,VIIRS_SNPP_NRT,1
53.5591,-7.0344,2026-07-30T03:36:00Z,2.27,N,n,N,VIIRS_SNPP_NRT,1
53.4339,-8.4378,2026-07-30T03:36:00Z,1.99,N,n,N,VIIRS_SNPP_NRT,1
51.7127,-0.5826,2026-07-30T03:36:00Z,0.85,N,n,N,VIIRS_SNPP_NRT,1
51.7138,-0.5804,2026-07-30T03:36:00Z,0.56,N,n,N,VIIRS_SNPP_NRT,1
53.414,-6.3274,2026-07-30T03:36:00Z,0.68,N,n,N,VIIRS_SNPP_NRT,1
51.0371,2.2877,2026-07-30T03:34:00Z,4.6,N,n,N,VIIRS_SNPP_NRT,1
51.0353,2.2811,2026-07-30T03:34:00Z,2.85,N,n,N,VIIRS_SNPP_NRT,1
51.0322,2.2891,2026-07-30T03:34:00Z,2.85,N,n,N,VIIRS_SNPP_NRT,1
51.0286,2.2687,2026-07-30T03:34:00Z,2.23,N,n,N,VIIRS_SNPP_NRT,1
51.4999,128.2164,2026-07-30T03:34:00Z,13.29,N20,n,D,VIIRS_NOAA20_NRT,1
51.5008,128.2154,2026-07-30T03:34:00Z,15.5,N20,n,D,VIIRS_NOAA20_NRT,1
51.0437,2.3003,2026-07-30T03:34:00Z,2.17,N,n,N,VIIRS_SNPP_NRT,1
51.4985,128.2107,2026-07-30T03:34:00Z,13.29,N20,n,D,VIIRS_NOAA20_NRT,1
51.4993,128.2097,2026-07-30T03:34:00Z,36.4,N20,n,D,VIIRS_NOAA20_NRT,1
51.5047,128.2131,2026-07-30T03:34:00Z,5.07,N20,n,D,VIIRS_NOAA20_NRT,1
51.5039,128.214,2026-07-30T03:34:00Z,13.29,N20,n,D,VIIRS_NOAA20_NRT,1
51.5033,128.2073,2026-07-30T03:34:00Z,6.48,N20,n,D,VIIRS_NOAA20_NRT,1
51.5025,128.2082,2026-07-30T03:34:00Z,13.29,N20,n,D,VIIRS_NOAA20_NRT,1
51.5011,128.2024,2026-07-30T03:34:00Z,4.89,N20,n,D,VIIRS_NOAA20_NRT,1
51.0428,2.2933,2026-07-30T03:34:00Z,4.14,N,n,N,VIIRS_SNPP_NRT,1
51.0467,2.2924,2026-07-30T03:34:00Z,2.17,N,n,N,VIIRS_SNPP_NRT,1
52.494,4.6147,2026-07-30T03:34:00Z,4.04,N,n,N,VIIRS_SNPP_NRT,1
52.2583,1.611,2026-07-30T03:34:00Z,36.0,N,n,N,VIIRS_SNPP_NRT,1
53.6358,-0.2391,2026-07-30T03:34:00Z,1.65,N,n,N,VIIRS_SNPP_NRT,1
53.5745,-0.6148,2026-07-30T03:34:00Z,0.96,N,n,N,VIIRS_SNPP_NRT,1
53.5726,-0.6093,2026-07-30T03:34:00Z,0.96,N,n,N,VIIRS_SNPP_NRT,1
52.4974,4.6123,2026-07-30T03:34:00Z,3.2,N,n,N,VIIRS_SNPP_NRT,1
52.494,4.6208,2026-07-30T03:34:00Z,1.86,N,n,N,VIIRS_SNPP_NRT,1
51.1593,3.805,2026-07-30T03:34:00Z,3.51,N,n,N,VIIRS_SNPP_NRT,1
52.4859,4.5998,2026-07-30T03:34:00Z,1.6,N,n,N,VIIRS_SNPP_NRT,1
52.4859,4.5936,2026-07-30T03:34:00Z,2.59,N,n,N,VIIRS_SNPP_NRT,1
52.4802,4.5936,2026-07-30T03:34:00Z,1.28,N,n,N,VIIRS_SNPP_NRT,1
52.2638,1.6162,2026-07-30T03:34:00Z,33.3,N,n,N,VIIRS_SNPP_NRT,1
52.2625,1.6116,2026-07-30T03:34:00Z,48.58,N,n,N,VIIRS_SNPP_NRT,1
52.2612,1.6234,2026-07-30T03:34:00Z,42.17,N,h,N,VIIRS_SNPP_NRT,1
52.2599,1.6187,2026-07-30T03:34:00Z,48.58,N,h,N,VIIRS_SNPP_NRT,1
52.2586,1.6306,2026-07-30T03:34:00Z,42.17,N,n,N,VIIRS_SNPP_NRT,1
52.4836,4.5852,2026-07-30T03:34:00Z,1.28,N,n,N,VIIRS_SNPP_NRT,1
52.2571,1.6064,2026-07-30T03:34:00Z,48.58,N,n,N,VIIRS_SNPP_NRT,1
51.1687,3.8021,2026-07-30T03:34:00Z,2.71,N,n,N,VIIRS_SNPP_NRT,1
52.2558,1.6181,2026-07-30T03:34:00Z,156.97,N,h,N,VIIRS_SNPP_NRT,1
52.2544,1.6135,2026-07-30T03:34:00Z,48.58,N,n,N,VIIRS_SNPP_NRT,1
52.2518,1.6206,2026-07-30T03:34:00Z,158.86,N,n,N,VIIRS_SNPP_NRT,1
52.2506,1.6323,2026-07-30T03:34:00Z,15.46,N,n,N,VIIRS_SNPP_NRT,1
52.256,1.6377,2026-07-30T03:34:00Z,6.01,N,n,N,VIIRS_SNPP_NRT,1
51.1599,3.7997,2026-07-30T03:34:00Z,2.8,N,n,N,VIIRS_SNPP_NRT,1
51.1658,3.8056,2026-07-30T03:34:00Z,2.8,N,n,N,VIIRS_SNPP_NRT,1
35.3674,139.8432,2026-07-30T03:30:00Z,6.35,N20,n,D,VIIRS_NOAA20_NRT,1
35.0272,136.8675,2026-07-30T03:30:00Z,7.1,N20,n,D,VIIRS_NOAA20_NRT,1
34.8788,136.9755,2026-07-30T03:30:00Z,3.66,N20,n,D,VIIRS_NOAA20_NRT,1
34.8839,136.9788,2026-07-30T03:30:00Z,3.22,N20,n,D,VIIRS_NOAA20_NRT,1
34.8816,136.9772,2026-07-30T03:30:00Z,2.85,N20,n,D,VIIRS_NOAA20_NRT,1
35.9363,140.6871,2026-07-30T03:30:00Z,10.45,N20,l,D,VIIRS_NOAA20_NRT,1
34.7147,137.2974,2026-07-30T03:30:00Z,5.11,N20,n,D,VIIRS_NOAA20_NRT,1
34.2268,135.126,2026-07-30T03:30:00Z,6.4,N20,n,D,VIIRS_NOAA20_NRT,1
33.2633,131.6506,2026-07-30T03:30:00Z,3.43,N20,n,D,VIIRS_NOAA20_NRT,1
35.5791,140.0925,2026-07-30T03:30:00Z,6.47,N20,n,D,VIIRS_NOAA20_NRT,1
36.0074,129.3887,2026-07-30T03:30:00Z,2.52,N20,n,D,VIIRS_NOAA20_NRT,1
35.9381,140.6769,2026-07-30T03:30:00Z,5.21,N20,l,D,VIIRS_NOAA20_NRT,1
35.9415,140.676,2026-07-30T03:30:00Z,5.21,N20,n,D,VIIRS_NOAA20_NRT,1
33.2577,131.6527,2026-07-30T03:30:00Z,3.43,N20,n,D,VIIRS_NOAA20_NRT,1
65.7673,24.1914,2026-07-30T03:30:00Z,3.95,N,n,D,VIIRS_SNPP_NRT,1
33.259,131.6541,2026-07-30T03:30:00Z,11.4,N20,n,D,VIIRS_NOAA20_NRT,1
65.7644,24.1869,2026-07-30T03:30:00Z,4.5,N,n,D,VIIRS_SNPP_NRT,1
71.1441,72.2982,2026-07-30T03:25:00Z,4.92,N,n,D,VIIRS_SNPP_NRT,1
67.8387,58.9319,2026-07-30T03:25:00Z,3.99,N,n,D,VIIRS_SNPP_NRT,1
67.1665,86.2299,2026-07-30T03:23:00Z,3.75,N,n,D,VIIRS_SNPP_NRT,1
67.2397,76.9961,2026-07-30T03:23:00Z,7.63,N,n,D,VIIRS_SNPP_NRT,1
67.2367,76.9558,2026-07-30T03:23:00Z,8.66,N,n,D,VIIRS_SNPP_NRT,1
67.1975,81.9817,2026-07-30T03:23:00Z,5.0,N,n,D,VIIRS_SNPP_NRT,1
67.2434,76.9602,2026-07-30T03:23:00Z,8.66,N,n,D,VIIRS_SNPP_NRT,1
67.0259,75.5128,2026-07-30T03:23:00Z,2.85,N,n,D,VIIRS_SNPP_NRT,1
66.7165,80.4945,2026-07-30T03:23:00Z,3.65,N,n,D,VIIRS_SNPP_NRT,1
66.7075,80.4488,2026-07-30T03:23:00Z,11.67,N,n,D,VIIRS_SNPP_NRT,1
66.66,80.4678,2026-07-30T03:23:00Z,4.83,N,n,D,VIIRS_SNPP_NRT,1
67.2416,76.9781,2026-07-30T03:23:00Z,8.66,N,n,D,VIIRS_SNPP_NRT,1
67.9727,82.8412,2026-07-30T03:23:00Z,4.48,N,n,D,VIIRS_SNPP_NRT,1
67.2741,83.2083,2026-07-30T03:23:00Z,7.0,N,n,D,VIIRS_SNPP_NRT,1
67.8657,84.303,2026-07-30T03:23:00Z,13.68,N,n,D,VIIRS_SNPP_NRT,1
67.2774,83.0338,2026-07-30T03:23:00Z,4.96,N,n,D,VIIRS_SNPP_NRT,1
67.8721,84.2736,2026-07-30T03:23:00Z,5.31,N,n,D,VIIRS_SNPP_NRT,1
67.8758,84.276,2026-07-30T03:23:00Z,9.38,N,n,D,VIIRS_SNPP_NRT,1
67.8775,84.2792,2026-07-30T03:23:00Z,5.31,N,n,D,VIIRS_SNPP_NRT,1
67.9528,82.8595,2026-07-30T03:23:00Z,3.87,N,n,D,VIIRS_SNPP_NRT,1
67.9556,82.8809,2026-07-30T03:23:00Z,3.31,N,n,D,VIIRS_SNPP_NRT,1
67.9702,82.8354,2026-07-30T03:23:00Z,3.13,N,n,D,VIIRS_SNPP_NRT,1
68.0576,83.3555,2026-07-30T03:23:00Z,11.05,N,n,D,VIIRS_SNPP_NRT,1
68.061,83.4152,2026-07-30T03:23:00Z,12.86,N,n,D,VIIRS_SNPP_NRT,1
68.0629,83.3609,2026-07-30T03:23:00Z,11.05,N,n,D,VIIRS_SNPP_NRT,1
68.0635,83.399,2026-07-30T03:23:00Z,12.86,N,l,D,VIIRS_SNPP_NRT,1
68.1085,84.7927,2026-07-30T03:23:00Z,5.71,N,n,D,VIIRS_SNPP_NRT,1
68.2704,84.5444,2026-07-30T03:23:00Z,3.78,N,n,D,VIIRS_SNPP_NRT,1
68.3043,83.2799,2026-07-30T03:23:00Z,5.82,N,n,D,VIIRS_SNPP_NRT,1
68.3679,83.6929,2026-07-30T03:23:00Z,16.12,N,h,D,VIIRS_SNPP_NRT,1
68.4097,83.6155,2026-07-30T03:23:00Z,4.12,N,n,D,VIIRS_SNPP_NRT,1
68.4107,83.6257,2026-07-30T03:23:00Z,5.36,N,n,D,VIIRS_SNPP_NRT,1
68.5222,79.9514,2026-07-30T03:23:00Z,8.05,N,n,D,VIIRS_SNPP_NRT,1
70.4422,84.364,2026-07-30T03:23:00Z,1.44,N,n,D,VIIRS_SNPP_NRT,1
67.8674,84.3062,2026-07-30T03:23:00Z,6.57,N,n,D,VIIRS_SNPP_NRT,1
67.8697,84.2898,2026-07-30T03:23:00Z,6.57,N,n,D,VIIRS_SNPP_NRT,1
67.8403,84.8979,2026-07-30T03:23:00Z,6.14,N,n,D,VIIRS_SNPP_NRT,1
67.5492,83.2021,2026-07-30T03:23:00Z,63.06,N,h,D,VIIRS_SNPP_NRT,1
67.2785,83.0417,2026-07-30T03:23:00Z,5.38,N,n,D,VIIRS_SNPP_NRT,1
67.2809,83.0251,2026-07-30T03:23:00Z,5.38,N,n,D,VIIRS_SNPP_NRT,1
67.2832,83.0393,2026-07-30T03:23:00Z,4.96,N,n,D,VIIRS_SNPP_NRT,1
67.3586,81.9769,2026-07-30T03:23:00Z,7.78,N,n,D,VIIRS_SNPP_NRT,1
67.3604,81.9728,2026-07-30T03:23:00Z,9.79,N,h,D,VIIRS_SNPP_NRT,1
67.3645,81.9823,2026-07-30T03:23:00Z,15.87,N,n,D,VIIRS_SNPP_NRT,1
67.4341,81.869,2026-07-30T03:23:00Z,4.95,N,n,D,VIIRS_SNPP_NRT,1
67.4482,81.8629,2026-07-30T03:23:00Z,7.13,N,n,D,VIIRS_SNPP_NRT,1
67.8386,84.8939,2026-07-30T03:23:00Z,7.62,N,n,D,VIIRS_SNPP_NRT,1
67.5437,83.1967,2026-07-30T03:23:00Z,25.76,N,n,D,VIIRS_SNPP_NRT,1
67.6183,84.4546,2026-07-30T03:23:00Z,7.73,N,n,D,VIIRS_SNPP_NRT,1
67.6234,84.46,2026-07-30T03:23:00Z,7.73,N,n,D,VIIRS_SNPP_NRT,1
67.8192,85.6862,2026-07-30T03:23:00Z,7.0,N,n,D,VIIRS_SNPP_NRT,1
67.8218,85.688,2026-07-30T03:23:00Z,10.81,N,n,D,VIIRS_SNPP_NRT,1
67.824,85.6917,2026-07-30T03:23:00Z,11.93,N,h,D,VIIRS_SNPP_NRT,1
67.8267,85.6934,2026-07-30T03:23:00Z,10.81,N,h,D,VIIRS_SNPP_NRT,1
67.8289,85.6972,2026-07-30T03:23:00Z,11.93,N,n,D,VIIRS_SNPP_NRT,1
67.8352,84.8924,2026-07-30T03:23:00Z,6.21,N,n,D,VIIRS_SNPP_NRT,1
67.8266,98.6039,2026-07-30T03:21:00Z,5.04,N,n,D,VIIRS_SNPP_NRT,1
67.861,101.8202,2026-07-30T03:21:00Z,3.09,N,n,D,VIIRS_SNPP_NRT,1
67.8587,101.8166,2026-07-30T03:21:00Z,5.37,N,n,D,VIIRS_SNPP_NRT,1
67.8584,101.8149,2026-07-30T03:21:00Z,3.09,N,n,D,VIIRS_SNPP_NRT,1
67.8525,101.8205,2026-07-30T03:21:00Z,2.35,N,n,D,VIIRS_SNPP_NRT,1
65.7259,107.5804,2026-07-30T03:21:00Z,4.53,N,n,D,VIIRS_SNPP_NRT,1
67.8253,98.6197,2026-07-30T03:21:00Z,5.04,N,n,D,VIIRS_SNPP_NRT,1
66.1778,94.3276,2026-07-30T03:21:00Z,5.6,N,n,D,VIIRS_SNPP_NRT,1
65.7304,107.5546,2026-07-30T03:21:00Z,5.71,N,n,D,VIIRS_SNPP_NRT,1
65.7282,107.5859,2026-07-30T03:21:00Z,7.89,N,l,D,VIIRS_SNPP_NRT,1
65.7235,107.5747,2026-07-30T03:21:00Z,4.53,N,n,D,VIIRS_SNPP_NRT,1
65.37,107.221,2026-07-30T03:21:00Z,2.9,N,n,D,VIIRS_SNPP_NRT,1
65.3027,105.4118,2026-07-30T03:21:00Z,12.51,N,n,D,VIIRS_SNPP_NRT,1
65.2998,105.4056,2026-07-30T03:21:00Z,8.43,N,n,D,VIIRS_SNPP_NRT,1
65.2983,105.4117,2026-07-30T03:21:00Z,22.88,N,h,D,VIIRS_SNPP_NRT,1
65.2974,90.1456,2026-07-30T03:21:00Z,5.44,N,n,D,VIIRS_SNPP_NRT,1
65.2958,105.4154,2026-07-30T03:21:00Z,8.43,N,h,D,VIIRS_SNPP_NRT,1
65.2954,105.4055,2026-07-30T03:21:00Z,13.08,N,h,D,VIIRS_SNPP_NRT,1
65.2929,105.4089,2026-07-30T03:21:00Z,8.43,N,n,D,VIIRS_SNPP_NRT,1
65.2902,90.1754,2026-07-30T03:21:00Z,7.18,N,n,D,VIIRS_SNPP_NRT,1
65.2485,106.3032,2026-07-30T03:21:00Z,6.74,N,n,D,VIIRS_SNPP_NRT,1
65.2459,106.3046,2026-07-30T03:21:00Z,5.14,N,n,D,VIIRS_SNPP_NRT,1
68.5055,110.4797,2026-07-30T03:21:00Z,5.29,N,n,D,VIIRS_SNPP_NRT,1
67.8613,101.8219,2026-07-30T03:21:00Z,3.76,N,n,D,VIIRS_SNPP_NRT,1
67.8216,98.631,2026-07-30T03:21:00Z,3.67,N,n,D,VIIRS_SNPP_NRT,1
66.1699,94.3345,2026-07-30T03:21:00Z,4.67,N,n,D,VIIRS_SNPP_NRT,1
68.274,98.0829,2026-07-30T03:21:00Z,2.0,N,n,D,VIIRS_SNPP_NRT,1
66.1806,94.2941,2026-07-30T03:21:00Z,4.98,N,n,D,VIIRS_SNPP_NRT,1
67.2127,95.4606,2026-07-30T03:21:00Z,10.28,N,n,D,VIIRS_SNPP_NRT,1
66.1812,94.314,2026-07-30T03:21:00Z,5.6,N,n,D,VIIRS_SNPP_NRT,1
67.2647,92.0819,2026-07-30T03:21:00Z,4.77,N,n,D,VIIRS_SNPP_NRT,1
67.2624,92.0822,2026-07-30T03:21:00Z,3.7,N,n,D,VIIRS_SNPP_NRT,1
67.218,95.4438,2026-07-30T03:21:00Z,4.24,N,n,D,VIIRS_SNPP_NRT,1
67.2168,95.4488,2026-07-30T03:21:00Z,10.28,N,h,D,VIIRS_SNPP_NRT,1
67.2146,95.4383,2026-07-30T03:21:00Z,4.24,N,n,D,VIIRS_SNPP_NRT,1
67.2137,95.4553,2026-07-30T03:21:00Z,11.27,N,n,D,VIIRS_SNPP_NRT,1
67.2134,95.4432,2026-07-30T03:21:00Z,10.28,N,n,D,VIIRS_SNPP_NRT,1
67.2663,92.0878,2026-07-30T03:21:00Z,3.7,N,n,D,VIIRS_SNPP_NRT,1
67.2103,95.4498,2026-07-30T03:21:00Z,11.27,N,n,D,VIIRS_SNPP_NRT,1
66.5058,95.1032,2026-07-30T03:21:00Z,4.74,N,n,D,VIIRS_SNPP_NRT,1
66.4775,95.0962,2026-07-30T03:21:00Z,11.19,N,n,D,VIIRS_SNPP_NRT,1
66.4738,95.1091,2026-07-30T03:21:00Z,5.23,N,n,D,VIIRS_SNPP_NRT,1
66.1871,94.2662,2026-07-30T03:21:00Z,7.26,N,n,D,VIIRS_SNPP_NRT,1
66.1858,94.2593,2026-07-30T03:21:00Z,5.11,N,n,D,VIIRS_SNPP_NRT,1
67.1937,92.7348,2026-07-30T03:21:00Z,6.4,N,n,D,VIIRS_SNPP_NRT,1
66.1839,94.2802,2026-07-30T03:21:00Z,4.98,N,n,D,VIIRS_SNPP_NRT,1
-4.1853,144.5647,2026-07-30T03:19:00Z,5.48,N20,n,D,VIIRS_NOAA20_NRT,1
-4.2611,144.4106,2026-07-30T03:19:00Z,4.26,N20,n,D,VIIRS_NOAA20_NRT,1
-4.2238,142.6362,2026-07-30T03:19:00Z,3.79,N20,n,D,VIIRS_NOAA20_NRT,1
-4.196,144.714,2026-07-30T03:19:00Z,2.65,N20,n,D,VIIRS_NOAA20_NRT,1
-4.1928,144.6625,2026-07-30T03:19:00Z,2.89,N20,n,D,VIIRS_NOAA20_NRT,1
-4.191,144.5622,2026-07-30T03:19:00Z,4.99,N20,n,D,VIIRS_NOAA20_NRT,1
-4.1858,144.5615,2026-07-30T03:19:00Z,4.99,N20,n,D,VIIRS_NOAA20_NRT,1
-4.1004,144.8146,2026-07-30T03:19:00Z,6.61,N20,h,D,VIIRS_NOAA20_NRT,1
-4.1456,144.0349,2026-07-30T03:19:00Z,9.18,N20,n,D,VIIRS_NOAA20_NRT,1
-4.1418,144.0348,2026-07-30T03:19:00Z,12.08,N20,h,D,VIIRS_NOAA20_NRT,1
-4.0999,144.8176,2026-07-30T03:19:00Z,5.36,N20,n,D,VIIRS_NOAA20_NRT,1
-4.0952,144.8139,2026-07-30T03:19:00Z,6.61,N20,n,D,VIIRS_NOAA20_NRT,1
-4.0948,144.8169,2026-07-30T03:19:00Z,5.36,N20,n,D,VIIRS_NOAA20_NRT,1
-4.2624,144.7302,2026-07-30T03:19:00Z,1.76,N20,n,D,VIIRS_NOAA20_NRT,1
-4.0529,144.0642,2026-07-30T03:19:00Z,3.55,N20,n,D,VIIRS_NOAA20_NRT,1
-4.3668,144.9823,2026-07-30T03:19:00Z,3.37,N20,n,D,VIIRS_NOAA20_NRT,1
-4.2858,143.0432,2026-07-30T03:19:00Z,3.07,N20,n,D,VIIRS_NOAA20_NRT,1
-4.3719,144.9829,2026-07-30T03:19:00Z,18.77,N20,h,D,VIIRS_NOAA20_NRT,1
-4.3962,144.7395,2026-07-30T03:19:00Z,2.73,N20,n,D,VIIRS_NOAA20_NRT,1
-4.3818,144.8771,2026-07-30T03:19:00Z,2.27,N20,n,D,VIIRS_NOAA20_NRT,1
-4.3766,144.9866,2026-07-30T03:19:00Z,5.36,N20,n,D,VIIRS_NOAA20_NRT,1
-4.3742,144.745,2026-07-30T03:19:00Z,2.35,N20,n,D,VIIRS_NOAA20_NRT,1
-4.3728,144.9769,2026-07-30T03:19:00Z,20.04,N20,n,D,VIIRS_NOAA20_NRT,1
-4.3723,144.9799,2026-07-30T03:19:00Z,18.77,N20,h,D,VIIRS_NOAA20_NRT,1
-4.3715,144.9859,2026-07-30T03:19:00Z,5.36,N20,n,D,VIIRS_NOAA20_NRT,1
-4.2899,143.2243,2026-07-30T03:19:00Z,4.2,N20,n,D,VIIRS_NOAA20_NRT,1
-4.0522,143.0594,2026-07-30T03:19:00Z,6.26,N20,n,D,VIIRS_NOAA20_NRT,1
-4.3652,144.8833,2026-07-30T03:19:00Z,4.89,N20,n,D,VIIRS_NOAA20_NRT,1
-4.3499,144.8433,2026-07-30T03:19:00Z,3.8,N20,n,D,VIIRS_NOAA20_NRT,1
-4.3477,144.8423,2026-07-30T03:19:00Z,3.5,N20,n,D,VIIRS_NOAA20_NRT,1
-4.3029,144.7884,2026-07-30T03:19:00Z,4.98,N20,n,D,VIIRS_NOAA20_NRT,1
-4.2978,144.7876,2026-07-30T03:19:00Z,2.57,N20,n,D,VIIRS_NOAA20_NRT,1
-4.0527,143.0586,2026-07-30T03:19:00Z,5.01,N20,n,D,VIIRS_NOAA20_NRT,1
-4.0156,143.4912,2026-07-30T03:19:00Z,15.14,N20,h,D,VIIRS_NOAA20_NRT,1
-4.0379,143.9347,2026-07-30T03:19:00Z,2.0,N20,n,D,VIIRS_NOAA20_NRT,1
-3.0348,151.5974,2026-07-30T03:19:00Z,2.9,N20,n,D,VIIRS_NOAA20_NRT,1
-3.7748,143.4155,2026-07-30T03:19:00Z,9.65,N20,n,D,VIIRS_NOAA20_NRT,1
-3.7745,142.5605,2026-07-30T03:19:00Z,3.95,N20,n,D,VIIRS_NOAA20_NRT,1
-3.7743,143.4193,2026-07-30T03:19:00Z,9.65,N20,n,D,VIIRS_NOAA20_NRT,1
-3.3215,142.7823,2026-07-30T03:19:00Z,8.12,N20,l,D,VIIRS_NOAA20_NRT,1
-3.3209,142.7865,2026-07-30T03:19:00Z,8.12,N20,n,D,VIIRS_NOAA20_NRT,1
-3.1579,151.662,2026-07-30T03:19:00Z,15.43,N20,n,D,VIIRS_NOAA20_NRT,1
-2.8664,151.1797,2026-07-30T03:19:00Z,14.04,N20,n,D,VIIRS_NOAA20_NRT,1
-4.0364,143.935,2026-07-30T03:19:00Z,4.75,N20,n,D,VIIRS_NOAA20_NRT,1
-2.863,151.1792,2026-07-30T03:19:00Z,4.95,N20,n,D,VIIRS_NOAA20_NRT,1
-2.8624,151.1829,2026-07-30T03:19:00Z,4.88,N20,n,D,VIIRS_NOAA20_NRT,1
-2.7612,151.9963,2026-07-30T03:19:00Z,3.62,N20,n,D,VIIRS_NOAA20_NRT,1
-2.6431,151.9525,2026-07-30T03:19:00Z,11.28,N20,n,D,VIIRS_NOAA20_NRT,1
-2.0173,147.1722,2026-07-30T03:19:00Z,3.53,N20,n,D,VIIRS_NOAA20_NRT,1
64.3192,108.8501,2026-07-30T03:19:00Z,5.14,N,n,D,VIIRS_SNPP_NRT,1
-3.7799,143.42,2026-07-30T03:19:00Z,9.65,N20,n,D,VIIRS_NOAA20_NRT,1
-3.974,143.5163,2026-07-30T03:19:00Z,6.22,N20,n,D,VIIRS_NOAA20_NRT,1
-3.9954,142.8341,2026-07-30T03:19:00Z,5.68,N20,n,D,VIIRS_NOAA20_NRT,1
-3.9959,142.836,2026-07-30T03:19:00Z,7.29,N20,n,D,VIIRS_NOAA20_NRT,1
-4.01,143.4904,2026-07-30T03:19:00Z,7.69,N20,n,D,VIIRS_NOAA20_NRT,1
-4.0105,143.4866,2026-07-30T03:19:00Z,7.69,N20,h,D,VIIRS_NOAA20_NRT,1
-4.012,143.4909,2026-07-30T03:19:00Z,24.04,N20,n,D,VIIRS_NOAA20_NRT,1
-4.0126,143.4871,2026-07-30T03:19:00Z,24.04,N20,n,D,VIIRS_NOAA20_NRT,1
-4.0132,143.4833,2026-07-30T03:19:00Z,16.02,N20,n,D,VIIRS_NOAA20_NRT,1
-4.0139,143.624,2026-07-30T03:19:00Z,3.94,N20,n,D,VIIRS_NOAA20_NRT,1
-4.0161,143.4875,2026-07-30T03:19:00Z,15.14,N20,n,D,VIIRS_NOAA20_NRT,1
-4.0166,143.4837,2026-07-30T03:19:00Z,7.8,N20,n,D,VIIRS_NOAA20_NRT,1
-4.017,143.0586,2026-07-30T03:19:00Z,3.51,N20,n,D,VIIRS_NOAA20_NRT,1
-4.0228,143.0594,2026-07-30T03:19:00Z,3.51,N20,n,D,VIIRS_NOAA20_NRT,1
-4.031,143.9343,2026-07-30T03:19:00Z,4.75,N20,n,D,VIIRS_NOAA20_NRT,1
-4.0315,143.9307,2026-07-30T03:19:00Z,8.41,N20,l,D,VIIRS_NOAA20_NRT,1
-4.032,143.9272,2026-07-30T03:19:00Z,8.41,N20,n,D,VIIRS_NOAA20_NRT,1
-3.9734,143.5201,2026-07-30T03:19:00Z,6.19,N20,n,D,VIIRS_NOAA20_NRT,1
64.3172,108.6276,2026-07-30T03:19:00Z,5.51,N,n,D,VIIRS_SNPP_NRT,1
64.7378,109.8864,2026-07-30T03:19:00Z,8.48,N,n,D,VIIRS_SNPP_NRT,1
64.7992,109.8229,2026-07-30T03:19:00Z,5.25,N,h,D,VIIRS_SNPP_NRT,1
64.8016,109.8288,2026-07-30T03:19:00Z,9.56,N,n,D,VIIRS_SNPP_NRT,1
64.803,109.8139,2026-07-30T03:19:00Z,4.69,N,n,D,VIIRS_SNPP_NRT,1
64.8038,109.8285,2026-07-30T03:19:00Z,9.86,N,n,D,VIIRS_SNPP_NRT,1
64.8044,109.9951,2026-07-30T03:19:00Z,13.91,N,n,D,VIIRS_SNPP_NRT,1
64.8053,109.8196,2026-07-30T03:19:00Z,8.06,N,h,D,VIIRS_SNPP_NRT,1
64.8061,109.981,2026-07-30T03:19:00Z,11.22,N,n,D,VIIRS_SNPP_NRT,1
64.8077,109.8254,2026-07-30T03:19:00Z,8.06,N,n,D,VIIRS_SNPP_NRT,1
64.8084,109.9866,2026-07-30T03:19:00Z,13.91,N,h,D,VIIRS_SNPP_NRT,1
64.809,110.0064,2026-07-30T03:19:00Z,9.52,N,h,D,VIIRS_SNPP_NRT,1
64.8091,109.8106,2026-07-30T03:19:00Z,8.06,N,n,D,VIIRS_SNPP_NRT,1
64.8114,109.8163,2026-07-30T03:19:00Z,8.06,N,h,D,VIIRS_SNPP_NRT,1
64.8129,109.9979,2026-07-30T03:19:00Z,9.52,N,h,D,VIIRS_SNPP_NRT,1
64.8138,109.8219,2026-07-30T03:19:00Z,12.32,N,n,D,VIIRS_SNPP_NRT,1
64.8152,110.0034,2026-07-30T03:19:00Z,9.52,N,h,D,VIIRS_SNPP_NRT,1
64.8154,109.8077,2026-07-30T03:19:00Z,2.11,N,n,D,VIIRS_SNPP_NRT,1
64.8174,110.009,2026-07-30T03:19:00Z,11.2,N,n,D,VIIRS_SNPP_NRT,1
64.8192,109.9949,2026-07-30T03:19:00Z,6.63,N,n,D,VIIRS_SNPP_NRT,1
64.8214,110.0004,2026-07-30T03:19:00Z,5.01,N,n,D,VIIRS_SNPP_NRT,1
64.8749,110.4245,2026-07-30T03:19:00Z,3.7,N,n,D,VIIRS_SNPP_NRT,1
64.8754,110.4239,2026-07-30T03:19:00Z,4.52,N,n,D,VIIRS_SNPP_NRT,1
64.8771,110.4299,2026-07-30T03:19:00Z,9.73,N,n,D,VIIRS_SNPP_NRT,1
64.8776,110.4294,2026-07-30T03:19:00Z,4.52,N,n,D,VIIRS_SNPP_NRT,1
64.8788,110.416,2026-07-30T03:19:00Z,3.7,N,n,D,VIIRS_SNPP_NRT,1
64.8793,110.4154,2026-07-30T03:19:00Z,4.52,N,n,D,VIIRS_SNPP_NRT,1
64.8815,110.4408,2026-07-30T03:19:00Z,4.65,N,n,D,VIIRS_SNPP_NRT,1
64.8014,109.8226,2026-07-30T03:19:00Z,6.01,N,h,D,VIIRS_SNPP_NRT,1
64.7976,109.8317,2026-07-30T03:19:00Z,6.01,N,n,D,VIIRS_SNPP_NRT,1
65.9737,117.749,2026-07-30T03:19:00Z,8.25,N,n,D,VIIRS_SNPP_NRT,1
64.7957,109.9188,2026-07-30T03:19:00Z,4.58,N,n,D,VIIRS_SNPP_NRT,1
64.7781,109.8937,2026-07-30T03:19:00Z,5.66,N,n,D,VIIRS_SNPP_NRT,1
64.7793,109.8601,2026-07-30T03:19:00Z,3.98,N,n,D,VIIRS_SNPP_NRT,1
64.7804,109.8995,2026-07-30T03:19:00Z,5.45,N,n,D,VIIRS_SNPP_NRT,1
64.7809,109.9189,2026-07-30T03:19:00Z,8.47,N,n,D,VIIRS_SNPP_NRT,1
64.7812,109.8464,2026-07-30T03:19:00Z,6.11,N,n,D,VIIRS_SNPP_NRT,1
64.7816,109.8656,2026-07-30T03:19:00Z,3.98,N,l,D,VIIRS_SNPP_NRT,1
64.7827,109.9051,2026-07-30T03:19:00Z,5.45,N,n,D,VIIRS_SNPP_NRT,1
64.7831,109.9245,2026-07-30T03:19:00Z,8.47,N,h,D,VIIRS_SNPP_NRT,1
64.7835,109.8521,2026-07-30T03:19:00Z,3.98,N,n,D,VIIRS_SNPP_NRT,1
64.7849,109.9106,2026-07-30T03:19:00Z,7.51,N,n,D,VIIRS_SNPP_NRT,1
64.7853,109.8439,2026-07-30T03:19:00Z,5.16,N,n,D,VIIRS_SNPP_NRT,1
64.7857,109.8576,2026-07-30T03:19:00Z,3.98,N,n,D,VIIRS_SNPP_NRT,1
64.7876,109.8438,2026-07-30T03:19:00Z,6.77,N,h,D,VIIRS_SNPP_NRT,1
64.7876,109.8495,2026-07-30T03:19:00Z,5.16,N,n,D,VIIRS_SNPP_NRT,1
64.788,109.863,2026-07-30T03:19:00Z,8.35,N,n,D,VIIRS_SNPP_NRT,1
64.7892,109.8352,2026-07-30T03:19:00Z,5.16,N,h,D,VIIRS_SNPP_NRT,1
64.7899,109.855,2026-07-30T03:19:00Z,7.91,N,l,D,VIIRS_SNPP_NRT,1
64.7914,109.8349,2026-07-30T03:19:00Z,6.77,N,n,D,VIIRS_SNPP_NRT,1
64.7916,109.841,2026-07-30T03:19:00Z,5.16,N,n,D,VIIRS_SNPP_NRT,1
64.7917,109.9272,2026-07-30T03:19:00Z,4.58,N,n,D,VIIRS_SNPP_NRT,1
64.7929,109.82,2026-07-30T03:19:00Z,3.62,N,n,D,VIIRS_SNPP_NRT,1
64.793,109.8262,2026-07-30T03:19:00Z,5.25,N,n,D,VIIRS_SNPP_NRT,1
64.7938,109.8407,2026-07-30T03:19:00Z,6.77,N,n,D,VIIRS_SNPP_NRT,1
64.7952,109.8258,2026-07-30T03:19:00Z,6.01,N,n,D,VIIRS_SNPP_NRT,1
64.7954,109.8319,2026-07-30T03:19:00Z,5.25,N,n,D,VIIRS_SNPP_NRT,1
64.882,110.4403,2026-07-30T03:19:00Z,7.67,N,n,D,VIIRS_SNPP_NRT,1
64.8882,110.4376,2026-07-30T03:19:00Z,4.97,N,n,D,VIIRS_SNPP_NRT,1
64.8899,110.4237,2026-07-30T03:19:00Z,4.63,N,n,D,VIIRS_SNPP_NRT,1
64.8917,110.43,2026-07-30T03:19:00Z,4.39,N,n,D,VIIRS_SNPP_NRT,1
65.1152,109.1382,2026-07-30T03:19:00Z,6.18,N,l,D,VIIRS_SNPP_NRT,1
65.5733,113.2334,2026-07-30T03:19:00Z,7.96,N,n,D,VIIRS_SNPP_NRT,1
65.577,113.2259,2026-07-30T03:19:00Z,5.31,N,n,D,VIIRS_SNPP_NRT,1
65.8449,113.4057,2026-07-30T03:19:00Z,23.9,N,n,D,VIIRS_SNPP_NRT,1
65.8454,113.414,2026-07-30T03:19:00Z,25.0,N,n,D,VIIRS_SNPP_NRT,1
65.8468,117.8031,2026-07-30T03:19:00Z,3.53,N,n,D,VIIRS_SNPP_NRT,1
65.8481,113.415,2026-07-30T03:19:00Z,23.9,N,h,D,VIIRS_SNPP_NRT,1
65.8487,113.3987,2026-07-30T03:19:00Z,23.9,N,n,D,VIIRS_SNPP_NRT,1
65.8492,113.407,2026-07-30T03:19:00Z,25.0,N,n,D,VIIRS_SNPP_NRT,1
65.852,113.408,2026-07-30T03:19:00Z,23.9,N,h,D,VIIRS_SNPP_NRT,1
65.8525,113.4163,2026-07-30T03:19:00Z,25.0,N,n,D,VIIRS_SNPP_NRT,1
65.8531,113.4002,2026-07-30T03:19:00Z,25.21,N,n,D,VIIRS_SNPP_NRT,1
65.8558,113.4012,2026-07-30T03:19:00Z,18.74,N,h,D,VIIRS_SNPP_NRT,1
65.8563,113.4094,2026-07-30T03:19:00Z,25.21,N,n,D,VIIRS_SNPP_NRT,1
65.9606,117.7234,2026-07-30T03:19:00Z,11.82,N,n,D,VIIRS_SNPP_NRT,1
65.963,117.7314,2026-07-30T03:19:00Z,11.82,N,n,D,VIIRS_SNPP_NRT,1
65.9641,117.717,2026-07-30T03:19:00Z,24.97,N,n,D,VIIRS_SNPP_NRT,1
65.9665,117.725,2026-07-30T03:19:00Z,24.97,N,n,D,VIIRS_SNPP_NRT,1
65.9675,117.7107,2026-07-30T03:19:00Z,24.97,N,n,D,VIIRS_SNPP_NRT,1
65.9686,117.6965,2026-07-30T03:19:00Z,6.48,N,n,D,VIIRS_SNPP_NRT,1
65.9689,117.7331,2026-07-30T03:19:00Z,8.01,N,n,D,VIIRS_SNPP_NRT,1
65.9697,117.6825,2026-07-30T03:19:00Z,6.48,N,n,D,VIIRS_SNPP_NRT,1
65.9699,117.7187,2026-07-30T03:19:00Z,24.97,N,n,D,VIIRS_SNPP_NRT,1
65.9713,117.7411,2026-07-30T03:19:00Z,8.01,N,n,D,VIIRS_SNPP_NRT,1
65.972,117.6903,2026-07-30T03:19:00Z,6.48,N,n,D,VIIRS_SNPP_NRT,1
64.9461,110.1466,2026-07-30T03:19:00Z,3.28,N,n,D,VIIRS_SNPP_NRT,1
64.9444,110.1606,2026-07-30T03:19:00Z,3.28,N,n,D,VIIRS_SNPP_NRT,1
64.9399,110.1855,2026-07-30T03:19:00Z,4.78,N,n,D,VIIRS_SNPP_NRT,1
64.8996,110.4132,2026-07-30T03:19:00Z,4.08,N,n,D,VIIRS_SNPP_NRT,1
64.8922,110.4296,2026-07-30T03:19:00Z,6.28,N,n,D,VIIRS_SNPP_NRT,1
64.8934,110.4158,2026-07-30T03:19:00Z,4.39,N,n,D,VIIRS_SNPP_NRT,1
64.8938,110.4153,2026-07-30T03:19:00Z,4.63,N,n,D,VIIRS_SNPP_NRT,1
64.8943,110.3819,2026-07-30T03:19:00Z,5.65,N,n,D,VIIRS_SNPP_NRT,1
64.895,110.4019,2026-07-30T03:19:00Z,3.44,N,n,D,VIIRS_SNPP_NRT,1
64.8956,110.4215,2026-07-30T03:19:00Z,4.39,N,n,D,VIIRS_SNPP_NRT,1
64.8961,110.421,2026-07-30T03:19:00Z,6.28,N,n,D,VIIRS_SNPP_NRT,1
64.8966,110.3877,2026-07-30T03:19:00Z,3.44,N,n,D,VIIRS_SNPP_NRT,1
64.8973,110.4075,2026-07-30T03:19:00Z,4.08,N,n,D,VIIRS_SNPP_NRT,1
64.8982,110.3733,2026-07-30T03:19:00Z,2.82,N,n,D,VIIRS_SNPP_NRT,1
64.899,110.3934,2026-07-30T03:19:00Z,3.44,N,n,D,VIIRS_SNPP_NRT,1
64.9005,110.3791,2026-07-30T03:19:00Z,8.4,N,n,D,VIIRS_SNPP_NRT,1
64.9388,110.1833,2026-07-30T03:19:00Z,4.92,N,n,D,VIIRS_SNPP_NRT,1
64.9028,110.3848,2026-07-30T03:19:00Z,8.4,N,h,D,VIIRS_SNPP_NRT,1
64.9051,110.3906,2026-07-30T03:19:00Z,14.5,N,n,D,VIIRS_SNPP_NRT,1
64.9112,110.3876,2026-07-30T03:19:00Z,14.5,N,h,D,VIIRS_SNPP_NRT,1
64.9134,110.3931,2026-07-30T03:19:00Z,15.17,N,h,D,VIIRS_SNPP_NRT,1
64.9151,110.379,2026-07-30T03:19:00Z,7.51,N,n,D,VIIRS_SNPP_NRT,1
64.9161,110.3452,2026-07-30T03:19:00Z,5.04,N,n,D,VIIRS_SNPP_NRT,1
64.9172,110.3844,2026-07-30T03:19:00Z,12.88,N,h,D,VIIRS_SNPP_NRT,1
64.9189,110.3703,2026-07-30T03:19:00Z,7.51,N,n,D,VIIRS_SNPP_NRT,1
64.9205,110.3562,2026-07-30T03:19:00Z,4.44,N,n,D,VIIRS_SNPP_NRT,1
64.9289,110.0131,2026-07-30T03:19:00Z,7.37,N,n,D,VIIRS_SNPP_NRT,1
64.935,110.1918,2026-07-30T03:19:00Z,7.49,N,n,D,VIIRS_SNPP_NRT,1
64.777,109.8545,2026-07-30T03:19:00Z,6.11,N,n,D,VIIRS_SNPP_NRT,1
64.7747,109.8488,2026-07-30T03:19:00Z,6.11,N,n,D,VIIRS_SNPP_NRT,1
64.7729,109.8628,2026-07-30T03:19:00Z,6.73,N,h,D,VIIRS_SNPP_NRT,1
64.7092,109.9813,2026-07-30T03:19:00Z,12.49,N,h,D,VIIRS_SNPP_NRT,1
64.6958,109.9581,2026-07-30T03:19:00Z,6.45,N,n,D,VIIRS_SNPP_NRT,1
64.6964,109.9682,2026-07-30T03:19:00Z,10.44,N,h,D,VIIRS_SNPP_NRT,1
64.6966,109.9786,2026-07-30T03:19:00Z,12.35,N,n,D,VIIRS_SNPP_NRT,1
64.697,110.2358,2026-07-30T03:19:00Z,12.53,N,h,D,VIIRS_SNPP_NRT,1
64.6977,109.9532,2026-07-30T03:19:00Z,5.41,N,n,D,VIIRS_SNPP_NRT,1
64.6981,109.9639,2026-07-30T03:19:00Z,12.35,N,h,D,VIIRS_SNPP_NRT,1
64.6986,109.9737,2026-07-30T03:19:00Z,24.4,N,n,D,VIIRS_SNPP_NRT,1
64.6988,109.984,2026-07-30T03:19:00Z,10.91,N,n,D,VIIRS_SNPP_NRT,1
64.699,109.9381,2026-07-30T03:19:00Z,1.91,N,n,D,VIIRS_SNPP_NRT,1
64.6993,110.2414,2026-07-30T03:19:00Z,8.01,N,n,D,VIIRS_SNPP_NRT,1
64.7,109.9589,2026-07-30T03:19:00Z,5.41,N,n,D,VIIRS_SNPP_NRT,1
64.7004,109.9694,2026-07-30T03:19:00Z,12.35,N,n,D,VIIRS_SNPP_NRT,1
64.7008,109.9791,2026-07-30T03:19:00Z,24.4,N,h,D,VIIRS_SNPP_NRT,1
64.7009,110.0625,2026-07-30T03:19:00Z,4.39,N,n,D,VIIRS_SNPP_NRT,1
64.7016,110.247,2026-07-30T03:19:00Z,8.01,N,n,D,VIIRS_SNPP_NRT,1
64.7017,109.9544,2026-07-30T03:19:00Z,4.38,N,n,D,VIIRS_SNPP_NRT,1
64.7023,109.9644,2026-07-30T03:19:00Z,4.3,N,n,D,VIIRS_SNPP_NRT,1
64.7026,109.9748,2026-07-30T03:19:00Z,10.91,N,n,D,VIIRS_SNPP_NRT,1
64.7046,109.9699,2026-07-30T03:19:00Z,4.3,N,n,D,VIIRS_SNPP_NRT,1
64.7048,109.9804,2026-07-30T03:19:00Z,10.91,N,n,D,VIIRS_SNPP_NRT,1
64.7054,110.2383,2026-07-30T03:19:00Z,8.01,N,n,D,VIIRS_SNPP_NRT,1
64.7055,109.9452,2026-07-30T03:19:00Z,4.38,N,n,D,VIIRS_SNPP_NRT,1
64.7069,109.9755,2026-07-30T03:19:00Z,12.49,N,n,D,VIIRS_SNPP_NRT,1
64.7071,109.9861,2026-07-30T03:19:00Z,11.7,N,h,D,VIIRS_SNPP_NRT,1
64.7077,110.2438,2026-07-30T03:19:00Z,14.78,N,n,D,VIIRS_SNPP_NRT,1
64.6947,110.2301,2026-07-30T03:19:00Z,12.53,N,n,D,VIIRS_SNPP_NRT,1
64.6944,109.973,2026-07-30T03:19:00Z,12.35,N,h,D,VIIRS_SNPP_NRT,1
64.694,109.9625,2026-07-30T03:19:00Z,10.44,N,n,D,VIIRS_SNPP_NRT,1
64.3491,108.7382,2026-07-30T03:19:00Z,3.1,N,n,D,VIIRS_SNPP_NRT,1
64.3198,108.6337,2026-07-30T03:19:00Z,9.74,N,n,D,VIIRS_SNPP_NRT,1
64.326,108.8477,2026-07-30T03:19:00Z,5.67,N,n,D,VIIRS_SNPP_NRT,1
64.3294,108.6374,2026-07-30T03:19:00Z,6.67,N,h,D,VIIRS_SNPP_NRT,1
64.332,108.6434,2026-07-30T03:19:00Z,6.67,N,n,D,VIIRS_SNPP_NRT,1
64.3326,108.8444,2026-07-30T03:19:00Z,5.67,N,n,D,VIIRS_SNPP_NRT,1
64.3339,108.829,2026-07-30T03:19:00Z,3.97,N,n,D,VIIRS_SNPP_NRT,1
64.3362,108.8343,2026-07-30T03:19:00Z,3.97,N,n,D,VIIRS_SNPP_NRT,1
64.3374,108.8186,2026-07-30T03:19:00Z,3.97,N,n,D,VIIRS_SNPP_NRT,1
64.3386,108.8029,2026-07-30T03:19:00Z,3.98,N,n,D,VIIRS_SNPP_NRT,1
64.3409,108.7929,2026-07-30T03:19:00Z,6.35,N,n,D,VIIRS_SNPP_NRT,1
64.3425,108.7936,2026-07-30T03:19:00Z,3.98,N,n,D,VIIRS_SNPP_NRT,1
64.3507,108.7386,2026-07-30T03:19:00Z,4.24,N,n,D,VIIRS_SNPP_NRT,1
64.6931,110.2443,2026-07-30T03:19:00Z,7.41,N,h,D,VIIRS_SNPP_NRT,1
64.3514,108.7804,2026-07-30T03:19:00Z,3.53,N,n,D,VIIRS_SNPP_NRT,1
64.3517,108.7442,2026-07-30T03:19:00Z,3.1,N,n,D,VIIRS_SNPP_NRT,1
64.353,108.7811,2026-07-30T03:19:00Z,5.76,N,n,D,VIIRS_SNPP_NRT,1
64.354,108.7863,2026-07-30T03:19:00Z,3.53,N,n,D,VIIRS_SNPP_NRT,1
64.3543,108.7502,2026-07-30T03:19:00Z,2.85,N,n,D,VIIRS_SNPP_NRT,1
64.3554,108.7712,2026-07-30T03:19:00Z,3.53,N,n,D,VIIRS_SNPP_NRT,1
64.3569,108.7561,2026-07-30T03:19:00Z,2.85,N,n,D,VIIRS_SNPP_NRT,1
64.3569,108.7718,2026-07-30T03:19:00Z,4.09,N,n,D,VIIRS_SNPP_NRT,1
64.6875,110.2123,2026-07-30T03:19:00Z,4.76,N,n,D,VIIRS_SNPP_NRT,1
64.6899,110.2182,2026-07-30T03:19:00Z,9.28,N,n,D,VIIRS_SNPP_NRT,1
64.6916,110.2041,2026-07-30T03:19:00Z,4.76,N,l,D,VIIRS_SNPP_NRT,1
64.7086,109.9713,2026-07-30T03:19:00Z,7.29,N,n,D,VIIRS_SNPP_NRT,1
64.7094,109.9917,2026-07-30T03:19:00Z,11.7,N,h,D,VIIRS_SNPP_NRT,1
64.7706,109.8569,2026-07-30T03:19:00Z,6.73,N,n,D,VIIRS_SNPP_NRT,1
64.7097,110.0658,2026-07-30T03:19:00Z,4.18,N,n,D,VIIRS_SNPP_NRT,1
64.7297,109.9034,2026-07-30T03:19:00Z,44.86,N,h,D,VIIRS_SNPP_NRT,1
64.7306,109.8691,2026-07-30T03:19:00Z,5.35,N,n,D,VIIRS_SNPP_NRT,1
64.7312,110.3201,2026-07-30T03:19:00Z,20.35,N,h,D,VIIRS_SNPP_NRT,1
64.7314,109.8892,2026-07-30T03:19:00Z,16.45,N,n,D,VIIRS_SNPP_NRT,1
64.7328,110.3056,2026-07-30T03:19:00Z,16.89,N,h,D,VIIRS_SNPP_NRT,1
64.733,109.875,2026-07-30T03:19:00Z,16.45,N,n,D,VIIRS_SNPP_NRT,1
64.7338,109.895,2026-07-30T03:19:00Z,8.48,N,h,D,VIIRS_SNPP_NRT,1
64.7351,110.3114,2026-07-30T03:19:00Z,20.35,N,n,D,VIIRS_SNPP_NRT,1
64.7366,110.2969,2026-07-30T03:19:00Z,4.44,N,n,D,VIIRS_SNPP_NRT,1
64.7397,110.3228,2026-07-30T03:19:00Z,4.61,N,n,D,VIIRS_SNPP_NRT,1
64.74,109.892,2026-07-30T03:19:00Z,8.48,N,n,D,VIIRS_SNPP_NRT,1
64.7405,110.2882,2026-07-30T03:19:00Z,4.44,N,n,D,VIIRS_SNPP_NRT,1
64.7423,109.8976,2026-07-30T03:19:00Z,3.46,N,n,D,VIIRS_SNPP_NRT,1
64.7443,110.2795,2026-07-30T03:19:00Z,3.1,N,n,D,VIIRS_SNPP_NRT,1
64.7446,109.9032,2026-07-30T03:19:00Z,3.46,N,n,D,VIIRS_SNPP_NRT,1
64.7449,110.3539,2026-07-30T03:19:00Z,3.85,N,n,D,VIIRS_SNPP_NRT,1
64.7466,110.2852,2026-07-30T03:19:00Z,3.62,N,n,D,VIIRS_SNPP_NRT,1
64.7469,109.9087,2026-07-30T03:19:00Z,4.35,N,n,D,VIIRS_SNPP_NRT,1
64.7472,110.3596,2026-07-30T03:19:00Z,3.85,N,n,D,VIIRS_SNPP_NRT,1
64.7475,109.9285,2026-07-30T03:19:00Z,4.48,N,l,D,VIIRS_SNPP_NRT,1
64.749,110.291,2026-07-30T03:19:00Z,3.62,N,n,D,VIIRS_SNPP_NRT,1
64.7491,109.9142,2026-07-30T03:19:00Z,4.35,N,n,D,VIIRS_SNPP_NRT,1
64.7497,109.934,2026-07-30T03:19:00Z,4.48,N,n,D,VIIRS_SNPP_NRT,1
64.7514,109.9197,2026-07-30T03:19:00Z,4.48,N,n,D,VIIRS_SNPP_NRT,1
64.7534,110.3567,2026-07-30T03:19:00Z,2.92,N,l,D,VIIRS_SNPP_NRT,1
64.7291,109.8835,2026-07-30T03:19:00Z,16.45,N,h,D,VIIRS_SNPP_NRT,1
64.7289,110.3144,2026-07-30T03:19:00Z,16.89,N,n,D,VIIRS_SNPP_NRT,1
64.7267,109.8776,2026-07-30T03:19:00Z,5.35,N,n,D,VIIRS_SNPP_NRT,1
64.7177,109.9938,2026-07-30T03:19:00Z,8.09,N,n,D,VIIRS_SNPP_NRT,1
64.7099,110.2492,2026-07-30T03:19:00Z,14.78,N,n,D,VIIRS_SNPP_NRT,1
64.711,109.9771,2026-07-30T03:19:00Z,9.73,N,n,D,VIIRS_SNPP_NRT,1
64.7115,109.9868,2026-07-30T03:19:00Z,13.8,N,h,D,VIIRS_SNPP_NRT,1
64.7121,110.0718,2026-07-30T03:19:00Z,4.18,N,n,D,VIIRS_SNPP_NRT,1
64.7133,109.9829,2026-07-30T03:19:00Z,9.73,N,h,D,VIIRS_SNPP_NRT,1
64.7138,109.9923,2026-07-30T03:19:00Z,13.8,N,n,D,VIIRS_SNPP_NRT,1
64.7147,109.9032,2026-07-30T03:19:00Z,24.43,N,h,D,VIIRS_SNPP_NRT,1
64.7155,109.9883,2026-07-30T03:19:00Z,8.09,N,h,D,VIIRS_SNPP_NRT,1
64.7167,110.0832,2026-07-30T03:19:00Z,9.81,N,n,D,VIIRS_SNPP_NRT,1
64.717,109.9088,2026-07-30T03:19:00Z,66.39,N,l,D,VIIRS_SNPP_NRT,1
64.7176,109.9834,2026-07-30T03:19:00Z,13.8,N,n,D,VIIRS_SNPP_NRT,1
64.7183,110.2517,2026-07-30T03:19:00Z,11.97,N,n,D,VIIRS_SNPP_NRT,1
64.7244,110.2486,2026-07-30T03:19:00Z,12.49,N,h,D,VIIRS_SNPP_NRT,1
64.7186,109.8946,2026-07-30T03:19:00Z,9.22,N,n,D,VIIRS_SNPP_NRT,1
64.719,110.0887,2026-07-30T03:19:00Z,9.02,N,n,D,VIIRS_SNPP_NRT,1
64.7191,109.9688,2026-07-30T03:19:00Z,4.42,N,n,D,VIIRS_SNPP_NRT,1
64.7193,109.9793,2026-07-30T03:19:00Z,8.09,N,n,D,VIIRS_SNPP_NRT,1
64.7193,109.9146,2026-07-30T03:19:00Z,66.39,N,h,D,VIIRS_SNPP_NRT,1
64.7198,109.9888,2026-07-30T03:19:00Z,8.73,N,n,D,VIIRS_SNPP_NRT,1
64.7205,110.2572,2026-07-30T03:19:00Z,12.49,N,h,D,VIIRS_SNPP_NRT,1
64.7209,109.9002,2026-07-30T03:19:00Z,40.07,N,h,D,VIIRS_SNPP_NRT,1
64.7212,110.0942,2026-07-30T03:19:00Z,9.02,N,h,D,VIIRS_SNPP_NRT,1
64.7214,109.9745,2026-07-30T03:19:00Z,4.42,N,n,D,VIIRS_SNPP_NRT,1
64.7233,109.906,2026-07-30T03:19:00Z,40.07,N,n,D,VIIRS_SNPP_NRT,1
65.9732,117.6762,2026-07-30T03:19:00Z,9.69,N,n,D,VIIRS_SNPP_NRT,1
64.9266,110.0074,2026-07-30T03:19:00Z,3.56,N,n,D,VIIRS_SNPP_NRT,1
65.9742,117.6621,2026-07-30T03:19:00Z,18.5,N,l,D,VIIRS_SNPP_NRT,1
66.5546,117.8914,2026-07-30T03:19:00Z,7.52,N,l,D,VIIRS_SNPP_NRT,1
66.5076,117.873,2026-07-30T03:19:00Z,7.47,N,n,D,VIIRS_SNPP_NRT,1
66.5098,117.8806,2026-07-30T03:19:00Z,4.95,N,n,D,VIIRS_SNPP_NRT,1
66.5289,117.8572,2026-07-30T03:19:00Z,2.81,N,n,D,VIIRS_SNPP_NRT,1
66.5312,117.8647,2026-07-30T03:19:00Z,11.79,N,n,D,VIIRS_SNPP_NRT,1
66.5334,117.8723,2026-07-30T03:19:00Z,11.79,N,n,D,VIIRS_SNPP_NRT,1
66.5356,117.8798,2026-07-30T03:19:00Z,6.48,N,n,D,VIIRS_SNPP_NRT,1
65.9759,117.5608,2026-07-30T03:19:00Z,3.47,N,n,D,VIIRS_SNPP_NRT,1
66.5412,117.8812,2026-07-30T03:19:00Z,6.19,N,n,D,VIIRS_SNPP_NRT,1
66.5436,117.8184,2026-07-30T03:19:00Z,3.83,N,n,D,VIIRS_SNPP_NRT,1
66.5458,117.826,2026-07-30T03:19:00Z,3.83,N,n,D,VIIRS_SNPP_NRT,1
66.5524,117.8839,2026-07-30T03:19:00Z,6.97,N,n,D,VIIRS_SNPP_NRT,1
66.5548,117.8211,2026-07-30T03:19:00Z,6.98,N,n,D,VIIRS_SNPP_NRT,1
66.5064,117.8868,2026-07-30T03:19:00Z,17.46,N,n,D,VIIRS_SNPP_NRT,1
66.557,117.864,2026-07-30T03:19:00Z,6.83,N,l,D,VIIRS_SNPP_NRT,1
66.5624,117.9004,2026-07-30T03:19:00Z,3.83,N,n,D,VIIRS_SNPP_NRT,1
66.5648,117.873,2026-07-30T03:19:00Z,6.92,N,h,D,VIIRS_SNPP_NRT,1
66.5658,117.8943,2026-07-30T03:19:00Z,6.52,N,n,D,VIIRS_SNPP_NRT,1
66.5659,117.8592,2026-07-30T03:19:00Z,6.21,N,n,D,VIIRS_SNPP_NRT,1
66.567,117.8806,2026-07-30T03:19:00Z,6.92,N,n,D,VIIRS_SNPP_NRT,1
66.5682,117.8668,2026-07-30T03:19:00Z,4.8,N,n,D,VIIRS_SNPP_NRT,1
66.5704,117.8744,2026-07-30T03:19:00Z,4.8,N,n,D,VIIRS_SNPP_NRT,1
64.3145,108.6216,2026-07-30T03:19:00Z,5.51,N,n,D,VIIRS_SNPP_NRT,1
64.3127,108.8534,2026-07-30T03:19:00Z,5.14,N,n,D,VIIRS_SNPP_NRT,1
64.3119,108.6155,2026-07-30T03:19:00Z,3.24,N,n,D,VIIRS_SNPP_NRT,1
66.5064,117.8516,2026-07-30T03:19:00Z,6.74,N,n,D,VIIRS_SNPP_NRT,1
66.5053,117.8654,2026-07-30T03:19:00Z,7.47,N,n,D,VIIRS_SNPP_NRT,1
66.4633,117.5999,2026-07-30T03:19:00Z,5.71,N,l,D,VIIRS_SNPP_NRT,1
66.4894,117.5992,2026-07-30T03:19:00Z,5.88,N,n,D,VIIRS_SNPP_NRT,1
66.4667,117.5936,2026-07-30T03:19:00Z,5.3,N,l,D,VIIRS_SNPP_NRT,1
66.4676,117.85,2026-07-30T03:19:00Z,3.77,N,l,D,VIIRS_SNPP_NRT,1
66.4698,117.8576,2026-07-30T03:19:00Z,3.77,N,l,D,VIIRS_SNPP_NRT,1
66.4701,117.5873,2026-07-30T03:19:00Z,5.3,N,n,D,VIIRS_SNPP_NRT,1
66.4724,117.595,2026-07-30T03:19:00Z,7.98,N,n,D,VIIRS_SNPP_NRT,1
66.4735,117.581,2026-07-30T03:19:00Z,5.63,N,n,D,VIIRS_SNPP_NRT,1
66.4758,117.5887,2026-07-30T03:19:00Z,10.09,N,h,D,VIIRS_SNPP_NRT,1
66.4814,117.5901,2026-07-30T03:19:00Z,10.09,N,n,D,VIIRS_SNPP_NRT,1
66.4837,117.5978,2026-07-30T03:19:00Z,4.88,N,n,D,VIIRS_SNPP_NRT,1
66.486,117.6055,2026-07-30T03:19:00Z,4.88,N,n,D,VIIRS_SNPP_NRT,1
66.4871,117.5915,2026-07-30T03:19:00Z,5.88,N,n,D,VIIRS_SNPP_NRT,1
66.4895,117.8473,2026-07-30T03:19:00Z,5.55,N,n,D,VIIRS_SNPP_NRT,1
66.5053,117.6529,2026-07-30T03:19:00Z,4.01,N,n,D,VIIRS_SNPP_NRT,1
66.4917,117.8549,2026-07-30T03:19:00Z,5.55,N,n,D,VIIRS_SNPP_NRT,1
66.4928,117.5928,2026-07-30T03:19:00Z,5.88,N,n,D,VIIRS_SNPP_NRT,1
66.495,117.6006,2026-07-30T03:19:00Z,6.32,N,n,D,VIIRS_SNPP_NRT,1
66.4951,117.8487,2026-07-30T03:19:00Z,5.55,N,l,D,VIIRS_SNPP_NRT,1
66.4996,117.6516,2026-07-30T03:19:00Z,8.74,N,n,D,VIIRS_SNPP_NRT,1
66.5008,117.8854,2026-07-30T03:19:00Z,30.65,N,n,D,VIIRS_SNPP_NRT,1
66.5019,117.6592,2026-07-30T03:19:00Z,7.03,N,n,D,VIIRS_SNPP_NRT,1
66.5019,117.8716,2026-07-30T03:19:00Z,30.65,N,n,D,VIIRS_SNPP_NRT,1
66.503,117.893,2026-07-30T03:19:00Z,17.46,N,n,D,VIIRS_SNPP_NRT,1
66.5031,117.8578,2026-07-30T03:19:00Z,6.74,N,h,D,VIIRS_SNPP_NRT,1
66.5042,117.8792,2026-07-30T03:19:00Z,30.65,N,h,D,VIIRS_SNPP_NRT,1
64.3102,108.8476,2026-07-30T03:19:00Z,6.08,N,n,D,VIIRS_SNPP_NRT,1
64.3078,108.6244,2026-07-30T03:19:00Z,7.59,N,n,D,VIIRS_SNPP_NRT,1
64.3051,108.6183,2026-07-30T03:19:00Z,7.59,N,n,D,VIIRS_SNPP_NRT,1
60.9202,112.1197,2026-07-30T03:19:00Z,7.98,N,n,D,VIIRS_SNPP_NRT,1
61.544,113.165,2026-07-30T03:19:00Z,12.23,N,n,D,VIIRS_SNPP_NRT,1
61.5414,113.1587,2026-07-30T03:19:00Z,10.96,N,n,D,VIIRS_SNPP_NRT,1
61.5396,113.173,2026-07-30T03:19:00Z,12.23,N,n,D,VIIRS_SNPP_NRT,1
61.537,113.1666,2026-07-30T03:19:00Z,10.96,N,n,D,VIIRS_SNPP_NRT,1
61.4633,113.0051,2026-07-30T03:19:00Z,4.67,N,n,D,VIIRS_SNPP_NRT,1
61.4072,112.8876,2026-07-30T03:19:00Z,20.24,N,h,D,VIIRS_SNPP_NRT,1
61.3502,112.8067,2026-07-30T03:19:00Z,68.49,N,h,D,VIIRS_SNPP_NRT,1
61.3475,112.8001,2026-07-30T03:19:00Z,140.29,N,l,D,VIIRS_SNPP_NRT,1
61.3457,112.8146,2026-07-30T03:19:00Z,68.49,N,n,D,VIIRS_SNPP_NRT,1
60.945,112.0228,2026-07-30T03:19:00Z,7.69,N,h,D,VIIRS_SNPP_NRT,1
60.9443,112.0229,2026-07-30T03:19:00Z,8.26,N,n,D,VIIRS_SNPP_NRT,1
60.4668,109.7193,2026-07-30T03:19:00Z,9.89,N,n,D,VIIRS_SNPP_NRT,1
64.3024,108.6121,2026-07-30T03:19:00Z,5.97,N,n,D,VIIRS_SNPP_NRT,1
60.1497,109.091,2026-07-30T03:19:00Z,18.06,N,l,D,VIIRS_SNPP_NRT,1
60.1456,109.0826,2026-07-30T03:19:00Z,11.4,N,n,D,VIIRS_SNPP_NRT,1
60.1447,109.1003,2026-07-30T03:19:00Z,18.06,N,n,D,VIIRS_SNPP_NRT,1
60.1407,109.092,2026-07-30T03:19:00Z,11.4,N,n,D,VIIRS_SNPP_NRT,1
59.8422,108.4034,2026-07-30T03:19:00Z,4.59,N,n,D,VIIRS_SNPP_NRT,1
59.8074,109.4337,2026-07-30T03:19:00Z,18.22,N,n,D,VIIRS_SNPP_NRT,1
59.8057,109.4245,2026-07-30T03:19:00Z,23.34,N,h,D,VIIRS_SNPP_NRT,1
59.8032,109.4248,2026-07-30T03:19:00Z,18.22,N,n,D,VIIRS_SNPP_NRT,1
59.7875,110.8709,2026-07-30T03:19:00Z,2.56,N,n,D,VIIRS_SNPP_NRT,1
59.7865,108.1951,2026-07-30T03:19:00Z,4.26,N,n,D,VIIRS_SNPP_NRT,1
59.7859,108.191,2026-07-30T03:19:00Z,4.77,N,n,D,VIIRS_SNPP_NRT,1
62.3501,113.7637,2026-07-30T03:19:00Z,7.78,N,h,D,VIIRS_SNPP_NRT,1
62.3524,113.7695,2026-07-30T03:19:00Z,7.78,N,n,D,VIIRS_SNPP_NRT,1
62.3533,113.6972,2026-07-30T03:19:00Z,39.45,N,n,D,VIIRS_SNPP_NRT,1
62.3538,113.6961,2026-07-30T03:19:00Z,36.92,N,h,D,VIIRS_SNPP_NRT,1
64.3003,108.6209,2026-07-30T03:19:00Z,5.19,N,n,D,VIIRS_SNPP_NRT,1
64.2984,108.6212,2026-07-30T03:19:00Z,5.97,N,n,D,VIIRS_SNPP_NRT,1
64.2976,108.6146,2026-07-30T03:19:00Z,5.19,N,n,D,VIIRS_SNPP_NRT,1
64.2899,108.7449,2026-07-30T03:19:00Z,2.41,N,n,D,VIIRS_SNPP_NRT,1
64.2831,108.7106,2026-07-30T03:19:00Z,5.86,N,n,D,VIIRS_SNPP_NRT,1
64.2806,108.7049,2026-07-30T03:19:00Z,5.86,N,n,D,VIIRS_SNPP_NRT,1
64.2782,108.6992,2026-07-30T03:19:00Z,4.75,N,n,D,VIIRS_SNPP_NRT,1
64.2765,108.7137,2026-07-30T03:19:00Z,4.41,N,n,D,VIIRS_SNPP_NRT,1
63.546,129.6704,2026-07-30T03:19:00Z,9.1,N,n,D,VIIRS_SNPP_NRT,1
63.5427,129.6739,2026-07-30T03:19:00Z,2.78,N,n,D,VIIRS_SNPP_NRT,1
63.4441,105.7071,2026-07-30T03:19:00Z,7.07,N,n,D,VIIRS_SNPP_NRT,1
63.4344,105.6875,2026-07-30T03:19:00Z,12.15,N,h,D,VIIRS_SNPP_NRT,1
63.4124,105.866,2026-07-30T03:19:00Z,8.81,N,h,D,VIIRS_SNPP_NRT,1
63.4089,105.8588,2026-07-30T03:19:00Z,8.81,N,n,D,VIIRS_SNPP_NRT,1
63.4084,105.6723,2026-07-30T03:19:00Z,4.84,N,n,D,VIIRS_SNPP_NRT,1
62.4993,113.9023,2026-07-30T03:19:00Z,5.54,N,h,D,VIIRS_SNPP_NRT,1
62.4476,113.6575,2026-07-30T03:19:00Z,4.04,N,n,D,VIIRS_SNPP_NRT,1
62.4434,113.6652,2026-07-30T03:19:00Z,4.04,N,n,D,VIIRS_SNPP_NRT,1
62.4069,113.5903,2026-07-30T03:19:00Z,2.95,N,n,D,VIIRS_SNPP_NRT,1
62.4046,113.5843,2026-07-30T03:19:00Z,3.73,N,n,D,VIIRS_SNPP_NRT,1
62.4026,113.5978,2026-07-30T03:19:00Z,2.95,N,n,D,VIIRS_SNPP_NRT,1
62.3995,113.3311,2026-07-30T03:19:00Z,2.95,N,n,D,VIIRS_SNPP_NRT,1
62.394,113.5015,2026-07-30T03:19:00Z,4.63,N,n,D,VIIRS_SNPP_NRT,1
66.4642,117.8562,2026-07-30T03:19:00Z,3.77,N,n,D,VIIRS_SNPP_NRT,1
66.539,117.8737,2026-07-30T03:19:00Z,6.19,N,n,D,VIIRS_SNPP_NRT,1
66.4609,117.8625,2026-07-30T03:19:00Z,8.57,N,n,D,VIIRS_SNPP_NRT,1
66.0251,117.8136,2026-07-30T03:19:00Z,30.16,N,l,D,VIIRS_SNPP_NRT,1
66.0088,117.7948,2026-07-30T03:19:00Z,19.84,N,l,D,VIIRS_SNPP_NRT,1
66.0112,117.8026,2026-07-30T03:19:00Z,8.37,N,n,D,VIIRS_SNPP_NRT,1
66.0123,117.7885,2026-07-30T03:19:00Z,19.84,N,n,D,VIIRS_SNPP_NRT,1
66.0146,117.7962,2026-07-30T03:19:00Z,8.37,N,n,D,VIIRS_SNPP_NRT,1
66.017,117.8042,2026-07-30T03:19:00Z,8.37,N,n,D,VIIRS_SNPP_NRT,1
66.0183,117.8262,2026-07-30T03:19:00Z,51.33,N,n,D,VIIRS_SNPP_NRT,1
66.0194,117.8121,2026-07-30T03:19:00Z,51.33,N,n,D,VIIRS_SNPP_NRT,1
66.0204,117.7979,2026-07-30T03:19:00Z,5.61,N,n,D,VIIRS_SNPP_NRT,1
66.0217,117.82,2026-07-30T03:19:00Z,51.33,N,h,D,VIIRS_SNPP_NRT,1
66.0228,117.8058,2026-07-30T03:19:00Z,30.16,N,n,D,VIIRS_SNPP_NRT,1
66.024,117.8278,2026-07-30T03:19:00Z,42.7,N,l,D,VIIRS_SNPP_NRT,1
66.0264,117.8355,2026-07-30T03:19:00Z,42.7,N,n,D,VIIRS_SNPP_NRT,1
66.0438,117.876,2026-07-30T03:19:00Z,27.26,N,n,D,VIIRS_SNPP_NRT,1
66.0275,117.8214,2026-07-30T03:19:00Z,19.5,N,l,D,VIIRS_SNPP_NRT,1
66.0287,117.8432,2026-07-30T03:19:00Z,6.45,N,n,D,VIIRS_SNPP_NRT,1
66.0298,117.8293,2026-07-30T03:19:00Z,19.5,N,h,D,VIIRS_SNPP_NRT,1
66.031,117.851,2026-07-30T03:19:00Z,6.45,N,n,D,VIIRS_SNPP_NRT,1
66.0321,117.837,2026-07-30T03:19:00Z,24.6,N,n,D,VIIRS_SNPP_NRT,1
66.0345,117.8448,2026-07-30T03:19:00Z,24.6,N,h,D,VIIRS_SNPP_NRT,1
66.0368,117.8526,2026-07-30T03:19:00Z,28.5,N,n,D,VIIRS_SNPP_NRT,1
66.0379,117.8386,2026-07-30T03:19:00Z,24.6,N,n,D,VIIRS_SNPP_NRT,1
66.0391,117.8603,2026-07-30T03:19:00Z,28.5,N,n,D,VIIRS_SNPP_NRT,1
66.0402,117.8463,2026-07-30T03:19:00Z,28.5,N,l,D,VIIRS_SNPP_NRT,1
66.0414,117.8682,2026-07-30T03:19:00Z,27.26,N,l,D,VIIRS_SNPP_NRT,1
66.0078,117.8089,2026-07-30T03:19:00Z,23.77,N,n,D,VIIRS_SNPP_NRT,1
66.0065,117.7871,2026-07-30T03:19:00Z,19.84,N,n,D,VIIRS_SNPP_NRT,1
66.0054,117.8012,2026-07-30T03:19:00Z,7.94,N,n,D,VIIRS_SNPP_NRT,1
66.0043,117.8152,2026-07-30T03:19:00Z,23.77,N,l,D,VIIRS_SNPP_NRT,1
65.9766,117.67,2026-07-30T03:19:00Z,9.69,N,n,D,VIIRS_SNPP_NRT,1
65.9774,117.779,2026-07-30T03:19:00Z,9.91,N,n,D,VIIRS_SNPP_NRT,1
65.9783,117.5688,2026-07-30T03:19:00Z,7.98,N,n,D,VIIRS_SNPP_NRT,1
65.9785,117.765,2026-07-30T03:19:00Z,2.67,N,n,D,VIIRS_SNPP_NRT,1
65.9788,117.6418,2026-07-30T03:19:00Z,12.65,N,n,D,VIIRS_SNPP_NRT,1
65.9798,117.7868,2026-07-30T03:19:00Z,10.15,N,n,D,VIIRS_SNPP_NRT,1
65.9807,117.5767,2026-07-30T03:19:00Z,7.98,N,n,D,VIIRS_SNPP_NRT,1
65.9809,117.7729,2026-07-30T03:19:00Z,2.67,N,l,D,VIIRS_SNPP_NRT,1
65.9821,117.7945,2026-07-30T03:19:00Z,10.15,N,n,D,VIIRS_SNPP_NRT,1
65.9844,117.8023,2026-07-30T03:19:00Z,5.73,N,n,D,VIIRS_SNPP_NRT,1
65.9859,117.6296,2026-07-30T03:19:00Z,6.41,N,n,D,VIIRS_SNPP_NRT,1
65.9868,117.8101,2026-07-30T03:19:00Z,5.73,N,n,D,VIIRS_SNPP_NRT,1
65.9869,117.6153,2026-07-30T03:19:00Z,7.73,N,n,D,VIIRS_SNPP_NRT,1
65.9891,117.8178,2026-07-30T03:19:00Z,15.79,N,n,D,VIIRS_SNPP_NRT,1
65.9903,117.804,2026-07-30T03:19:00Z,14.05,N,l,D,VIIRS_SNPP_NRT,1
65.9904,117.609,2026-07-30T03:19:00Z,7.73,N,n,D,VIIRS_SNPP_NRT,1
66.4586,117.8548,2026-07-30T03:19:00Z,9.35,N,n,D,VIIRS_SNPP_NRT,1
65.9938,117.7978,2026-07-30T03:19:00Z,14.05,N,n,D,VIIRS_SNPP_NRT,1
65.995,117.8196,2026-07-30T03:19:00Z,10.19,N,n,D,VIIRS_SNPP_NRT,1
65.9961,117.8056,2026-07-30T03:19:00Z,10.19,N,n,D,VIIRS_SNPP_NRT,1
65.9996,117.7996,2026-07-30T03:19:00Z,7.94,N,n,D,VIIRS_SNPP_NRT,1
66.002,117.8074,2026-07-30T03:19:00Z,7.94,N,l,D,VIIRS_SNPP_NRT,1
66.0031,117.7934,2026-07-30T03:19:00Z,7.94,N,n,D,VIIRS_SNPP_NRT,1
66.0426,117.8541,2026-07-30T03:19:00Z,28.5,N,l,D,VIIRS_SNPP_NRT,1
65.9915,117.8257,2026-07-30T03:19:00Z,15.79,N,n,D,VIIRS_SNPP_NRT,1
66.0449,117.862,2026-07-30T03:19:00Z,27.26,N,n,D,VIIRS_SNPP_NRT,1
66.4394,117.8784,2026-07-30T03:19:00Z,7.93,N,n,D,VIIRS_SNPP_NRT,1
66.1728,118.8527,2026-07-30T03:19:00Z,10.7,N,n,D,VIIRS_SNPP_NRT,1
66.4282,117.8755,2026-07-30T03:19:00Z,14.96,N,n,D,VIIRS_SNPP_NRT,1
66.4304,117.8832,2026-07-30T03:19:00Z,14.96,N,n,D,VIIRS_SNPP_NRT,1
66.4316,117.8693,2026-07-30T03:19:00Z,14.96,N,n,D,VIIRS_SNPP_NRT,1
66.4327,117.8554,2026-07-30T03:19:00Z,3.33,N,n,D,VIIRS_SNPP_NRT,1
66.4338,117.877,2026-07-30T03:19:00Z,14.96,N,h,D,VIIRS_SNPP_NRT,1
66.435,117.8631,2026-07-30T03:19:00Z,8.11,N,n,D,VIIRS_SNPP_NRT,1
66.4361,117.8846,2026-07-30T03:19:00Z,10.12,N,n,D,VIIRS_SNPP_NRT,1
66.4361,117.8492,2026-07-30T03:19:00Z,3.33,N,n,D,VIIRS_SNPP_NRT,1
66.4372,117.8707,2026-07-30T03:19:00Z,8.11,N,n,D,VIIRS_SNPP_NRT,1
66.4384,117.8569,2026-07-30T03:19:00Z,8.11,N,n,D,VIIRS_SNPP_NRT,1
66.4406,117.8645,2026-07-30T03:19:00Z,8.11,N,n,D,VIIRS_SNPP_NRT,1
66.1566,117.5664,2026-07-30T03:19:00Z,4.19,N,n,D,VIIRS_SNPP_NRT,1
66.4428,117.8722,2026-07-30T03:19:00Z,7.93,N,n,D,VIIRS_SNPP_NRT,1
66.4451,117.8798,2026-07-30T03:19:00Z,7.93,N,n,D,VIIRS_SNPP_NRT,1
66.4474,117.8521,2026-07-30T03:19:00Z,4.74,N,l,D,VIIRS_SNPP_NRT,1
66.4485,117.8736,2026-07-30T03:19:00Z,6.15,N,n,D,VIIRS_SNPP_NRT,1
66.4496,117.8597,2026-07-30T03:19:00Z,6.15,N,n,D,VIIRS_SNPP_NRT,1
66.4519,117.8674,2026-07-30T03:19:00Z,6.15,N,n,D,VIIRS_SNPP_NRT,1
66.453,117.818,2026-07-30T03:19:00Z,4.73,N,n,D,VIIRS_SNPP_NRT,1
66.4542,117.6047,2026-07-30T03:19:00Z,7.46,N,n,D,VIIRS_SNPP_NRT,1
66.4553,117.8611,2026-07-30T03:19:00Z,9.35,N,n,D,VIIRS_SNPP_NRT,1
66.4576,117.5984,2026-07-30T03:19:00Z,5.71,N,n,D,VIIRS_SNPP_NRT,1
66.0472,117.8698,2026-07-30T03:19:00Z,27.26,N,l,D,VIIRS_SNPP_NRT,1
66.1643,117.5035,2026-07-30T03:19:00Z,4.42,N,n,D,VIIRS_SNPP_NRT,1
66.4462,117.8659,2026-07-30T03:19:00Z,6.15,N,n,D,VIIRS_SNPP_NRT,1
66.1508,117.5648,2026-07-30T03:19:00Z,5.27,N,n,D,VIIRS_SNPP_NRT,1
66.1125,117.4036,2026-07-30T03:19:00Z,12.3,N,n,D,VIIRS_SNPP_NRT,1
66.0496,117.8776,2026-07-30T03:19:00Z,12.97,N,n,D,VIIRS_SNPP_NRT,1
66.1486,118.9284,2026-07-30T03:19:00Z,3.1,N,n,D,VIIRS_SNPP_NRT,1
66.053,117.8712,2026-07-30T03:19:00Z,4.88,N,n,D,VIIRS_SNPP_NRT,1
66.0544,118.9644,2026-07-30T03:19:00Z,1.79,N,n,D,VIIRS_SNPP_NRT,1
66.0566,118.972,2026-07-30T03:19:00Z,3.51,N,n,D,VIIRS_SNPP_NRT,1
66.0587,117.8726,2026-07-30T03:19:00Z,4.88,N,n,D,VIIRS_SNPP_NRT,1
66.0632,117.8523,2026-07-30T03:19:00Z,4.89,N,n,D,VIIRS_SNPP_NRT,1
66.0909,119.0023,2026-07-30T03:19:00Z,1.95,N,n,D,VIIRS_SNPP_NRT,1
66.1078,117.4234,2026-07-30T03:19:00Z,45.56,N,n,D,VIIRS_SNPP_NRT,1
66.109,117.4097,2026-07-30T03:19:00Z,45.56,N,h,D,VIIRS_SNPP_NRT,1
66.1114,117.4174,2026-07-30T03:19:00Z,45.56,N,n,D,VIIRS_SNPP_NRT,1
66.0598,117.8586,2026-07-30T03:19:00Z,4.89,N,n,D,VIIRS_SNPP_NRT,1
66.1172,117.4187,2026-07-30T03:19:00Z,4.73,N,n,D,VIIRS_SNPP_NRT,1
66.1385,119.0085,2026-07-30T03:19:00Z,7.71,N,n,D,VIIRS_SNPP_NRT,1
66.1452,118.9343,2026-07-30T03:19:00Z,5.9,N,n,D,VIIRS_SNPP_NRT,1
66.1473,117.5711,2026-07-30T03:19:00Z,5.28,N,l,D,VIIRS_SNPP_NRT,1
66.1183,117.4047,2026-07-30T03:19:00Z,12.3,N,n,D,VIIRS_SNPP_NRT,1
66.1431,118.9268,2026-07-30T03:19:00Z,5.9,N,n,D,VIIRS_SNPP_NRT,1
66.1419,119.0026,2026-07-30T03:19:00Z,4.22,N,n,D,VIIRS_SNPP_NRT,1
66.1364,119.0011,2026-07-30T03:19:00Z,5.45,N,n,D,VIIRS_SNPP_NRT,1
66.1264,117.4138,2026-07-30T03:19:00Z,14.74,N,n,D,VIIRS_SNPP_NRT,1
66.124,117.406,2026-07-30T03:19:00Z,14.74,N,n,D,VIIRS_SNPP_NRT,1
66.1206,117.4124,2026-07-30T03:19:00Z,4.73,N,n,D,VIIRS_SNPP_NRT,1
-5.565,145.181,2026-07-30T03:17:00Z,6.58,N20,n,D,VIIRS_NOAA20_NRT,1
-5.5334,145.1459,2026-07-30T03:17:00Z,3.7,N20,n,D,VIIRS_NOAA20_NRT,1
-5.5547,149.1509,2026-07-30T03:17:00Z,2.58,N20,l,D,VIIRS_NOAA20_NRT,1
-5.5524,148.8386,2026-07-30T03:17:00Z,4.01,N20,n,D,VIIRS_NOAA20_NRT,1
-5.5419,148.7981,2026-07-30T03:17:00Z,2.75,N20,n,D,VIIRS_NOAA20_NRT,1
-5.5651,150.3283,2026-07-30T03:17:00Z,3.13,N20,n,D,VIIRS_NOAA20_NRT,1
-5.5369,148.8045,2026-07-30T03:17:00Z,4.27,N20,n,D,VIIRS_NOAA20_NRT,1
-5.5346,148.419,2026-07-30T03:17:00Z,119.55,N20,h,D,VIIRS_NOAA20_NRT,1
-5.5204,145.7509,2026-07-30T03:17:00Z,11.19,N20,n,D,VIIRS_NOAA20_NRT,1
-5.5332,145.8735,2026-07-30T03:17:00Z,4.71,N20,n,D,VIIRS_NOAA20_NRT,1
-5.5266,148.4165,2026-07-30T03:17:00Z,80.47,N20,n,D,VIIRS_NOAA20_NRT,1
-5.523,148.8159,2026-07-30T03:17:00Z,1.41,N20,l,D,VIIRS_NOAA20_NRT,1
-5.5186,145.7492,2026-07-30T03:17:00Z,18.4,N20,n,D,VIIRS_NOAA20_NRT,1
-5.5115,145.7638,2026-07-30T03:17:00Z,8.44,N20,n,D,VIIRS_NOAA20_NRT,1
-5.5076,148.4893,2026-07-30T03:17:00Z,8.16,N20,n,D,VIIRS_NOAA20_NRT,1
-5.5972,144.1265,2026-07-30T03:17:00Z,2.1,N20,n,D,VIIRS_NOAA20_NRT,1
-5.5085,145.7645,2026-07-30T03:17:00Z,4.67,N20,n,D,VIIRS_NOAA20_NRT,1
-5.5655,145.1777,2026-07-30T03:17:00Z,4.36,N20,l,D,VIIRS_NOAA20_NRT,1
-5.6422,146.3148,2026-07-30T03:17:00Z,19.9,N20,n,D,VIIRS_NOAA20_NRT,1
-5.5997,144.1484,2026-07-30T03:17:00Z,3.19,N20,n,D,VIIRS_NOAA20_NRT,1
-5.6001,144.1455,2026-07-30T03:17:00Z,3.19,N20,n,D,VIIRS_NOAA20_NRT,1
-5.7664,145.5602,2026-07-30T03:17:00Z,2.31,N20,n,D,VIIRS_NOAA20_NRT,1
-5.4974,148.3577,2026-07-30T03:17:00Z,3.22,N20,n,D,VIIRS_NOAA20_NRT,1
-5.7252,150.5097,2026-07-30T03:17:00Z,2.76,N20,n,D,VIIRS_NOAA20_NRT,1
-5.7064,142.7304,2026-07-30T03:17:00Z,3.44,N20,n,D,VIIRS_NOAA20_NRT,1
-5.6982,145.389,2026-07-30T03:17:00Z,3.43,N20,n,D,VIIRS_NOAA20_NRT,1
-5.661,150.6584,2026-07-30T03:17:00Z,1.42,N20,n,D,VIIRS_NOAA20_NRT,1
-5.6588,150.6611,2026-07-30T03:17:00Z,1.68,N20,n,D,VIIRS_NOAA20_NRT,1
-5.6416,146.3196,2026-07-30T03:17:00Z,31.96,N20,n,D,VIIRS_NOAA20_NRT,1
-5.6407,146.3176,2026-07-30T03:17:00Z,41.08,N20,n,D,VIIRS_NOAA20_NRT,1
-5.6329,146.3123,2026-07-30T03:17:00Z,3.66,N20,n,D,VIIRS_NOAA20_NRT,1
-5.6252,150.4272,2026-07-30T03:17:00Z,4.44,N20,n,D,VIIRS_NOAA20_NRT,1
-5.6239,149.1704,2026-07-30T03:17:00Z,3.8,N20,n,D,VIIRS_NOAA20_NRT,1
-5.611,146.3219,2026-07-30T03:17:00Z,10.67,N20,n,D,VIIRS_NOAA20_NRT,1
-5.6104,146.3265,2026-07-30T03:17:00Z,4.07,N20,n,D,VIIRS_NOAA20_NRT,1
-5.6056,146.3257,2026-07-30T03:17:00Z,4.07,N20,n,D,VIIRS_NOAA20_NRT,1
-5.5071,148.4928,2026-07-30T03:17:00Z,5.34,N20,n,D,VIIRS_NOAA20_NRT,1
-4.6299,145.5347,2026-07-30T03:17:00Z,10.31,N20,n,D,VIIRS_NOAA20_NRT,1
-5.4946,148.8827,2026-07-30T03:17:00Z,3.62,N20,n,D,VIIRS_NOAA20_NRT,1
57.7464,135.6886,2026-07-30T03:17:00Z,4.25,N,n,D,VIIRS_SNPP_NRT,1
-4.7244,144.7665,2026-07-30T03:17:00Z,1.99,N20,n,D,VIIRS_NOAA20_NRT,1
-4.7082,145.3844,2026-07-30T03:17:00Z,2.25,N20,n,D,VIIRS_NOAA20_NRT,1
-4.7078,145.3873,2026-07-30T03:17:00Z,5.76,N20,n,D,VIIRS_NOAA20_NRT,1
-4.6564,144.6048,2026-07-30T03:17:00Z,5.21,N20,n,D,VIIRS_NOAA20_NRT,1
-4.656,144.608,2026-07-30T03:17:00Z,4.37,N20,n,D,VIIRS_NOAA20_NRT,1
-4.471,145.3583,2026-07-30T03:17:00Z,4.89,N20,n,D,VIIRS_NOAA20_NRT,1
-3.6546,152.4831,2026-07-30T03:17:00Z,3.66,N20,n,D,VIIRS_NOAA20_NRT,1
57.9438,137.3986,2026-07-30T03:17:00Z,2.45,N,l,D,VIIRS_SNPP_NRT,1
-5.4929,148.8843,2026-07-30T03:17:00Z,6.63,N20,n,D,VIIRS_NOAA20_NRT,1
57.947,137.3965,2026-07-30T03:17:00Z,3.94,N,n,D,VIIRS_SNPP_NRT,1
57.9636,137.4669,2026-07-30T03:17:00Z,5.57,N,n,D,VIIRS_SNPP_NRT,1
57.9648,137.4736,2026-07-30T03:17:00Z,5.57,N,n,D,VIIRS_SNPP_NRT,1
58.253,138.0336,2026-07-30T03:17:00Z,4.18,N,n,D,VIIRS_SNPP_NRT,1
58.3074,138.2138,2026-07-30T03:17:00Z,2.36,N,l,D,VIIRS_SNPP_NRT,1
58.5036,137.5877,2026-07-30T03:17:00Z,1.56,N,l,D,VIIRS_SNPP_NRT,1
-5.7722,143.9567,2026-07-30T03:17:00Z,16.24,N20,h,D,VIIRS_NOAA20_NRT,1
-4.7654,145.0871,2026-07-30T03:17:00Z,2.17,N20,n,D,VIIRS_NOAA20_NRT,1
-4.871,145.7668,2026-07-30T03:17:00Z,3.71,N20,n,D,VIIRS_NOAA20_NRT,1
-5.1994,144.3969,2026-07-30T03:17:00Z,3.44,N20,n,D,VIIRS_NOAA20_NRT,1
-5.2043,145.5915,2026-07-30T03:17:00Z,2.87,N20,n,D,VIIRS_NOAA20_NRT,1
-5.4906,148.8821,2026-07-30T03:17:00Z,3.62,N20,n,D,VIIRS_NOAA20_NRT,1
-5.4832,145.4662,2026-07-30T03:17:00Z,1.78,N20,n,D,VIIRS_NOAA20_NRT,1
-5.4593,148.4189,2026-07-30T03:17:00Z,4.73,N20,n,D,VIIRS_NOAA20_NRT,1
-5.4426,144.0232,2026-07-30T03:17:00Z,5.32,N20,n,D,VIIRS_NOAA20_NRT,1
-5.4421,144.0268,2026-07-30T03:17:00Z,7.89,N20,n,D,VIIRS_NOAA20_NRT,1
-5.4417,144.0302,2026-07-30T03:17:00Z,7.89,N20,n,D,VIIRS_NOAA20_NRT,1
-5.4413,144.0331,2026-07-30T03:17:00Z,6.62,N20,n,D,VIIRS_NOAA20_NRT,1
-5.3489,147.0096,2026-07-30T03:17:00Z,3.98,N20,n,D,VIIRS_NOAA20_NRT,1
-5.3255,145.4613,2026-07-30T03:17:00Z,5.04,N20,h,D,VIIRS_NOAA20_NRT,1
-5.3255,145.4625,2026-07-30T03:17:00Z,7.15,N20,h,D,VIIRS_NOAA20_NRT,1
-5.3067,147.001,2026-07-30T03:17:00Z,4.92,N20,n,D,VIIRS_NOAA20_NRT,1
-5.2484,145.2184,2026-07-30T03:17:00Z,2.72,N20,n,D,VIIRS_NOAA20_NRT,1
-5.2296,145.4526,2026-07-30T03:17:00Z,1.97,N20,n,D,VIIRS_NOAA20_NRT,1
-5.2296,145.4537,2026-07-30T03:17:00Z,3.02,N20,n,D,VIIRS_NOAA20_NRT,1
-5.2265,142.4799,2026-07-30T03:17:00Z,3.05,N20,n,D,VIIRS_NOAA20_NRT,1
-5.7714,145.6339,2026-07-30T03:17:00Z,41.51,N20,n,D,VIIRS_NOAA20_NRT,1
-5.774,145.5789,2026-07-30T03:17:00Z,1.66,N20,n,D,VIIRS_NOAA20_NRT,1
-9.1734,148.5624,2026-07-30T03:17:00Z,3.72,N20,n,D,VIIRS_NOAA20_NRT,1
-8.5962,147.2609,2026-07-30T03:17:00Z,7.3,N20,n,D,VIIRS_NOAA20_NRT,1
-8.9322,146.9461,2026-07-30T03:17:00Z,4.52,N20,n,D,VIIRS_NOAA20_NRT,1
-8.8394,140.7717,2026-07-30T03:17:00Z,8.03,N20,n,D,VIIRS_NOAA20_NRT,1
-8.8032,148.0638,2026-07-30T03:17:00Z,2.81,N20,n,D,VIIRS_NOAA20_NRT,1
-8.7918,148.4486,2026-07-30T03:17:00Z,5.06,N20,n,D,VIIRS_NOAA20_NRT,1
-8.7897,148.0305,2026-07-30T03:17:00Z,10.49,N20,n,D,VIIRS_NOAA20_NRT,1
-8.7889,148.4494,2026-07-30T03:17:00Z,3.63,N20,n,D,VIIRS_NOAA20_NRT,1
-8.7875,148.448,2026-07-30T03:17:00Z,5.06,N20,n,D,VIIRS_NOAA20_NRT,1
-8.7762,148.0641,2026-07-30T03:17:00Z,3.41,N20,n,D,VIIRS_NOAA20_NRT,1
-8.75,148.0247,2026-07-30T03:17:00Z,2.17,N20,n,D,VIIRS_NOAA20_NRT,1
-8.734,141.816,2026-07-30T03:17:00Z,6.34,N20,n,D,VIIRS_NOAA20_NRT,1
-8.7269,151.0936,2026-07-30T03:17:00Z,5.59,N20,n,D,VIIRS_NOAA20_NRT,1
-8.693,141.3482,2026-07-30T03:17:00Z,9.91,N20,n,D,VIIRS_NOAA20_NRT,1
-8.6403,147.2739,2026-07-30T03:17:00Z,5.31,N20,n,D,VIIRS_NOAA20_NRT,1
-8.6224,147.209,2026-07-30T03:17:00Z,12.99,N20,n,D,VIIRS_NOAA20_NRT,1
-8.6202,147.211,2026-07-30T03:17:00Z,11.31,N20,n,D,VIIRS_NOAA20_NRT,1
-8.6114,147.2542,2026-07-30T03:17:00Z,13.22,N20,n,D,VIIRS_NOAA20_NRT,1
-8.6067,147.2536,2026-07-30T03:17:00Z,16.45,N20,n,D,VIIRS_NOAA20_NRT,1
-8.605,146.5579,2026-07-30T03:17:00Z,6.79,N20,n,D,VIIRS_NOAA20_NRT,1
-8.6028,146.5603,2026-07-30T03:17:00Z,8.54,N20,n,D,VIIRS_NOAA20_NRT,1
-8.9944,152.6167,2026-07-30T03:17:00Z,2.22,N20,n,D,VIIRS_NOAA20_NRT,1
-9.0122,147.0789,2026-07-30T03:17:00Z,4.99,N20,n,D,VIIRS_NOAA20_NRT,1
-9.0441,147.0927,2026-07-30T03:17:00Z,2.54,N20,n,D,VIIRS_NOAA20_NRT,1
-9.1321,148.2837,2026-07-30T03:17:00Z,4.09,N20,n,D,VIIRS_NOAA20_NRT,1
-9.2544,150.2268,2026-07-30T03:17:00Z,5.07,N20,l,D,VIIRS_NOAA20_NRT,1
-9.1984,148.2546,2026-07-30T03:17:00Z,4.65,N20,n,D,VIIRS_NOAA20_NRT,1
-9.1752,148.2936,2026-07-30T03:17:00Z,6.0,N20,n,D,VIIRS_NOAA20_NRT,1
-5.7766,145.633,2026-07-30T03:17:00Z,41.51,N20,n,D,VIIRS_NOAA20_NRT,1
-9.1523,148.2989,2026-07-30T03:17:00Z,3.23,N20,n,D,VIIRS_NOAA20_NRT,1
-9.1466,152.795,2026-07-30T03:17:00Z,4.98,N20,n,D,VIIRS_NOAA20_NRT,1
-9.1381,148.3054,2026-07-30T03:17:00Z,3.59,N20,n,D,VIIRS_NOAA20_NRT,1
-9.1339,148.9661,2026-07-30T03:17:00Z,3.15,N20,n,D,VIIRS_NOAA20_NRT,1
-9.1318,148.2805,2026-07-30T03:17:00Z,4.64,N20,n,D,VIIRS_NOAA20_NRT,1
-9.0483,146.8077,2026-07-30T03:17:00Z,6.75,N20,n,D,VIIRS_NOAA20_NRT,1
-9.1289,148.4067,2026-07-30T03:17:00Z,5.53,N20,n,D,VIIRS_NOAA20_NRT,1
-9.105,147.1867,2026-07-30T03:17:00Z,3.64,N20,n,D,VIIRS_NOAA20_NRT,1
-9.1003,147.1502,2026-07-30T03:17:00Z,8.31,N20,n,D,VIIRS_NOAA20_NRT,1
-9.0925,149.0491,2026-07-30T03:17:00Z,2.71,N20,n,D,VIIRS_NOAA20_NRT,1
-9.0625,149.0525,2026-07-30T03:17:00Z,2.47,N20,n,D,VIIRS_NOAA20_NRT,1
-9.0532,149.241,2026-07-30T03:17:00Z,2.42,N20,l,D,VIIRS_NOAA20_NRT,1
-9.052,148.344,2026-07-30T03:17:00Z,6.46,N20,n,D,VIIRS_NOAA20_NRT,1
-9.0514,148.3813,2026-07-30T03:17:00Z,2.81,N20,n,D,VIIRS_NOAA20_NRT,1
-8.5993,146.4907,2026-07-30T03:17:00Z,10.17,N20,n,D,VIIRS_NOAA20_NRT,1
-8.5841,140.6958,2026-07-30T03:17:00Z,9.49,N20,n,D,VIIRS_NOAA20_NRT,1
-7.5971,146.9758,2026-07-30T03:17:00Z,6.62,N20,n,D,VIIRS_NOAA20_NRT,1
-8.5608,140.5301,2026-07-30T03:17:00Z,10.7,N20,n,D,VIIRS_NOAA20_NRT,1
-8.0274,147.1466,2026-07-30T03:17:00Z,12.73,N20,n,D,VIIRS_NOAA20_NRT,1
-8.0268,147.1509,2026-07-30T03:17:00Z,12.73,N20,n,D,VIIRS_NOAA20_NRT,1
-8.0262,147.1553,2026-07-30T03:17:00Z,17.4,N20,n,D,VIIRS_NOAA20_NRT,1
-8.0255,147.16,2026-07-30T03:17:00Z,17.4,N20,n,D,VIIRS_NOAA20_NRT,1
-8.0228,147.1455,2026-07-30T03:17:00Z,12.73,N20,n,D,VIIRS_NOAA20_NRT,1
-8.0222,147.1498,2026-07-30T03:17:00Z,12.73,N20,n,D,VIIRS_NOAA20_NRT,1
-8.0216,147.1542,2026-07-30T03:17:00Z,17.4,N20,h,D,VIIRS_NOAA20_NRT,1
-8.0104,147.4746,2026-07-30T03:17:00Z,7.03,N20,n,D,VIIRS_NOAA20_NRT,1
-8.0058,147.4745,2026-07-30T03:17:00Z,7.03,N20,n,D,VIIRS_NOAA20_NRT,1
-7.9574,147.1833,2026-07-30T03:17:00Z,4.68,N20,n,D,VIIRS_NOAA20_NRT,1
-7.9547,147.169,2026-07-30T03:17:00Z,15.6,N20,n,D,VIIRS_NOAA20_NRT,1
-7.9117,146.8414,2026-07-30T03:17:00Z,8.4,N20,n,D,VIIRS_NOAA20_NRT,1
-7.907,146.8406,2026-07-30T03:17:00Z,8.4,N20,n,D,VIIRS_NOAA20_NRT,1
-7.8453,146.9401,2026-07-30T03:17:00Z,8.23,N20,l,D,VIIRS_NOAA20_NRT,1
-7.8043,141.5489,2026-07-30T03:17:00Z,4.57,N20,n,D,VIIRS_NOAA20_NRT,1
-7.7948,147.6098,2026-07-30T03:17:00Z,6.52,N20,n,D,VIIRS_NOAA20_NRT,1
-7.7551,141.6724,2026-07-30T03:17:00Z,6.55,N20,n,D,VIIRS_NOAA20_NRT,1
-7.6654,145.9679,2026-07-30T03:17:00Z,1.55,N20,n,D,VIIRS_NOAA20_NRT,1
-7.65,146.9715,2026-07-30T03:17:00Z,14.6,N20,n,D,VIIRS_NOAA20_NRT,1
-8.0301,147.1609,2026-07-30T03:17:00Z,175.39,N20,n,D,VIIRS_NOAA20_NRT,1
-8.0535,140.5037,2026-07-30T03:17:00Z,7.67,N20,n,D,VIIRS_NOAA20_NRT,1
-8.0872,140.7367,2026-07-30T03:17:00Z,3.73,N20,n,D,VIIRS_NOAA20_NRT,1
-8.4388,151.1009,2026-07-30T03:17:00Z,5.46,N20,n,D,VIIRS_NOAA20_NRT,1
-8.5572,140.531,2026-07-30T03:17:00Z,11.58,N20,n,D,VIIRS_NOAA20_NRT,1
-8.5553,146.5954,2026-07-30T03:17:00Z,35.64,N20,n,D,VIIRS_NOAA20_NRT,1
-8.532,151.023,2026-07-30T03:17:00Z,4.42,N20,n,D,VIIRS_NOAA20_NRT,1
-8.5318,151.0233,2026-07-30T03:17:00Z,75.45,N20,n,D,VIIRS_NOAA20_NRT,1
-8.5277,151.0268,2026-07-30T03:17:00Z,65.56,N20,n,D,VIIRS_NOAA20_NRT,1
-8.5061,151.0718,2026-07-30T03:17:00Z,3.92,N20,n,D,VIIRS_NOAA20_NRT,1
-8.5019,146.4196,2026-07-30T03:17:00Z,7.94,N20,n,D,VIIRS_NOAA20_NRT,1
-8.4885,151.0649,2026-07-30T03:17:00Z,4.17,N20,n,D,VIIRS_NOAA20_NRT,1
-8.4273,151.1036,2026-07-30T03:17:00Z,4.39,N20,l,D,VIIRS_NOAA20_NRT,1
-8.1213,146.8443,2026-07-30T03:17:00Z,8.09,N20,n,D,VIIRS_NOAA20_NRT,1
-8.3475,147.8535,2026-07-30T03:17:00Z,1.2,N20,n,D,VIIRS_NOAA20_NRT,1
-8.3382,147.0894,2026-07-30T03:17:00Z,4.26,N20,n,D,VIIRS_NOAA20_NRT,1
-8.3356,147.1092,2026-07-30T03:17:00Z,9.24,N20,n,D,VIIRS_NOAA20_NRT,1
-8.3299,146.9592,2026-07-30T03:17:00Z,4.91,N20,n,D,VIIRS_NOAA20_NRT,1
-8.2985,146.9424,2026-07-30T03:17:00Z,9.23,N20,n,D,VIIRS_NOAA20_NRT,1
-8.2838,147.0845,2026-07-30T03:17:00Z,12.11,N20,n,D,VIIRS_NOAA20_NRT,1
-8.1895,147.7679,2026-07-30T03:17:00Z,4.64,N20,n,D,VIIRS_NOAA20_NRT,1
-8.1857,147.1894,2026-07-30T03:17:00Z,32.96,N20,n,D,VIIRS_NOAA20_NRT,1
-9.2582,150.2274,2026-07-30T03:17:00Z,5.07,N20,n,D,VIIRS_NOAA20_NRT,1
-9.2722,147.0295,2026-07-30T03:17:00Z,10.64,N20,n,D,VIIRS_NOAA20_NRT,1
-9.2726,147.0975,2026-07-30T03:17:00Z,5.56,N20,n,D,VIIRS_NOAA20_NRT,1
-9.277,147.0302,2026-07-30T03:17:00Z,5.6,N20,l,D,VIIRS_NOAA20_NRT,1
-9.7725,147.8873,2026-07-30T03:17:00Z,4.38,N20,n,D,VIIRS_NOAA20_NRT,1
-9.7724,149.2554,2026-07-30T03:17:00Z,9.58,N20,n,D,VIIRS_NOAA20_NRT,1
-9.7716,147.8593,2026-07-30T03:17:00Z,2.92,N20,n,D,VIIRS_NOAA20_NRT,1
-9.7692,147.667,2026-07-30T03:17:00Z,4.18,N20,n,D,VIIRS_NOAA20_NRT,1
-9.7688,149.2512,2026-07-30T03:17:00Z,14.88,N20,n,D,VIIRS_NOAA20_NRT,1
-9.7484,149.4622,2026-07-30T03:17:00Z,11.77,N20,n,D,VIIRS_NOAA20_NRT,1
-9.7443,149.4616,2026-07-30T03:17:00Z,11.77,N20,n,D,VIIRS_NOAA20_NRT,1
-9.7286,149.6666,2026-07-30T03:17:00Z,8.5,N20,n,D,VIIRS_NOAA20_NRT,1
-9.7281,149.6701,2026-07-30T03:17:00Z,8.5,N20,h,D,VIIRS_NOAA20_NRT,1
-9.7241,149.6694,2026-07-30T03:17:00Z,8.5,N20,n,D,VIIRS_NOAA20_NRT,1
-9.7223,149.8296,2026-07-30T03:17:00Z,10.81,N20,n,D,VIIRS_NOAA20_NRT,1
-9.7183,149.829,2026-07-30T03:17:00Z,10.81,N20,n,D,VIIRS_NOAA20_NRT,1
-9.7117,149.5189,2026-07-30T03:17:00Z,1.32,N20,n,D,VIIRS_NOAA20_NRT,1
-9.7112,149.519,2026-07-30T03:17:00Z,1.2,N20,l,D,VIIRS_NOAA20_NRT,1
-9.7052,149.8066,2026-07-30T03:17:00Z,2.83,N20,n,D,VIIRS_NOAA20_NRT,1
-9.7045,149.8117,2026-07-30T03:17:00Z,2.83,N20,n,D,VIIRS_NOAA20_NRT,1
-9.6883,149.5346,2026-07-30T03:17:00Z,3.11,N20,l,D,VIIRS_NOAA20_NRT,1
-9.6814,147.9349,2026-07-30T03:17:00Z,6.5,N20,n,D,VIIRS_NOAA20_NRT,1
-9.6661,147.4663,2026-07-30T03:17:00Z,4.21,N20,n,D,VIIRS_NOAA20_NRT,1
-9.7726,149.5568,2026-07-30T03:17:00Z,1.03,N20,l,D,VIIRS_NOAA20_NRT,1
-9.7769,147.8887,2026-07-30T03:17:00Z,5.72,N20,n,D,VIIRS_NOAA20_NRT,1
-9.7912,147.7129,2026-07-30T03:17:00Z,9.08,N20,n,D,VIIRS_NOAA20_NRT,1
-9.9417,147.6694,2026-07-30T03:17:00Z,1.71,N20,n,D,VIIRS_NOAA20_NRT,1
-10.5948,142.2931,2026-07-30T03:17:00Z,10.17,N20,n,D,VIIRS_NOAA20_NRT,1
-10.0697,148.0055,2026-07-30T03:17:00Z,5.01,N20,n,D,VIIRS_NOAA20_NRT,1
-10.0273,149.7869,2026-07-30T03:17:00Z,6.9,N20,n,D,VIIRS_NOAA20_NRT,1
-10.0233,149.786,2026-07-30T03:17:00Z,6.9,N20,n,D,VIIRS_NOAA20_NRT,1
-10.0219,149.7963,2026-07-30T03:17:00Z,2.77,N20,n,D,VIIRS_NOAA20_NRT,1
-10.0208,149.7748,2026-07-30T03:17:00Z,2.66,N20,n,D,VIIRS_NOAA20_NRT,1
-10.0203,149.7783,2026-07-30T03:17:00Z,2.66,N20,l,D,VIIRS_NOAA20_NRT,1
-9.9629,148.0013,2026-07-30T03:17:00Z,4.43,N20,n,D,VIIRS_NOAA20_NRT,1
-9.9216,149.7424,2026-07-30T03:17:00Z,5.5,N20,n,D,VIIRS_NOAA20_NRT,1
-9.7993,148.5819,2026-07-30T03:17:00Z,3.62,N20,n,D,VIIRS_NOAA20_NRT,1
-9.9089,149.7757,2026-07-30T03:17:00Z,2.2,N20,l,D,VIIRS_NOAA20_NRT,1
-9.8764,149.5255,2026-07-30T03:17:00Z,2.53,N20,n,D,VIIRS_NOAA20_NRT,1
-9.8676,149.4388,2026-07-30T03:17:00Z,8.61,N20,n,D,VIIRS_NOAA20_NRT,1
-9.8672,149.4418,2026-07-30T03:17:00Z,8.61,N20,n,D,VIIRS_NOAA20_NRT,1
-9.8509,149.4693,2026-07-30T03:17:00Z,2.4,N20,l,D,VIIRS_NOAA20_NRT,1
-9.8464,149.4721,2026-07-30T03:17:00Z,4.0,N20,n,D,VIIRS_NOAA20_NRT,1
-9.819,149.4322,2026-07-30T03:17:00Z,10.51,N20,n,D,VIIRS_NOAA20_NRT,1
-9.8177,149.6525,2026-07-30T03:17:00Z,9.85,N20,n,D,VIIRS_NOAA20_NRT,1
-9.6647,147.4635,2026-07-30T03:17:00Z,3.4,N20,n,D,VIIRS_NOAA20_NRT,1
-9.6613,149.6682,2026-07-30T03:17:00Z,1.56,N20,l,D,VIIRS_NOAA20_NRT,1
-9.6596,149.5627,2026-07-30T03:17:00Z,2.74,N20,l,D,VIIRS_NOAA20_NRT,1
-9.3992,147.325,2026-07-30T03:17:00Z,8.63,N20,n,D,VIIRS_NOAA20_NRT,1
-9.4928,148.5265,2026-07-30T03:17:00Z,9.18,N20,n,D,VIIRS_NOAA20_NRT,1
-9.4797,148.4615,2026-07-30T03:17:00Z,6.3,N20,n,D,VIIRS_NOAA20_NRT,1
-9.4792,148.4657,2026-07-30T03:17:00Z,12.95,N20,n,D,VIIRS_NOAA20_NRT,1
-9.4659,148.4982,2026-07-30T03:17:00Z,5.07,N20,n,D,VIIRS_NOAA20_NRT,1
-9.4616,148.4978,2026-07-30T03:17:00Z,5.07,N20,n,D,VIIRS_NOAA20_NRT,1
-9.4605,148.7603,2026-07-30T03:17:00Z,4.92,N20,n,D,VIIRS_NOAA20_NRT,1
-9.4248,147.4521,2026-07-30T03:17:00Z,2.32,N20,n,D,VIIRS_NOAA20_NRT,1
-9.4208,147.5164,2026-07-30T03:17:00Z,12.89,N20,n,D,VIIRS_NOAA20_NRT,1
-9.3987,150.6225,2026-07-30T03:17:00Z,3.55,N20,n,D,VIIRS_NOAA20_NRT,1
-9.4972,148.5269,2026-07-30T03:17:00Z,9.18,N20,n,D,VIIRS_NOAA20_NRT,1
-9.3984,147.3309,2026-07-30T03:17:00Z,3.05,N20,n,D,VIIRS_NOAA20_NRT,1
-9.3936,147.4383,2026-07-30T03:17:00Z,15.8,N20,n,D,VIIRS_NOAA20_NRT,1
-9.3912,147.3131,2026-07-30T03:17:00Z,3.51,N20,n,D,VIIRS_NOAA20_NRT,1
-9.3393,149.0988,2026-07-30T03:17:00Z,1.84,N20,n,D,VIIRS_NOAA20_NRT,1
-9.3373,149.099,2026-07-30T03:17:00Z,1.47,N20,n,D,VIIRS_NOAA20_NRT,1
-9.2792,147.0902,2026-07-30T03:17:00Z,12.79,N20,n,D,VIIRS_NOAA20_NRT,1
-9.2781,147.093,2026-07-30T03:17:00Z,5.63,N20,n,D,VIIRS_NOAA20_NRT,1
-9.2774,147.0982,2026-07-30T03:17:00Z,5.63,N20,n,D,VIIRS_NOAA20_NRT,1
-9.4934,148.5224,2026-07-30T03:17:00Z,12.49,N20,n,D,VIIRS_NOAA20_NRT,1
-9.5041,147.9096,2026-07-30T03:17:00Z,2.73,N20,n,D,VIIRS_NOAA20_NRT,1
-9.643,149.769,2026-07-30T03:17:00Z,7.26,N20,n,D,VIIRS_NOAA20_NRT,1
-9.5385,148.561,2026-07-30T03:17:00Z,5.95,N20,n,D,VIIRS_NOAA20_NRT,1
-9.6413,148.7273,2026-07-30T03:17:00Z,4.65,N20,n,D,VIIRS_NOAA20_NRT,1
-9.6324,149.6993,2026-07-30T03:17:00Z,2.6,N20,n,D,VIIRS_NOAA20_NRT,1
-9.6212,150.8459,2026-07-30T03:17:00Z,2.92,N20,n,D,VIIRS_NOAA20_NRT,1
-9.5705,148.6484,2026-07-30T03:17:00Z,13.82,N20,n,D,VIIRS_NOAA20_NRT,1
-9.5562,148.5925,2026-07-30T03:17:00Z,1.73,N20,n,D,VIIRS_NOAA20_NRT,1
-9.5449,147.393,2026-07-30T03:17:00Z,8.58,N20,n,D,VIIRS_NOAA20_NRT,1
-9.5441,147.3984,2026-07-30T03:17:00Z,5.19,N20,n,D,VIIRS_NOAA20_NRT,1
-9.5391,148.5571,2026-07-30T03:17:00Z,5.95,N20,n,D,VIIRS_NOAA20_NRT,1
-9.538,148.5651,2026-07-30T03:17:00Z,3.33,N20,l,D,VIIRS_NOAA20_NRT,1
-9.5062,148.5574,2026-07-30T03:17:00Z,2.7,N20,l,D,VIIRS_NOAA20_NRT,1
-9.5364,148.5773,2026-07-30T03:17:00Z,2.65,N20,n,D,VIIRS_NOAA20_NRT,1
-9.5342,148.5604,2026-07-30T03:17:00Z,5.95,N20,n,D,VIIRS_NOAA20_NRT,1
-9.5337,148.5645,2026-07-30T03:17:00Z,3.33,N20,n,D,VIIRS_NOAA20_NRT,1
-9.5268,150.5349,2026-07-30T03:17:00Z,4.22,N20,n,D,VIIRS_NOAA20_NRT,1
-9.5199,148.4587,2026-07-30T03:17:00Z,4.26,N20,n,D,VIIRS_NOAA20_NRT,1
-9.5155,148.4582,2026-07-30T03:17:00Z,8.5,N20,n,D,VIIRS_NOAA20_NRT,1
-9.511,148.5538,2026-07-30T03:17:00Z,2.7,N20,n,D,VIIRS_NOAA20_NRT,1
-9.5067,148.5533,2026-07-30T03:17:00Z,2.7,N20,l,D,VIIRS_NOAA20_NRT,1
-7.5995,146.9736,2026-07-30T03:17:00Z,6.15,N20,n,D,VIIRS_NOAA20_NRT,1
57.7392,135.7097,2026-07-30T03:17:00Z,4.81,N,n,D,VIIRS_SNPP_NRT,1
-7.5236,140.3948,2026-07-30T03:17:00Z,12.9,N20,n,D,VIIRS_NOAA20_NRT,1
-6.2622,146.2442,2026-07-30T03:17:00Z,3.92,N20,n,D,VIIRS_NOAA20_NRT,1
-6.0636,145.5542,2026-07-30T03:17:00Z,7.08,N20,n,D,VIIRS_NOAA20_NRT,1
-6.0634,145.5517,2026-07-30T03:17:00Z,5.84,N20,n,D,VIIRS_NOAA20_NRT,1
-6.063,145.5542,2026-07-30T03:17:00Z,5.84,N20,n,D,VIIRS_NOAA20_NRT,1
-6.0626,147.4524,2026-07-30T03:17:00Z,26.46,N20,n,D,VIIRS_NOAA20_NRT,1
-6.0516,144.8497,2026-07-30T03:17:00Z,7.36,N20,h,D,VIIRS_NOAA20_NRT,1
-6.0512,144.8522,2026-07-30T03:17:00Z,7.36,N20,n,D,VIIRS_NOAA20_NRT,1
-6.0512,144.8497,2026-07-30T03:17:00Z,7.87,N20,n,D,VIIRS_NOAA20_NRT,1
-6.0509,144.8522,2026-07-30T03:17:00Z,7.87,N20,n,D,VIIRS_NOAA20_NRT,1
-6.025,145.8345,2026-07-30T03:17:00Z,7.56,N20,n,D,VIIRS_NOAA20_NRT,1
-6.023,145.8368,2026-07-30T03:17:00Z,14.37,N20,n,D,VIIRS_NOAA20_NRT,1
-6.0212,145.8252,2026-07-30T03:17:00Z,10.7,N20,n,D,VIIRS_NOAA20_NRT,1
-6.0202,145.8323,2026-07-30T03:17:00Z,10.7,N20,n,D,VIIRS_NOAA20_NRT,1
-6.0194,145.8274,2026-07-30T03:17:00Z,14.37,N20,n,D,VIIRS_NOAA20_NRT,1
-6.0193,145.5779,2026-07-30T03:17:00Z,6.44,N20,n,D,VIIRS_NOAA20_NRT,1
-6.0188,145.5813,2026-07-30T03:17:00Z,6.35,N20,n,D,VIIRS_NOAA20_NRT,1
-6.0183,145.8346,2026-07-30T03:17:00Z,14.37,N20,n,D,VIIRS_NOAA20_NRT,1
-6.0164,145.8235,2026-07-30T03:17:00Z,10.7,N20,n,D,VIIRS_NOAA20_NRT,1
-6.0155,145.8299,2026-07-30T03:17:00Z,10.7,N20,n,D,VIIRS_NOAA20_NRT,1
-6.015,143.6378,2026-07-30T03:17:00Z,11.61,N20,l,D,VIIRS_NOAA20_NRT,1
-6.064,145.5516,2026-07-30T03:17:00Z,9.05,N20,n,D,VIIRS_NOAA20_NRT,1
-6.075,146.6716,2026-07-30T03:17:00Z,4.48,N20,n,D,VIIRS_NOAA20_NRT,1
-6.0941,146.6705,2026-07-30T03:17:00Z,11.35,N20,n,D,VIIRS_NOAA20_NRT,1
-6.1646,146.1756,2026-07-30T03:17:00Z,4.64,N20,l,D,VIIRS_NOAA20_NRT,1
-6.2174,145.6948,2026-07-30T03:17:00Z,2.51,N20,n,D,VIIRS_NOAA20_NRT,1
-6.2041,144.9058,2026-07-30T03:17:00Z,2.36,N20,n,D,VIIRS_NOAA20_NRT,1
-6.2,146.1693,2026-07-30T03:17:00Z,5.64,N20,l,D,VIIRS_NOAA20_NRT,1
-6.1993,146.166,2026-07-30T03:17:00Z,3.81,N20,l,D,VIIRS_NOAA20_NRT,1
-6.1988,147.0881,2026-07-30T03:17:00Z,2.76,N20,n,D,VIIRS_NOAA20_NRT,1
-6.1918,145.5097,2026-07-30T03:17:00Z,2.17,N20,n,D,VIIRS_NOAA20_NRT,1
-6.1857,144.8834,2026-07-30T03:17:00Z,3.27,N20,n,D,VIIRS_NOAA20_NRT,1
-6.1659,145.4432,2026-07-30T03:17:00Z,3.7,N20,n,D,VIIRS_NOAA20_NRT,1
-6.1616,146.6498,2026-07-30T03:17:00Z,10.26,N20,n,D,VIIRS_NOAA20_NRT,1
-6.0976,147.49,2026-07-30T03:17:00Z,10.17,N20,n,D,VIIRS_NOAA20_NRT,1
-6.1598,146.175,2026-07-30T03:17:00Z,9.32,N20,n,D,VIIRS_NOAA20_NRT,1
-6.1539,146.637,2026-07-30T03:17:00Z,35.52,N20,n,D,VIIRS_NOAA20_NRT,1
-6.1334,146.1876,2026-07-30T03:17:00Z,16.95,N20,n,D,VIIRS_NOAA20_NRT,1
-6.1285,146.1871,2026-07-30T03:17:00Z,12.36,N20,n,D,VIIRS_NOAA20_NRT,1
-6.1241,146.6928,2026-07-30T03:17:00Z,16.22,N20,n,D,VIIRS_NOAA20_NRT,1
-6.1228,146.69,2026-07-30T03:17:00Z,10.58,N20,n,D,VIIRS_NOAA20_NRT,1
-6.1221,146.695,2026-07-30T03:17:00Z,10.58,N20,n,D,VIIRS_NOAA20_NRT,1
-6.122,145.4618,2026-07-30T03:17:00Z,4.93,N20,n,D,VIIRS_NOAA20_NRT,1
-6.015,144.8035,2026-07-30T03:17:00Z,3.24,N20,n,D,VIIRS_NOAA20_NRT,1
-6.0146,145.8365,2026-07-30T03:17:00Z,14.07,N20,n,D,VIIRS_NOAA20_NRT,1
-6.0146,143.6409,2026-07-30T03:17:00Z,8.37,N20,n,D,VIIRS_NOAA20_NRT,1
-5.8476,145.5998,2026-07-30T03:17:00Z,6.3,N20,n,D,VIIRS_NOAA20_NRT,1
-5.8674,143.8059,2026-07-30T03:17:00Z,3.89,N20,n,D,VIIRS_NOAA20_NRT,1
-5.8644,143.9081,2026-07-30T03:17:00Z,5.19,N20,n,D,VIIRS_NOAA20_NRT,1
-5.8624,143.9092,2026-07-30T03:17:00Z,4.83,N20,n,D,VIIRS_NOAA20_NRT,1
-5.8616,143.806,2026-07-30T03:17:00Z,63.3,N20,n,D,VIIRS_NOAA20_NRT,1
-5.8611,143.8097,2026-07-30T03:17:00Z,66.14,N20,l,D,VIIRS_NOAA20_NRT,1
-5.8482,145.5954,2026-07-30T03:17:00Z,4.16,N20,n,D,VIIRS_NOAA20_NRT,1
-5.848,145.597,2026-07-30T03:17:00Z,6.3,N20,h,D,VIIRS_NOAA20_NRT,1
-5.8478,145.5982,2026-07-30T03:17:00Z,4.16,N20,n,D,VIIRS_NOAA20_NRT,1
-5.8474,145.6008,2026-07-30T03:17:00Z,3.24,N20,n,D,VIIRS_NOAA20_NRT,1
-5.8706,146.4608,2026-07-30T03:17:00Z,10.93,N20,n,D,VIIRS_NOAA20_NRT,1
-5.8473,145.7864,2026-07-30T03:17:00Z,11.51,N20,n,D,VIIRS_NOAA20_NRT,1
-5.8472,145.6024,2026-07-30T03:17:00Z,5.56,N20,n,D,VIIRS_NOAA20_NRT,1
-5.8471,150.2621,2026-07-30T03:17:00Z,2.12,N20,n,D,VIIRS_NOAA20_NRT,1
-5.8426,144.0571,2026-07-30T03:17:00Z,4.8,N20,n,D,VIIRS_NOAA20_NRT,1
-7.5205,140.3931,2026-07-30T03:17:00Z,19.3,N20,n,D,VIIRS_NOAA20_NRT,1
-5.825,144.0668,2026-07-30T03:17:00Z,6.11,N20,n,D,VIIRS_NOAA20_NRT,1
-5.8142,150.2361,2026-07-30T03:17:00Z,3.06,N20,n,D,VIIRS_NOAA20_NRT,1
-5.7776,145.6262,2026-07-30T03:17:00Z,41.51,N20,n,D,VIIRS_NOAA20_NRT,1
-5.87,146.4647,2026-07-30T03:17:00Z,10.93,N20,n,D,VIIRS_NOAA20_NRT,1
-5.9071,144.5754,2026-07-30T03:17:00Z,4.9,N20,n,D,VIIRS_NOAA20_NRT,1
-6.0137,145.8321,2026-07-30T03:17:00Z,8.15,N20,n,D,VIIRS_NOAA20_NRT,1
-5.998,145.9962,2026-07-30T03:17:00Z,4.11,N20,l,D,VIIRS_NOAA20_NRT,1
-6.0128,145.838,2026-07-30T03:17:00Z,4.53,N20,n,D,VIIRS_NOAA20_NRT,1
-6.0098,145.824,2026-07-30T03:17:00Z,8.15,N20,n,D,VIIRS_NOAA20_NRT,1
-6.0057,145.9388,2026-07-30T03:17:00Z,8.47,N20,n,D,VIIRS_NOAA20_NRT,1
-6.005,145.9444,2026-07-30T03:17:00Z,15.52,N20,n,D,VIIRS_NOAA20_NRT,1
-6.0046,146.5768,2026-07-30T03:17:00Z,38.77,N20,n,D,VIIRS_NOAA20_NRT,1
-6.0031,145.9408,2026-07-30T03:17:00Z,25.47,N20,n,D,VIIRS_NOAA20_NRT,1
-6.0019,145.8442,2026-07-30T03:17:00Z,6.82,N20,n,D,VIIRS_NOAA20_NRT,1
-6.0008,145.9382,2026-07-30T03:17:00Z,8.47,N20,n,D,VIIRS_NOAA20_NRT,1
-5.9949,145.9981,2026-07-30T03:17:00Z,7.42,N20,n,D,VIIRS_NOAA20_NRT,1
-5.9073,143.3525,2026-07-30T03:17:00Z,8.82,N20,n,D,VIIRS_NOAA20_NRT,1
-5.9824,144.8444,2026-07-30T03:17:00Z,4.12,N20,n,D,VIIRS_NOAA20_NRT,1
-5.9752,145.7838,2026-07-30T03:17:00Z,7.29,N20,n,D,VIIRS_NOAA20_NRT,1
-5.9711,143.3165,2026-07-30T03:17:00Z,6.76,N20,n,D,VIIRS_NOAA20_NRT,1
-5.9555,145.7068,2026-07-30T03:17:00Z,15.43,N20,n,D,VIIRS_NOAA20_NRT,1
-5.9547,145.7058,2026-07-30T03:17:00Z,10.7,N20,n,D,VIIRS_NOAA20_NRT,1
-5.9485,144.8223,2026-07-30T03:17:00Z,3.11,N20,n,D,VIIRS_NOAA20_NRT,1
-5.9288,145.8282,2026-07-30T03:17:00Z,3.6,N20,n,D,VIIRS_NOAA20_NRT,1
-5.9077,143.3493,2026-07-30T03:17:00Z,8.82,N20,n,D,VIIRS_NOAA20_NRT,1
-6.2447,142.35,2026-07-30T03:17:00Z,6.08,N20,n,D,VIIRS_NOAA20_NRT,1
-5.8255,144.0634,2026-07-30T03:17:00Z,8.1,N20,n,D,VIIRS_NOAA20_NRT,1
-6.2636,147.3615,2026-07-30T03:17:00Z,9.14,N20,n,D,VIIRS_NOAA20_NRT,1
-6.6165,146.5728,2026-07-30T03:17:00Z,5.0,N20,n,D,VIIRS_NOAA20_NRT,1
-6.9113,146.3508,2026-07-30T03:17:00Z,8.78,N20,l,D,VIIRS_NOAA20_NRT,1
-6.9111,146.3467,2026-07-30T03:17:00Z,14.37,N20,n,D,VIIRS_NOAA20_NRT,1
-6.9028,146.376,2026-07-30T03:17:00Z,9.74,N20,n,D,VIIRS_NOAA20_NRT,1
-6.8674,145.6469,2026-07-30T03:17:00Z,2.76,N20,n,D,VIIRS_NOAA20_NRT,1
-6.867,145.65,2026-07-30T03:17:00Z,2.76,N20,n,D,VIIRS_NOAA20_NRT,1
-6.8361,146.361,2026-07-30T03:17:00Z,24.72,N20,n,D,VIIRS_NOAA20_NRT,1
-6.8152,146.3408,2026-07-30T03:17:00Z,5.65,N20,n,D,VIIRS_NOAA20_NRT,1
-6.7459,145.822,2026-07-30T03:17:00Z,13.66,N20,n,D,VIIRS_NOAA20_NRT,1
-6.7456,145.8247,2026-07-30T03:17:00Z,13.66,N20,h,D,VIIRS_NOAA20_NRT,1
-6.6835,146.7621,2026-07-30T03:17:00Z,6.0,N20,n,D,VIIRS_NOAA20_NRT,1
-6.6816,147.2507,2026-07-30T03:17:00Z,6.8,N20,n,D,VIIRS_NOAA20_NRT,1
-6.6806,146.8174,2026-07-30T03:17:00Z,8.58,N20,n,D,VIIRS_NOAA20_NRT,1
-6.6799,147.2522,2026-07-30T03:17:00Z,4.79,N20,n,D,VIIRS_NOAA20_NRT,1
-6.6794,145.8633,2026-07-30T03:17:00Z,16.31,N20,n,D,VIIRS_NOAA20_NRT,1
-6.6789,145.8613,2026-07-30T03:17:00Z,19.7,N20,n,D,VIIRS_NOAA20_NRT,1
-6.676,146.8162,2026-07-30T03:17:00Z,50.47,N20,n,D,VIIRS_NOAA20_NRT,1
-6.6615,146.8525,2026-07-30T03:17:00Z,4.39,N20,n,D,VIIRS_NOAA20_NRT,1
-6.6614,146.4598,2026-07-30T03:17:00Z,9.3,N20,n,D,VIIRS_NOAA20_NRT,1
-6.6472,145.6889,2026-07-30T03:17:00Z,15.26,N20,n,D,VIIRS_NOAA20_NRT,1
-6.912,146.3454,2026-07-30T03:17:00Z,8.78,N20,n,D,VIIRS_NOAA20_NRT,1
-6.9934,141.445,2026-07-30T03:17:00Z,3.48,N20,n,D,VIIRS_NOAA20_NRT,1
-6.9944,141.6422,2026-07-30T03:17:00Z,13.79,N20,n,D,VIIRS_NOAA20_NRT,1
-7.1717,146.0267,2026-07-30T03:17:00Z,7.94,N20,n,D,VIIRS_NOAA20_NRT,1
-6.2642,147.3571,2026-07-30T03:17:00Z,9.14,N20,n,D,VIIRS_NOAA20_NRT,1
-7.5164,140.394,2026-07-30T03:17:00Z,8.01,N20,n,D,VIIRS_NOAA20_NRT,1
-7.4569,141.5461,2026-07-30T03:17:00Z,8.49,N20,n,D,VIIRS_NOAA20_NRT,1
-7.2744,145.9887,2026-07-30T03:17:00Z,6.95,N20,n,D,VIIRS_NOAA20_NRT,1
-7.2267,145.9299,2026-07-30T03:17:00Z,3.06,N20,n,D,VIIRS_NOAA20_NRT,1
-7.1866,146.6494,2026-07-30T03:17:00Z,5.48,N20,n,D,VIIRS_NOAA20_NRT,1
-7.1819,146.6488,2026-07-30T03:17:00Z,5.48,N20,n,D,VIIRS_NOAA20_NRT,1
-7.173,146.0279,2026-07-30T03:17:00Z,5.38,N20,n,D,VIIRS_NOAA20_NRT,1
-7.1653,146.0363,2026-07-30T03:17:00Z,7.57,N20,n,D,VIIRS_NOAA20_NRT,1
-7.0024,146.637,2026-07-30T03:17:00Z,5.25,N20,n,D,VIIRS_NOAA20_NRT,1
-7.1591,146.5692,2026-07-30T03:17:00Z,11.44,N20,n,D,VIIRS_NOAA20_NRT,1
-7.114,146.6505,2026-07-30T03:17:00Z,11.84,N20,n,D,VIIRS_NOAA20_NRT,1
-7.106,146.6381,2026-07-30T03:17:00Z,3.1,N20,n,D,VIIRS_NOAA20_NRT,1
-7.1043,146.6415,2026-07-30T03:17:00Z,6.81,N20,n,D,VIIRS_NOAA20_NRT,1
-7.0851,145.9582,2026-07-30T03:17:00Z,5.7,N20,n,D,VIIRS_NOAA20_NRT,1
-7.0748,146.576,2026-07-30T03:17:00Z,4.58,N20,l,D,VIIRS_NOAA20_NRT,1
-7.0354,145.9462,2026-07-30T03:17:00Z,17.46,N20,n,D,VIIRS_NOAA20_NRT,1
-7.0029,146.6413,2026-07-30T03:17:00Z,5.3,N20,n,D,VIIRS_NOAA20_NRT,1
-6.6417,145.6912,2026-07-30T03:17:00Z,15.16,N20,h,D,VIIRS_NOAA20_NRT,1
-7.4605,141.5482,2026-07-30T03:17:00Z,8.23,N20,n,D,VIIRS_NOAA20_NRT,1
-6.606,146.5095,2026-07-30T03:17:00Z,4.7,N20,n,D,VIIRS_NOAA20_NRT,1
-6.3369,146.3726,2026-07-30T03:17:00Z,21.57,N20,n,D,VIIRS_NOAA20_NRT,1
-6.3576,146.3983,2026-07-30T03:17:00Z,7.43,N20,n,D,VIIRS_NOAA20_NRT,1
-6.3544,146.3865,2026-07-30T03:17:00Z,9.62,N20,n,D,VIIRS_NOAA20_NRT,1
-6.3536,146.3922,2026-07-30T03:17:00Z,5.14,N20,n,D,VIIRS_NOAA20_NRT,1
-6.3465,146.3736,2026-07-30T03:17:00Z,5.58,N20,n,D,VIIRS_NOAA20_NRT,1
-6.3458,146.3792,2026-07-30T03:17:00Z,9.98,N20,n,D,VIIRS_NOAA20_NRT,1
-6.3417,146.3731,2026-07-30T03:17:00Z,5.58,N20,n,D,VIIRS_NOAA20_NRT,1
-6.3409,145.7229,2026-07-30T03:17:00Z,4.38,N20,n,D,VIIRS_NOAA20_NRT,1
-6.3409,146.3789,2026-07-30T03:17:00Z,9.98,N20,n,D,VIIRS_NOAA20_NRT,1
-6.3361,146.3786,2026-07-30T03:17:00Z,54.1,N20,n,D,VIIRS_NOAA20_NRT,1
-6.3845,145.9264,2026-07-30T03:17:00Z,2.97,N20,n,D,VIIRS_NOAA20_NRT,1
-6.3298,145.8376,2026-07-30T03:17:00Z,6.1,N20,n,D,VIIRS_NOAA20_NRT,1
-6.327,146.0173,2026-07-30T03:17:00Z,6.0,N20,n,D,VIIRS_NOAA20_NRT,1
-6.313,146.37,2026-07-30T03:17:00Z,4.65,N20,n,D,VIIRS_NOAA20_NRT,1
-6.297,145.124,2026-07-30T03:17:00Z,4.35,N20,n,D,VIIRS_NOAA20_NRT,1
-6.2885,143.9546,2026-07-30T03:17:00Z,2.37,N20,n,D,VIIRS_NOAA20_NRT,1
-6.2867,145.9647,2026-07-30T03:17:00Z,5.19,N20,n,D,VIIRS_NOAA20_NRT,1
-6.268,147.3623,2026-07-30T03:17:00Z,9.14,N20,n,D,VIIRS_NOAA20_NRT,1
-6.6007,146.372,2026-07-30T03:17:00Z,4.2,N20,l,D,VIIRS_NOAA20_NRT,1
-6.3719,143.89,2026-07-30T03:17:00Z,3.68,N20,n,D,VIIRS_NOAA20_NRT,1
-6.2685,146.2343,2026-07-30T03:17:00Z,4.21,N20,n,D,VIIRS_NOAA20_NRT,1
-6.4151,146.6814,2026-07-30T03:17:00Z,5.25,N20,n,D,VIIRS_NOAA20_NRT,1
-6.4766,145.5227,2026-07-30T03:17:00Z,1.16,N20,n,D,VIIRS_NOAA20_NRT,1
-6.4201,146.5442,2026-07-30T03:17:00Z,12.56,N20,n,D,VIIRS_NOAA20_NRT,1
-6.58,146.55,2026-07-30T03:17:00Z,6.5,N20,n,D,VIIRS_NOAA20_NRT,1
-6.5619,146.3703,2026-07-30T03:17:00Z,4.09,N20,n,D,VIIRS_NOAA20_NRT,1
-6.5547,145.6924,2026-07-30T03:17:00Z,4.68,N20,h,D,VIIRS_NOAA20_NRT,1
-6.5543,145.6951,2026-07-30T03:17:00Z,4.68,N20,n,D,VIIRS_NOAA20_NRT,1
-6.5463,146.6172,2026-07-30T03:17:00Z,3.77,N20,n,D,VIIRS_NOAA20_NRT,1
-6.5239,145.6933,2026-07-30T03:17:00Z,4.3,N20,n,D,VIIRS_NOAA20_NRT,1
-6.4919,146.5591,2026-07-30T03:17:00Z,4.51,N20,n,D,VIIRS_NOAA20_NRT,1
-6.5814,146.5476,2026-07-30T03:17:00Z,7.49,N20,n,D,VIIRS_NOAA20_NRT,1
-6.4755,146.573,2026-07-30T03:17:00Z,5.73,N20,n,D,VIIRS_NOAA20_NRT,1
-6.4537,146.5116,2026-07-30T03:17:00Z,27.72,N20,n,D,VIIRS_NOAA20_NRT,1
-6.4356,146.2233,2026-07-30T03:17:00Z,8.59,N20,n,D,VIIRS_NOAA20_NRT,1
-6.4735,146.5749,2026-07-30T03:17:00Z,6.3,N20,n,D,VIIRS_NOAA20_NRT,1
-6.4383,146.5518,2026-07-30T03:17:00Z,3.58,N20,n,D,VIIRS_NOAA20_NRT,1
-6.6002,146.374,2026-07-30T03:17:00Z,6.26,N20,n,D,VIIRS_NOAA20_NRT,1
-6.4585,146.5118,2026-07-30T03:17:00Z,19.14,N20,n,D,VIIRS_NOAA20_NRT,1
-6.4594,146.5148,2026-07-30T03:17:00Z,4.67,N20,n,D,VIIRS_NOAA20_NRT,1
-6.46,146.5098,2026-07-30T03:17:00Z,4.35,N20,n,D,VIIRS_NOAA20_NRT,1
-15.2161,144.8568,2026-07-30T03:15:00Z,3.82,N20,n,D,VIIRS_NOAA20_NRT,1
-15.2378,144.9375,2026-07-30T03:15:00Z,5.24,N20,n,D,VIIRS_NOAA20_NRT,1
-15.2201,144.8459,2026-07-30T03:15:00Z,6.25,N20,n,D,VIIRS_NOAA20_NRT,1
-15.2196,144.8507,2026-07-30T03:15:00Z,4.85,N20,n,D,VIIRS_NOAA20_NRT,1
-15.2191,144.8555,2026-07-30T03:15:00Z,4.85,N20,n,D,VIIRS_NOAA20_NRT,1
-15.2175,144.8428,2026-07-30T03:15:00Z,8.11,N20,n,D,VIIRS_NOAA20_NRT,1
-15.217,144.8474,2026-07-30T03:15:00Z,6.43,N20,n,D,VIIRS_NOAA20_NRT,1
-15.2166,144.8521,2026-07-30T03:15:00Z,6.43,N20,n,D,VIIRS_NOAA20_NRT,1
-15.2147,144.8405,2026-07-30T03:15:00Z,6.12,N20,n,D,VIIRS_NOAA20_NRT,1
-14.569,144.4956,2026-07-30T03:15:00Z,5.49,N20,n,D,VIIRS_NOAA20_NRT,1
-15.2142,144.8452,2026-07-30T03:15:00Z,6.12,N20,n,D,VIIRS_NOAA20_NRT,1
-15.187,144.9824,2026-07-30T03:15:00Z,3.57,N20,n,D,VIIRS_NOAA20_NRT,1
-15.1026,142.3797,2026-07-30T03:15:00Z,4.07,N20,n,D,VIIRS_NOAA20_NRT,1
-14.8754,144.9075,2026-07-30T03:15:00Z,5.11,N20,n,D,VIIRS_NOAA20_NRT,1
-14.8716,144.9091,2026-07-30T03:15:00Z,5.1,N20,n,D,VIIRS_NOAA20_NRT,1
-14.7606,141.9332,2026-07-30T03:15:00Z,5.54,N20,n,D,VIIRS_NOAA20_NRT,1
-14.76,141.9402,2026-07-30T03:15:00Z,5.7,N20,n,D,VIIRS_NOAA20_NRT,1
-15.2385,144.8737,2026-07-30T03:15:00Z,5.55,N20,n,D,VIIRS_NOAA20_NRT,1
-15.1738,144.8826,2026-07-30T03:15:00Z,5.38,N20,n,D,VIIRS_NOAA20_NRT,1
-15.6702,145.1875,2026-07-30T03:15:00Z,5.87,N20,n,D,VIIRS_NOAA20_NRT,1
-15.2389,144.8694,2026-07-30T03:15:00Z,5.55,N20,n,D,VIIRS_NOAA20_NRT,1
-15.6746,145.201,2026-07-30T03:15:00Z,4.66,N20,n,D,VIIRS_NOAA20_NRT,1
-15.6911,145.1587,2026-07-30T03:15:00Z,9.71,N20,n,D,VIIRS_NOAA20_NRT,1
-15.6907,145.1631,2026-07-30T03:15:00Z,5.41,N20,n,D,VIIRS_NOAA20_NRT,1
-15.69,145.1526,2026-07-30T03:15:00Z,6.42,N20,n,D,VIIRS_NOAA20_NRT,1
-15.6896,145.157,2026-07-30T03:15:00Z,6.42,N20,n,D,VIIRS_NOAA20_NRT,1
-15.6891,145.1614,2026-07-30T03:15:00Z,8.78,N20,n,D,VIIRS_NOAA20_NRT,1
-15.6806,145.2015,2026-07-30T03:15:00Z,4.66,N20,n,D,VIIRS_NOAA20_NRT,1
-15.6784,145.1662,2026-07-30T03:15:00Z,4.02,N20,n,D,VIIRS_NOAA20_NRT,1
-15.6756,145.1926,2026-07-30T03:15:00Z,4.32,N20,n,D,VIIRS_NOAA20_NRT,1
-15.6711,145.1786,2026-07-30T03:15:00Z,5.11,N20,n,D,VIIRS_NOAA20_NRT,1
-15.2445,144.8741,2026-07-30T03:15:00Z,5.55,N20,n,D,VIIRS_NOAA20_NRT,1
-15.6706,145.183,2026-07-30T03:15:00Z,5.11,N20,n,D,VIIRS_NOAA20_NRT,1
-15.4117,141.7141,2026-07-30T03:15:00Z,11.9,N20,n,D,VIIRS_NOAA20_NRT,1
-15.3301,144.8915,2026-07-30T03:15:00Z,4.12,N20,n,D,VIIRS_NOAA20_NRT,1
-15.2788,144.8918,2026-07-30T03:15:00Z,5.12,N20,n,D,VIIRS_NOAA20_NRT,1
-15.2783,144.8964,2026-07-30T03:15:00Z,5.12,N20,n,D,VIIRS_NOAA20_NRT,1
-15.2718,144.9006,2026-07-30T03:15:00Z,5.8,N20,n,D,VIIRS_NOAA20_NRT,1
-15.2659,144.9,2026-07-30T03:15:00Z,3.92,N20,n,D,VIIRS_NOAA20_NRT,1
-15.2449,144.8698,2026-07-30T03:15:00Z,5.55,N20,h,D,VIIRS_NOAA20_NRT,1
-14.5685,144.5002,2026-07-30T03:15:00Z,4.29,N20,n,D,VIIRS_NOAA20_NRT,1
-13.2355,142.5727,2026-07-30T03:15:00Z,14.78,N20,n,D,VIIRS_NOAA20_NRT,1
-14.5618,141.7865,2026-07-30T03:15:00Z,8.48,N20,n,D,VIIRS_NOAA20_NRT,1
-12.7516,142.4042,2026-07-30T03:15:00Z,7.71,N20,n,D,VIIRS_NOAA20_NRT,1
-13.0202,141.8391,2026-07-30T03:15:00Z,8.18,N20,n,D,VIIRS_NOAA20_NRT,1
-12.9362,141.7245,2026-07-30T03:15:00Z,16.52,N20,n,D,VIIRS_NOAA20_NRT,1
-12.9352,141.7145,2026-07-30T03:15:00Z,8.52,N20,n,D,VIIRS_NOAA20_NRT,1
-12.9345,141.7214,2026-07-30T03:15:00Z,12.43,N20,n,D,VIIRS_NOAA20_NRT,1
-12.9299,141.7167,2026-07-30T03:15:00Z,17.65,N20,n,D,VIIRS_NOAA20_NRT,1
-12.9282,141.7136,2026-07-30T03:15:00Z,10.05,N20,n,D,VIIRS_NOAA20_NRT,1
-12.9275,141.7205,2026-07-30T03:15:00Z,12.51,N20,n,D,VIIRS_NOAA20_NRT,1
-12.7839,141.9629,2026-07-30T03:15:00Z,7.61,N20,n,D,VIIRS_NOAA20_NRT,1
-12.751,142.4103,2026-07-30T03:15:00Z,7.71,N20,n,D,VIIRS_NOAA20_NRT,1
-14.5583,141.7862,2026-07-30T03:15:00Z,7.67,N20,n,D,VIIRS_NOAA20_NRT,1
-12.7486,142.4039,2026-07-30T03:15:00Z,19.65,N20,h,D,VIIRS_NOAA20_NRT,1
-12.748,142.4099,2026-07-30T03:15:00Z,13.4,N20,n,D,VIIRS_NOAA20_NRT,1
-12.7449,142.4035,2026-07-30T03:15:00Z,7.71,N20,n,D,VIIRS_NOAA20_NRT,1
-12.6383,142.5432,2026-07-30T03:15:00Z,2.63,N20,n,D,VIIRS_NOAA20_NRT,1
-12.6356,142.5355,2026-07-30T03:15:00Z,9.07,N20,h,D,VIIRS_NOAA20_NRT,1
-12.6349,142.5414,2026-07-30T03:15:00Z,9.07,N20,n,D,VIIRS_NOAA20_NRT,1
-12.6323,142.5364,2026-07-30T03:15:00Z,15.97,N20,n,D,VIIRS_NOAA20_NRT,1
-15.6921,145.15,2026-07-30T03:15:00Z,7.93,N20,n,D,VIIRS_NOAA20_NRT,1
-13.0211,141.8402,2026-07-30T03:15:00Z,7.69,N20,n,D,VIIRS_NOAA20_NRT,1
-13.2201,142.5892,2026-07-30T03:15:00Z,3.24,N20,n,D,VIIRS_NOAA20_NRT,1
-13.2231,142.591,2026-07-30T03:15:00Z,5.71,N20,n,D,VIIRS_NOAA20_NRT,1
-13.2317,142.5737,2026-07-30T03:15:00Z,13.99,N20,n,D,VIIRS_NOAA20_NRT,1
-14.2802,141.8206,2026-07-30T03:15:00Z,7.47,N20,n,D,VIIRS_NOAA20_NRT,1
-14.2778,141.8192,2026-07-30T03:15:00Z,6.48,N20,n,D,VIIRS_NOAA20_NRT,1
-14.0966,143.6221,2026-07-30T03:15:00Z,14.1,N20,n,D,VIIRS_NOAA20_NRT,1
-14.0941,143.6209,2026-07-30T03:15:00Z,15.97,N20,n,D,VIIRS_NOAA20_NRT,1
-14.0913,143.611,2026-07-30T03:15:00Z,11.19,N20,n,D,VIIRS_NOAA20_NRT,1
-14.0908,143.6162,2026-07-30T03:15:00Z,11.19,N20,h,D,VIIRS_NOAA20_NRT,1
-14.0889,143.6098,2026-07-30T03:15:00Z,21.83,N20,h,D,VIIRS_NOAA20_NRT,1
-14.0883,143.615,2026-07-30T03:15:00Z,15.97,N20,h,D,VIIRS_NOAA20_NRT,1
-14.085,143.6103,2026-07-30T03:15:00Z,12.74,N20,h,D,VIIRS_NOAA20_NRT,1
-13.7013,141.5968,2026-07-30T03:15:00Z,6.88,N20,n,D,VIIRS_NOAA20_NRT,1
-13.5013,141.5774,2026-07-30T03:15:00Z,8.93,N20,n,D,VIIRS_NOAA20_NRT,1
-13.5006,141.5845,2026-07-30T03:15:00Z,8.93,N20,n,D,VIIRS_NOAA20_NRT,1
-13.4999,141.5915,2026-07-30T03:15:00Z,13.64,N20,n,D,VIIRS_NOAA20_NRT,1
-13.339,141.7205,2026-07-30T03:15:00Z,7.03,N20,n,D,VIIRS_NOAA20_NRT,1
-13.2476,142.5512,2026-07-30T03:15:00Z,10.78,N20,n,D,VIIRS_NOAA20_NRT,1
-13.2448,142.5495,2026-07-30T03:15:00Z,10.15,N20,n,D,VIIRS_NOAA20_NRT,1
-13.239,142.5685,2026-07-30T03:15:00Z,6.54,N20,n,D,VIIRS_NOAA20_NRT,1
-15.6916,145.1544,2026-07-30T03:15:00Z,9.71,N20,n,D,VIIRS_NOAA20_NRT,1
-12.5362,142.4218,2026-07-30T03:15:00Z,11.39,N20,n,D,VIIRS_NOAA20_NRT,1
-15.6959,145.1533,2026-07-30T03:15:00Z,6.42,N20,n,D,VIIRS_NOAA20_NRT,1
-12.3728,141.8823,2026-07-30T03:15:00Z,18.18,N20,l,D,VIIRS_NOAA20_NRT,1
-12.3521,141.88,2026-07-30T03:15:00Z,5.54,N20,n,D,VIIRS_NOAA20_NRT,1
-12.3528,141.8735,2026-07-30T03:15:00Z,8.34,N20,n,D,VIIRS_NOAA20_NRT,1
-12.3533,141.8696,2026-07-30T03:15:00Z,5.57,N20,n,D,VIIRS_NOAA20_NRT,1
-12.3651,141.8908,2026-07-30T03:15:00Z,7.89,N20,n,D,VIIRS_NOAA20_NRT,1
-12.3652,141.888,2026-07-30T03:15:00Z,8.04,N20,n,D,VIIRS_NOAA20_NRT,1
-12.3657,141.8843,2026-07-30T03:15:00Z,12.3,N20,n,D,VIIRS_NOAA20_NRT,1
-12.3659,141.8815,2026-07-30T03:15:00Z,8.04,N20,n,D,VIIRS_NOAA20_NRT,1
-12.3664,141.8777,2026-07-30T03:15:00Z,12.3,N20,n,D,VIIRS_NOAA20_NRT,1
-12.3734,141.8785,2026-07-30T03:15:00Z,12.3,N20,h,D,VIIRS_NOAA20_NRT,1
-15.6963,145.149,2026-07-30T03:15:00Z,10.54,N20,n,D,VIIRS_NOAA20_NRT,1
-12.3736,141.8757,2026-07-30T03:15:00Z,12.74,N20,n,D,VIIRS_NOAA20_NRT,1
-12.374,141.8719,2026-07-30T03:15:00Z,15.7,N20,n,D,VIIRS_NOAA20_NRT,1
-12.3803,141.8791,2026-07-30T03:15:00Z,3.16,N20,n,D,VIIRS_NOAA20_NRT,1
-12.3805,141.8764,2026-07-30T03:15:00Z,12.74,N20,n,D,VIIRS_NOAA20_NRT,1
-12.3844,141.8398,2026-07-30T03:15:00Z,4.02,N20,n,D,VIIRS_NOAA20_NRT,1
-12.3849,141.8371,2026-07-30T03:15:00Z,8.2,N20,n,D,VIIRS_NOAA20_NRT,1
-12.3859,142.4955,2026-07-30T03:15:00Z,3.22,N20,n,D,VIIRS_NOAA20_NRT,1
-12.4492,141.7601,2026-07-30T03:15:00Z,6.93,N20,n,D,VIIRS_NOAA20_NRT,1
-12.3519,141.8827,2026-07-30T03:15:00Z,15.51,N20,n,D,VIIRS_NOAA20_NRT,1
-12.3514,141.8865,2026-07-30T03:15:00Z,5.54,N20,n,D,VIIRS_NOAA20_NRT,1
-12.3512,141.8892,2026-07-30T03:15:00Z,11.96,N20,n,D,VIIRS_NOAA20_NRT,1
-12.3506,141.893,2026-07-30T03:15:00Z,6.75,N20,n,D,VIIRS_NOAA20_NRT,1
-9.4615,160.2885,2026-07-30T03:15:00Z,3.75,N20,n,D,VIIRS_NOAA20_NRT,1
-9.4619,160.2889,2026-07-30T03:15:00Z,3.36,N20,n,D,VIIRS_NOAA20_NRT,1
-9.4718,160.3066,2026-07-30T03:15:00Z,5.24,N20,n,D,VIIRS_NOAA20_NRT,1
-9.485,160.1734,2026-07-30T03:15:00Z,3.63,N20,n,D,VIIRS_NOAA20_NRT,1
-9.4863,160.1741,2026-07-30T03:15:00Z,2.85,N20,n,D,VIIRS_NOAA20_NRT,1
-9.9864,151.1561,2026-07-30T03:15:00Z,1.43,N20,n,D,VIIRS_NOAA20_NRT,1
-10.0702,149.9452,2026-07-30T03:15:00Z,6.49,N20,n,D,VIIRS_NOAA20_NRT,1
-10.0734,149.951,2026-07-30T03:15:00Z,9.59,N20,n,D,VIIRS_NOAA20_NRT,1
-10.1644,150.1856,2026-07-30T03:15:00Z,6.4,N20,n,D,VIIRS_NOAA20_NRT,1
-12.0326,142.1065,2026-07-30T03:15:00Z,13.42,N20,n,D,VIIRS_NOAA20_NRT,1
-12.0333,142.1004,2026-07-30T03:15:00Z,12.66,N20,n,D,VIIRS_NOAA20_NRT,1
-12.0347,142.1016,2026-07-30T03:15:00Z,15.31,N20,n,D,VIIRS_NOAA20_NRT,1
-12.1564,142.6135,2026-07-30T03:15:00Z,5.25,N20,n,D,VIIRS_NOAA20_NRT,1
-12.2712,141.8512,2026-07-30T03:15:00Z,3.43,N20,n,D,VIIRS_NOAA20_NRT,1
-12.2716,141.8505,2026-07-30T03:15:00Z,8.58,N20,n,D,VIIRS_NOAA20_NRT,1
-12.2822,141.8789,2026-07-30T03:15:00Z,13.52,N20,n,D,VIIRS_NOAA20_NRT,1
-12.2825,141.8781,2026-07-30T03:15:00Z,7.15,N20,n,D,VIIRS_NOAA20_NRT,1
-12.4556,141.7547,2026-07-30T03:15:00Z,7.94,N20,n,D,VIIRS_NOAA20_NRT,1
-12.4569,141.7543,2026-07-30T03:15:00Z,6.93,N20,n,D,VIIRS_NOAA20_NRT,1
-12.539,142.4281,2026-07-30T03:15:00Z,10.9,N20,n,D,VIIRS_NOAA20_NRT,1
-16.7434,145.4364,2026-07-30T03:15:00Z,5.25,N20,n,D,VIIRS_NOAA20_NRT,1
-16.0024,145.0462,2026-07-30T03:15:00Z,3.61,N20,n,D,VIIRS_NOAA20_NRT,1
-16.0009,144.8869,2026-07-30T03:15:00Z,7.26,N20,n,D,VIIRS_NOAA20_NRT,1
-15.9905,145.0451,2026-07-30T03:15:00Z,5.33,N20,n,D,VIIRS_NOAA20_NRT,1
-15.8281,144.1404,2026-07-30T03:15:00Z,12.43,N20,n,D,VIIRS_NOAA20_NRT,1
-15.8172,144.2703,2026-07-30T03:15:00Z,10.18,N20,n,D,VIIRS_NOAA20_NRT,1
-15.8151,144.2723,2026-07-30T03:15:00Z,5.41,N20,n,D,VIIRS_NOAA20_NRT,1
-15.8094,144.2663,2026-07-30T03:15:00Z,5.47,N20,n,D,VIIRS_NOAA20_NRT,1
-15.7709,145.121,2026-07-30T03:15:00Z,6.14,N20,n,D,VIIRS_NOAA20_NRT,1
-15.7687,145.142,2026-07-30T03:15:00Z,3.54,N20,n,D,VIIRS_NOAA20_NRT,1
-15.7671,145.1006,2026-07-30T03:15:00Z,3.92,N20,n,D,VIIRS_NOAA20_NRT,1
-15.7666,145.1053,2026-07-30T03:15:00Z,3.92,N20,n,D,VIIRS_NOAA20_NRT,1
-15.7538,145.1696,2026-07-30T03:15:00Z,3.49,N20,n,D,VIIRS_NOAA20_NRT,1
-15.7403,145.1852,2026-07-30T03:15:00Z,5.18,N20,n,D,VIIRS_NOAA20_NRT,1
-15.7276,145.1925,2026-07-30T03:15:00Z,7.09,N20,n,D,VIIRS_NOAA20_NRT,1
-15.7034,145.1558,2026-07-30T03:15:00Z,2.66,N20,n,D,VIIRS_NOAA20_NRT,1
-15.7018,145.1541,2026-07-30T03:15:00Z,4.94,N20,n,D,VIIRS_NOAA20_NRT,1
-15.698,145.1507,2026-07-30T03:15:00Z,7.93,N20,n,D,VIIRS_NOAA20_NRT,1
-16.6436,144.0604,2026-07-30T03:15:00Z,6.96,N20,n,D,VIIRS_NOAA20_NRT,1
-16.7479,145.3949,2026-07-30T03:15:00Z,9.89,N20,l,D,VIIRS_NOAA20_NRT,1
-12.5423,142.4285,2026-07-30T03:15:00Z,11.39,N20,n,D,VIIRS_NOAA20_NRT,1
-16.7521,145.3977,2026-07-30T03:15:00Z,8.6,N20,n,D,VIIRS_NOAA20_NRT,1
-12.543,142.4224,2026-07-30T03:15:00Z,11.39,N20,h,D,VIIRS_NOAA20_NRT,1
-12.5444,142.4409,2026-07-30T03:15:00Z,25.27,N20,l,D,VIIRS_NOAA20_NRT,1
-12.545,142.4348,2026-07-30T03:15:00Z,20.92,N20,n,D,VIIRS_NOAA20_NRT,1
-12.5457,142.4288,2026-07-30T03:15:00Z,20.92,N20,n,D,VIIRS_NOAA20_NRT,1
-17.9354,145.3628,2026-07-30T03:15:00Z,4.11,N20,n,D,VIIRS_NOAA20_NRT,1
-16.7792,145.3647,2026-07-30T03:15:00Z,15.31,N20,n,D,VIIRS_NOAA20_NRT,1
-16.7788,145.3685,2026-07-30T03:15:00Z,13.32,N20,n,D,VIIRS_NOAA20_NRT,1
-16.7737,145.3601,2026-07-30T03:15:00Z,15.31,N20,n,D,VIIRS_NOAA20_NRT,1
-16.7733,145.3643,2026-07-30T03:15:00Z,15.31,N20,n,D,VIIRS_NOAA20_NRT,1
-16.7729,145.3682,2026-07-30T03:15:00Z,13.32,N20,n,D,VIIRS_NOAA20_NRT,1
-16.7678,145.3594,2026-07-30T03:15:00Z,4.12,N20,n,D,VIIRS_NOAA20_NRT,1
-16.7674,145.3636,2026-07-30T03:15:00Z,4.12,N20,n,D,VIIRS_NOAA20_NRT,1
-16.7624,145.3538,2026-07-30T03:15:00Z,4.68,N20,n,D,VIIRS_NOAA20_NRT,1
-16.7559,145.4188,2026-07-30T03:15:00Z,4.19,N20,n,D,VIIRS_NOAA20_NRT,1
-16.7555,145.4229,2026-07-30T03:15:00Z,4.19,N20,n,D,VIIRS_NOAA20_NRT,1
-16.7534,145.3989,2026-07-30T03:15:00Z,9.89,N20,n,D,VIIRS_NOAA20_NRT,1
-16.7525,145.3937,2026-07-30T03:15:00Z,8.6,N20,n,D,VIIRS_NOAA20_NRT,1
51.4163,143.3716,2026-07-30T03:15:00Z,4.31,N,n,D,VIIRS_SNPP_NRT,1
-12.5554,142.0036,2026-07-30T03:15:00Z,9.76,N20,n,D,VIIRS_NOAA20_NRT,1
-12.5463,142.4228,2026-07-30T03:15:00Z,37.62,N20,n,D,VIIRS_NOAA20_NRT,1
-29.4162,152.1257,2026-07-30T03:13:00Z,4.72,N20,n,D,VIIRS_NOAA20_NRT,1
-29.9132,152.9126,2026-07-30T03:13:00Z,7.23,N20,n,D,VIIRS_NOAA20_NRT,1
-29.8283,152.6703,2026-07-30T03:13:00Z,3.85,N20,n,D,VIIRS_NOAA20_NRT,1
-29.829,151.3003,2026-07-30T03:13:00Z,5.6,N20,n,D,VIIRS_NOAA20_NRT,1
-29.8323,152.6684,2026-07-30T03:13:00Z,7.72,N20,n,D,VIIRS_NOAA20_NRT,1
-29.8328,152.6639,2026-07-30T03:13:00Z,3.52,N20,n,D,VIIRS_NOAA20_NRT,1
-29.8331,152.6665,2026-07-30T03:13:00Z,3.85,N20,n,D,VIIRS_NOAA20_NRT,1
-29.868,152.6267,2026-07-30T03:13:00Z,3.68,N20,n,D,VIIRS_NOAA20_NRT,1
-29.911,152.9143,2026-07-30T03:13:00Z,4.43,N20,n,D,VIIRS_NOAA20_NRT,1
-29.9153,152.915,2026-07-30T03:13:00Z,4.43,N20,n,D,VIIRS_NOAA20_NRT,1
-29.7226,152.4817,2026-07-30T03:13:00Z,3.06,N20,n,D,VIIRS_NOAA20_NRT,1
-29.9157,152.9105,2026-07-30T03:13:00Z,4.43,N20,n,D,VIIRS_NOAA20_NRT,1
-29.9196,152.9156,2026-07-30T03:13:00Z,7.32,N20,n,D,VIIRS_NOAA20_NRT,1
-29.9704,152.7147,2026-07-30T03:13:00Z,5.31,N20,n,D,VIIRS_NOAA20_NRT,1
-29.9855,152.8254,2026-07-30T03:13:00Z,3.66,N20,n,D,VIIRS_NOAA20_NRT,1
-30.2182,151.6354,2026-07-30T03:13:00Z,1.51,N20,n,D,VIIRS_NOAA20_NRT,1
-30.351,150.364,2026-07-30T03:13:00Z,6.06,N20,n,D,VIIRS_NOAA20_NRT,1
-29.7603,151.4772,2026-07-30T03:13:00Z,4.16,N20,n,D,VIIRS_NOAA20_NRT,1
-29.6442,149.2537,2026-07-30T03:13:00Z,3.38,N20,n,D,VIIRS_NOAA20_NRT,1
-30.5028,151.4394,2026-07-30T03:13:00Z,10.15,N20,n,D,VIIRS_NOAA20_NRT,1
-29.4066,152.4427,2026-07-30T03:13:00Z,6.64,N20,n,D,VIIRS_NOAA20_NRT,1
-29.3755,152.4414,2026-07-30T03:13:00Z,41.51,N20,n,D,VIIRS_NOAA20_NRT,1
-29.3848,152.4377,2026-07-30T03:13:00Z,4.29,N20,n,D,VIIRS_NOAA20_NRT,1
-29.3886,152.4438,2026-07-30T03:13:00Z,2.93,N20,n,D,VIIRS_NOAA20_NRT,1
-29.3989,152.4305,2026-07-30T03:13:00Z,5.38,N20,n,D,VIIRS_NOAA20_NRT,1
-29.4013,152.4506,2026-07-30T03:13:00Z,4.31,N20,n,D,VIIRS_NOAA20_NRT,1
-29.4017,152.4463,2026-07-30T03:13:00Z,4.31,N20,n,D,VIIRS_NOAA20_NRT,1
-29.4118,152.1248,2026-07-30T03:13:00Z,4.72,N20,n,D,VIIRS_NOAA20_NRT,1
-29.5512,152.1135,2026-07-30T03:13:00Z,4.68,N20,n,D,VIIRS_NOAA20_NRT,1
-29.4465,151.9123,2026-07-30T03:13:00Z,8.09,N20,n,D,VIIRS_NOAA20_NRT,1
-29.447,151.9072,2026-07-30T03:13:00Z,6.26,N20,n,D,VIIRS_NOAA20_NRT,1
-29.4505,151.9179,2026-07-30T03:13:00Z,4.62,N20,n,D,VIIRS_NOAA20_NRT,1
-29.451,151.9128,2026-07-30T03:13:00Z,4.62,N20,n,D,VIIRS_NOAA20_NRT,1
-29.4567,149.5605,2026-07-30T03:13:00Z,2.5,N20,n,D,VIIRS_NOAA20_NRT,1
-29.4725,153.0284,2026-07-30T03:13:00Z,4.11,N20,n,D,VIIRS_NOAA20_NRT,1
-30.3659,148.1485,2026-07-30T03:13:00Z,2.5,N20,n,D,VIIRS_NOAA20_NRT,1
-30.5075,151.4403,2026-07-30T03:13:00Z,10.15,N20,n,D,VIIRS_NOAA20_NRT,1
-29.3043,152.5262,2026-07-30T03:13:00Z,5.76,N20,n,D,VIIRS_NOAA20_NRT,1
-31.0686,145.7551,2026-07-30T03:13:00Z,4.21,N20,n,D,VIIRS_NOAA20_NRT,1
-31.1674,146.9005,2026-07-30T03:13:00Z,4.33,N20,n,D,VIIRS_NOAA20_NRT,1
-31.2844,151.0964,2026-07-30T03:13:00Z,2.62,N20,n,D,VIIRS_NOAA20_NRT,1
-31.2946,150.3008,2026-07-30T03:13:00Z,1.68,N20,n,D,VIIRS_NOAA20_NRT,1
-31.4901,147.6085,2026-07-30T03:13:00Z,5.43,N20,n,D,VIIRS_NOAA20_NRT,1
-31.4904,147.6034,2026-07-30T03:13:00Z,5.43,N20,l,D,VIIRS_NOAA20_NRT,1
-31.4913,147.5881,2026-07-30T03:13:00Z,5.77,N20,n,D,VIIRS_NOAA20_NRT,1
-31.4922,147.6081,2026-07-30T03:13:00Z,7.84,N20,l,D,VIIRS_NOAA20_NRT,1
-31.4925,147.6031,2026-07-30T03:13:00Z,7.84,N20,h,D,VIIRS_NOAA20_NRT,1
-31.4933,147.5877,2026-07-30T03:13:00Z,6.17,N20,n,D,VIIRS_NOAA20_NRT,1
-31.4961,147.609,2026-07-30T03:13:00Z,4.43,N20,n,D,VIIRS_NOAA20_NRT,1
-31.536,147.7882,2026-07-30T03:13:00Z,3.33,N20,n,D,VIIRS_NOAA20_NRT,1
-31.5419,147.7887,2026-07-30T03:13:00Z,9.81,N20,l,D,VIIRS_NOAA20_NRT,1
-31.6588,147.249,2026-07-30T03:13:00Z,3.86,N20,n,D,VIIRS_NOAA20_NRT,1
-31.6648,145.4589,2026-07-30T03:13:00Z,3.76,N20,n,D,VIIRS_NOAA20_NRT,1
-31.665,147.2495,2026-07-30T03:13:00Z,7.0,N20,n,D,VIIRS_NOAA20_NRT,1
-31.0689,145.7486,2026-07-30T03:13:00Z,4.21,N20,n,D,VIIRS_NOAA20_NRT,1
-31.0668,145.7508,2026-07-30T03:13:00Z,5.14,N20,n,D,VIIRS_NOAA20_NRT,1
-30.626,151.2417,2026-07-30T03:13:00Z,6.7,N20,n,D,VIIRS_NOAA20_NRT,1
-31.0134,151.5048,2026-07-30T03:13:00Z,2.77,N20,n,D,VIIRS_NOAA20_NRT,1
-30.6308,151.2425,2026-07-30T03:13:00Z,6.7,N20,n,D,VIIRS_NOAA20_NRT,1
-30.645,151.1342,2026-07-30T03:13:00Z,11.55,N20,n,D,VIIRS_NOAA20_NRT,1
-30.6456,151.1283,2026-07-30T03:13:00Z,11.55,N20,n,D,VIIRS_NOAA20_NRT,1
-30.6956,147.7266,2026-07-30T03:13:00Z,2.15,N20,n,D,VIIRS_NOAA20_NRT,1
-30.7159,148.937,2026-07-30T03:13:00Z,2.48,N20,n,D,VIIRS_NOAA20_NRT,1
-30.7237,149.9782,2026-07-30T03:13:00Z,5.11,N20,n,D,VIIRS_NOAA20_NRT,1
-30.7896,152.3388,2026-07-30T03:13:00Z,4.54,N20,n,D,VIIRS_NOAA20_NRT,1
-30.825,148.8794,2026-07-30T03:13:00Z,2.87,N20,n,D,VIIRS_NOAA20_NRT,1
-30.8626,152.8575,2026-07-30T03:13:00Z,15.7,N20,n,D,VIIRS_NOAA20_NRT,1
-30.8686,151.654,2026-07-30T03:13:00Z,31.6,N20,n,D,VIIRS_NOAA20_NRT,1
-30.8706,151.655,2026-07-30T03:13:00Z,49.72,N20,n,D,VIIRS_NOAA20_NRT,1
-30.871,151.6495,2026-07-30T03:13:00Z,13.27,N20,n,D,VIIRS_NOAA20_NRT,1
-30.8733,151.6545,2026-07-30T03:13:00Z,31.6,N20,h,D,VIIRS_NOAA20_NRT,1
-30.9044,151.0415,2026-07-30T03:13:00Z,4.58,N20,n,D,VIIRS_NOAA20_NRT,1
-31.0129,151.5033,2026-07-30T03:13:00Z,3.83,N20,n,D,VIIRS_NOAA20_NRT,1
-29.3149,152.5095,2026-07-30T03:13:00Z,2.99,N20,n,D,VIIRS_NOAA20_NRT,1
-29.3008,152.5233,2026-07-30T03:13:00Z,3.67,N20,n,D,VIIRS_NOAA20_NRT,1
-21.5132,149.3081,2026-07-30T03:13:00Z,8.57,N20,n,D,VIIRS_NOAA20_NRT,1
-19.6297,146.1696,2026-07-30T03:13:00Z,1.86,N20,n,D,VIIRS_NOAA20_NRT,1
-23.303,148.3341,2026-07-30T03:13:00Z,1.44,N20,l,D,VIIRS_NOAA20_NRT,1
-22.7787,149.8488,2026-07-30T03:13:00Z,12.08,N20,n,D,VIIRS_NOAA20_NRT,1
-22.7745,149.8429,2026-07-30T03:13:00Z,13.54,N20,n,D,VIIRS_NOAA20_NRT,1
-22.774,149.8485,2026-07-30T03:13:00Z,12.08,N20,n,D,VIIRS_NOAA20_NRT,1
-22.5578,148.8641,2026-07-30T03:13:00Z,3.7,N20,n,D,VIIRS_NOAA20_NRT,1
-29.2518,152.4768,2026-07-30T03:13:00Z,5.05,N20,n,D,VIIRS_NOAA20_NRT,1
-21.4027,149.0209,2026-07-30T03:13:00Z,27.35,N20,n,D,VIIRS_NOAA20_NRT,1
-21.4021,149.0267,2026-07-30T03:13:00Z,27.35,N20,n,D,VIIRS_NOAA20_NRT,1
-19.9819,145.6399,2026-07-30T03:13:00Z,2.68,N20,n,D,VIIRS_NOAA20_NRT,1
-19.6604,146.2154,2026-07-30T03:13:00Z,8.06,N20,n,D,VIIRS_NOAA20_NRT,1
-19.66,146.2197,2026-07-30T03:13:00Z,8.06,N20,n,D,VIIRS_NOAA20_NRT,1
-19.6592,146.2282,2026-07-30T03:13:00Z,7.58,N20,n,D,VIIRS_NOAA20_NRT,1
-19.6294,146.1708,2026-07-30T03:13:00Z,1.83,N20,n,D,VIIRS_NOAA20_NRT,1
-23.6406,146.5893,2026-07-30T03:13:00Z,8.58,N20,n,D,VIIRS_NOAA20_NRT,1
-19.6293,146.1738,2026-07-30T03:13:00Z,1.86,N20,n,D,VIIRS_NOAA20_NRT,1
-19.629,146.1751,2026-07-30T03:13:00Z,1.83,N20,n,D,VIIRS_NOAA20_NRT,1
-19.6254,146.1521,2026-07-30T03:13:00Z,4.47,N20,n,D,VIIRS_NOAA20_NRT,1
-19.5929,147.0261,2026-07-30T03:13:00Z,6.52,N20,n,D,VIIRS_NOAA20_NRT,1
-19.4857,146.6989,2026-07-30T03:13:00Z,1.71,N20,n,D,VIIRS_NOAA20_NRT,1
-19.4163,146.7279,2026-07-30T03:13:00Z,2.11,N20,n,D,VIIRS_NOAA20_NRT,1
-19.4159,146.7318,2026-07-30T03:13:00Z,2.11,N20,n,D,VIIRS_NOAA20_NRT,1
-18.8386,145.849,2026-07-30T03:13:00Z,5.69,N20,n,D,VIIRS_NOAA20_NRT,1
-18.3141,146.0507,2026-07-30T03:13:00Z,4.28,N20,n,D,VIIRS_NOAA20_NRT,1
-18.3095,146.0386,2026-07-30T03:13:00Z,7.7,N20,n,D,VIIRS_NOAA20_NRT,1
-18.3091,146.0425,2026-07-30T03:13:00Z,8.76,N20,n,D,VIIRS_NOAA20_NRT,1
-18.3088,146.0462,2026-07-30T03:13:00Z,8.76,N20,l,D,VIIRS_NOAA20_NRT,1
-23.3241,150.2756,2026-07-30T03:13:00Z,7.75,N20,n,D,VIIRS_NOAA20_NRT,1
-23.0502,148.5925,2026-07-30T03:13:00Z,1.78,N20,n,D,VIIRS_NOAA20_NRT,1
-24.6292,151.9714,2026-07-30T03:13:00Z,3.18,N20,n,D,VIIRS_NOAA20_NRT,1
-25.0869,151.5438,2026-07-30T03:13:00Z,3.05,N20,n,D,VIIRS_NOAA20_NRT,1
-29.2431,152.4755,2026-07-30T03:13:00Z,7.29,N20,n,D,VIIRS_NOAA20_NRT,1
-29.2426,152.4803,2026-07-30T03:13:00Z,7.29,N20,n,D,VIIRS_NOAA20_NRT,1
-29.2383,152.6946,2026-07-30T03:13:00Z,8.51,N20,n,D,VIIRS_NOAA20_NRT,1
-29.2382,152.4797,2026-07-30T03:13:00Z,2.46,N20,n,D,VIIRS_NOAA20_NRT,1
-29.2278,152.5833,2026-07-30T03:13:00Z,3.13,N20,n,D,VIIRS_NOAA20_NRT,1
-29.2234,152.5826,2026-07-30T03:13:00Z,3.13,N20,n,D,VIIRS_NOAA20_NRT,1
-29.2028,152.5236,2026-07-30T03:13:00Z,2.04,N20,n,D,VIIRS_NOAA20_NRT,1
-29.2021,152.5256,2026-07-30T03:13:00Z,3.51,N20,n,D,VIIRS_NOAA20_NRT,1
-29.1981,152.5272,2026-07-30T03:13:00Z,3.6,N20,n,D,VIIRS_NOAA20_NRT,1
-24.6702,151.9446,2026-07-30T03:13:00Z,3.49,N20,l,D,VIIRS_NOAA20_NRT,1
-25.179,149.9498,2026-07-30T03:13:00Z,5.2,N20,n,D,VIIRS_NOAA20_NRT,1
-25.1571,149.9715,2026-07-30T03:13:00Z,3.02,N20,n,D,VIIRS_NOAA20_NRT,1
-29.1973,152.5292,2026-07-30T03:13:00Z,2.28,N20,n,D,VIIRS_NOAA20_NRT,1
-24.9962,147.6331,2026-07-30T03:13:00Z,4.48,N20,n,D,VIIRS_NOAA20_NRT,1
-24.7215,150.9654,2026-07-30T03:13:00Z,2.58,N20,n,D,VIIRS_NOAA20_NRT,1
-24.7079,150.9632,2026-07-30T03:13:00Z,2.7,N20,n,D,VIIRS_NOAA20_NRT,1
-24.7115,150.9731,2026-07-30T03:13:00Z,7.86,N20,n,D,VIIRS_NOAA20_NRT,1
-24.9959,147.6372,2026-07-30T03:13:00Z,5.12,N20,n,D,VIIRS_NOAA20_NRT,1
-24.716,150.9739,2026-07-30T03:13:00Z,7.86,N20,n,D,VIIRS_NOAA20_NRT,1
-24.7165,150.9692,2026-07-30T03:13:00Z,7.86,N20,n,D,VIIRS_NOAA20_NRT,1
-24.712,150.9683,2026-07-30T03:13:00Z,7.86,N20,n,D,VIIRS_NOAA20_NRT,1
-24.7235,150.9463,2026-07-30T03:13:00Z,10.03,N20,n,D,VIIRS_NOAA20_NRT,1
-24.8018,152.4089,2026-07-30T03:13:00Z,1.33,N20,n,D,VIIRS_NOAA20_NRT,1
-24.9856,147.624,2026-07-30T03:13:00Z,2.92,N20,l,D,VIIRS_NOAA20_NRT,1
-24.9879,147.625,2026-07-30T03:13:00Z,3.45,N20,n,D,VIIRS_NOAA20_NRT,1
-25.4568,152.3037,2026-07-30T03:10:00Z,3.43,N20,n,D,VIIRS_NOAA20_NRT,1
-25.8123,152.7593,2026-07-30T03:10:00Z,3.08,N20,n,D,VIIRS_NOAA20_NRT,1
-27.0898,153.3798,2026-07-30T03:10:00Z,6.28,N20,n,D,VIIRS_NOAA20_NRT,1
-27.0966,153.393,2026-07-30T03:10:00Z,1.66,N20,n,D,VIIRS_NOAA20_NRT,1
-27.0984,153.3769,2026-07-30T03:10:00Z,8.0,N20,n,D,VIIRS_NOAA20_NRT,1
-27.1064,153.378,2026-07-30T03:10:00Z,3.51,N20,n,D,VIIRS_NOAA20_NRT,1
-27.1105,153.3787,2026-07-30T03:10:00Z,3.51,N20,n,D,VIIRS_NOAA20_NRT,1
-27.1145,153.3793,2026-07-30T03:10:00Z,8.68,N20,n,D,VIIRS_NOAA20_NRT,1
-27.1185,153.38,2026-07-30T03:10:00Z,8.68,N20,n,D,VIIRS_NOAA20_NRT,1
-25.439,152.3099,2026-07-30T03:10:00Z,4.13,N20,n,D,VIIRS_NOAA20_NRT,1
-25.8118,152.7634,2026-07-30T03:10:00Z,3.08,N20,n,D,VIIRS_NOAA20_NRT,1
-25.8114,152.7674,2026-07-30T03:10:00Z,3.59,N20,n,D,VIIRS_NOAA20_NRT,1
-25.4672,152.2496,2026-07-30T03:10:00Z,5.62,N20,n,D,VIIRS_NOAA20_NRT,1
-25.463,152.249,2026-07-30T03:10:00Z,5.62,N20,n,D,VIIRS_NOAA20_NRT,1
-25.4625,152.2534,2026-07-30T03:10:00Z,5.68,N20,n,D,VIIRS_NOAA20_NRT,1
-25.462,152.2576,2026-07-30T03:10:00Z,5.68,N20,n,D,VIIRS_NOAA20_NRT,1
-25.4573,152.2612,2026-07-30T03:10:00Z,4.49,N20,n,D,VIIRS_NOAA20_NRT,1
-25.4573,152.2995,2026-07-30T03:10:00Z,3.48,N20,n,D,VIIRS_NOAA20_NRT,1
-25.4569,152.2653,2026-07-30T03:10:00Z,4.49,N20,n,D,VIIRS_NOAA20_NRT,1
-25.4395,152.3057,2026-07-30T03:10:00Z,4.32,N20,n,D,VIIRS_NOAA20_NRT,1
-32.4047,147.8711,2026-07-30T03:10:00Z,2.24,N20,n,D,VIIRS_NOAA20_NRT,1
-25.4334,152.322,2026-07-30T03:10:00Z,3.44,N20,n,D,VIIRS_NOAA20_NRT,1
-25.4278,152.334,2026-07-30T03:10:00Z,1.8,N20,n,D,VIIRS_NOAA20_NRT,1
-27.1391,153.3789,2026-07-30T03:10:00Z,3.48,N20,n,D,VIIRS_NOAA20_NRT,1
-27.1377,153.3913,2026-07-30T03:10:00Z,7.04,N20,n,D,VIIRS_NOAA20_NRT,1
-27.1351,153.3783,2026-07-30T03:10:00Z,20.24,N20,n,D,VIIRS_NOAA20_NRT,1
-27.1346,153.3825,2026-07-30T03:10:00Z,9.11,N20,n,D,VIIRS_NOAA20_NRT,1
-27.1342,153.3866,2026-07-30T03:10:00Z,9.11,N20,n,D,VIIRS_NOAA20_NRT,1
-27.1337,153.3907,2026-07-30T03:10:00Z,8.29,N20,n,D,VIIRS_NOAA20_NRT,1
-27.1311,153.3776,2026-07-30T03:10:00Z,20.24,N20,n,D,VIIRS_NOAA20_NRT,1
-27.1306,153.3818,2026-07-30T03:10:00Z,9.11,N20,n,D,VIIRS_NOAA20_NRT,1
-27.1275,153.3728,2026-07-30T03:10:00Z,16.15,N20,n,D,VIIRS_NOAA20_NRT,1
-27.1271,153.377,2026-07-30T03:10:00Z,16.15,N20,n,D,VIIRS_NOAA20_NRT,1
-27.1261,153.3854,2026-07-30T03:10:00Z,4.12,N20,n,D,VIIRS_NOAA20_NRT,1
-27.1235,153.3722,2026-07-30T03:10:00Z,16.15,N20,n,D,VIIRS_NOAA20_NRT,1
-27.123,153.3764,2026-07-30T03:10:00Z,16.15,N20,n,D,VIIRS_NOAA20_NRT,1
-27.1225,153.3807,2026-07-30T03:10:00Z,4.12,N20,n,D,VIIRS_NOAA20_NRT,1
-27.1199,153.3675,2026-07-30T03:10:00Z,7.3,N20,n,D,VIIRS_NOAA20_NRT,1
-27.1195,153.3716,2026-07-30T03:10:00Z,11.9,N20,n,D,VIIRS_NOAA20_NRT,1
-27.0854,153.3833,2026-07-30T03:10:00Z,5.4,N20,n,D,VIIRS_NOAA20_NRT,1
-27.0858,153.3791,2026-07-30T03:10:00Z,4.38,N20,n,D,VIIRS_NOAA20_NRT,1
-27.106,153.3822,2026-07-30T03:10:00Z,3.51,N20,n,D,VIIRS_NOAA20_NRT,1
-27.0849,153.3873,2026-07-30T03:10:00Z,5.4,N20,n,D,VIIRS_NOAA20_NRT,1
-28.5092,148.3469,2026-07-30T03:10:00Z,6.62,N20,n,D,VIIRS_NOAA20_NRT,1
-28.5233,152.9113,2026-07-30T03:10:00Z,4.38,N20,n,D,VIIRS_NOAA20_NRT,1
-28.5628,150.1603,2026-07-30T03:10:00Z,3.35,N20,n,D,VIIRS_NOAA20_NRT,1
-28.5631,150.1594,2026-07-30T03:10:00Z,6.53,N20,n,D,VIIRS_NOAA20_NRT,1
-28.6437,148.8973,2026-07-30T03:10:00Z,3.8,N20,n,D,VIIRS_NOAA20_NRT,1
-28.644,148.8934,2026-07-30T03:10:00Z,3.07,N20,n,D,VIIRS_NOAA20_NRT,1
-28.7137,152.6055,2026-07-30T03:10:00Z,1.88,N20,n,D,VIIRS_NOAA20_NRT,1
-28.7273,149.7597,2026-07-30T03:10:00Z,2.96,N20,n,D,VIIRS_NOAA20_NRT,1
-28.7276,149.7563,2026-07-30T03:10:00Z,2.96,N20,n,D,VIIRS_NOAA20_NRT,1
-28.729,149.0134,2026-07-30T03:10:00Z,2.26,N20,n,D,VIIRS_NOAA20_NRT,1
-28.7713,151.8117,2026-07-30T03:10:00Z,7.01,N20,n,D,VIIRS_NOAA20_NRT,1
-28.8564,147.6848,2026-07-30T03:10:00Z,6.97,N20,n,D,VIIRS_NOAA20_NRT,1
-28.8567,147.6858,2026-07-30T03:10:00Z,5.55,N20,n,D,VIIRS_NOAA20_NRT,1
-28.8567,147.6802,2026-07-30T03:10:00Z,5.13,N20,n,D,VIIRS_NOAA20_NRT,1
-28.857,147.6811,2026-07-30T03:10:00Z,6.87,N20,n,D,VIIRS_NOAA20_NRT,1
-28.8614,152.0244,2026-07-30T03:10:00Z,2.9,N20,n,D,VIIRS_NOAA20_NRT,1
-28.884,152.6,2026-07-30T03:10:00Z,3.64,N20,n,D,VIIRS_NOAA20_NRT,1
-28.9024,146.7315,2026-07-30T03:10:00Z,8.45,N20,n,D,VIIRS_NOAA20_NRT,1
-28.5232,152.9099,2026-07-30T03:10:00Z,4.31,N20,n,D,VIIRS_NOAA20_NRT,1
-28.5089,148.3511,2026-07-30T03:10:00Z,6.62,N20,h,D,VIIRS_NOAA20_NRT,1
-28.903,146.7209,2026-07-30T03:10:00Z,15.21,N20,h,D,VIIRS_NOAA20_NRT,1
-28.5073,148.3499,2026-07-30T03:10:00Z,12.87,N20,h,D,VIIRS_NOAA20_NRT,1
-27.9114,149.3235,2026-07-30T03:10:00Z,2.4,N20,n,D,VIIRS_NOAA20_NRT,1
-27.916,149.3311,2026-07-30T03:10:00Z,22.82,N20,h,D,VIIRS_NOAA20_NRT,1
-27.9163,149.3276,2026-07-30T03:10:00Z,22.77,N20,n,D,VIIRS_NOAA20_NRT,1
-28.0176,152.526,2026-07-30T03:10:00Z,2.19,N20,n,D,VIIRS_NOAA20_NRT,1
-28.0454,153.2783,2026-07-30T03:10:00Z,5.82,N20,n,D,VIIRS_NOAA20_NRT,1
-27.0818,153.3785,2026-07-30T03:10:00Z,4.38,N20,n,D,VIIRS_NOAA20_NRT,1
-28.0985,151.4906,2026-07-30T03:10:00Z,2.8,N20,n,D,VIIRS_NOAA20_NRT,1
-28.1338,152.4419,2026-07-30T03:10:00Z,6.71,N20,n,D,VIIRS_NOAA20_NRT,1
-28.1431,152.436,2026-07-30T03:10:00Z,9.29,N20,n,D,VIIRS_NOAA20_NRT,1
-28.1444,152.4386,2026-07-30T03:10:00Z,6.19,N20,n,D,VIIRS_NOAA20_NRT,1
-28.1448,152.4348,2026-07-30T03:10:00Z,6.19,N20,n,D,VIIRS_NOAA20_NRT,1
-28.2308,149.917,2026-07-30T03:10:00Z,17.9,N20,h,D,VIIRS_NOAA20_NRT,1
-28.2311,149.9137,2026-07-30T03:10:00Z,14.44,N20,n,D,VIIRS_NOAA20_NRT,1
-28.2845,152.1057,2026-07-30T03:10:00Z,2.56,N20,n,D,VIIRS_NOAA20_NRT,1
-28.2854,152.1039,2026-07-30T03:10:00Z,3.15,N20,n,D,VIIRS_NOAA20_NRT,1
-28.4678,149.6231,2026-07-30T03:10:00Z,4.33,N20,n,D,VIIRS_NOAA20_NRT,1
-28.4681,149.6196,2026-07-30T03:10:00Z,5.9,N20,h,D,VIIRS_NOAA20_NRT,1
-28.9027,146.7262,2026-07-30T03:10:00Z,8.45,N20,n,D,VIIRS_NOAA20_NRT,1
-28.9034,146.7156,2026-07-30T03:10:00Z,15.21,N20,h,D,VIIRS_NOAA20_NRT,1
-27.9106,149.3277,2026-07-30T03:10:00Z,3.61,N20,n,D,VIIRS_NOAA20_NRT,1
-34.4633,150.8836,2026-07-30T03:10:00Z,1.69,N20,n,D,VIIRS_NOAA20_NRT,1
-34.4582,150.883,2026-07-30T03:10:00Z,3.19,N20,n,D,VIIRS_NOAA20_NRT,1
-34.0932,148.5568,2026-07-30T03:10:00Z,5.48,N20,n,D,VIIRS_NOAA20_NRT,1
-33.413,148.236,2026-07-30T03:10:00Z,3.5,N20,n,D,VIIRS_NOAA20_NRT,1
-33.4074,148.2305,2026-07-30T03:10:00Z,2.87,N20,n,D,VIIRS_NOAA20_NRT,1
-33.4071,148.2356,2026-07-30T03:10:00Z,2.87,N20,n,D,VIIRS_NOAA20_NRT,1
-33.3783,146.8596,2026-07-30T03:10:00Z,2.58,N20,n,D,VIIRS_NOAA20_NRT,1
-33.1146,146.6661,2026-07-30T03:10:00Z,4.13,N20,n,D,VIIRS_NOAA20_NRT,1
-33.0595,151.2888,2026-07-30T03:10:00Z,54.53,N20,n,D,VIIRS_NOAA20_NRT,1
-32.9031,146.123,2026-07-30T03:10:00Z,2.69,N20,n,D,VIIRS_NOAA20_NRT,1
-32.9018,146.1216,2026-07-30T03:10:00Z,14.72,N20,h,D,VIIRS_NOAA20_NRT,1
-32.8965,146.1227,2026-07-30T03:10:00Z,10.48,N20,n,D,VIIRS_NOAA20_NRT,1
-32.6912,145.9027,2026-07-30T03:10:00Z,7.14,N20,n,D,VIIRS_NOAA20_NRT,1
-32.5686,146.9562,2026-07-30T03:10:00Z,3.83,N20,n,D,VIIRS_NOAA20_NRT,1
-32.5609,150.7182,2026-07-30T03:10:00Z,7.39,N20,n,D,VIIRS_NOAA20_NRT,1
-32.5594,150.7168,2026-07-30T03:10:00Z,9.63,N20,n,D,VIIRS_NOAA20_NRT,1
-32.5398,150.9133,2026-07-30T03:10:00Z,4.0,N20,n,D,VIIRS_NOAA20_NRT,1
-32.5394,150.9138,2026-07-30T03:10:00Z,3.37,N20,n,D,VIIRS_NOAA20_NRT,1
-34.4631,150.8872,2026-07-30T03:10:00Z,1.69,N20,n,D,VIIRS_NOAA20_NRT,1
-34.7932,150.6905,2026-07-30T03:10:00Z,2.92,N20,n,D,VIIRS_NOAA20_NRT,1
-28.9037,146.7102,2026-07-30T03:10:00Z,11.67,N20,n,D,VIIRS_NOAA20_NRT,1
-36.2577,149.6357,2026-07-30T03:10:00Z,10.05,N20,n,D,VIIRS_NOAA20_NRT,1
-28.9072,146.753,2026-07-30T03:10:00Z,6.11,N20,n,D,VIIRS_NOAA20_NRT,1
-28.9075,146.7478,2026-07-30T03:10:00Z,6.11,N20,n,D,VIIRS_NOAA20_NRT,1
-28.9079,146.7425,2026-07-30T03:10:00Z,8.46,N20,n,D,VIIRS_NOAA20_NRT,1
-28.9082,146.7372,2026-07-30T03:10:00Z,8.46,N20,h,D,VIIRS_NOAA20_NRT,1
-28.9085,146.7319,2026-07-30T03:10:00Z,7.93,N20,n,D,VIIRS_NOAA20_NRT,1
-28.909,149.8415,2026-07-30T03:10:00Z,5.21,N20,n,D,VIIRS_NOAA20_NRT,1
-28.9093,149.8381,2026-07-30T03:10:00Z,5.21,N20,h,D,VIIRS_NOAA20_NRT,1
-28.9116,149.8413,2026-07-30T03:10:00Z,5.13,N20,h,D,VIIRS_NOAA20_NRT,1
-28.9118,149.8379,2026-07-30T03:10:00Z,5.13,N20,n,D,VIIRS_NOAA20_NRT,1
-29.1508,148.4188,2026-07-30T03:10:00Z,3.9,N20,n,D,VIIRS_NOAA20_NRT,1
-29.1511,148.4147,2026-07-30T03:10:00Z,3.9,N20,n,D,VIIRS_NOAA20_NRT,1
-29.1514,148.4104,2026-07-30T03:10:00Z,3.83,N20,n,D,VIIRS_NOAA20_NRT,1
-31.5515,151.0291,2026-07-30T03:10:00Z,2.14,N20,n,D,VIIRS_NOAA20_NRT,1
-31.596,149.9615,2026-07-30T03:10:00Z,1.59,N20,n,D,VIIRS_NOAA20_NRT,1
-31.7901,148.5021,2026-07-30T03:10:00Z,3.52,N20,n,D,VIIRS_NOAA20_NRT,1
-31.9509,147.4189,2026-07-30T03:10:00Z,3.77,N20,n,D,VIIRS_NOAA20_NRT,1
-36.2579,149.6316,2026-07-30T03:10:00Z,19.24,N20,n,D,VIIRS_NOAA20_NRT,1
-27.9111,149.327,2026-07-30T03:10:00Z,2.4,N20,n,D,VIIRS_NOAA20_NRT,1
-28.0458,153.2744,2026-07-30T03:10:00Z,8.79,N20,n,D,VIIRS_NOAA20_NRT,1
-27.8264,152.3305,2026-07-30T03:10:00Z,3.08,N20,n,D,VIIRS_NOAA20_NRT,1
-26.4531,147.5527,2026-07-30T03:10:00Z,1.76,N20,n,D,VIIRS_NOAA20_NRT,1
-26.4109,149.2809,2026-07-30T03:10:00Z,3.76,N20,n,D,VIIRS_NOAA20_NRT,1
-26.2125,152.4787,2026-07-30T03:10:00Z,2.49,N20,l,D,VIIRS_NOAA20_NRT,1
-26.2123,152.4798,2026-07-30T03:10:00Z,5.06,N20,n,D,VIIRS_NOAA20_NRT,1
-26.1442,152.816,2026-07-30T03:10:00Z,2.64,N20,n,D,VIIRS_NOAA20_NRT,1
-26.1149,152.6664,2026-07-30T03:10:00Z,3.07,N20,n,D,VIIRS_NOAA20_NRT,1
-26.0018,152.6437,2026-07-30T03:10:00Z,4.32,N20,n,D,VIIRS_NOAA20_NRT,1
-25.998,152.639,2026-07-30T03:10:00Z,5.45,N20,n,D,VIIRS_NOAA20_NRT,1
-25.9971,152.6473,2026-07-30T03:10:00Z,10.17,N20,h,D,VIIRS_NOAA20_NRT,1
-25.9967,152.6514,2026-07-30T03:10:00Z,10.14,N20,n,D,VIIRS_NOAA20_NRT,1
-25.9171,152.4413,2026-07-30T03:10:00Z,2.51,N20,n,D,VIIRS_NOAA20_NRT,1
-27.826,152.3349,2026-07-30T03:10:00Z,4.06,N20,n,D,VIIRS_NOAA20_NRT,1
-25.8931,150.2555,2026-07-30T03:10:00Z,40.66,N20,n,D,VIIRS_NOAA20_NRT,1
-25.8926,150.2611,2026-07-30T03:10:00Z,40.66,N20,n,D,VIIRS_NOAA20_NRT,1
-25.8888,150.2493,2026-07-30T03:10:00Z,14.16,N20,n,D,VIIRS_NOAA20_NRT,1
-25.8883,150.2549,2026-07-30T03:10:00Z,40.66,N20,n,D,VIIRS_NOAA20_NRT,1
-25.8877,150.2607,2026-07-30T03:10:00Z,40.66,N20,n,D,VIIRS_NOAA20_NRT,1
-25.8823,150.266,2026-07-30T03:10:00Z,6.7,N20,n,D,VIIRS_NOAA20_NRT,1
-26.416,149.2813,2026-07-30T03:10:00Z,2.09,N20,n,D,VIIRS_NOAA20_NRT,1
-26.4695,152.2358,2026-07-30T03:10:00Z,2.69,N20,n,D,VIIRS_NOAA20_NRT,1
-25.822,152.7482,2026-07-30T03:10:00Z,2.49,N20,n,D,VIIRS_NOAA20_NRT,1
-26.47,152.2312,2026-07-30T03:10:00Z,3.0,N20,n,D,VIIRS_NOAA20_NRT,1
-27.0773,153.382,2026-07-30T03:10:00Z,4.71,N20,n,D,VIIRS_NOAA20_NRT,1
-27.0764,153.3828,2026-07-30T03:10:00Z,4.47,N20,n,D,VIIRS_NOAA20_NRT,1
-27.0733,153.3813,2026-07-30T03:10:00Z,4.71,N20,n,D,VIIRS_NOAA20_NRT,1
-27.0729,153.378,2026-07-30T03:10:00Z,10.16,N20,n,D,VIIRS_NOAA20_NRT,1
-27.0728,153.3853,2026-07-30T03:10:00Z,4.71,N20,n,D,VIIRS_NOAA20_NRT,1
-27.0724,153.3821,2026-07-30T03:10:00Z,4.47,N20,n,D,VIIRS_NOAA20_NRT,1
-27.0724,153.3892,2026-07-30T03:10:00Z,3.7,N20,n,D,VIIRS_NOAA20_NRT,1
-27.0719,153.3861,2026-07-30T03:10:00Z,4.47,N20,n,D,VIIRS_NOAA20_NRT,1
-27.0684,153.3814,2026-07-30T03:10:00Z,9.0,N20,n,D,VIIRS_NOAA20_NRT,1
-26.889,150.6025,2026-07-30T03:10:00Z,3.87,N20,l,D,VIIRS_NOAA20_NRT,1
-26.6925,152.0631,2026-07-30T03:10:00Z,5.06,N20,n,D,VIIRS_NOAA20_NRT,1
-26.6918,152.0602,2026-07-30T03:10:00Z,4.19,N20,n,D,VIIRS_NOAA20_NRT,1
-26.6817,147.3226,2026-07-30T03:10:00Z,2.54,N20,n,D,VIIRS_NOAA20_NRT,1
-26.6058,146.9363,2026-07-30T03:10:00Z,10.11,N20,n,D,VIIRS_NOAA20_NRT,1
-26.6055,146.9411,2026-07-30T03:10:00Z,14.13,N20,h,D,VIIRS_NOAA20_NRT,1
-26.603,146.9373,2026-07-30T03:10:00Z,7.31,N20,n,D,VIIRS_NOAA20_NRT,1
-26.6027,146.9421,2026-07-30T03:10:00Z,7.31,N20,h,D,VIIRS_NOAA20_NRT,1
-25.8786,150.254,2026-07-30T03:10:00Z,4.96,N20,n,D,VIIRS_NOAA20_NRT,1
-25.9161,152.7529,2026-07-30T03:10:00Z,2.44,N20,n,D,VIIRS_NOAA20_NRT,1
-25.8178,152.7476,2026-07-30T03:10:00Z,2.49,N20,n,D,VIIRS_NOAA20_NRT,1
-27.3483,150.6534,2026-07-30T03:10:00Z,11.82,N20,n,D,VIIRS_NOAA20_NRT,1
-27.3488,150.6476,2026-07-30T03:10:00Z,28.95,N20,n,D,VIIRS_NOAA20_NRT,1
-27.3489,150.6467,2026-07-30T03:10:00Z,31.41,N20,n,D,VIIRS_NOAA20_NRT,1
-25.8174,152.7517,2026-07-30T03:10:00Z,10.73,N20,n,D,VIIRS_NOAA20_NRT,1
-27.4208,151.9478,2026-07-30T03:10:00Z,4.7,N20,n,D,VIIRS_NOAA20_NRT,1
-27.5207,152.2301,2026-07-30T03:10:00Z,3.73,N20,n,D,VIIRS_NOAA20_NRT,1
-27.524,152.2311,2026-07-30T03:10:00Z,4.64,N20,n,D,VIIRS_NOAA20_NRT,1
-27.5579,152.2111,2026-07-30T03:10:00Z,2.96,N20,n,D,VIIRS_NOAA20_NRT,1
-27.596,151.8383,2026-07-30T03:10:00Z,8.25,N20,h,D,VIIRS_NOAA20_NRT,1
-27.5966,151.8333,2026-07-30T03:10:00Z,8.25,N20,n,D,VIIRS_NOAA20_NRT,1
-27.7032,151.1798,2026-07-30T03:10:00Z,3.6,N20,n,D,VIIRS_NOAA20_NRT,1
-27.7087,152.9253,2026-07-30T03:10:00Z,2.31,N20,n,D,VIIRS_NOAA20_NRT,1
-27.7218,151.1822,2026-07-30T03:10:00Z,8.32,N20,n,D,VIIRS_NOAA20_NRT,1
-27.8101,148.8259,2026-07-30T03:10:00Z,6.63,N20,n,D,VIIRS_NOAA20_NRT,1
-27.8104,148.8221,2026-07-30T03:10:00Z,8.72,N20,h,D,VIIRS_NOAA20_NRT,1
-27.8155,148.8264,2026-07-30T03:10:00Z,6.63,N20,n,D,VIIRS_NOAA20_NRT,1
-27.8158,148.8226,2026-07-30T03:10:00Z,8.72,N20,n,D,VIIRS_NOAA20_NRT,1
-27.8187,148.2995,2026-07-30T03:10:00Z,7.06,N20,n,D,VIIRS_NOAA20_NRT,1
-27.824,148.3041,2026-07-30T03:10:00Z,4.54,N20,n,D,VIIRS_NOAA20_NRT,1
-27.8248,152.3326,2026-07-30T03:10:00Z,5.52,N20,n,D,VIIRS_NOAA20_NRT,1
-27.3483,150.6525,2026-07-30T03:10:00Z,31.41,N20,n,D,VIIRS_NOAA20_NRT,1
-27.3493,150.6417,2026-07-30T03:10:00Z,28.95,N20,n,D,VIIRS_NOAA20_NRT,1
-27.334,150.651,2026-07-30T03:10:00Z,4.13,N20,n,D,VIIRS_NOAA20_NRT,1
-27.3436,150.652,2026-07-30T03:10:00Z,8.51,N20,n,D,VIIRS_NOAA20_NRT,1
-27.3357,150.6335,2026-07-30T03:10:00Z,12.06,N20,n,D,VIIRS_NOAA20_NRT,1
-27.3376,150.6631,2026-07-30T03:10:00Z,4.97,N20,n,D,VIIRS_NOAA20_NRT,1
-27.3382,150.6573,2026-07-30T03:10:00Z,4.97,N20,n,D,VIIRS_NOAA20_NRT,1
-27.3388,150.6515,2026-07-30T03:10:00Z,8.51,N20,n,D,VIIRS_NOAA20_NRT,1
-27.3424,150.6635,2026-07-30T03:10:00Z,4.97,N20,n,D,VIIRS_NOAA20_NRT,1
-27.343,150.6578,2026-07-30T03:10:00Z,4.97,N20,n,D,VIIRS_NOAA20_NRT,1
-27.3441,150.6462,2026-07-30T03:10:00Z,8.51,N20,n,D,VIIRS_NOAA20_NRT,1
-27.3478,150.6591,2026-07-30T03:10:00Z,11.82,N20,n,D,VIIRS_NOAA20_NRT,1
-27.3478,150.6583,2026-07-30T03:10:00Z,9.74,N20,n,D,VIIRS_NOAA20_NRT,1
-27.2582,151.548,2026-07-30T03:10:00Z,2.06,N20,l,D,VIIRS_NOAA20_NRT,1
-27.2536,152.0578,2026-07-30T03:10:00Z,7.78,N20,n,D,VIIRS_NOAA20_NRT,1
-25.8128,152.7552,2026-07-30T03:10:00Z,5.72,N20,n,D,VIIRS_NOAA20_NRT,1
-32.1794,145.562,2026-07-30T03:10:00Z,5.04,N20,n,D,VIIRS_NOAA20_NRT,1
-27.3345,150.6452,2026-07-30T03:10:00Z,4.13,N20,n,D,VIIRS_NOAA20_NRT,1
-44.7155,170.5015,2026-07-30T03:06:00Z,5.53,N20,n,D,VIIRS_NOAA20_NRT,1
-44.7152,170.4999,2026-07-30T03:06:00Z,5.39,N20,n,D,VIIRS_NOAA20_NRT,1
-44.7203,170.4948,2026-07-30T03:06:00Z,5.44,N20,n,D,VIIRS_NOAA20_NRT,1
-44.7194,170.5026,2026-07-30T03:06:00Z,5.53,N20,n,D,VIIRS_NOAA20_NRT,1
-44.719,170.5011,2026-07-30T03:06:00Z,7.31,N20,n,D,VIIRS_NOAA20_NRT,1
-44.7169,170.495,2026-07-30T03:06:00Z,5.53,N20,n,D,VIIRS_NOAA20_NRT,1
-5.5357,148.4231,2026-07-30T03:00:00Z,31.76,N,n,D,VIIRS_SNPP_NRT,1
-2.643,151.9516,2026-07-30T03:00:00Z,3.88,N,n,D,VIIRS_SNPP_NRT,1
-2.7584,151.9952,2026-07-30T03:00:00Z,10.38,N,n,D,VIIRS_SNPP_NRT,1
-2.7584,151.9927,2026-07-30T03:00:00Z,5.66,N,n,D,VIIRS_SNPP_NRT,1
-2.8611,151.1804,2026-07-30T03:00:00Z,9.56,N,h,D,VIIRS_SNPP_NRT,1
-2.8661,151.1813,2026-07-30T03:00:00Z,9.56,N,h,D,VIIRS_SNPP_NRT,1
-2.8665,151.1785,2026-07-30T03:00:00Z,9.56,N,n,D,VIIRS_SNPP_NRT,1
-5.5225,148.4255,2026-07-30T03:00:00Z,30.85,N,n,D,VIIRS_SNPP_NRT,1
-5.5262,148.4165,2026-07-30T03:00:00Z,222.74,N,n,D,VIIRS_SNPP_NRT,1
-5.5267,148.4125,2026-07-30T03:00:00Z,33.8,N,n,D,VIIRS_SNPP_NRT,1
-5.5303,148.4154,2026-07-30T03:00:00Z,68.17,N,n,D,VIIRS_SNPP_NRT,1
-5.5328,148.415,2026-07-30T03:00:00Z,33.8,N,n,D,VIIRS_SNPP_NRT,1
-6.0764,146.063,2026-07-30T03:00:00Z,14.71,N,n,D,VIIRS_SNPP_NRT,1
-5.5363,148.419,2026-07-30T03:00:00Z,36.43,N,n,D,VIIRS_SNPP_NRT,1
-6.4179,146.5405,2026-07-30T03:00:00Z,9.04,N,n,D,VIIRS_SNPP_NRT,1
-6.3323,147.7676,2026-07-30T03:00:00Z,12.21,N,h,D,VIIRS_SNPP_NRT,1
-6.3351,146.3753,2026-07-30T03:00:00Z,7.69,N,n,D,VIIRS_SNPP_NRT,1
-6.34,146.3745,2026-07-30T03:00:00Z,11.64,N,n,D,VIIRS_SNPP_NRT,1
-6.3425,146.3754,2026-07-30T03:00:00Z,7.69,N,n,D,VIIRS_SNPP_NRT,1
-6.3486,146.3848,2026-07-30T03:00:00Z,4.42,N,n,D,VIIRS_SNPP_NRT,1
-6.3532,146.3848,2026-07-30T03:00:00Z,11.16,N,n,D,VIIRS_SNPP_NRT,1
-6.3557,146.3861,2026-07-30T03:00:00Z,4.42,N,n,D,VIIRS_SNPP_NRT,1
-6.4228,146.5392,2026-07-30T03:00:00Z,6.59,N,n,D,VIIRS_SNPP_NRT,1
-6.3295,147.7728,2026-07-30T03:00:00Z,19.11,N,n,D,VIIRS_SNPP_NRT,1
-6.4385,146.5496,2026-07-30T03:00:00Z,6.6,N,n,D,VIIRS_SNPP_NRT,1
-6.4577,146.5136,2026-07-30T03:00:00Z,17.58,N,n,D,VIIRS_SNPP_NRT,1
-6.458,146.2251,2026-07-30T03:00:00Z,9.15,N,n,D,VIIRS_SNPP_NRT,1
-6.4583,146.2265,2026-07-30T03:00:00Z,7.0,N,n,D,VIIRS_SNPP_NRT,1
-6.4586,146.5066,2026-07-30T03:00:00Z,10.67,N,n,D,VIIRS_SNPP_NRT,1
-6.505,146.3208,2026-07-30T03:00:00Z,4.48,N,n,D,VIIRS_SNPP_NRT,1
-6.5497,146.6163,2026-07-30T03:00:00Z,4.39,N,n,D,VIIRS_SNPP_NRT,1
-6.3302,147.7676,2026-07-30T03:00:00Z,15.05,N,h,D,VIIRS_SNPP_NRT,1
-6.4511,146.2257,2026-07-30T03:00:00Z,6.19,N,n,D,VIIRS_SNPP_NRT,1
-6.3256,147.7672,2026-07-30T03:00:00Z,12.21,N,n,D,VIIRS_SNPP_NRT,1
-6.0758,146.068,2026-07-30T03:00:00Z,16.78,N,h,D,VIIRS_SNPP_NRT,1
-6.2629,147.3549,2026-07-30T03:00:00Z,21.85,N,n,D,VIIRS_SNPP_NRT,1
-5.5641,150.3283,2026-07-30T03:00:00Z,4.01,N,n,D,VIIRS_SNPP_NRT,1
-5.5935,148.3942,2026-07-30T03:00:00Z,3.32,N,n,D,VIIRS_SNPP_NRT,1
-6.0281,147.0156,2026-07-30T03:00:00Z,4.02,N,n,D,VIIRS_SNPP_NRT,1
-6.0605,147.449,2026-07-30T03:00:00Z,5.0,N,n,D,VIIRS_SNPP_NRT,1
-6.0619,147.4519,2026-07-30T03:00:00Z,5.58,N,n,D,VIIRS_SNPP_NRT,1
-6.0753,146.0712,2026-07-30T03:00:00Z,17.7,N,n,D,VIIRS_SNPP_NRT,1
-6.0284,147.0145,2026-07-30T03:00:00Z,5.78,N,n,D,VIIRS_SNPP_NRT,1
-5.5626,150.3286,2026-07-30T03:00:00Z,3.93,N,n,D,VIIRS_SNPP_NRT,1
-6.1565,146.6377,2026-07-30T03:00:00Z,10.78,N,n,D,VIIRS_SNPP_NRT,1
-6.1588,146.6479,2026-07-30T03:00:00Z,18.26,N,n,D,VIIRS_SNPP_NRT,1
-6.1622,146.6483,2026-07-30T03:00:00Z,13.18,N,n,D,VIIRS_SNPP_NRT,1
-6.1974,146.1663,2026-07-30T03:00:00Z,4.77,N,n,D,VIIRS_SNPP_NRT,1
-6.242,147.199,2026-07-30T03:00:00Z,5.12,N,n,D,VIIRS_SNPP_NRT,1
-6.1529,146.6374,2026-07-30T03:00:00Z,14.57,N,n,D,VIIRS_SNPP_NRT,1
-6.2621,147.3611,2026-07-30T03:00:00Z,27.76,N,l,D,VIIRS_SNPP_NRT,1
-9.4947,148.524,2026-07-30T02:58:00Z,3.56,N,n,D,VIIRS_SNPP_NRT,1
-9.3932,147.434,2026-07-30T02:58:00Z,5.41,N,n,D,VIIRS_SNPP_NRT,1
-9.4398,160.1773,2026-07-30T02:58:00Z,1.94,N,l,D,VIIRS_SNPP_NRT,1
-9.4524,160.3888,2026-07-30T02:58:00Z,1.45,N,n,D,VIIRS_SNPP_NRT,1
-9.4777,148.4654,2026-07-30T02:58:00Z,7.88,N,n,D,VIIRS_SNPP_NRT,1
-9.4906,148.5239,2026-07-30T02:58:00Z,4.14,N,n,D,VIIRS_SNPP_NRT,1
-9.5113,148.5538,2026-07-30T02:58:00Z,3.79,N,n,D,VIIRS_SNPP_NRT,1
-9.5064,148.5589,2026-07-30T02:58:00Z,3.05,N,n,D,VIIRS_SNPP_NRT,1
-9.507,148.5535,2026-07-30T02:58:00Z,3.05,N,n,D,VIIRS_SNPP_NRT,1
-9.5327,148.5619,2026-07-30T02:58:00Z,9.64,N,n,D,VIIRS_SNPP_NRT,1
-9.3583,147.0566,2026-07-30T02:58:00Z,6.64,N,n,D,VIIRS_SNPP_NRT,1
-9.537,148.5625,2026-07-30T02:58:00Z,16.66,N,h,D,VIIRS_SNPP_NRT,1
-9.3626,147.0558,2026-07-30T02:58:00Z,8.46,N,n,D,VIIRS_SNPP_NRT,1
-8.5981,147.262,2026-07-30T02:58:00Z,8.27,N,n,D,VIIRS_SNPP_NRT,1
-9.2078,148.6303,2026-07-30T02:58:00Z,4.39,N,n,D,VIIRS_SNPP_NRT,1
-9.207,148.6331,2026-07-30T02:58:00Z,4.15,N,n,D,VIIRS_SNPP_NRT,1
-9.1684,148.5673,2026-07-30T02:58:00Z,4.06,N,n,D,VIIRS_SNPP_NRT,1
-9.163,148.5641,2026-07-30T02:58:00Z,6.6,N,n,D,VIIRS_SNPP_NRT,1
-9.1305,148.2812,2026-07-30T02:58:00Z,3.15,N,n,D,VIIRS_SNPP_NRT,1
-8.8635,148.4381,2026-07-30T02:58:00Z,11.24,N,n,D,VIIRS_SNPP_NRT,1
-8.7462,147.2971,2026-07-30T02:58:00Z,4.92,N,n,D,VIIRS_SNPP_NRT,1
-8.5987,147.2568,2026-07-30T02:58:00Z,8.27,N,n,D,VIIRS_SNPP_NRT,1
-8.5959,147.2577,2026-07-30T02:58:00Z,13.06,N,n,D,VIIRS_SNPP_NRT,1
-8.5952,147.2633,2026-07-30T02:58:00Z,15.37,N,n,D,VIIRS_SNPP_NRT,1
-8.5298,151.0217,2026-07-30T02:58:00Z,10.11,N,n,D,VIIRS_SNPP_NRT,1
-9.5664,148.65,2026-07-30T02:58:00Z,9.88,N,n,D,VIIRS_SNPP_NRT,1
-9.5376,148.5572,2026-07-30T02:58:00Z,7.96,N,n,D,VIIRS_SNPP_NRT,1
-9.818,149.4334,2026-07-30T02:58:00Z,6.91,N,n,D,VIIRS_SNPP_NRT,1
-9.6352,149.7451,2026-07-30T02:58:00Z,2.97,N,n,D,VIIRS_SNPP_NRT,1
-9.8142,149.649,2026-07-30T02:58:00Z,5.54,N,n,D,VIIRS_SNPP_NRT,1
-10.2854,161.5517,2026-07-30T02:58:00Z,2.21,N,n,D,VIIRS_SNPP_NRT,1
-10.0708,149.9436,2026-07-30T02:58:00Z,12.72,N,n,D,VIIRS_SNPP_NRT,1
-10.0703,149.9472,2026-07-30T02:58:00Z,15.85,N,n,D,VIIRS_SNPP_NRT,1
-10.0698,149.9446,2026-07-30T02:58:00Z,17.34,N,h,D,VIIRS_SNPP_NRT,1
-9.9051,149.7735,2026-07-30T02:58:00Z,3.42,N,n,D,VIIRS_SNPP_NRT,1
-9.8202,149.6516,2026-07-30T02:58:00Z,5.54,N,n,D,VIIRS_SNPP_NRT,1
-9.8184,149.4299,2026-07-30T02:58:00Z,5.39,N,n,D,VIIRS_SNPP_NRT,1
-8.4948,151.0729,2026-07-30T02:58:00Z,12.33,N,h,D,VIIRS_SNPP_NRT,1
-9.8159,149.6487,2026-07-30T02:58:00Z,9.06,N,n,D,VIIRS_SNPP_NRT,1
-9.8153,149.6531,2026-07-30T02:58:00Z,9.06,N,n,D,VIIRS_SNPP_NRT,1
-9.8151,149.4306,2026-07-30T02:58:00Z,10.01,N,n,D,VIIRS_SNPP_NRT,1
-9.7835,149.7482,2026-07-30T02:58:00Z,2.32,N,n,D,VIIRS_SNPP_NRT,1
-9.6536,149.6478,2026-07-30T02:58:00Z,11.3,N,n,D,VIIRS_SNPP_NRT,1
-9.7428,149.5792,2026-07-30T02:58:00Z,4.19,N,n,D,VIIRS_SNPP_NRT,1
-9.7299,149.5823,2026-07-30T02:58:00Z,48.78,N,n,D,VIIRS_SNPP_NRT,1
-9.7293,149.5871,2026-07-30T02:58:00Z,63.73,N,n,D,VIIRS_SNPP_NRT,1
-9.7287,149.592,2026-07-30T02:58:00Z,63.73,N,n,D,VIIRS_SNPP_NRT,1
-9.7261,149.6649,2026-07-30T02:58:00Z,9.53,N,n,D,VIIRS_SNPP_NRT,1
-9.7255,149.6695,2026-07-30T02:58:00Z,9.53,N,h,D,VIIRS_SNPP_NRT,1
-9.7182,149.8296,2026-07-30T02:58:00Z,3.21,N,n,D,VIIRS_SNPP_NRT,1
-9.6643,149.5615,2026-07-30T02:58:00Z,4.28,N,n,D,VIIRS_SNPP_NRT,1
-9.6611,149.434,2026-07-30T02:58:00Z,11.43,N,n,D,VIIRS_SNPP_NRT,1
-9.6581,149.5607,2026-07-30T02:58:00Z,3.37,N,n,D,VIIRS_SNPP_NRT,1
-9.6543,148.6311,2026-07-30T02:58:00Z,3.79,N,n,D,VIIRS_SNPP_NRT,1
-8.5293,151.0254,2026-07-30T02:58:00Z,16.9,N,h,D,VIIRS_SNPP_NRT,1
-8.1881,147.1898,2026-07-30T02:58:00Z,14.17,N,n,D,VIIRS_SNPP_NRT,1
-8.3416,147.0846,2026-07-30T02:58:00Z,6.92,N,n,D,VIIRS_SNPP_NRT,1
-8.3389,147.0853,2026-07-30T02:58:00Z,5.49,N,n,D,VIIRS_SNPP_NRT,1
-8.0238,147.1478,2026-07-30T02:58:00Z,105.37,N,n,D,VIIRS_SNPP_NRT,1
-8.0232,147.153,2026-07-30T02:58:00Z,61.33,N,h,D,VIIRS_SNPP_NRT,1
-8.0224,147.1593,2026-07-30T02:58:00Z,61.33,N,n,D,VIIRS_SNPP_NRT,1
-8.0197,147.1453,2026-07-30T02:58:00Z,17.72,N,n,D,VIIRS_SNPP_NRT,1
-8.019,147.1506,2026-07-30T02:58:00Z,17.72,N,h,D,VIIRS_SNPP_NRT,1
-8.0046,147.4728,2026-07-30T02:58:00Z,6.0,N,n,D,VIIRS_SNPP_NRT,1
-7.9172,146.902,2026-07-30T02:58:00Z,29.06,N,h,D,VIIRS_SNPP_NRT,1
-7.9158,146.913,2026-07-30T02:58:00Z,21.5,N,n,D,VIIRS_SNPP_NRT,1
-7.9151,146.9186,2026-07-30T02:58:00Z,21.5,N,h,D,VIIRS_SNPP_NRT,1
-7.9136,146.843,2026-07-30T02:58:00Z,13.23,N,n,D,VIIRS_SNPP_NRT,1
-7.9136,146.9031,2026-07-30T02:58:00Z,29.54,N,h,D,VIIRS_SNPP_NRT,1
-7.9123,146.9141,2026-07-30T02:58:00Z,42.97,N,n,D,VIIRS_SNPP_NRT,1
-8.0259,147.1522,2026-07-30T02:58:00Z,47.27,N,h,D,VIIRS_SNPP_NRT,1
-7.9116,146.9197,2026-07-30T02:58:00Z,64.3,N,h,D,VIIRS_SNPP_NRT,1
-7.9104,146.8414,2026-07-30T02:58:00Z,34.29,N,n,D,VIIRS_SNPP_NRT,1
-7.9098,146.8465,2026-07-30T02:58:00Z,42.51,N,h,D,VIIRS_SNPP_NRT,1
-7.9078,146.9191,2026-07-30T02:58:00Z,21.5,N,n,D,VIIRS_SNPP_NRT,1
-7.9073,146.8356,2026-07-30T02:58:00Z,12.34,N,n,D,VIIRS_SNPP_NRT,1
-7.9066,146.8416,2026-07-30T02:58:00Z,13.23,N,n,D,VIIRS_SNPP_NRT,1
-7.906,146.8465,2026-07-30T02:58:00Z,13.23,N,n,D,VIIRS_SNPP_NRT,1
-7.0487,146.5761,2026-07-30T02:58:00Z,4.63,N,n,D,VIIRS_SNPP_NRT,1
-6.9096,146.3736,2026-07-30T02:58:00Z,6.12,N,n,D,VIIRS_SNPP_NRT,1
-6.5824,146.5513,2026-07-30T02:58:00Z,5.63,N,n,D,VIIRS_SNPP_NRT,1
-6.5803,146.5495,2026-07-30T02:58:00Z,7.16,N,n,D,VIIRS_SNPP_NRT,1
-8.0252,147.1582,2026-07-30T02:58:00Z,39.62,N,h,D,VIIRS_SNPP_NRT,1
-7.9129,146.8492,2026-07-30T02:58:00Z,13.23,N,h,D,VIIRS_SNPP_NRT,1
-8.0266,147.1472,2026-07-30T02:58:00Z,47.27,N,n,D,VIIRS_SNPP_NRT,1
-8.0511,146.9844,2026-07-30T02:58:00Z,72.52,N,l,D,VIIRS_SNPP_NRT,1
-8.0293,147.1613,2026-07-30T02:58:00Z,26.35,N,l,D,VIIRS_SNPP_NRT,1
-8.3019,146.9414,2026-07-30T02:58:00Z,8.91,N,n,D,VIIRS_SNPP_NRT,1
-8.3015,146.945,2026-07-30T02:58:00Z,8.91,N,n,D,VIIRS_SNPP_NRT,1
-8.1224,146.8462,2026-07-30T02:58:00Z,17.66,N,n,D,VIIRS_SNPP_NRT,1
-8.1191,146.8455,2026-07-30T02:58:00Z,14.41,N,n,D,VIIRS_SNPP_NRT,1
-8.0563,146.974,2026-07-30T02:58:00Z,30.66,N,l,D,VIIRS_SNPP_NRT,1
-8.055,146.9839,2026-07-30T02:58:00Z,50.59,N,n,D,VIIRS_SNPP_NRT,1
-8.0544,146.9579,2026-07-30T02:58:00Z,12.02,N,n,D,VIIRS_SNPP_NRT,1
-8.0529,146.9704,2026-07-30T02:58:00Z,33.25,N,n,D,VIIRS_SNPP_NRT,1
-8.0523,146.9751,2026-07-30T02:58:00Z,33.25,N,l,D,VIIRS_SNPP_NRT,1
-8.0517,146.9797,2026-07-30T02:58:00Z,72.52,N,n,D,VIIRS_SNPP_NRT,1
-8.0556,146.9789,2026-07-30T02:58:00Z,30.66,N,n,D,VIIRS_SNPP_NRT,1
-8.0492,146.9731,2026-07-30T02:58:00Z,30.66,N,n,D,VIIRS_SNPP_NRT,1
-8.0405,146.9849,2026-07-30T02:58:00Z,37.27,N,h,D,VIIRS_SNPP_NRT,1
-8.0301,147.155,2026-07-30T02:58:00Z,26.35,N,h,D,VIIRS_SNPP_NRT,1
-8.0486,146.9777,2026-07-30T02:58:00Z,30.66,N,n,D,VIIRS_SNPP_NRT,1
-8.0321,147.1598,2026-07-30T02:58:00Z,39.62,N,h,D,VIIRS_SNPP_NRT,1
-8.0329,147.1538,2026-07-30T02:58:00Z,47.27,N,n,D,VIIRS_SNPP_NRT,1
-8.0372,146.9804,2026-07-30T02:58:00Z,26.41,N,n,D,VIIRS_SNPP_NRT,1
-8.0411,146.9803,2026-07-30T02:58:00Z,37.27,N,n,D,VIIRS_SNPP_NRT,1
-8.0436,146.987,2026-07-30T02:58:00Z,69.28,N,h,D,VIIRS_SNPP_NRT,1
-8.0442,146.9824,2026-07-30T02:58:00Z,26.41,N,n,D,VIIRS_SNPP_NRT,1
-8.048,146.9823,2026-07-30T02:58:00Z,50.59,N,l,D,VIIRS_SNPP_NRT,1
-4.8579,12.0254,2026-07-30T02:53:00Z,42.17,Aqua,100,N,MODIS_NRT,1
-2.1581,14.224,2026-07-30T02:53:00Z,13.35,Aqua,9,N,MODIS_NRT,1
-2.1671,14.2087,2026-07-30T02:53:00Z,30.65,Aqua,64,N,MODIS_NRT,1
-2.156,14.2099,2026-07-30T02:53:00Z,14.09,Aqua,15,N,MODIS_NRT,1
-27.1208,153.3685,2026-07-30T02:53:00Z,2.41,N,n,D,VIIRS_SNPP_NRT,1
-27.095,153.3927,2026-07-30T02:53:00Z,4.91,N,n,D,VIIRS_SNPP_NRT,1
-27.082,153.3801,2026-07-30T02:53:00Z,7.08,N,n,D,VIIRS_SNPP_NRT,1
-27.0932,153.3916,2026-07-30T02:53:00Z,5.97,N,n,D,VIIRS_SNPP_NRT,1
-27.0841,153.3757,2026-07-30T02:53:00Z,5.28,N,n,D,VIIRS_SNPP_NRT,1
-27.0838,153.3813,2026-07-30T02:53:00Z,5.45,N,n,D,VIIRS_SNPP_NRT,1
-27.0834,153.3868,2026-07-30T02:53:00Z,5.45,N,n,D,VIIRS_SNPP_NRT,1
-27.0778,153.3806,2026-07-30T02:53:00Z,9.06,N,n,D,VIIRS_SNPP_NRT,1
-2.1918,14.2126,2026-07-30T02:53:00Z,44.21,Aqua,74,N,MODIS_NRT,1
-2.1912,14.2194,2026-07-30T02:53:00Z,167.61,Aqua,100,N,MODIS_NRT,1
-4.5284,11.5291,2026-07-30T02:53:00Z,11.39,Aqua,66,N,MODIS_NRT,1
-2.1933,14.2336,2026-07-30T02:53:00Z,181.74,Aqua,100,N,MODIS_NRT,1
-2.1939,14.2267,2026-07-30T02:53:00Z,194.17,Aqua,100,N,MODIS_NRT,1
-2.1959,14.2412,2026-07-30T02:53:00Z,49.23,Aqua,95,N,MODIS_NRT,1
-2.2022,14.2179,2026-07-30T02:53:00Z,48.32,Aqua,88,N,MODIS_NRT,1
-2.2028,14.2109,2026-07-30T02:53:00Z,16.75,Aqua,66,N,MODIS_NRT,1
-2.2049,14.2253,2026-07-30T02:53:00Z,14.99,Aqua,66,N,MODIS_NRT,1
-3.2024,11.7394,2026-07-30T02:53:00Z,6.61,Aqua,48,N,MODIS_NRT,1
-3.2651,11.8599,2026-07-30T02:53:00Z,6.63,Aqua,49,N,MODIS_NRT,1
-4.3125,16.8157,2026-07-30T02:53:00Z,27.0,Aqua,45,N,MODIS_NRT,1
-4.322,16.8194,2026-07-30T02:53:00Z,23.34,Aqua,30,N,MODIS_NRT,1
-4.5174,11.5202,2026-07-30T02:53:00Z,8.01,Aqua,37,N,MODIS_NRT,1
-4.5189,11.5304,2026-07-30T02:53:00Z,19.99,Aqua,95,N,MODIS_NRT,1
-4.8563,12.0144,2026-07-30T02:53:00Z,17.68,Aqua,84,N,MODIS_NRT,1
-27.0718,153.3798,2026-07-30T02:53:00Z,9.06,N,h,D,VIIRS_SNPP_NRT,1
-27.076,153.3794,2026-07-30T02:53:00Z,7.08,N,n,D,VIIRS_SNPP_NRT,1
-25.9991,152.6426,2026-07-30T02:53:00Z,3.69,N,n,D,VIIRS_SNPP_NRT,1
-27.0715,153.3849,2026-07-30T02:53:00Z,9.06,N,n,D,VIIRS_SNPP_NRT,1
-25.4626,152.25,2026-07-30T02:53:00Z,5.31,N,n,D,VIIRS_SNPP_NRT,1
-25.9978,152.6502,2026-07-30T02:53:00Z,5.37,N,n,D,VIIRS_SNPP_NRT,1
-25.8955,150.2578,2026-07-30T02:53:00Z,24.08,N,h,D,VIIRS_SNPP_NRT,1
-25.8936,150.2554,2026-07-30T02:53:00Z,19.37,N,n,D,VIIRS_SNPP_NRT,1
-25.8932,150.2623,2026-07-30T02:53:00Z,19.37,N,n,D,VIIRS_SNPP_NRT,1
-25.8889,150.2505,2026-07-30T02:53:00Z,24.08,N,n,D,VIIRS_SNPP_NRT,1
-25.8885,150.2576,2026-07-30T02:53:00Z,24.08,N,h,D,VIIRS_SNPP_NRT,1
-25.881,150.2648,2026-07-30T02:53:00Z,5.46,N,n,D,VIIRS_SNPP_NRT,1
-25.8192,152.7466,2026-07-30T02:53:00Z,2.88,N,n,D,VIIRS_SNPP_NRT,1
-25.8123,152.7564,2026-07-30T02:53:00Z,3.1,N,n,D,VIIRS_SNPP_NRT,1
-25.8116,152.7666,2026-07-30T02:53:00Z,6.24,N,n,D,VIIRS_SNPP_NRT,1
-25.4654,152.2475,2026-07-30T02:53:00Z,3.49,N,n,D,VIIRS_SNPP_NRT,1
-25.4651,152.2531,2026-07-30T02:53:00Z,4.73,N,n,D,VIIRS_SNPP_NRT,1
-25.8188,152.7517,2026-07-30T02:53:00Z,5.53,N,n,D,VIIRS_SNPP_NRT,1
-25.4552,152.265,2026-07-30T02:53:00Z,3.17,N,n,D,VIIRS_SNPP_NRT,1
-26.214,152.4772,2026-07-30T02:53:00Z,2.48,N,n,D,VIIRS_SNPP_NRT,1
-27.0701,153.3786,2026-07-30T02:53:00Z,13.95,N,h,D,VIIRS_SNPP_NRT,1
-24.7227,150.9478,2026-07-30T02:53:00Z,5.05,N,n,D,VIIRS_SNPP_NRT,1
-26.9342,150.9311,2026-07-30T02:53:00Z,3.67,N,l,D,VIIRS_SNPP_NRT,1
-26.9336,150.9298,2026-07-30T02:53:00Z,4.21,N,n,D,VIIRS_SNPP_NRT,1
-26.8894,150.6061,2026-07-30T02:53:00Z,4.79,N,l,D,VIIRS_SNPP_NRT,1
-27.0697,153.3837,2026-07-30T02:53:00Z,15.68,N,n,D,VIIRS_SNPP_NRT,1
-25.9987,152.6478,2026-07-30T02:53:00Z,3.69,N,n,D,VIIRS_SNPP_NRT,1
-22.9752,150.6323,2026-07-30T02:53:00Z,5.35,N,n,D,VIIRS_SNPP_NRT,1
-25.9981,152.6451,2026-07-30T02:53:00Z,6.13,N,n,D,VIIRS_SNPP_NRT,1
-22.9778,150.6339,2026-07-30T02:53:00Z,6.18,N,l,D,VIIRS_SNPP_NRT,1
-27.0711,153.3898,2026-07-30T02:53:00Z,6.6,N,n,D,VIIRS_SNPP_NRT,1
-22.774,149.8477,2026-07-30T02:53:00Z,3.19,N,n,D,VIIRS_SNPP_NRT,1
-34.462,150.8838,2026-07-30T02:51:00Z,4.39,N,n,D,VIIRS_SNPP_NRT,1
-33.0639,151.2793,2026-07-30T02:51:00Z,20.85,N,n,D,VIIRS_SNPP_NRT,1
-30.6265,151.2396,2026-07-30T02:51:00Z,5.92,N,n,D,VIIRS_SNPP_NRT,1
-33.0569,151.2791,2026-07-30T02:51:00Z,16.25,N,n,D,VIIRS_SNPP_NRT,1
-33.0566,151.2862,2026-07-30T02:51:00Z,22.06,N,l,D,VIIRS_SNPP_NRT,1
-30.8709,151.6487,2026-07-30T02:51:00Z,18.22,N,n,D,VIIRS_SNPP_NRT,1
-30.8706,151.6551,2026-07-30T02:51:00Z,18.22,N,h,D,VIIRS_SNPP_NRT,1
-30.8587,152.8551,2026-07-30T02:51:00Z,3.41,N,n,D,VIIRS_SNPP_NRT,1
-30.6453,151.1295,2026-07-30T02:51:00Z,2.44,N,n,D,VIIRS_SNPP_NRT,1
-30.6442,151.1299,2026-07-30T02:51:00Z,3.55,N,n,D,VIIRS_SNPP_NRT,1
-33.0637,151.2861,2026-07-30T02:51:00Z,30.77,N,l,D,VIIRS_SNPP_NRT,1
-30.6261,151.2401,2026-07-30T02:51:00Z,5.29,N,n,D,VIIRS_SNPP_NRT,1
-29.9181,152.9104,2026-07-30T02:51:00Z,8.72,N,n,D,VIIRS_SNPP_NRT,1
-27.5984,151.838,2026-07-30T02:51:00Z,7.53,N,n,D,VIIRS_SNPP_NRT,1
-27.1264,153.3745,2026-07-30T02:51:00Z,12.37,N,n,D,VIIRS_SNPP_NRT,1
-27.1267,153.369,2026-07-30T02:51:00Z,2.41,N,n,D,VIIRS_SNPP_NRT,1
-27.1315,153.3865,2026-07-30T02:51:00Z,8.47,N,n,D,VIIRS_SNPP_NRT,1
-27.1319,153.3808,2026-07-30T02:51:00Z,9.98,N,h,D,VIIRS_SNPP_NRT,1
-27.1323,153.3751,2026-07-30T02:51:00Z,9.98,N,h,D,VIIRS_SNPP_NRT,1
-27.1371,153.3926,2026-07-30T02:51:00Z,8.47,N,n,D,VIIRS_SNPP_NRT,1
-27.1375,153.3871,2026-07-30T02:51:00Z,8.47,N,n,D,VIIRS_SNPP_NRT,1
-27.1379,153.3816,2026-07-30T02:51:00Z,9.98,N,n,D,VIIRS_SNPP_NRT,1
-27.3482,150.6504,2026-07-30T02:51:00Z,11.08,N,n,D,VIIRS_SNPP_NRT,1
-27.3486,150.643,2026-07-30T02:51:00Z,8.9,N,n,D,VIIRS_SNPP_NRT,1
-29.9148,152.9148,2026-07-30T02:51:00Z,6.88,N,n,D,VIIRS_SNPP_NRT,1
-27.3499,150.6422,2026-07-30T02:51:00Z,7.48,N,n,D,VIIRS_SNPP_NRT,1
-27.5966,151.8368,2026-07-30T02:51:00Z,8.49,N,n,D,VIIRS_SNPP_NRT,1
-27.3495,150.6495,2026-07-30T02:51:00Z,7.48,N,n,D,VIIRS_SNPP_NRT,1
-27.5988,151.8315,2026-07-30T02:51:00Z,3.9,N,l,D,VIIRS_SNPP_NRT,1
-28.7136,152.6015,2026-07-30T02:51:00Z,3.22,N,n,D,VIIRS_SNPP_NRT,1
-29.4526,151.9132,2026-07-30T02:51:00Z,6.46,N,n,D,VIIRS_SNPP_NRT,1
-29.449,151.9147,2026-07-30T02:51:00Z,6.85,N,n,D,VIIRS_SNPP_NRT,1
-28.0424,153.2751,2026-07-30T02:51:00Z,3.99,N,n,D,VIIRS_SNPP_NRT,1
-29.4427,151.9085,2026-07-30T02:51:00Z,5.74,N,n,D,VIIRS_SNPP_NRT,1
-28.7728,151.8092,2026-07-30T02:51:00Z,7.19,N,n,D,VIIRS_SNPP_NRT,1
-29.4463,151.9069,2026-07-30T02:51:00Z,6.46,N,n,D,VIIRS_SNPP_NRT,1
-28.2346,149.9162,2026-07-30T02:51:00Z,4.29,N,n,D,VIIRS_SNPP_NRT,1
-28.2337,149.9121,2026-07-30T02:51:00Z,4.6,N,n,D,VIIRS_SNPP_NRT,1
-28.1465,152.4363,2026-07-30T02:51:00Z,5.64,N,n,D,VIIRS_SNPP_NRT,1
-28.1334,152.4415,2026-07-30T02:51:00Z,4.65,N,n,D,VIIRS_SNPP_NRT,1
-28.0434,153.2756,2026-07-30T02:51:00Z,5.32,N,n,D,VIIRS_SNPP_NRT,1
-44.7176,170.4968,2026-07-30T02:47:00Z,20.37,N,n,D,VIIRS_SNPP_NRT,1
-45.5692,170.3729,2026-07-30T02:47:00Z,19.12,N,n,D,VIIRS_SNPP_NRT,1
26.7589,12.4214,2026-07-30T02:47:00Z,9.75,Aqua,61,N,MODIS_NRT,1
26.7041,12.4528,2026-07-30T02:47:00Z,9.69,Aqua,63,N,MODIS_NRT,1
27.6436,22.5106,2026-07-30T02:45:00Z,16.7,Aqua,67,N,MODIS_NRT,1
28.5819,17.3348,2026-07-30T02:45:00Z,9.74,Aqua,81,N,MODIS_NRT,1
28.8899,20.9693,2026-07-30T02:45:00Z,10.54,Aqua,72,N,MODIS_NRT,1
28.9139,19.7825,2026-07-30T02:45:00Z,24.74,Aqua,100,N,MODIS_NRT,1
28.916,19.7706,2026-07-30T02:45:00Z,14.87,Aqua,88,N,MODIS_NRT,1
29.0714,19.067,2026-07-30T02:45:00Z,23.88,Aqua,100,N,MODIS_NRT,1
29.0733,19.056,2026-07-30T02:45:00Z,8.01,Aqua,74,N,MODIS_NRT,1
35.1323,24.5722,2026-07-30T02:45:00Z,53.85,Aqua,100,N,MODIS_NRT,1
35.1359,24.5541,2026-07-30T02:45:00Z,25.21,Aqua,39,N,MODIS_NRT,1
35.1443,24.5707,2026-07-30T02:45:00Z,16.77,Aqua,47,N,MODIS_NRT,1
35.1459,24.56,2026-07-30T02:45:00Z,13.07,Aqua,9,N,MODIS_NRT,1
29.2356,19.7021,2026-07-30T02:45:00Z,27.64,Aqua,100,N,MODIS_NRT,1
39.2811,26.9068,2026-07-30T02:43:00Z,82.42,Aqua,100,N,MODIS_NRT,1
36.7228,29.2116,2026-07-30T02:43:00Z,37.13,Aqua,73,N,MODIS_NRT,1
36.73,29.1817,2026-07-30T02:43:00Z,381.39,Aqua,100,N,MODIS_NRT,1
38.5991,27.1099,2026-07-30T02:43:00Z,49.76,Aqua,98,N,MODIS_NRT,1
39.2696,26.903,2026-07-30T02:43:00Z,107.83,Aqua,100,N,MODIS_NRT,1
39.2698,26.9204,2026-07-30T02:43:00Z,27.71,Aqua,75,N,MODIS_NRT,1
39.274,26.8825,2026-07-30T02:43:00Z,23.42,Aqua,26,N,MODIS_NRT,1
39.2742,26.8996,2026-07-30T02:43:00Z,150.34,Aqua,100,N,MODIS_NRT,1
39.2857,26.9034,2026-07-30T02:43:00Z,38.57,Aqua,84,N,MODIS_NRT,1
39.2926,26.9106,2026-07-30T02:43:00Z,21.49,Aqua,55,N,MODIS_NRT,1
39.2998,26.9347,2026-07-30T02:43:00Z,63.8,Aqua,100,N,MODIS_NRT,1
39.3042,26.9142,2026-07-30T02:43:00Z,20.92,Aqua,28,N,MODIS_NRT,1
39.3512,26.9596,2026-07-30T02:43:00Z,12.48,Aqua,46,N,MODIS_NRT,1
44.1641,23.011,2026-07-30T02:43:00Z,8.14,Aqua,58,N,MODIS_NRT,1
44.2838,23.0164,2026-07-30T02:43:00Z,6.81,Aqua,54,N,MODIS_NRT,1
44.2858,23.004,2026-07-30T02:43:00Z,13.1,Aqua,84,N,MODIS_NRT,1
49.6782,18.6598,2026-07-30T02:41:00Z,6.71,Aqua,24,N,MODIS_NRT,1
48.6091,21.185,2026-07-30T02:41:00Z,8.58,Aqua,62,N,MODIS_NRT,1
45.1368,36.7041,2026-07-30T02:41:00Z,0.0,Aqua,95,D,MODIS_NRT,1
52.5891,19.6775,2026-07-30T02:38:00Z,9.59,Aqua,55,N,MODIS_NRT,1
52.588,19.6719,2026-07-30T02:38:00Z,9.07,Aqua,30,N,MODIS_NRT,1
52.5872,19.6958,2026-07-30T02:38:00Z,10.09,Aqua,54,N,MODIS_NRT,1
39.0042,107.2819,2026-07-30T02:34:00Z,17.86,Terra,50,D,MODIS_NRT,1
35.037,101.471,2026-07-30T02:34:00Z,8.17,Terra,48,D,MODIS_NRT,1
40.8923,107.1561,2026-07-30T02:34:00Z,18.59,Terra,41,D,MODIS_NRT,1
39.5781,109.5733,2026-07-30T02:34:00Z,26.09,Terra,48,D,MODIS_NRT,1
40.4329,111.3807,2026-07-30T02:34:00Z,33.25,Terra,44,D,MODIS_NRT,1
57.9543,107.0888,2026-07-30T02:28:00Z,11.09,Terra,74,D,MODIS_NRT,1
59.7903,108.1911,2026-07-30T02:28:00Z,4.97,Terra,61,D,MODIS_NRT,1
59.6384,108.1277,2026-07-30T02:28:00Z,5.35,Terra,64,D,MODIS_NRT,1
56.5482,116.2112,2026-07-30T02:28:00Z,7.75,Terra,32,D,MODIS_NRT,1
58.4799,107.0283,2026-07-30T02:28:00Z,22.14,Terra,83,D,MODIS_NRT,1
58.426,107.5799,2026-07-30T02:28:00Z,6.14,Terra,51,D,MODIS_NRT,1
58.2872,106.9331,2026-07-30T02:28:00Z,4.53,Terra,47,D,MODIS_NRT,1
58.0342,106.5413,2026-07-30T02:28:00Z,27.53,Terra,86,D,MODIS_NRT,1
58.0319,106.5574,2026-07-30T02:28:00Z,13.51,Terra,77,D,MODIS_NRT,1
57.9848,106.8044,2026-07-30T02:28:00Z,17.99,Terra,81,D,MODIS_NRT,1
57.9567,107.0727,2026-07-30T02:28:00Z,8.63,Terra,71,D,MODIS_NRT,1
57.8743,105.8746,2026-07-30T02:28:00Z,5.6,Terra,61,D,MODIS_NRT,1
57.8721,105.8907,2026-07-30T02:28:00Z,17.52,Terra,80,D,MODIS_NRT,1
57.6857,106.08,2026-07-30T02:28:00Z,5.15,Terra,60,D,MODIS_NRT,1
59.8094,109.4209,2026-07-30T02:28:00Z,14.67,Terra,78,D,MODIS_NRT,1
57.6834,106.096,2026-07-30T02:28:00Z,4.36,Terra,45,D,MODIS_NRT,1
57.6771,106.0758,2026-07-30T02:28:00Z,4.19,Terra,37,D,MODIS_NRT,1
57.6201,105.6824,2026-07-30T02:28:00Z,4.99,Terra,60,D,MODIS_NRT,1
57.6178,105.6984,2026-07-30T02:28:00Z,5.32,Terra,61,D,MODIS_NRT,1
57.5672,105.9306,2026-07-30T02:28:00Z,11.69,Terra,76,D,MODIS_NRT,1
57.5586,105.9265,2026-07-30T02:28:00Z,10.51,Terra,74,D,MODIS_NRT,1
57.5383,105.8598,2026-07-30T02:28:00Z,10.12,Terra,73,D,MODIS_NRT,1
59.8067,109.4379,2026-07-30T02:28:00Z,17.56,Terra,80,D,MODIS_NRT,1
61.3518,112.7919,2026-07-30T02:28:00Z,8.58,Terra,64,D,MODIS_NRT,1
59.8427,108.4116,2026-07-30T02:28:00Z,6.02,Terra,62,D,MODIS_NRT,1
60.9465,112.0252,2026-07-30T02:28:00Z,15.05,Terra,77,D,MODIS_NRT,1
63.4156,105.8741,2026-07-30T02:28:00Z,11.21,Terra,63,D,MODIS_NRT,1
63.4066,105.8691,2026-07-30T02:28:00Z,11.49,Terra,0,D,MODIS_NRT,1
61.5436,113.1777,2026-07-30T02:28:00Z,5.39,Terra,46,D,MODIS_NRT,1
61.5349,113.1708,2026-07-30T02:28:00Z,7.73,Terra,66,D,MODIS_NRT,1
61.4592,113.0114,2026-07-30T02:28:00Z,8.51,Terra,66,D,MODIS_NRT,1
61.4031,112.8808,2026-07-30T02:28:00Z,23.52,Terra,82,D,MODIS_NRT,1
61.3997,112.8999,2026-07-30T02:28:00Z,17.85,Terra,78,D,MODIS_NRT,1
61.3484,112.811,2026-07-30T02:28:00Z,105.46,Terra,100,D,MODIS_NRT,1
61.3397,112.8043,2026-07-30T02:28:00Z,11.73,Terra,73,D,MODIS_NRT,1
60.8461,97.3336,2026-07-30T02:28:00Z,11.67,Terra,56,D,MODIS_NRT,1
60.1446,109.1014,2026-07-30T02:28:00Z,24.26,Terra,84,D,MODIS_NRT,1
60.7809,97.1075,2026-07-30T02:28:00Z,9.4,Terra,51,D,MODIS_NRT,1
60.4677,109.708,2026-07-30T02:28:00Z,6.19,Terra,66,D,MODIS_NRT,1
60.465,109.7254,2026-07-30T02:28:00Z,16.0,Terra,79,D,MODIS_NRT,1
60.4456,97.5768,2026-07-30T02:28:00Z,9.45,Terra,48,D,MODIS_NRT,1
60.4376,97.7052,2026-07-30T02:28:00Z,12.36,Terra,58,D,MODIS_NRT,1
60.4323,96.221,2026-07-30T02:28:00Z,15.97,Terra,54,D,MODIS_NRT,1
60.4304,96.2571,2026-07-30T02:28:00Z,72.07,Terra,86,D,MODIS_NRT,1
60.4291,96.5129,2026-07-30T02:28:00Z,176.62,Terra,97,D,MODIS_NRT,1
60.1472,109.0842,2026-07-30T02:28:00Z,11.97,Terra,74,D,MODIS_NRT,1
57.5361,105.8758,2026-07-30T02:28:00Z,13.2,Terra,77,D,MODIS_NRT,1
60.4477,97.1462,2026-07-30T02:28:00Z,9.21,Terra,47,D,MODIS_NRT,1
4.5962,-2.8914,2026-07-30T02:28:00Z,6.3,N20,n,N,VIIRS_NOAA20_NRT,1
4.5988,-2.8896,2026-07-30T02:28:00Z,5.05,N20,n,N,VIIRS_NOAA20_NRT,1
4.5996,-2.8941,2026-07-30T02:28:00Z,3.91,N20,n,N,VIIRS_NOAA20_NRT,1
64.7439,110.3416,2026-07-30T02:26:00Z,23.56,Terra,58,D,MODIS_NRT,1
64.7328,109.8664,2026-07-30T02:26:00Z,8.75,Terra,35,D,MODIS_NRT,1
64.7301,109.8863,2026-07-30T02:26:00Z,37.73,Terra,91,D,MODIS_NRT,1
64.7298,110.3089,2026-07-30T02:26:00Z,85.97,Terra,100,D,MODIS_NRT,1
64.7274,109.9063,2026-07-30T02:26:00Z,14.1,Terra,45,D,MODIS_NRT,1
64.727,110.3288,2026-07-30T02:26:00Z,34.09,Terra,83,D,MODIS_NRT,1
66.437,117.8814,2026-07-30T02:26:00Z,34.69,Terra,79,D,MODIS_NRT,1
64.7192,109.9661,2026-07-30T02:26:00Z,15.72,Terra,47,D,MODIS_NRT,1
64.7189,109.9,2026-07-30T02:26:00Z,66.93,Terra,98,D,MODIS_NRT,1
64.7183,110.2565,2026-07-30T02:26:00Z,31.58,Terra,81,D,MODIS_NRT,1
64.7165,109.9861,2026-07-30T02:26:00Z,55.2,Terra,95,D,MODIS_NRT,1
64.7162,109.92,2026-07-30T02:26:00Z,28.56,Terra,88,D,MODIS_NRT,1
64.7148,110.0785,2026-07-30T02:26:00Z,16.55,Terra,49,D,MODIS_NRT,1
64.7729,109.8577,2026-07-30T02:26:00Z,31.89,Terra,88,D,MODIS_NRT,1
64.7841,109.844,2026-07-30T02:26:00Z,17.13,Terra,34,D,MODIS_NRT,1
64.7814,109.8639,2026-07-30T02:26:00Z,25.1,Terra,42,D,MODIS_NRT,1
64.7098,110.2502,2026-07-30T02:26:00Z,21.15,Terra,38,D,MODIS_NRT,1
64.7926,109.8502,2026-07-30T02:26:00Z,15.49,Terra,52,D,MODIS_NRT,1
64.7953,109.8301,2026-07-30T02:26:00Z,34.21,Terra,83,D,MODIS_NRT,1
64.8066,109.8162,2026-07-30T02:26:00Z,37.61,Terra,91,D,MODIS_NRT,1
64.8104,109.9953,2026-07-30T02:26:00Z,24.52,Terra,86,D,MODIS_NRT,1
64.8151,109.8224,2026-07-30T02:26:00Z,15.83,Terra,59,D,MODIS_NRT,1
64.8193,110.0086,2026-07-30T02:26:00Z,32.73,Terra,90,D,MODIS_NRT,1
64.822,109.9886,2026-07-30T02:26:00Z,10.8,Terra,66,D,MODIS_NRT,1
64.8751,110.4314,2026-07-30T02:26:00Z,12.06,Terra,42,D,MODIS_NRT,1
64.8948,110.4244,2026-07-30T02:26:00Z,19.51,Terra,49,D,MODIS_NRT,1
64.8976,110.4044,2026-07-30T02:26:00Z,21.92,Terra,39,D,MODIS_NRT,1
64.9116,110.3708,2026-07-30T02:26:00Z,26.14,Terra,78,D,MODIS_NRT,1
64.9143,110.3508,2026-07-30T02:26:00Z,16.56,Terra,55,D,MODIS_NRT,1
64.7138,110.006,2026-07-30T02:26:00Z,9.17,Terra,28,D,MODIS_NRT,1
64.7014,110.2439,2026-07-30T02:26:00Z,31.54,Terra,78,D,MODIS_NRT,1
64.708,109.9798,2026-07-30T02:26:00Z,24.7,Terra,68,D,MODIS_NRT,1
63.4848,105.8307,2026-07-30T02:26:00Z,8.72,Terra,59,D,MODIS_NRT,1
66.4562,117.6101,2026-07-30T02:26:00Z,14.56,Terra,49,D,MODIS_NRT,1
10.933,-14.3897,2026-07-30T02:26:00Z,1.37,N20,n,N,VIIRS_NOAA20_NRT,1
12.5717,-7.9487,2026-07-30T02:26:00Z,0.87,N20,n,N,VIIRS_NOAA20_NRT,1
12.5755,-7.948,2026-07-30T02:26:00Z,0.87,N20,n,N,VIIRS_NOAA20_NRT,1
14.6675,-17.0077,2026-07-30T02:26:00Z,1.35,N20,n,N,VIIRS_NOAA20_NRT,1
14.668,-17.0115,2026-07-30T02:26:00Z,1.42,N20,n,N,VIIRS_NOAA20_NRT,1
62.3506,113.7732,2026-07-30T02:26:00Z,26.52,Terra,84,D,MODIS_NRT,1
62.3525,113.707,2026-07-30T02:26:00Z,25.48,Terra,84,D,MODIS_NRT,1
62.3541,113.7535,2026-07-30T02:26:00Z,7.82,Terra,65,D,MODIS_NRT,1
62.356,113.6874,2026-07-30T02:26:00Z,30.94,Terra,86,D,MODIS_NRT,1
62.403,113.5913,2026-07-30T02:26:00Z,9.52,Terra,69,D,MODIS_NRT,1
62.5006,113.9107,2026-07-30T02:26:00Z,5.3,Terra,58,D,MODIS_NRT,1
63.4833,105.6714,2026-07-30T02:26:00Z,13.54,Terra,65,D,MODIS_NRT,1
63.4872,105.8095,2026-07-30T02:26:00Z,8.74,Terra,63,D,MODIS_NRT,1
64.92,110.3773,2026-07-30T02:26:00Z,17.14,Terra,79,D,MODIS_NRT,1
64.2847,108.6803,2026-07-30T02:26:00Z,12.86,Terra,35,D,MODIS_NRT,1
64.2873,108.6601,2026-07-30T02:26:00Z,12.5,Terra,35,D,MODIS_NRT,1
64.3011,108.6256,2026-07-30T02:26:00Z,29.64,Terra,60,D,MODIS_NRT,1
64.3098,108.6314,2026-07-30T02:26:00Z,23.63,Terra,66,D,MODIS_NRT,1
64.537,98.1188,2026-07-30T02:26:00Z,7.52,Terra,22,D,MODIS_NRT,1
64.6836,110.2247,2026-07-30T02:26:00Z,37.98,Terra,90,D,MODIS_NRT,1
64.6864,110.2048,2026-07-30T02:26:00Z,54.94,Terra,95,D,MODIS_NRT,1
64.6891,110.185,2026-07-30T02:26:00Z,17.39,Terra,80,D,MODIS_NRT,1
64.691,109.9674,2026-07-30T02:26:00Z,16.37,Terra,78,D,MODIS_NRT,1
64.6919,110.1651,2026-07-30T02:26:00Z,11.28,Terra,70,D,MODIS_NRT,1
64.6929,110.2375,2026-07-30T02:26:00Z,69.63,Terra,98,D,MODIS_NRT,1
64.6937,109.9474,2026-07-30T02:26:00Z,7.74,Terra,43,D,MODIS_NRT,1
64.6995,109.9737,2026-07-30T02:26:00Z,70.67,Terra,98,D,MODIS_NRT,1
64.9173,110.3972,2026-07-30T02:26:00Z,5.97,Terra,39,D,MODIS_NRT,1
64.7211,110.2367,2026-07-30T02:26:00Z,15.97,Terra,37,D,MODIS_NRT,1
64.9228,110.3572,2026-07-30T02:26:00Z,5.54,Terra,37,D,MODIS_NRT,1
66.0328,117.853,2026-07-30T02:26:00Z,439.55,Terra,100,D,MODIS_NRT,1
66.0413,117.8626,2026-07-30T02:26:00Z,404.61,Terra,100,D,MODIS_NRT,1
66.0454,117.8405,2026-07-30T02:26:00Z,83.77,Terra,99,D,MODIS_NRT,1
66.0498,117.8722,2026-07-30T02:26:00Z,310.03,Terra,87,D,MODIS_NRT,1
66.1018,117.4256,2026-07-30T02:26:00Z,10.53,Terra,41,D,MODIS_NRT,1
66.1058,117.4035,2026-07-30T02:26:00Z,17.08,Terra,72,D,MODIS_NRT,1
66.1143,117.4129,2026-07-30T02:26:00Z,22.35,Terra,67,D,MODIS_NRT,1
66.1227,117.4224,2026-07-30T02:26:00Z,20.02,Terra,66,D,MODIS_NRT,1
66.1267,117.4005,2026-07-30T02:26:00Z,14.75,Terra,33,D,MODIS_NRT,1
66.1334,119.0093,2026-07-30T02:26:00Z,7.26,Terra,45,D,MODIS_NRT,1
66.138,118.9862,2026-07-30T02:26:00Z,12.59,Terra,57,D,MODIS_NRT,1
66.1383,118.93,2026-07-30T02:26:00Z,9.97,Terra,21,D,MODIS_NRT,1
66.1459,117.5604,2026-07-30T02:26:00Z,7.44,Terra,35,D,MODIS_NRT,1
66.1733,118.8583,2026-07-30T02:26:00Z,5.81,Terra,54,D,MODIS_NRT,1
66.1807,94.3027,2026-07-30T02:26:00Z,34.89,Terra,67,D,MODIS_NRT,1
66.4286,117.8718,2026-07-30T02:26:00Z,23.93,Terra,77,D,MODIS_NRT,1
68.51,110.4783,2026-07-30T02:26:00Z,9.58,Terra,36,D,MODIS_NRT,1
68.4983,110.4955,2026-07-30T02:26:00Z,9.23,Terra,54,D,MODIS_NRT,1
68.0046,114.5537,2026-07-30T02:26:00Z,35.91,Terra,89,D,MODIS_NRT,1
68.0013,114.5757,2026-07-30T02:26:00Z,9.91,Terra,40,D,MODIS_NRT,1
67.9963,114.545,2026-07-30T02:26:00Z,10.41,Terra,50,D,MODIS_NRT,1
67.9586,98.4777,2026-07-30T02:26:00Z,12.41,Terra,44,D,MODIS_NRT,1
64.9301,110.0306,2026-07-30T02:26:00Z,9.14,Terra,33,D,MODIS_NRT,1
66.5303,117.8611,2026-07-30T02:26:00Z,21.48,Terra,64,D,MODIS_NRT,1
66.5094,117.8639,2026-07-30T02:26:00Z,14.11,Terra,55,D,MODIS_NRT,1
66.5053,117.886,2026-07-30T02:26:00Z,22.64,Terra,79,D,MODIS_NRT,1
66.4982,117.6578,2026-07-30T02:26:00Z,9.15,Terra,55,D,MODIS_NRT,1
66.4894,117.5948,2026-07-30T02:26:00Z,17.77,Terra,46,D,MODIS_NRT,1
66.4819,95.1212,2026-07-30T02:26:00Z,38.25,Terra,61,D,MODIS_NRT,1
66.4757,95.1266,2026-07-30T02:26:00Z,25.58,Terra,51,D,MODIS_NRT,1
66.0369,117.8309,2026-07-30T02:26:00Z,329.2,Terra,100,D,MODIS_NRT,1
67.9562,98.4707,2026-07-30T02:26:00Z,14.31,Terra,53,D,MODIS_NRT,1
66.0284,117.8213,2026-07-30T02:26:00Z,535.04,Terra,100,D,MODIS_NRT,1
65.972,117.699,2026-07-30T02:26:00Z,20.25,Terra,55,D,MODIS_NRT,1
66.0243,117.8434,2026-07-30T02:26:00Z,143.0,Terra,100,D,MODIS_NRT,1
64.9364,110.1904,2026-07-30T02:26:00Z,17.51,Terra,39,D,MODIS_NRT,1
64.9446,110.1302,2026-07-30T02:26:00Z,23.59,Terra,66,D,MODIS_NRT,1
65.1142,109.1343,2026-07-30T02:26:00Z,12.31,Terra,58,D,MODIS_NRT,1
65.5749,113.2341,2026-07-30T02:26:00Z,6.33,Terra,64,D,MODIS_NRT,1
65.7249,107.5875,2026-07-30T02:26:00Z,58.3,Terra,94,D,MODIS_NRT,1
65.7276,107.5644,2026-07-30T02:26:00Z,12.49,Terra,71,D,MODIS_NRT,1
65.7365,107.5704,2026-07-30T02:26:00Z,14.49,Terra,74,D,MODIS_NRT,1
65.8448,113.4278,2026-07-30T02:26:00Z,15.61,Terra,77,D,MODIS_NRT,1
65.848,113.4074,2026-07-30T02:26:00Z,95.47,Terra,100,D,MODIS_NRT,1
65.8511,113.3869,2026-07-30T02:26:00Z,8.28,Terra,53,D,MODIS_NRT,1
65.86,113.4019,2026-07-30T02:26:00Z,7.88,Terra,25,D,MODIS_NRT,1
65.9678,117.721,2026-07-30T02:26:00Z,85.25,Terra,99,D,MODIS_NRT,1
65.2958,105.4108,2026-07-30T02:26:00Z,23.45,Terra,80,D,MODIS_NRT,1
65.9754,117.57,2026-07-30T02:26:00Z,16.19,Terra,72,D,MODIS_NRT,1
65.9902,117.8052,2026-07-30T02:26:00Z,86.02,Terra,99,D,MODIS_NRT,1
66.0241,117.7896,2026-07-30T02:26:00Z,35.24,Terra,90,D,MODIS_NRT,1
65.9761,117.6769,2026-07-30T02:26:00Z,19.4,Terra,53,D,MODIS_NRT,1
66.0199,117.8117,2026-07-30T02:26:00Z,151.01,Terra,100,D,MODIS_NRT,1
66.0073,117.8242,2026-07-30T02:26:00Z,21.51,Terra,61,D,MODIS_NRT,1
65.9944,117.783,2026-07-30T02:26:00Z,17.24,Terra,68,D,MODIS_NRT,1
66.0114,117.8022,2026-07-30T02:26:00Z,72.94,Terra,97,D,MODIS_NRT,1
65.9884,117.6106,2026-07-30T02:26:00Z,18.7,Terra,78,D,MODIS_NRT,1
65.9861,117.8274,2026-07-30T02:26:00Z,36.63,Terra,89,D,MODIS_NRT,1
65.9852,117.7936,2026-07-30T02:26:00Z,26.48,Terra,69,D,MODIS_NRT,1
65.9802,117.6548,2026-07-30T02:26:00Z,17.51,Terra,71,D,MODIS_NRT,1
65.9767,117.784,2026-07-30T02:26:00Z,32.16,Terra,80,D,MODIS_NRT,1
32.3731,-8.4915,2026-07-30T02:19:00Z,2.62,N20,n,N,VIIRS_NOAA20_NRT,1
32.3725,-8.4874,2026-07-30T02:19:00Z,2.62,N20,n,N,VIIRS_NOAA20_NRT,1
32.0872,7.1382,2026-07-30T02:19:00Z,0.37,N20,n,N,VIIRS_NOAA20_NRT,1
32.3558,6.9762,2026-07-30T02:19:00Z,5.82,N20,n,N,VIIRS_NOAA20_NRT,1
32.2813,3.9857,2026-07-30T02:19:00Z,0.76,N20,n,N,VIIRS_NOAA20_NRT,1
32.2803,3.9895,2026-07-30T02:19:00Z,0.76,N20,n,N,VIIRS_NOAA20_NRT,1
32.2761,3.9839,2026-07-30T02:19:00Z,3.91,N20,n,N,VIIRS_NOAA20_NRT,1
32.2751,3.9878,2026-07-30T02:19:00Z,3.91,N20,n,N,VIIRS_NOAA20_NRT,1
32.1366,6.4668,2026-07-30T02:19:00Z,3.82,N20,n,N,VIIRS_NOAA20_NRT,1
32.1351,6.472,2026-07-30T02:19:00Z,3.82,N20,n,N,VIIRS_NOAA20_NRT,1
32.1346,6.469,2026-07-30T02:19:00Z,7.27,N20,n,N,VIIRS_NOAA20_NRT,1
31.8362,5.9694,2026-07-30T02:19:00Z,8.77,N20,h,N,VIIRS_NOAA20_NRT,1
31.9601,5.2161,2026-07-30T02:19:00Z,0.98,N20,n,N,VIIRS_NOAA20_NRT,1
31.8997,6.0643,2026-07-30T02:19:00Z,0.99,N20,n,N,VIIRS_NOAA20_NRT,1
31.8498,6.0498,2026-07-30T02:19:00Z,3.26,N20,n,N,VIIRS_NOAA20_NRT,1
31.8467,5.0531,2026-07-30T02:19:00Z,0.79,N20,n,N,VIIRS_NOAA20_NRT,1
31.8343,5.9662,2026-07-30T02:19:00Z,5.9,N20,n,N,VIIRS_NOAA20_NRT,1
31.8329,5.9714,2026-07-30T02:19:00Z,5.14,N20,n,N,VIIRS_NOAA20_NRT,1
31.8074,5.995,2026-07-30T02:19:00Z,1.46,N20,n,N,VIIRS_NOAA20_NRT,1
31.8024,6.0601,2026-07-30T02:19:00Z,0.55,N20,n,N,VIIRS_NOAA20_NRT,1
32.5142,6.7111,2026-07-30T02:19:00Z,4.95,N20,n,N,VIIRS_NOAA20_NRT,1
31.788,6.066,2026-07-30T02:19:00Z,1.06,N20,n,N,VIIRS_NOAA20_NRT,1
32.4037,4.0081,2026-07-30T02:19:00Z,1.47,N20,n,N,VIIRS_NOAA20_NRT,1
32.9437,3.2299,2026-07-30T02:19:00Z,0.79,N20,n,N,VIIRS_NOAA20_NRT,1
32.5151,6.7115,2026-07-30T02:19:00Z,3.83,N20,n,N,VIIRS_NOAA20_NRT,1
32.5166,6.7061,2026-07-30T02:19:00Z,3.4,N20,n,N,VIIRS_NOAA20_NRT,1
31.707,6.2611,2026-07-30T02:19:00Z,0.77,N20,n,N,VIIRS_NOAA20_NRT,1
33.1435,3.3657,2026-07-30T02:19:00Z,0.48,N20,n,N,VIIRS_NOAA20_NRT,1
33.1378,3.3674,2026-07-30T02:19:00Z,1.5,N20,n,N,VIIRS_NOAA20_NRT,1
33.1289,3.3163,2026-07-30T02:19:00Z,1.06,N20,n,N,VIIRS_NOAA20_NRT,1
33.1281,3.3197,2026-07-30T02:19:00Z,2.5,N20,n,N,VIIRS_NOAA20_NRT,1
33.0669,3.3315,2026-07-30T02:19:00Z,0.52,N20,n,N,VIIRS_NOAA20_NRT,1
32.9502,3.2248,2026-07-30T02:19:00Z,1.39,N20,n,N,VIIRS_NOAA20_NRT,1
32.9494,3.2282,2026-07-30T02:19:00Z,0.79,N20,n,N,VIIRS_NOAA20_NRT,1
32.9486,3.2316,2026-07-30T02:19:00Z,0.79,N20,n,N,VIIRS_NOAA20_NRT,1
32.9445,3.2266,2026-07-30T02:19:00Z,0.79,N20,n,N,VIIRS_NOAA20_NRT,1
32.9372,3.235,2026-07-30T02:19:00Z,1.04,N20,n,N,VIIRS_NOAA20_NRT,1
32.9347,3.2232,2026-07-30T02:19:00Z,1.09,N20,n,N,VIIRS_NOAA20_NRT,1
32.9323,3.2333,2026-07-30T02:19:00Z,1.04,N20,n,N,VIIRS_NOAA20_NRT,1
32.9315,3.2366,2026-07-30T02:19:00Z,1.75,N20,n,N,VIIRS_NOAA20_NRT,1
32.9298,3.2434,2026-07-30T02:19:00Z,1.01,N20,n,N,VIIRS_NOAA20_NRT,1
32.7491,3.1823,2026-07-30T02:19:00Z,2.13,N20,n,N,VIIRS_NOAA20_NRT,1
32.7488,3.1832,2026-07-30T02:19:00Z,1.39,N20,n,N,VIIRS_NOAA20_NRT,1
32.5573,3.1661,2026-07-30T02:19:00Z,2.32,N20,n,N,VIIRS_NOAA20_NRT,1
32.5564,3.1695,2026-07-30T02:19:00Z,3.0,N20,n,N,VIIRS_NOAA20_NRT,1
32.5484,6.5373,2026-07-30T02:19:00Z,1.34,N20,n,N,VIIRS_NOAA20_NRT,1
32.5444,6.5361,2026-07-30T02:19:00Z,0.83,N20,n,N,VIIRS_NOAA20_NRT,1
31.7529,5.2282,2026-07-30T02:19:00Z,0.91,N20,n,N,VIIRS_NOAA20_NRT,1
31.2322,8.5567,2026-07-30T02:19:00Z,3.03,N20,n,N,VIIRS_NOAA20_NRT,1
31.6788,6.0486,2026-07-30T02:19:00Z,2.08,N20,n,N,VIIRS_NOAA20_NRT,1
31.19,6.786,2026-07-30T02:19:00Z,1.81,N20,n,N,VIIRS_NOAA20_NRT,1
30.8314,8.0248,2026-07-30T02:19:00Z,2.65,N20,n,N,VIIRS_NOAA20_NRT,1
30.878,5.6469,2026-07-30T02:19:00Z,3.82,N20,n,N,VIIRS_NOAA20_NRT,1
30.8794,5.6418,2026-07-30T02:19:00Z,5.7,N20,n,N,VIIRS_NOAA20_NRT,1
30.8953,5.5815,2026-07-30T02:19:00Z,1.79,N20,n,N,VIIRS_NOAA20_NRT,1
30.9773,5.7627,2026-07-30T02:19:00Z,1.39,N20,n,N,VIIRS_NOAA20_NRT,1
31.0091,8.1713,2026-07-30T02:19:00Z,1.78,N20,n,N,VIIRS_NOAA20_NRT,1
31.0111,8.1642,2026-07-30T02:19:00Z,2.29,N20,n,N,VIIRS_NOAA20_NRT,1
31.0119,8.17,2026-07-30T02:19:00Z,1.57,N20,n,N,VIIRS_NOAA20_NRT,1
31.014,8.1628,2026-07-30T02:19:00Z,1.57,N20,n,N,VIIRS_NOAA20_NRT,1
31.0582,8.0358,2026-07-30T02:19:00Z,2.33,N20,n,N,VIIRS_NOAA20_NRT,1
31.2301,8.5639,2026-07-30T02:19:00Z,3.59,N20,n,N,VIIRS_NOAA20_NRT,1
30.8272,8.0296,2026-07-30T02:19:00Z,4.9,N20,n,N,VIIRS_NOAA20_NRT,1
31.2308,8.5633,2026-07-30T02:19:00Z,2.14,N20,n,N,VIIRS_NOAA20_NRT,1
31.2329,8.5561,2026-07-30T02:19:00Z,2.14,N20,n,N,VIIRS_NOAA20_NRT,1
31.3578,6.0504,2026-07-30T02:19:00Z,2.12,N20,n,N,VIIRS_NOAA20_NRT,1
31.3601,6.0484,2026-07-30T02:19:00Z,3.06,N20,n,N,VIIRS_NOAA20_NRT,1
31.365,6.0473,2026-07-30T02:19:00Z,8.47,N20,n,N,VIIRS_NOAA20_NRT,1
31.366,6.0505,2026-07-30T02:19:00Z,3.06,N20,n,N,VIIRS_NOAA20_NRT,1
31.3674,6.0453,2026-07-30T02:19:00Z,5.94,N20,n,N,VIIRS_NOAA20_NRT,1
31.6674,6.0519,2026-07-30T02:19:00Z,6.04,N20,n,N,VIIRS_NOAA20_NRT,1
31.5892,5.9544,2026-07-30T02:19:00Z,2.24,N20,n,N,VIIRS_NOAA20_NRT,1
31.5924,5.9552,2026-07-30T02:19:00Z,2.48,N20,n,N,VIIRS_NOAA20_NRT,1
30.8294,8.0316,2026-07-30T02:19:00Z,3.37,N20,n,N,VIIRS_NOAA20_NRT,1
31.398,6.9355,2026-07-30T02:19:00Z,3.64,N20,n,N,VIIRS_NOAA20_NRT,1
30.3896,7.9047,2026-07-30T02:19:00Z,1.74,N20,n,N,VIIRS_NOAA20_NRT,1
28.6027,7.2526,2026-07-30T02:19:00Z,5.12,N20,n,N,VIIRS_NOAA20_NRT,1
30.3764,7.0112,2026-07-30T02:19:00Z,1.41,N20,n,N,VIIRS_NOAA20_NRT,1
31.666,6.0571,2026-07-30T02:19:00Z,3.1,N20,n,N,VIIRS_NOAA20_NRT,1
31.6646,6.0622,2026-07-30T02:19:00Z,3.1,N20,n,N,VIIRS_NOAA20_NRT,1
31.6644,6.0548,2026-07-30T02:19:00Z,7.21,N20,n,N,VIIRS_NOAA20_NRT,1
31.663,6.0599,2026-07-30T02:19:00Z,8.1,N20,n,N,VIIRS_NOAA20_NRT,1
27.8887,-0.4264,2026-07-30T02:19:00Z,4.39,N20,n,N,VIIRS_NOAA20_NRT,1
28.2013,-0.5178,2026-07-30T02:19:00Z,6.81,N20,n,N,VIIRS_NOAA20_NRT,1
28.5584,7.4604,2026-07-30T02:19:00Z,3.59,N20,n,N,VIIRS_NOAA20_NRT,1
28.5997,7.2577,2026-07-30T02:19:00Z,9.59,N20,n,N,VIIRS_NOAA20_NRT,1
28.6007,7.2595,2026-07-30T02:19:00Z,5.12,N20,n,N,VIIRS_NOAA20_NRT,1
31.6658,6.0496,2026-07-30T02:19:00Z,7.21,N20,n,N,VIIRS_NOAA20_NRT,1
28.6391,7.6175,2026-07-30T02:19:00Z,1.06,N20,n,N,VIIRS_NOAA20_NRT,1
29.6925,6.7018,2026-07-30T02:19:00Z,3.17,N20,n,N,VIIRS_NOAA20_NRT,1
29.7023,6.7162,2026-07-30T02:19:00Z,3.77,N20,n,N,VIIRS_NOAA20_NRT,1
29.6988,6.7042,2026-07-30T02:19:00Z,3.17,N20,n,N,VIIRS_NOAA20_NRT,1
29.6971,6.7103,2026-07-30T02:19:00Z,4.12,N20,n,N,VIIRS_NOAA20_NRT,1
29.7034,6.7126,2026-07-30T02:19:00Z,5.33,N20,n,N,VIIRS_NOAA20_NRT,1
29.6862,6.6995,2026-07-30T02:19:00Z,2.17,N20,n,N,VIIRS_NOAA20_NRT,1
28.6867,7.1923,2026-07-30T02:19:00Z,6.42,N20,n,N,VIIRS_NOAA20_NRT,1
28.6853,7.1915,2026-07-30T02:19:00Z,6.9,N20,n,N,VIIRS_NOAA20_NRT,1
29.704,6.7101,2026-07-30T02:19:00Z,3.24,N20,n,N,VIIRS_NOAA20_NRT,1
36.203,3.8612,2026-07-30T02:17:00Z,1.49,N20,n,N,VIIRS_NOAA20_NRT,1
36.7627,7.3084,2026-07-30T02:17:00Z,1.35,N20,n,N,VIIRS_NOAA20_NRT,1
36.3318,5.4814,2026-07-30T02:17:00Z,1.44,N20,n,N,VIIRS_NOAA20_NRT,1
36.3369,5.4834,2026-07-30T02:17:00Z,1.02,N20,n,N,VIIRS_NOAA20_NRT,1
36.43,6.6222,2026-07-30T02:17:00Z,1.51,N20,n,N,VIIRS_NOAA20_NRT,1
36.6001,3.1368,2026-07-30T02:17:00Z,1.58,N20,n,N,VIIRS_NOAA20_NRT,1
36.6658,3.0625,2026-07-30T02:17:00Z,0.93,N20,n,N,VIIRS_NOAA20_NRT,1
36.6809,3.123,2026-07-30T02:17:00Z,0.65,N20,n,N,VIIRS_NOAA20_NRT,1
36.7463,6.254,2026-07-30T02:17:00Z,3.13,N20,n,N,VIIRS_NOAA20_NRT,1
36.7489,3.0802,2026-07-30T02:17:00Z,2.56,N20,n,N,VIIRS_NOAA20_NRT,1
37.1356,-4.8394,2026-07-30T02:17:00Z,0.51,N20,n,N,VIIRS_NOAA20_NRT,1
36.8692,6.9855,2026-07-30T02:17:00Z,1.11,N20,n,N,VIIRS_NOAA20_NRT,1
36.8816,6.9619,2026-07-30T02:17:00Z,0.74,N20,n,N,VIIRS_NOAA20_NRT,1
37.0,-3.517,2026-07-30T02:17:00Z,2.77,N20,n,N,VIIRS_NOAA20_NRT,1
38.9224,-9.0127,2026-07-30T02:17:00Z,1.22,N20,n,N,VIIRS_NOAA20_NRT,1
37.3602,-5.8631,2026-07-30T02:17:00Z,0.73,N20,n,N,VIIRS_NOAA20_NRT,1
38.3781,-0.5458,2026-07-30T02:17:00Z,1.24,N20,n,N,VIIRS_NOAA20_NRT,1
38.5008,-8.9346,2026-07-30T02:17:00Z,0.75,N20,n,N,VIIRS_NOAA20_NRT,1
38.5026,-8.9362,2026-07-30T02:17:00Z,0.88,N20,n,N,VIIRS_NOAA20_NRT,1
38.6738,-4.0487,2026-07-30T02:17:00Z,1.52,N20,n,N,VIIRS_NOAA20_NRT,1
36.1797,3.7493,2026-07-30T02:17:00Z,1.87,N20,n,N,VIIRS_NOAA20_NRT,1
36.1797,3.7479,2026-07-30T02:17:00Z,2.0,N20,n,N,VIIRS_NOAA20_NRT,1
35.7107,4.4761,2026-07-30T02:17:00Z,1.22,N20,n,N,VIIRS_NOAA20_NRT,1
36.1409,2.929,2026-07-30T02:17:00Z,0.99,N20,n,N,VIIRS_NOAA20_NRT,1
36.1407,2.9285,2026-07-30T02:17:00Z,1.02,N20,n,N,VIIRS_NOAA20_NRT,1
39.8845,-0.2763,2026-07-30T02:17:00Z,1.1,N20,n,N,VIIRS_NOAA20_NRT,1
33.3658,8.5486,2026-07-30T02:17:00Z,1.86,N20,n,N,VIIRS_NOAA20_NRT,1
33.929,10.082,2026-07-30T02:17:00Z,1.85,N20,n,N,VIIRS_NOAA20_NRT,1
34.9804,5.7137,2026-07-30T02:17:00Z,2.62,N20,n,N,VIIRS_NOAA20_NRT,1
35.0975,5.649,2026-07-30T02:17:00Z,2.03,N20,n,N,VIIRS_NOAA20_NRT,1
35.3418,1.3558,2026-07-30T02:17:00Z,1.45,N20,n,N,VIIRS_NOAA20_NRT,1
35.3502,5.7643,2026-07-30T02:17:00Z,2.17,N20,n,N,VIIRS_NOAA20_NRT,1
35.3513,5.7601,2026-07-30T02:17:00Z,2.28,N20,n,N,VIIRS_NOAA20_NRT,1
35.5566,-5.7783,2026-07-30T02:17:00Z,0.86,N20,n,N,VIIRS_NOAA20_NRT,1
35.5599,-5.7775,2026-07-30T02:17:00Z,2.24,N20,n,N,VIIRS_NOAA20_NRT,1
35.5606,-5.7817,2026-07-30T02:17:00Z,1.04,N20,n,N,VIIRS_NOAA20_NRT,1
35.7845,0.5398,2026-07-30T02:17:00Z,1.78,N20,n,N,VIIRS_NOAA20_NRT,1
35.8694,6.0269,2026-07-30T02:17:00Z,1.43,N20,n,N,VIIRS_NOAA20_NRT,1
35.8776,4.4469,2026-07-30T02:17:00Z,1.75,N20,n,N,VIIRS_NOAA20_NRT,1
35.8825,4.4484,2026-07-30T02:17:00Z,0.94,N20,n,N,VIIRS_NOAA20_NRT,1
36.0426,6.8258,2026-07-30T02:17:00Z,0.22,N20,n,N,VIIRS_NOAA20_NRT,1
36.0851,6.8028,2026-07-30T02:17:00Z,1.34,N20,n,N,VIIRS_NOAA20_NRT,1
36.1257,1.2433,2026-07-30T02:17:00Z,1.53,N20,n,N,VIIRS_NOAA20_NRT,1
36.1308,1.2401,2026-07-30T02:17:00Z,1.45,N20,n,N,VIIRS_NOAA20_NRT,1
39.8821,-0.2832,2026-07-30T02:17:00Z,1.79,N20,n,N,VIIRS_NOAA20_NRT,1
41.6824,-7.2925,2026-07-30T02:17:00Z,1.25,N20,n,N,VIIRS_NOAA20_NRT,1
39.8856,-0.2818,2026-07-30T02:17:00Z,6.11,N20,n,N,VIIRS_NOAA20_NRT,1
41.6808,-7.2247,2026-07-30T02:17:00Z,2.26,N20,n,N,VIIRS_NOAA20_NRT,1
41.6843,-7.2238,2026-07-30T02:17:00Z,21.5,N20,n,N,VIIRS_NOAA20_NRT,1
41.6839,-7.166,2026-07-30T02:17:00Z,2.02,N20,n,N,VIIRS_NOAA20_NRT,1
41.6836,-7.2188,2026-07-30T02:17:00Z,21.5,N20,n,N,VIIRS_NOAA20_NRT,1
41.6835,-7.245,2026-07-30T02:17:00Z,6.46,N20,n,N,VIIRS_NOAA20_NRT,1
41.6832,-7.161,2026-07-30T02:17:00Z,1.39,N20,n,N,VIIRS_NOAA20_NRT,1
41.683,-7.2138,2026-07-30T02:17:00Z,3.58,N20,n,N,VIIRS_NOAA20_NRT,1
41.6828,-7.2398,2026-07-30T02:17:00Z,6.46,N20,n,N,VIIRS_NOAA20_NRT,1
41.6823,-7.2086,2026-07-30T02:17:00Z,3.58,N20,n,N,VIIRS_NOAA20_NRT,1
41.6821,-7.2347,2026-07-30T02:17:00Z,2.21,N20,n,N,VIIRS_NOAA20_NRT,1
39.8913,-0.2914,2026-07-30T02:17:00Z,0.79,N20,n,N,VIIRS_NOAA20_NRT,1
41.6807,-7.251,2026-07-30T02:17:00Z,2.38,N20,n,N,VIIRS_NOAA20_NRT,1
41.6855,-7.2605,2026-07-30T02:17:00Z,0.83,N20,n,N,VIIRS_NOAA20_NRT,1
41.6805,-7.1669,2026-07-30T02:17:00Z,3.82,N20,n,N,VIIRS_NOAA20_NRT,1
41.6803,-7.193,2026-07-30T02:17:00Z,1.69,N20,n,N,VIIRS_NOAA20_NRT,1
41.68,-7.2458,2026-07-30T02:17:00Z,6.46,N20,n,N,VIIRS_NOAA20_NRT,1
41.6798,-7.1619,2026-07-30T02:17:00Z,3.88,N20,n,N,VIIRS_NOAA20_NRT,1
41.6796,-7.188,2026-07-30T02:17:00Z,1.69,N20,n,N,VIIRS_NOAA20_NRT,1
41.679,-7.1829,2026-07-30T02:17:00Z,1.9,N20,n,N,VIIRS_NOAA20_NRT,1
41.6787,-7.2356,2026-07-30T02:17:00Z,2.21,N20,n,N,VIIRS_NOAA20_NRT,1
41.6772,-7.2519,2026-07-30T02:17:00Z,0.66,N20,n,N,VIIRS_NOAA20_NRT,1
41.6765,-7.2467,2026-07-30T02:17:00Z,1.28,N20,n,N,VIIRS_NOAA20_NRT,1
41.6762,-7.2991,2026-07-30T02:17:00Z,3.87,N20,n,N,VIIRS_NOAA20_NRT,1
41.6848,-7.2553,2026-07-30T02:17:00Z,2.38,N20,n,N,VIIRS_NOAA20_NRT,1
41.6858,-7.2078,2026-07-30T02:17:00Z,3.58,N20,n,N,VIIRS_NOAA20_NRT,1
41.6729,-7.1636,2026-07-30T02:17:00Z,6.9,N20,n,N,VIIRS_NOAA20_NRT,1
41.6932,-7.2371,2026-07-30T02:17:00Z,4.45,N20,n,N,VIIRS_NOAA20_NRT,1
41.6984,-7.278,2026-07-30T02:17:00Z,4.99,N20,n,N,VIIRS_NOAA20_NRT,1
41.6978,-7.2729,2026-07-30T02:17:00Z,6.81,N20,n,N,VIIRS_NOAA20_NRT,1
41.6973,-7.2414,2026-07-30T02:17:00Z,4.45,N20,n,N,VIIRS_NOAA20_NRT,1
41.6965,-7.2629,2026-07-30T02:17:00Z,1.71,N20,n,N,VIIRS_NOAA20_NRT,1
41.6958,-7.2578,2026-07-30T02:17:00Z,1.71,N20,n,N,VIIRS_NOAA20_NRT,1
41.6956,-7.2839,2026-07-30T02:17:00Z,34.06,N20,n,N,VIIRS_NOAA20_NRT,1
41.695,-7.2789,2026-07-30T02:17:00Z,34.06,N20,n,N,VIIRS_NOAA20_NRT,1
41.6945,-7.2475,2026-07-30T02:17:00Z,6.07,N20,n,N,VIIRS_NOAA20_NRT,1
41.6943,-7.2739,2026-07-30T02:17:00Z,23.75,N20,n,N,VIIRS_NOAA20_NRT,1
41.6938,-7.2423,2026-07-30T02:17:00Z,4.45,N20,n,N,VIIRS_NOAA20_NRT,1
41.6928,-7.2898,2026-07-30T02:17:00Z,13.48,N20,n,N,VIIRS_NOAA20_NRT,1
41.6864,-7.213,2026-07-30T02:17:00Z,3.58,N20,n,N,VIIRS_NOAA20_NRT,1
41.6922,-7.2848,2026-07-30T02:17:00Z,34.06,N20,n,N,VIIRS_NOAA20_NRT,1
41.6915,-7.2798,2026-07-30T02:17:00Z,34.06,N20,n,N,VIIRS_NOAA20_NRT,1
41.6912,-7.2221,2026-07-30T02:17:00Z,1.09,N20,n,N,VIIRS_NOAA20_NRT,1
41.691,-7.2484,2026-07-30T02:17:00Z,2.06,N20,n,N,VIIRS_NOAA20_NRT,1
41.6909,-7.2748,2026-07-30T02:17:00Z,23.75,N20,n,N,VIIRS_NOAA20_NRT,1
41.6904,-7.2432,2026-07-30T02:17:00Z,1.61,N20,n,N,VIIRS_NOAA20_NRT,1
41.6897,-7.238,2026-07-30T02:17:00Z,1.61,N20,n,N,VIIRS_NOAA20_NRT,1
41.6894,-7.2907,2026-07-30T02:17:00Z,0.83,N20,n,N,VIIRS_NOAA20_NRT,1
41.6877,-7.223,2026-07-30T02:17:00Z,21.5,N20,n,N,VIIRS_NOAA20_NRT,1
41.6871,-7.218,2026-07-30T02:17:00Z,21.5,N20,n,N,VIIRS_NOAA20_NRT,1
41.6736,-7.1686,2026-07-30T02:17:00Z,0.6,N20,n,N,VIIRS_NOAA20_NRT,1
41.6811,-7.1719,2026-07-30T02:17:00Z,3.82,N20,n,N,VIIRS_NOAA20_NRT,1
41.6727,-7.2997,2026-07-30T02:17:00Z,3.87,N20,n,N,VIIRS_NOAA20_NRT,1
41.64,-7.2396,2026-07-30T02:17:00Z,2.33,N20,n,N,VIIRS_NOAA20_NRT,1
41.639,-7.2414,2026-07-30T02:17:00Z,4.65,N20,n,N,VIIRS_NOAA20_NRT,1
41.6383,-7.2362,2026-07-30T02:17:00Z,4.65,N20,n,N,VIIRS_NOAA20_NRT,1
41.6365,-7.2404,2026-07-30T02:17:00Z,2.33,N20,n,N,VIIRS_NOAA20_NRT,1
41.6286,-7.244,2026-07-30T02:17:00Z,2.19,N20,n,N,VIIRS_NOAA20_NRT,1
41.6223,-7.2507,2026-07-30T02:17:00Z,4.63,N20,n,N,VIIRS_NOAA20_NRT,1
41.6154,-7.2523,2026-07-30T02:17:00Z,1.35,N20,n,N,VIIRS_NOAA20_NRT,1
41.6148,-7.2472,2026-07-30T02:17:00Z,1.62,N20,n,N,VIIRS_NOAA20_NRT,1
41.6141,-7.2421,2026-07-30T02:17:00Z,1.62,N20,n,N,VIIRS_NOAA20_NRT,1
41.6134,-7.2369,2026-07-30T02:17:00Z,1.23,N20,n,N,VIIRS_NOAA20_NRT,1
41.6113,-7.248,2026-07-30T02:17:00Z,1.29,N20,n,N,VIIRS_NOAA20_NRT,1
41.6106,-7.2428,2026-07-30T02:17:00Z,1.29,N20,n,N,VIIRS_NOAA20_NRT,1
41.6099,-7.2376,2026-07-30T02:17:00Z,1.34,N20,n,N,VIIRS_NOAA20_NRT,1
41.6692,-7.3004,2026-07-30T02:17:00Z,6.02,N20,n,N,VIIRS_NOAA20_NRT,1
41.1534,-8.2504,2026-07-30T02:17:00Z,1.15,N20,n,N,VIIRS_NOAA20_NRT,1
40.366,-4.5098,2026-07-30T02:17:00Z,0.63,N20,n,N,VIIRS_NOAA20_NRT,1
40.245,-3.4722,2026-07-30T02:17:00Z,3.46,N20,n,N,VIIRS_NOAA20_NRT,1
39.9377,-3.744,2026-07-30T02:17:00Z,1.48,N20,n,N,VIIRS_NOAA20_NRT,1
39.9185,-0.2179,2026-07-30T02:17:00Z,1.01,N20,n,N,VIIRS_NOAA20_NRT,1
39.9017,-0.306,2026-07-30T02:17:00Z,3.63,N20,n,N,VIIRS_NOAA20_NRT,1
39.8982,-0.3072,2026-07-30T02:17:00Z,3.63,N20,n,N,VIIRS_NOAA20_NRT,1
39.8976,-0.2658,2026-07-30T02:17:00Z,1.45,N20,n,N,VIIRS_NOAA20_NRT,1
39.8971,-0.3016,2026-07-30T02:17:00Z,3.63,N20,n,N,VIIRS_NOAA20_NRT,1
39.8959,-0.2959,2026-07-30T02:17:00Z,2.19,N20,n,N,VIIRS_NOAA20_NRT,1
41.6393,-7.2344,2026-07-30T02:17:00Z,17.17,N20,n,N,VIIRS_NOAA20_NRT,1
41.154,-8.2556,2026-07-30T02:17:00Z,1.42,N20,n,N,VIIRS_NOAA20_NRT,1
41.6406,-7.2448,2026-07-30T02:17:00Z,2.33,N20,n,N,VIIRS_NOAA20_NRT,1
41.6529,-7.3481,2026-07-30T02:17:00Z,2.19,N20,n,N,VIIRS_NOAA20_NRT,1
41.6688,-7.1594,2026-07-30T02:17:00Z,6.9,N20,n,N,VIIRS_NOAA20_NRT,1
41.6414,-7.2232,2026-07-30T02:17:00Z,2.24,N20,n,N,VIIRS_NOAA20_NRT,1
41.6685,-7.2954,2026-07-30T02:17:00Z,6.02,N20,n,N,VIIRS_NOAA20_NRT,1
41.6651,-7.2961,2026-07-30T02:17:00Z,6.02,N20,n,N,VIIRS_NOAA20_NRT,1
41.6598,-7.172,2026-07-30T02:17:00Z,2.16,N20,n,N,VIIRS_NOAA20_NRT,1
41.6583,-7.1879,2026-07-30T02:17:00Z,0.82,N20,n,N,VIIRS_NOAA20_NRT,1
41.6542,-7.1837,2026-07-30T02:17:00Z,2.94,N20,n,N,VIIRS_NOAA20_NRT,1
41.6536,-7.3464,2026-07-30T02:17:00Z,1.06,N20,n,N,VIIRS_NOAA20_NRT,1
41.6535,-7.1786,2026-07-30T02:17:00Z,1.74,N20,n,N,VIIRS_NOAA20_NRT,1
41.6533,-7.2046,2026-07-30T02:17:00Z,3.3,N20,n,N,VIIRS_NOAA20_NRT,1
41.6576,-7.1829,2026-07-30T02:17:00Z,0.82,N20,n,N,VIIRS_NOAA20_NRT,1
41.6529,-7.1736,2026-07-30T02:17:00Z,1.74,N20,n,N,VIIRS_NOAA20_NRT,1
41.6507,-7.1845,2026-07-30T02:17:00Z,2.94,N20,n,N,VIIRS_NOAA20_NRT,1
41.6501,-7.3473,2026-07-30T02:17:00Z,1.06,N20,n,N,VIIRS_NOAA20_NRT,1
41.6501,-7.1795,2026-07-30T02:17:00Z,1.74,N20,n,N,VIIRS_NOAA20_NRT,1
41.6473,-7.1853,2026-07-30T02:17:00Z,0.81,N20,n,N,VIIRS_NOAA20_NRT,1
41.6469,-7.2381,2026-07-30T02:17:00Z,2.12,N20,n,N,VIIRS_NOAA20_NRT,1
41.6434,-7.2388,2026-07-30T02:17:00Z,2.12,N20,n,N,VIIRS_NOAA20_NRT,1
41.6514,-7.1895,2026-07-30T02:17:00Z,2.94,N20,n,N,VIIRS_NOAA20_NRT,1
41.6428,-7.2336,2026-07-30T02:17:00Z,6.0,N20,n,N,VIIRS_NOAA20_NRT,1
41.6416,-7.197,2026-07-30T02:17:00Z,1.7,N20,n,N,VIIRS_NOAA20_NRT,1
42.6934,-6.761,2026-07-30T02:15:00Z,6.1,N20,n,N,VIIRS_NOAA20_NRT,1
42.6906,-6.7671,2026-07-30T02:15:00Z,25.03,N20,n,N,VIIRS_NOAA20_NRT,1
42.6913,-6.7725,2026-07-30T02:15:00Z,19.38,N20,n,N,VIIRS_NOAA20_NRT,1
42.6915,-5.4175,2026-07-30T02:15:00Z,1.14,N20,n,N,VIIRS_NOAA20_NRT,1
42.692,-6.7778,2026-07-30T02:15:00Z,19.38,N20,n,N,VIIRS_NOAA20_NRT,1
42.6927,-6.756,2026-07-30T02:15:00Z,14.18,N20,n,N,VIIRS_NOAA20_NRT,1
42.6954,-6.777,2026-07-30T02:15:00Z,1.78,N20,n,N,VIIRS_NOAA20_NRT,1
42.694,-6.7663,2026-07-30T02:15:00Z,6.1,N20,n,N,VIIRS_NOAA20_NRT,1
42.6947,-6.7717,2026-07-30T02:15:00Z,1.78,N20,n,N,VIIRS_NOAA20_NRT,1
42.6961,-6.7552,2026-07-30T02:15:00Z,14.18,N20,n,N,VIIRS_NOAA20_NRT,1
42.6968,-6.7601,2026-07-30T02:15:00Z,6.1,N20,n,N,VIIRS_NOAA20_NRT,1
42.6872,-6.768,2026-07-30T02:15:00Z,25.03,N20,n,N,VIIRS_NOAA20_NRT,1
42.6975,-6.7653,2026-07-30T02:15:00Z,6.1,N20,n,N,VIIRS_NOAA20_NRT,1
42.6878,-6.7734,2026-07-30T02:15:00Z,19.38,N20,n,N,VIIRS_NOAA20_NRT,1
41.4543,1.9771,2026-07-30T02:15:00Z,1.66,N20,n,N,VIIRS_NOAA20_NRT,1
42.6837,-6.7688,2026-07-30T02:15:00Z,7.59,N20,n,N,VIIRS_NOAA20_NRT,1
42.6688,-6.5198,2026-07-30T02:15:00Z,3.88,N20,n,N,VIIRS_NOAA20_NRT,1
42.6654,-6.5206,2026-07-30T02:15:00Z,6.45,N20,n,N,VIIRS_NOAA20_NRT,1
42.6647,-6.5158,2026-07-30T02:15:00Z,6.45,N20,n,N,VIIRS_NOAA20_NRT,1
42.662,-6.5214,2026-07-30T02:15:00Z,6.45,N20,n,N,VIIRS_NOAA20_NRT,1
42.6613,-6.5165,2026-07-30T02:15:00Z,6.45,N20,n,N,VIIRS_NOAA20_NRT,1
42.5538,-6.766,2026-07-30T02:15:00Z,0.44,N20,n,N,VIIRS_NOAA20_NRT,1
42.552,-6.7685,2026-07-30T02:15:00Z,0.69,N20,n,N,VIIRS_NOAA20_NRT,1
41.5456,2.1292,2026-07-30T02:15:00Z,1.99,N20,n,N,VIIRS_NOAA20_NRT,1
41.4759,-1.4888,2026-07-30T02:15:00Z,0.49,N20,n,N,VIIRS_NOAA20_NRT,1
41.4082,2.001,2026-07-30T02:15:00Z,1.2,N20,n,N,VIIRS_NOAA20_NRT,1
40.5591,9.6648,2026-07-30T02:15:00Z,1.13,N20,n,N,VIIRS_NOAA20_NRT,1
40.559,9.6685,2026-07-30T02:15:00Z,1.33,N20,n,N,VIIRS_NOAA20_NRT,1
39.0823,9.0172,2026-07-30T02:15:00Z,2.09,N20,n,N,VIIRS_NOAA20_NRT,1
42.6996,-6.7544,2026-07-30T02:15:00Z,0.6,N20,n,N,VIIRS_NOAA20_NRT,1
42.6988,-6.776,2026-07-30T02:15:00Z,1.78,N20,n,N,VIIRS_NOAA20_NRT,1
42.7057,-6.774,2026-07-30T02:15:00Z,20.75,N20,h,N,VIIRS_NOAA20_NRT,1
42.7023,-6.775,2026-07-30T02:15:00Z,20.75,N20,n,N,VIIRS_NOAA20_NRT,1
47.8388,3.6862,2026-07-30T02:15:00Z,3.52,N20,n,N,VIIRS_NOAA20_NRT,1
42.703,-6.7804,2026-07-30T02:15:00Z,19.67,N20,n,N,VIIRS_NOAA20_NRT,1
43.5856,-7.6394,2026-07-30T02:15:00Z,5.91,N20,n,N,VIIRS_NOAA20_NRT,1
43.5849,-7.634,2026-07-30T02:15:00Z,5.71,N20,n,N,VIIRS_NOAA20_NRT,1
43.582,-7.6402,2026-07-30T02:15:00Z,5.91,N20,n,N,VIIRS_NOAA20_NRT,1
43.5813,-7.6348,2026-07-30T02:15:00Z,5.71,N20,n,N,VIIRS_NOAA20_NRT,1
43.5433,-5.8338,2026-07-30T02:15:00Z,4.54,N20,n,N,VIIRS_NOAA20_NRT,1
43.5426,-5.8288,2026-07-30T02:15:00Z,4.54,N20,n,N,VIIRS_NOAA20_NRT,1
43.5399,-5.8347,2026-07-30T02:15:00Z,4.54,N20,n,N,VIIRS_NOAA20_NRT,1
43.5392,-5.8297,2026-07-30T02:15:00Z,4.54,N20,n,N,VIIRS_NOAA20_NRT,1
43.5263,-5.7346,2026-07-30T02:15:00Z,3.05,N20,n,N,VIIRS_NOAA20_NRT,1
43.5229,-5.7355,2026-07-30T02:15:00Z,1.93,N20,n,N,VIIRS_NOAA20_NRT,1
43.449,4.8972,2026-07-30T02:15:00Z,4.22,N20,n,N,VIIRS_NOAA20_NRT,1
43.4478,4.9025,2026-07-30T02:15:00Z,4.22,N20,n,N,VIIRS_NOAA20_NRT,1
43.4449,4.8954,2026-07-30T02:15:00Z,4.22,N20,n,N,VIIRS_NOAA20_NRT,1
43.4437,4.9007,2026-07-30T02:15:00Z,4.22,N20,n,N,VIIRS_NOAA20_NRT,1
43.4408,4.8935,2026-07-30T02:15:00Z,1.7,N20,n,N,VIIRS_NOAA20_NRT,1
43.365,12.5431,2026-07-30T02:15:00Z,1.24,N20,n,N,VIIRS_NOAA20_NRT,1
43.3637,12.5424,2026-07-30T02:15:00Z,0.79,N20,n,N,VIIRS_NOAA20_NRT,1
42.8694,0.1003,2026-07-30T02:15:00Z,1.14,N20,n,N,VIIRS_NOAA20_NRT,1
42.867,0.096,2026-07-30T02:15:00Z,1.99,N20,n,N,VIIRS_NOAA20_NRT,1
42.8668,0.0945,2026-07-30T02:15:00Z,1.14,N20,n,N,VIIRS_NOAA20_NRT,1
42.8152,-1.7452,2026-07-30T02:15:00Z,0.68,N20,n,N,VIIRS_NOAA20_NRT,1
42.7256,-6.7633,2026-07-30T02:15:00Z,2.59,N20,n,N,VIIRS_NOAA20_NRT,1
42.7249,-6.7581,2026-07-30T02:15:00Z,0.89,N20,n,N,VIIRS_NOAA20_NRT,1
42.7242,-6.7529,2026-07-30T02:15:00Z,0.89,N20,n,N,VIIRS_NOAA20_NRT,1
48.1091,-1.0335,2026-07-30T02:15:00Z,0.76,N20,n,N,VIIRS_NOAA20_NRT,1
43.5892,-7.6388,2026-07-30T02:15:00Z,1.38,N20,n,N,VIIRS_NOAA20_NRT,1
47.277,4.9652,2026-07-30T02:15:00Z,2.36,N20,n,N,VIIRS_NOAA20_NRT,1
44.7358,-0.8818,2026-07-30T02:15:00Z,0.43,N20,n,N,VIIRS_NOAA20_NRT,1
47.1044,-0.3248,2026-07-30T02:15:00Z,0.8,N20,n,N,VIIRS_NOAA20_NRT,1
47.1011,-0.326,2026-07-30T02:15:00Z,0.8,N20,n,N,VIIRS_NOAA20_NRT,1
46.8094,0.1546,2026-07-30T02:15:00Z,2.8,N20,n,N,VIIRS_NOAA20_NRT,1
46.8093,-0.1407,2026-07-30T02:15:00Z,0.51,N20,n,N,VIIRS_NOAA20_NRT,1
45.9127,5.8229,2026-07-30T02:15:00Z,0.82,N20,n,N,VIIRS_NOAA20_NRT,1
45.7717,3.2976,2026-07-30T02:15:00Z,1.2,N20,n,N,VIIRS_NOAA20_NRT,1
45.5155,10.3435,2026-07-30T02:15:00Z,0.81,N20,n,N,VIIRS_NOAA20_NRT,1
45.5095,10.2443,2026-07-30T02:15:00Z,0.93,N20,n,N,VIIRS_NOAA20_NRT,1
45.479,10.2127,2026-07-30T02:15:00Z,0.54,N20,n,N,VIIRS_NOAA20_NRT,1
45.4611,10.4561,2026-07-30T02:15:00Z,1.04,N20,n,N,VIIRS_NOAA20_NRT,1
45.3704,10.3312,2026-07-30T02:15:00Z,0.62,N20,n,N,VIIRS_NOAA20_NRT,1
45.2309,5.6689,2026-07-30T02:15:00Z,0.91,N20,n,N,VIIRS_NOAA20_NRT,1
45.1464,9.9432,2026-07-30T02:15:00Z,6.26,N20,n,N,VIIRS_NOAA20_NRT,1
44.9657,-0.6969,2026-07-30T02:15:00Z,1.21,N20,n,N,VIIRS_NOAA20_NRT,1
44.8719,-0.969,2026-07-30T02:15:00Z,0.99,N20,n,N,VIIRS_NOAA20_NRT,1
44.8486,-1.1666,2026-07-30T02:15:00Z,0.31,N20,n,N,VIIRS_NOAA20_NRT,1
44.8453,-1.1677,2026-07-30T02:15:00Z,0.37,N20,n,N,VIIRS_NOAA20_NRT,1
44.8445,-1.1628,2026-07-30T02:15:00Z,0.66,N20,n,N,VIIRS_NOAA20_NRT,1
44.8217,-1.2121,2026-07-30T02:15:00Z,0.83,N20,n,N,VIIRS_NOAA20_NRT,1
44.7579,-0.9475,2026-07-30T02:15:00Z,2.29,N20,n,N,VIIRS_NOAA20_NRT,1
44.7553,-1.032,2026-07-30T02:15:00Z,1.64,N20,n,N,VIIRS_NOAA20_NRT,1
44.7545,-1.0271,2026-07-30T02:15:00Z,1.31,N20,n,N,VIIRS_NOAA20_NRT,1
44.7536,-1.0222,2026-07-30T02:15:00Z,1.31,N20,n,N,VIIRS_NOAA20_NRT,1
44.752,-1.0332,2026-07-30T02:15:00Z,0.75,N20,n,N,VIIRS_NOAA20_NRT,1
44.7512,-1.0283,2026-07-30T02:15:00Z,1.05,N20,n,N,VIIRS_NOAA20_NRT,1
42.7228,-6.7693,2026-07-30T02:15:00Z,2.59,N20,n,N,VIIRS_NOAA20_NRT,1
47.2711,4.9542,2026-07-30T02:15:00Z,0.43,N20,n,N,VIIRS_NOAA20_NRT,1
42.7187,-6.7651,2026-07-30T02:15:00Z,29.25,N20,n,N,VIIRS_NOAA20_NRT,1
42.7118,-6.7667,2026-07-30T02:15:00Z,25.06,N20,n,N,VIIRS_NOAA20_NRT,1
42.7222,-6.7642,2026-07-30T02:15:00Z,2.59,N20,n,N,VIIRS_NOAA20_NRT,1
42.7215,-6.7591,2026-07-30T02:15:00Z,0.89,N20,n,N,VIIRS_NOAA20_NRT,1
42.7208,-6.7539,2026-07-30T02:15:00Z,0.89,N20,n,N,VIIRS_NOAA20_NRT,1
42.7201,-6.7756,2026-07-30T02:15:00Z,4.15,N20,n,N,VIIRS_NOAA20_NRT,1
42.7194,-6.7701,2026-07-30T02:15:00Z,29.25,N20,n,N,VIIRS_NOAA20_NRT,1
42.7181,-6.76,2026-07-30T02:15:00Z,100.3,N20,h,N,VIIRS_NOAA20_NRT,1
42.7174,-6.7549,2026-07-30T02:15:00Z,100.3,N20,n,N,VIIRS_NOAA20_NRT,1
42.7159,-6.771,2026-07-30T02:15:00Z,29.25,N20,n,N,VIIRS_NOAA20_NRT,1
42.7153,-6.7659,2026-07-30T02:15:00Z,29.25,N20,n,N,VIIRS_NOAA20_NRT,1
42.7146,-6.7609,2026-07-30T02:15:00Z,100.3,N20,n,N,VIIRS_NOAA20_NRT,1
42.7133,-6.7509,2026-07-30T02:15:00Z,4.39,N20,n,N,VIIRS_NOAA20_NRT,1
42.7125,-6.772,2026-07-30T02:15:00Z,25.06,N20,n,N,VIIRS_NOAA20_NRT,1
42.714,-6.7559,2026-07-30T02:15:00Z,100.3,N20,n,N,VIIRS_NOAA20_NRT,1
42.7112,-6.7617,2026-07-30T02:15:00Z,2.08,N20,n,N,VIIRS_NOAA20_NRT,1
42.7065,-6.7527,2026-07-30T02:15:00Z,1.95,N20,n,N,VIIRS_NOAA20_NRT,1
42.703,-6.7536,2026-07-30T02:15:00Z,0.6,N20,n,N,VIIRS_NOAA20_NRT,1
42.7037,-6.7585,2026-07-30T02:15:00Z,1.29,N20,n,N,VIIRS_NOAA20_NRT,1
42.7043,-6.7634,2026-07-30T02:15:00Z,1.29,N20,n,N,VIIRS_NOAA20_NRT,1
42.7105,-6.7568,2026-07-30T02:15:00Z,2.08,N20,n,N,VIIRS_NOAA20_NRT,1
42.7064,-6.7794,2026-07-30T02:15:00Z,19.67,N20,n,N,VIIRS_NOAA20_NRT,1
42.705,-6.7686,2026-07-30T02:15:00Z,20.75,N20,n,N,VIIRS_NOAA20_NRT,1
42.7071,-6.7577,2026-07-30T02:15:00Z,2.08,N20,n,N,VIIRS_NOAA20_NRT,1
42.7077,-6.7625,2026-07-30T02:15:00Z,2.08,N20,n,N,VIIRS_NOAA20_NRT,1
42.7084,-6.7676,2026-07-30T02:15:00Z,25.06,N20,n,N,VIIRS_NOAA20_NRT,1
42.7091,-6.773,2026-07-30T02:15:00Z,25.06,N20,n,N,VIIRS_NOAA20_NRT,1
42.7099,-6.7518,2026-07-30T02:15:00Z,1.95,N20,n,N,VIIRS_NOAA20_NRT,1
53.9128,9.2088,2026-07-30T02:13:00Z,3.73,N20,n,N,VIIRS_NOAA20_NRT,1
48.2794,14.3392,2026-07-30T02:13:00Z,2.2,N20,n,N,VIIRS_NOAA20_NRT,1
48.2733,14.3259,2026-07-30T02:13:00Z,2.12,N20,n,N,VIIRS_NOAA20_NRT,1
48.2751,14.3402,2026-07-30T02:13:00Z,0.99,N20,n,N,VIIRS_NOAA20_NRT,1
48.276,14.3498,2026-07-30T02:13:00Z,0.65,N20,n,N,VIIRS_NOAA20_NRT,1
48.2768,14.3349,2026-07-30T02:13:00Z,4.25,N20,n,N,VIIRS_NOAA20_NRT,1
54.1311,-7.5803,2026-07-30T02:13:00Z,0.79,N20,n,N,VIIRS_NOAA20_NRT,1
48.2775,14.325,2026-07-30T02:13:00Z,2.37,N20,n,N,VIIRS_NOAA20_NRT,1
48.2786,14.3492,2026-07-30T02:13:00Z,0.99,N20,n,N,VIIRS_NOAA20_NRT,1
52.4782,4.5957,2026-07-30T02:13:00Z,0.78,N20,n,N,VIIRS_NOAA20_NRT,1
48.2827,14.3287,2026-07-30T02:13:00Z,2.58,N20,n,N,VIIRS_NOAA20_NRT,1
48.2852,14.328,2026-07-30T02:13:00Z,1.29,N20,n,N,VIIRS_NOAA20_NRT,1
48.334,9.7352,2026-07-30T02:13:00Z,1.31,N20,n,N,VIIRS_NOAA20_NRT,1
48.3729,2.5817,2026-07-30T02:13:00Z,1.64,N20,n,N,VIIRS_NOAA20_NRT,1
48.3763,2.5832,2026-07-30T02:13:00Z,1.84,N20,n,N,VIIRS_NOAA20_NRT,1
48.3874,2.9802,2026-07-30T02:13:00Z,1.73,N20,n,N,VIIRS_NOAA20_NRT,1
48.4062,2.6588,2026-07-30T02:13:00Z,2.94,N20,n,N,VIIRS_NOAA20_NRT,1
48.4074,2.653,2026-07-30T02:13:00Z,3.01,N20,n,N,VIIRS_NOAA20_NRT,1
53.6864,-6.3898,2026-07-30T02:13:00Z,0.63,N20,n,N,VIIRS_NOAA20_NRT,1
53.7796,12.4148,2026-07-30T02:13:00Z,4.09,N20,n,N,VIIRS_NOAA20_NRT,1
53.1333,8.6851,2026-07-30T02:13:00Z,4.88,N20,n,N,VIIRS_NOAA20_NRT,1
53.6352,-0.2448,2026-07-30T02:13:00Z,1.0,N20,n,N,VIIRS_NOAA20_NRT,1
53.482,-0.7208,2026-07-30T02:13:00Z,0.37,N20,n,N,VIIRS_NOAA20_NRT,1
52.6421,-8.688,2026-07-30T02:13:00Z,1.79,N20,n,N,VIIRS_NOAA20_NRT,1
52.6425,-0.5473,2026-07-30T02:13:00Z,0.29,N20,n,N,VIIRS_NOAA20_NRT,1
53.0648,3.5369,2026-07-30T02:13:00Z,1.32,N20,n,N,VIIRS_NOAA20_NRT,1
53.1241,8.6882,2026-07-30T02:13:00Z,1.91,N20,n,N,VIIRS_NOAA20_NRT,1
48.5978,7.8226,2026-07-30T02:13:00Z,2.78,N20,n,N,VIIRS_NOAA20_NRT,1
53.1351,8.6773,2026-07-30T02:13:00Z,6.51,N20,n,N,VIIRS_NOAA20_NRT,1
53.4146,-6.3287,2026-07-30T02:13:00Z,0.47,N20,n,N,VIIRS_NOAA20_NRT,1
53.5218,9.9018,2026-07-30T02:13:00Z,1.06,N20,n,N,VIIRS_NOAA20_NRT,1
53.6343,-0.2391,2026-07-30T02:13:00Z,1.0,N20,n,N,VIIRS_NOAA20_NRT,1
53.5414,-0.7321,2026-07-30T02:13:00Z,0.64,N20,n,N,VIIRS_NOAA20_NRT,1
53.56,-7.0342,2026-07-30T02:13:00Z,2.3,N20,n,N,VIIRS_NOAA20_NRT,1
53.5608,-7.0428,2026-07-30T02:13:00Z,2.3,N20,n,N,VIIRS_NOAA20_NRT,1
53.564,-7.0332,2026-07-30T02:13:00Z,2.71,N20,n,N,VIIRS_NOAA20_NRT,1
53.573,-0.6147,2026-07-30T02:13:00Z,5.24,N20,n,N,VIIRS_NOAA20_NRT,1
53.5824,-0.6163,2026-07-30T02:13:00Z,1.06,N20,n,N,VIIRS_NOAA20_NRT,1
53.6319,-0.2462,2026-07-30T02:13:00Z,1.0,N20,n,N,VIIRS_NOAA20_NRT,1
48.5938,7.8204,2026-07-30T02:13:00Z,1.94,N20,n,N,VIIRS_NOAA20_NRT,1
49.5055,5.9572,2026-07-30T02:13:00Z,5.95,N20,n,N,VIIRS_NOAA20_NRT,1
48.6014,21.1795,2026-07-30T02:13:00Z,2.08,N20,n,N,VIIRS_NOAA20_NRT,1
48.6062,21.1786,2026-07-30T02:13:00Z,3.25,N20,n,N,VIIRS_NOAA20_NRT,1
50.4716,3.9941,2026-07-30T02:13:00Z,1.14,N20,n,N,VIIRS_NOAA20_NRT,1
50.6596,15.4723,2026-07-30T02:13:00Z,0.54,N20,n,N,VIIRS_NOAA20_NRT,1
50.7625,5.6741,2026-07-30T02:13:00Z,1.53,N20,n,N,VIIRS_NOAA20_NRT,1
50.835,-1.3765,2026-07-30T02:13:00Z,1.49,N20,n,N,VIIRS_NOAA20_NRT,1
51.0126,2.1643,2026-07-30T02:13:00Z,0.45,N20,n,N,VIIRS_NOAA20_NRT,1
51.0301,2.2706,2026-07-30T02:13:00Z,2.04,N20,n,N,VIIRS_NOAA20_NRT,1
51.0336,2.2903,2026-07-30T02:13:00Z,3.28,N20,n,N,VIIRS_NOAA20_NRT,1
51.0346,2.2847,2026-07-30T02:13:00Z,1.52,N20,n,N,VIIRS_NOAA20_NRT,1
51.0356,2.2791,2026-07-30T02:13:00Z,1.52,N20,n,N,VIIRS_NOAA20_NRT,1
51.0424,2.3004,2026-07-30T02:13:00Z,1.59,N20,n,N,VIIRS_NOAA20_NRT,1
51.0434,2.2948,2026-07-30T02:13:00Z,1.59,N20,n,N,VIIRS_NOAA20_NRT,1
63.2276,-110.0395,2026-07-30T02:13:00Z,14.11,Terra,0,D,MODIS_NRT,1
62.7121,-106.1519,2026-07-30T02:13:00Z,23.0,Terra,0,D,MODIS_NRT,1
62.707,-106.176,2026-07-30T02:13:00Z,25.52,Terra,49,D,MODIS_NRT,1
62.6427,-106.2236,2026-07-30T02:13:00Z,38.01,Terra,63,D,MODIS_NRT,1
62.6396,-106.2256,2026-07-30T02:13:00Z,31.31,Terra,68,D,MODIS_NRT,1
58.6843,17.1306,2026-07-30T02:13:00Z,1.94,N20,n,N,VIIRS_NOAA20_NRT,1
50.423,18.153,2026-07-30T02:13:00Z,1.81,N20,n,N,VIIRS_NOAA20_NRT,1
50.3396,19.2922,2026-07-30T02:13:00Z,1.35,N20,n,N,VIIRS_NOAA20_NRT,1
49.6878,18.663,2026-07-30T02:13:00Z,6.27,N20,n,N,VIIRS_NOAA20_NRT,1
49.3196,6.1502,2026-07-30T02:13:00Z,0.61,N20,n,N,VIIRS_NOAA20_NRT,1
48.6077,21.185,2026-07-30T02:13:00Z,2.08,N20,n,N,VIIRS_NOAA20_NRT,1
48.6088,21.1934,2026-07-30T02:13:00Z,3.25,N20,n,N,VIIRS_NOAA20_NRT,1
48.6114,21.1756,2026-07-30T02:13:00Z,2.08,N20,n,N,VIIRS_NOAA20_NRT,1
48.6916,6.9686,2026-07-30T02:13:00Z,1.18,N20,n,N,VIIRS_NOAA20_NRT,1
49.0278,2.4068,2026-07-30T02:13:00Z,0.46,N20,n,N,VIIRS_NOAA20_NRT,1
49.2471,6.8531,2026-07-30T02:13:00Z,1.04,N20,n,N,VIIRS_NOAA20_NRT,1
49.3191,6.1502,2026-07-30T02:13:00Z,0.87,N20,n,N,VIIRS_NOAA20_NRT,1
49.3474,6.7425,2026-07-30T02:13:00Z,1.27,N20,n,N,VIIRS_NOAA20_NRT,1
49.6838,18.6638,2026-07-30T02:13:00Z,4.11,N20,n,N,VIIRS_NOAA20_NRT,1
49.4654,6.007,2026-07-30T02:13:00Z,0.93,N20,n,N,VIIRS_NOAA20_NRT,1
49.4678,6.009,2026-07-30T02:13:00Z,1.67,N20,n,N,VIIRS_NOAA20_NRT,1
49.4765,0.5339,2026-07-30T02:13:00Z,1.4,N20,n,N,VIIRS_NOAA20_NRT,1
52.4971,4.6125,2026-07-30T02:13:00Z,2.29,N20,n,N,VIIRS_NOAA20_NRT,1
49.5288,8.4206,2026-07-30T02:13:00Z,4.16,N20,n,N,VIIRS_NOAA20_NRT,1
49.6782,18.6589,2026-07-30T02:13:00Z,4.11,N20,n,N,VIIRS_NOAA20_NRT,1
49.6796,18.6654,2026-07-30T02:13:00Z,5.07,N20,n,N,VIIRS_NOAA20_NRT,1
52.4772,4.5817,2026-07-30T02:13:00Z,0.47,N20,n,N,VIIRS_NOAA20_NRT,1
52.6417,-8.6889,2026-07-30T02:13:00Z,1.14,N20,n,N,VIIRS_NOAA20_NRT,1
52.4926,4.6168,2026-07-30T02:13:00Z,2.29,N20,n,N,VIIRS_NOAA20_NRT,1
51.366,6.7074,2026-07-30T02:13:00Z,6.23,N20,n,N,VIIRS_NOAA20_NRT,1
51.7902,0.5201,2026-07-30T02:13:00Z,1.31,N20,n,N,VIIRS_NOAA20_NRT,1
51.6812,15.9904,2026-07-30T02:13:00Z,1.49,N20,n,N,VIIRS_NOAA20_NRT,1
51.6196,8.5099,2026-07-30T02:13:00Z,0.83,N20,n,N,VIIRS_NOAA20_NRT,1
51.4967,6.7413,2026-07-30T02:13:00Z,4.9,N20,n,N,VIIRS_NOAA20_NRT,1
51.493,6.7393,2026-07-30T02:13:00Z,6.54,N20,n,N,VIIRS_NOAA20_NRT,1
51.4869,6.7118,2026-07-30T02:13:00Z,2.22,N20,n,N,VIIRS_NOAA20_NRT,1
51.4853,6.7189,2026-07-30T02:13:00Z,2.22,N20,n,N,VIIRS_NOAA20_NRT,1
51.4849,6.7027,2026-07-30T02:13:00Z,5.79,N20,n,N,VIIRS_NOAA20_NRT,1
51.4833,6.7097,2026-07-30T02:13:00Z,5.78,N20,n,N,VIIRS_NOAA20_NRT,1
51.4817,6.7169,2026-07-30T02:13:00Z,5.78,N20,n,N,VIIRS_NOAA20_NRT,1
51.4583,11.2078,2026-07-30T02:13:00Z,11.96,N20,n,N,VIIRS_NOAA20_NRT,1
51.3637,10.4831,2026-07-30T02:13:00Z,0.87,N20,n,N,VIIRS_NOAA20_NRT,1
52.484,4.5852,2026-07-30T02:13:00Z,1.92,N20,n,N,VIIRS_NOAA20_NRT,1
51.3637,10.4834,2026-07-30T02:13:00Z,1.02,N20,n,N,VIIRS_NOAA20_NRT,1
51.3243,8.8541,2026-07-30T02:13:00Z,0.79,N20,n,N,VIIRS_NOAA20_NRT,1
51.2981,7.0089,2026-07-30T02:13:00Z,1.18,N20,n,N,VIIRS_NOAA20_NRT,1
51.2717,11.6595,2026-07-30T02:13:00Z,1.37,N20,n,N,VIIRS_NOAA20_NRT,1
51.2697,11.6631,2026-07-30T02:13:00Z,0.56,N20,n,N,VIIRS_NOAA20_NRT,1
51.1772,3.8118,2026-07-30T02:13:00Z,2.55,N20,n,N,VIIRS_NOAA20_NRT,1
51.176,3.8178,2026-07-30T02:13:00Z,0.78,N20,n,N,VIIRS_NOAA20_NRT,1
51.175,3.8042,2026-07-30T02:13:00Z,3.4,N20,n,N,VIIRS_NOAA20_NRT,1
51.1738,3.8102,2026-07-30T02:13:00Z,3.4,N20,n,N,VIIRS_NOAA20_NRT,1
51.1727,3.8161,2026-07-30T02:13:00Z,2.6,N20,n,N,VIIRS_NOAA20_NRT,1
51.1716,3.8025,2026-07-30T02:13:00Z,3.4,N20,n,N,VIIRS_NOAA20_NRT,1
51.9445,4.1085,2026-07-30T02:13:00Z,1.51,N20,n,N,VIIRS_NOAA20_NRT,1
52.1504,10.4008,2026-07-30T02:13:00Z,6.74,N20,n,N,VIIRS_NOAA20_NRT,1
52.1544,10.4035,2026-07-30T02:13:00Z,6.74,N20,n,N,VIIRS_NOAA20_NRT,1
52.1568,10.4124,2026-07-30T02:13:00Z,2.85,N20,n,N,VIIRS_NOAA20_NRT,1
52.476,4.5878,2026-07-30T02:13:00Z,0.78,N20,n,N,VIIRS_NOAA20_NRT,1
52.4757,4.608,2026-07-30T02:13:00Z,2.39,N20,n,N,VIIRS_NOAA20_NRT,1
52.4745,4.6141,2026-07-30T02:13:00Z,1.34,N20,n,N,VIIRS_NOAA20_NRT,1
52.3527,9.8902,2026-07-30T02:13:00Z,0.81,N20,n,N,VIIRS_NOAA20_NRT,1
52.2662,1.6262,2026-07-30T02:13:00Z,0.91,N20,n,N,VIIRS_NOAA20_NRT,1
52.2639,1.6192,2026-07-30T02:13:00Z,0.65,N20,n,N,VIIRS_NOAA20_NRT,1
52.2616,1.6122,2026-07-30T02:13:00Z,37.28,N20,n,N,VIIRS_NOAA20_NRT,1
52.2606,1.6177,2026-07-30T02:13:00Z,37.28,N20,h,N,VIIRS_NOAA20_NRT,1
52.2597,1.6233,2026-07-30T02:13:00Z,82.3,N20,n,N,VIIRS_NOAA20_NRT,1
52.2584,1.6107,2026-07-30T02:13:00Z,37.28,N20,n,N,VIIRS_NOAA20_NRT,1
52.2574,1.6163,2026-07-30T02:13:00Z,37.28,N20,n,N,VIIRS_NOAA20_NRT,1
52.2564,1.6218,2026-07-30T02:13:00Z,82.3,N20,h,N,VIIRS_NOAA20_NRT,1
52.2551,1.6092,2026-07-30T02:13:00Z,4.39,N20,n,N,VIIRS_NOAA20_NRT,1
52.2542,1.6148,2026-07-30T02:13:00Z,4.39,N20,n,N,VIIRS_NOAA20_NRT,1
52.2532,1.6203,2026-07-30T02:13:00Z,1.62,N20,n,N,VIIRS_NOAA20_NRT,1
52.1761,-1.082,2026-07-30T02:13:00Z,1.01,N20,n,N,VIIRS_NOAA20_NRT,1
52.1753,-1.0764,2026-07-30T02:13:00Z,0.91,N20,n,N,VIIRS_NOAA20_NRT,1
52.1736,14.6146,2026-07-30T02:13:00Z,1.64,N20,n,N,VIIRS_NOAA20_NRT,1
52.1733,7.8884,2026-07-30T02:13:00Z,1.0,N20,n,N,VIIRS_NOAA20_NRT,1
52.1657,10.4328,2026-07-30T02:13:00Z,0.58,N20,n,N,VIIRS_NOAA20_NRT,1
52.1608,10.4151,2026-07-30T02:13:00Z,2.85,N20,n,N,VIIRS_NOAA20_NRT,1
52.1599,10.4001,2026-07-30T02:13:00Z,2.07,N20,n,N,VIIRS_NOAA20_NRT,1
52.1584,10.4062,2026-07-30T02:13:00Z,2.07,N20,n,N,VIIRS_NOAA20_NRT,1
51.1705,3.8085,2026-07-30T02:13:00Z,3.4,N20,n,N,VIIRS_NOAA20_NRT,1
51.1693,3.8144,2026-07-30T02:13:00Z,2.6,N20,n,N,VIIRS_NOAA20_NRT,1
51.1671,3.8068,2026-07-30T02:13:00Z,3.64,N20,n,N,VIIRS_NOAA20_NRT,1
48.2648,14.3328,2026-07-30T02:13:00Z,1.77,N20,n,N,VIIRS_NOAA20_NRT,1
51.1661,3.8051,2026-07-30T02:13:00Z,1.68,N20,n,N,VIIRS_NOAA20_NRT,1
52.4828,4.5914,2026-07-30T02:13:00Z,5.31,N20,n,N,VIIRS_NOAA20_NRT,1
46.0696,13.6251,2026-07-30T02:13:00Z,0.65,N20,n,N,VIIRS_NOAA20_NRT,1
46.1802,12.7394,2026-07-30T02:13:00Z,0.57,N20,n,N,VIIRS_NOAA20_NRT,1
47.4695,12.6295,2026-07-30T02:13:00Z,0.84,N20,n,N,VIIRS_NOAA20_NRT,1
47.7093,12.4867,2026-07-30T02:13:00Z,3.05,N20,n,N,VIIRS_NOAA20_NRT,1
48.2638,14.3283,2026-07-30T02:13:00Z,2.55,N20,n,N,VIIRS_NOAA20_NRT,1
51.0459,2.3202,2026-07-30T02:13:00Z,8.85,N20,n,N,VIIRS_NOAA20_NRT,1
48.2665,14.3275,2026-07-30T02:13:00Z,2.12,N20,n,N,VIIRS_NOAA20_NRT,1
48.2707,14.3266,2026-07-30T02:13:00Z,2.37,N20,n,N,VIIRS_NOAA20_NRT,1
51.0467,2.2963,2026-07-30T02:13:00Z,6.31,N20,n,N,VIIRS_NOAA20_NRT,1
51.0492,2.3217,2026-07-30T02:13:00Z,1.27,N20,n,N,VIIRS_NOAA20_NRT,1
51.1659,3.8128,2026-07-30T02:13:00Z,4.5,N20,n,N,VIIRS_NOAA20_NRT,1
51.1594,3.8018,2026-07-30T02:13:00Z,1.37,N20,n,N,VIIRS_NOAA20_NRT,1
48.2681,14.3222,2026-07-30T02:13:00Z,2.12,N20,n,N,VIIRS_NOAA20_NRT,1
57.0625,9.9813,2026-07-30T02:11:00Z,1.34,N20,n,N,VIIRS_NOAA20_NRT,1
52.5877,19.6917,2026-07-30T02:11:00Z,3.57,N20,n,N,VIIRS_NOAA20_NRT,1
52.5886,19.7002,2026-07-30T02:11:00Z,4.52,N20,n,N,VIIRS_NOAA20_NRT,1
52.5908,19.6938,2026-07-30T02:11:00Z,3.7,N20,n,N,VIIRS_NOAA20_NRT,1
53.699,18.9226,2026-07-30T02:11:00Z,0.76,N20,n,N,VIIRS_NOAA20_NRT,1
58.3602,12.3743,2026-07-30T02:11:00Z,2.92,N20,n,N,VIIRS_NOAA20_NRT,1
57.0642,9.9737,2026-07-30T02:11:00Z,1.34,N20,n,N,VIIRS_NOAA20_NRT,1
60.3582,-4.0743,2026-07-30T02:11:00Z,1.11,N20,n,N,VIIRS_NOAA20_NRT,1
65.5626,22.2254,2026-07-30T02:11:00Z,5.49,N20,n,D,VIIRS_NOAA20_NRT,1
65.5633,22.2187,2026-07-30T02:11:00Z,6.54,N20,n,D,VIIRS_NOAA20_NRT,1
65.5654,22.215,2026-07-30T02:11:00Z,4.02,N20,n,D,VIIRS_NOAA20_NRT,1
52.5869,19.674,2026-07-30T02:11:00Z,1.39,N20,n,N,VIIRS_NOAA20_NRT,1
55.8922,-105.4406,2026-07-30T02:11:00Z,23.23,Terra,0,D,MODIS_NRT,1
52.5849,19.6712,2026-07-30T02:11:00Z,8.15,N20,n,N,VIIRS_NOAA20_NRT,1
52.5856,19.6888,2026-07-30T02:11:00Z,3.7,N20,n,N,VIIRS_NOAA20_NRT,1
52.2984,20.919,2026-07-30T02:11:00Z,0.84,N20,n,N,VIIRS_NOAA20_NRT,1
55.7252,-105.6537,2026-07-30T02:11:00Z,18.2,Terra,51,D,MODIS_NRT,1
55.5873,-103.4823,2026-07-30T02:11:00Z,14.49,Terra,0,D,MODIS_NRT,1
55.5796,-103.3494,2026-07-30T02:11:00Z,58.39,Terra,69,D,MODIS_NRT,1
55.5672,-103.3666,2026-07-30T02:11:00Z,18.73,Terra,29,D,MODIS_NRT,1
52.5855,19.6981,2026-07-30T02:11:00Z,3.57,N20,n,N,VIIRS_NOAA20_NRT,1
52.5847,19.6804,2026-07-30T02:11:00Z,1.39,N20,n,N,VIIRS_NOAA20_NRT,1
52.5795,19.6754,2026-07-30T02:11:00Z,4.66,N20,n,N,VIIRS_NOAA20_NRT,1
52.5817,19.669,2026-07-30T02:11:00Z,4.66,N20,n,N,VIIRS_NOAA20_NRT,1
52.5826,19.6776,2026-07-30T02:11:00Z,3.7,N20,n,N,VIIRS_NOAA20_NRT,1
52.5833,19.6952,2026-07-30T02:11:00Z,1.64,N20,n,N,VIIRS_NOAA20_NRT,1
19.4083,-155.2665,2026-07-30T02:09:00Z,112.9,Aqua,77,D,MODIS_NRT,1
47.1905,-96.2447,2026-07-30T02:09:00Z,12.12,Terra,76,N,MODIS_NRT,1
47.1932,-96.2521,2026-07-30T02:09:00Z,10.59,Terra,71,N,MODIS_NRT,1
48.2802,-97.6094,2026-07-30T02:09:00Z,23.46,Terra,89,N,MODIS_NRT,1
50.0191,-89.9419,2026-07-30T02:09:00Z,20.33,Terra,100,N,MODIS_NRT,1
50.0209,-89.9283,2026-07-30T02:09:00Z,15.86,Terra,97,N,MODIS_NRT,1
50.0296,-89.9311,2026-07-30T02:09:00Z,36.28,Terra,100,N,MODIS_NRT,1
4.6806,-3.5562,2026-07-30T02:09:00Z,1.27,N,n,N,VIIRS_SNPP_NRT,1
19.4086,-155.2614,2026-07-30T02:09:00Z,64.12,Aqua,69,D,MODIS_NRT,1
69.2656,57.2899,2026-07-30T02:06:00Z,3.48,N20,n,D,VIIRS_NOAA20_NRT,1
68.6589,57.7028,2026-07-30T02:06:00Z,3.36,N20,n,D,VIIRS_NOAA20_NRT,1
67.8378,58.9394,2026-07-30T02:06:00Z,3.24,N20,n,D,VIIRS_NOAA20_NRT,1
12.5733,-7.9469,2026-07-30T02:06:00Z,2.19,N,n,N,VIIRS_SNPP_NRT,1
13.5447,-14.7466,2026-07-30T02:06:00Z,0.5,N,n,N,VIIRS_SNPP_NRT,1
39.355,-88.3427,2026-07-30T02:06:00Z,18.16,Terra,99,N,MODIS_NRT,1
9.463,7.3662,2026-07-30T02:06:00Z,1.32,N,n,N,VIIRS_SNPP_NRT,1
41.5695,-84.0558,2026-07-30T02:06:00Z,8.23,Terra,48,N,MODIS_NRT,1
41.4595,-81.6728,2026-07-30T02:06:00Z,11.06,Terra,63,N,MODIS_NRT,1
41.174,-90.0365,2026-07-30T02:06:00Z,6.82,Terra,55,N,MODIS_NRT,1
41.1204,-85.3506,2026-07-30T02:06:00Z,7.29,Terra,54,N,MODIS_NRT,1
39.9766,-86.8348,2026-07-30T02:06:00Z,12.09,Terra,84,N,MODIS_NRT,1
39.3532,-88.3541,2026-07-30T02:06:00Z,10.41,Terra,80,N,MODIS_NRT,1
42.8043,-80.1047,2026-07-30T02:06:00Z,23.38,Terra,66,N,MODIS_NRT,1
38.6921,-90.1329,2026-07-30T02:06:00Z,8.16,Terra,77,N,MODIS_NRT,1
36.3525,-97.6466,2026-07-30T02:06:00Z,78.84,Terra,22,N,MODIS_NRT,1
36.3469,-97.6498,2026-07-30T02:06:00Z,314.92,Terra,100,N,MODIS_NRT,1
36.3374,-97.6408,2026-07-30T02:06:00Z,307.49,Terra,100,N,MODIS_NRT,1
14.6684,-17.0102,2026-07-30T02:06:00Z,1.09,N,n,N,VIIRS_SNPP_NRT,1
14.6653,-17.0133,2026-07-30T02:06:00Z,1.3,N,n,N,VIIRS_SNPP_NRT,1
41.6427,-87.4104,2026-07-30T02:06:00Z,4.88,Terra,56,N,MODIS_NRT,1
41.5711,-84.0413,2026-07-30T02:06:00Z,6.87,Terra,31,N,MODIS_NRT,1
12.5739,-7.9508,2026-07-30T02:06:00Z,0.82,N,n,N,VIIRS_SNPP_NRT,1
68.0642,83.3917,2026-07-30T02:04:00Z,9.53,N20,n,D,VIIRS_NOAA20_NRT,1
68.0579,83.3694,2026-07-30T02:04:00Z,9.12,N20,n,D,VIIRS_NOAA20_NRT,1
68.0574,83.3722,2026-07-30T02:04:00Z,9.53,N20,n,D,VIIRS_NOAA20_NRT,1
26.3247,-80.7834,2026-07-30T02:04:00Z,11.9,Terra,78,N,MODIS_NRT,1
33.0252,-85.8627,2026-07-30T02:04:00Z,4.15,Terra,64,N,MODIS_NRT,1
33.072,-87.5351,2026-07-30T02:04:00Z,5.85,Terra,69,N,MODIS_NRT,1
33.716,-88.7884,2026-07-30T02:04:00Z,13.69,Terra,89,N,MODIS_NRT,1
33.7181,-88.7758,2026-07-30T02:04:00Z,8.87,Terra,78,N,MODIS_NRT,1
34.6405,-87.0902,2026-07-30T02:04:00Z,6.09,Terra,72,N,MODIS_NRT,1
67.8744,84.2862,2026-07-30T02:04:00Z,11.14,N20,n,D,VIIRS_NOAA20_NRT,1
71.2594,72.0701,2026-07-30T02:04:00Z,6.73,N20,n,D,VIIRS_NOAA20_NRT,1
71.2555,72.072,2026-07-30T02:04:00Z,6.51,N20,n,D,VIIRS_NOAA20_NRT,1
68.0645,83.4269,2026-07-30T02:04:00Z,9.2,N20,n,D,VIIRS_NOAA20_NRT,1
68.0646,83.408,2026-07-30T02:04:00Z,11.34,N20,n,D,VIIRS_NOAA20_NRT,1
68.0648,83.389,2026-07-30T02:04:00Z,11.34,N20,n,D,VIIRS_NOAA20_NRT,1
68.0649,83.3701,2026-07-30T02:04:00Z,9.12,N20,n,D,VIIRS_NOAA20_NRT,1
68.1092,84.808,2026-07-30T02:04:00Z,6.9,N20,n,D,VIIRS_NOAA20_NRT,1
68.1098,84.8086,2026-07-30T02:04:00Z,6.76,N20,n,D,VIIRS_NOAA20_NRT,1
68.4101,83.6308,2026-07-30T02:04:00Z,6.32,N20,n,D,VIIRS_NOAA20_NRT,1
68.4122,83.6354,2026-07-30T02:04:00Z,4.5,N20,n,D,VIIRS_NOAA20_NRT,1
68.5257,79.96,2026-07-30T02:04:00Z,16.15,N20,h,D,VIIRS_NOAA20_NRT,1
68.0643,83.3728,2026-07-30T02:04:00Z,9.53,N20,n,D,VIIRS_NOAA20_NRT,1
68.0638,83.4296,2026-07-30T02:04:00Z,10.96,N20,n,D,VIIRS_NOAA20_NRT,1
68.0639,83.4106,2026-07-30T02:04:00Z,10.96,N20,n,D,VIIRS_NOAA20_NRT,1
28.6378,9.7853,2026-07-30T02:02:00Z,1.72,N,n,N,VIIRS_SNPP_NRT,1
28.0784,9.7869,2026-07-30T02:02:00Z,3.95,N,n,N,VIIRS_SNPP_NRT,1
27.7348,9.1793,2026-07-30T02:02:00Z,2.96,N,n,N,VIIRS_SNPP_NRT,1
27.7725,7.8464,2026-07-30T02:02:00Z,1.35,N,n,N,VIIRS_SNPP_NRT,1
27.891,-0.4261,2026-07-30T02:02:00Z,1.57,N,n,N,VIIRS_SNPP_NRT,1
27.9266,9.1059,2026-07-30T02:02:00Z,1.02,N,n,N,VIIRS_SNPP_NRT,1
27.9293,8.373,2026-07-30T02:02:00Z,2.69,N,n,N,VIIRS_SNPP_NRT,1
28.1901,9.8057,2026-07-30T02:02:00Z,1.42,N,n,N,VIIRS_SNPP_NRT,1
27.7026,9.1728,2026-07-30T02:02:00Z,1.12,N,n,N,VIIRS_SNPP_NRT,1
28.1924,9.8036,2026-07-30T02:02:00Z,0.97,N,n,N,VIIRS_SNPP_NRT,1
28.198,-0.5165,2026-07-30T02:02:00Z,1.81,N,n,N,VIIRS_SNPP_NRT,1
28.2013,-0.5158,2026-07-30T02:02:00Z,1.81,N,n,N,VIIRS_SNPP_NRT,1
28.451,9.1362,2026-07-30T02:02:00Z,2.72,N,n,N,VIIRS_SNPP_NRT,1
28.5248,9.1224,2026-07-30T02:02:00Z,1.7,N,n,N,VIIRS_SNPP_NRT,1
28.5257,9.1185,2026-07-30T02:02:00Z,1.7,N,n,N,VIIRS_SNPP_NRT,1
27.7262,9.8806,2026-07-30T02:02:00Z,0.78,N,n,N,VIIRS_SNPP_NRT,1
27.7014,9.1726,2026-07-30T02:02:00Z,1.11,N,n,N,VIIRS_SNPP_NRT,1
28.5608,7.4653,2026-07-30T02:02:00Z,2.44,N,n,N,VIIRS_SNPP_NRT,1
27.5272,9.626,2026-07-30T02:02:00Z,1.29,N,n,N,VIIRS_SNPP_NRT,1
26.7596,12.4111,2026-07-30T02:02:00Z,5.08,N,n,N,VIIRS_SNPP_NRT,1
26.7579,12.4177,2026-07-30T02:02:00Z,5.08,N,n,N,VIIRS_SNPP_NRT,1
26.756,12.4099,2026-07-30T02:02:00Z,21.14,N,h,N,VIIRS_SNPP_NRT,1
26.7543,12.4163,2026-07-30T02:02:00Z,9.86,N,n,N,VIIRS_SNPP_NRT,1
26.7531,12.409,2026-07-30T02:02:00Z,5.08,N,n,N,VIIRS_SNPP_NRT,1
26.7514,12.4154,2026-07-30T02:02:00Z,5.08,N,n,N,VIIRS_SNPP_NRT,1
26.6998,12.4478,2026-07-30T02:02:00Z,2.35,N,n,N,VIIRS_SNPP_NRT,1
69.004,108.4762,2026-07-30T02:02:00Z,3.52,N20,n,D,VIIRS_NOAA20_NRT,1
69.3954,108.7655,2026-07-30T02:02:00Z,5.25,N20,n,D,VIIRS_NOAA20_NRT,1
69.3979,108.7509,2026-07-30T02:02:00Z,5.25,N20,n,D,VIIRS_NOAA20_NRT,1
26.698,12.4544,2026-07-30T02:02:00Z,2.35,N,n,N,VIIRS_SNPP_NRT,1
26.5796,12.2104,2026-07-30T02:02:00Z,2.99,N,n,N,VIIRS_SNPP_NRT,1
26.5767,12.2091,2026-07-30T02:02:00Z,4.96,N,n,N,VIIRS_SNPP_NRT,1
28.56,7.4635,2026-07-30T02:02:00Z,5.54,N,n,N,VIIRS_SNPP_NRT,1
28.5622,7.4592,2026-07-30T02:02:00Z,2.78,N,n,N,VIIRS_SNPP_NRT,1
28.6389,9.7811,2026-07-30T02:02:00Z,1.2,N,n,N,VIIRS_SNPP_NRT,1
28.7373,9.7902,2026-07-30T02:02:00Z,2.51,N,n,N,VIIRS_SNPP_NRT,1
28.6345,9.7867,2026-07-30T02:02:00Z,2.42,N,n,N,VIIRS_SNPP_NRT,1
28.6354,7.6142,2026-07-30T02:02:00Z,1.43,N,n,N,VIIRS_SNPP_NRT,1
26.4344,11.851,2026-07-30T02:02:00Z,2.32,N,n,N,VIIRS_SNPP_NRT,1
28.6356,9.7825,2026-07-30T02:02:00Z,2.78,N,n,N,VIIRS_SNPP_NRT,1
28.6364,7.6147,2026-07-30T02:02:00Z,1.49,N,n,N,VIIRS_SNPP_NRT,1
29.3948,0.7175,2026-07-30T02:02:00Z,3.83,N,n,N,VIIRS_SNPP_NRT,1
28.7323,9.1504,2026-07-30T02:02:00Z,1.09,N,n,N,VIIRS_SNPP_NRT,1
28.5988,7.2564,2026-07-30T02:02:00Z,6.14,N,n,N,VIIRS_SNPP_NRT,1
28.7164,8.9474,2026-07-30T02:02:00Z,1.0,N,n,N,VIIRS_SNPP_NRT,1
28.6843,7.1928,2026-07-30T02:02:00Z,10.37,N,n,N,VIIRS_SNPP_NRT,1
28.6749,9.3846,2026-07-30T02:02:00Z,0.59,N,n,N,VIIRS_SNPP_NRT,1
28.6695,9.3829,2026-07-30T02:02:00Z,0.57,N,n,N,VIIRS_SNPP_NRT,1
28.6622,7.9118,2026-07-30T02:02:00Z,0.97,N,n,N,VIIRS_SNPP_NRT,1
28.6609,7.911,2026-07-30T02:02:00Z,1.21,N,n,N,VIIRS_SNPP_NRT,1
19.3722,-88.8639,2026-07-30T02:02:00Z,12.83,Terra,53,N,MODIS_NRT,1
20.355,-76.756,2026-07-30T02:02:00Z,33.32,Terra,95,N,MODIS_NRT,1
20.6064,-76.4448,2026-07-30T02:02:00Z,26.85,Terra,87,N,MODIS_NRT,1
20.6083,-76.4267,2026-07-30T02:02:00Z,17.62,Terra,73,N,MODIS_NRT,1
21.4885,-77.8736,2026-07-30T02:02:00Z,6.62,Terra,41,N,MODIS_NRT,1
21.5013,-78.0863,2026-07-30T02:02:00Z,6.72,Terra,41,N,MODIS_NRT,1
22.1956,-78.7944,2026-07-30T02:02:00Z,8.2,Terra,57,N,MODIS_NRT,1
22.6164,-79.6344,2026-07-30T02:02:00Z,9.74,Terra,77,N,MODIS_NRT,1
22.6332,-83.133,2026-07-30T02:02:00Z,10.14,Terra,83,N,MODIS_NRT,1
22.6927,-80.0853,2026-07-30T02:02:00Z,16.94,Terra,95,N,MODIS_NRT,1
22.6966,-80.0917,2026-07-30T02:02:00Z,24.04,Terra,100,N,MODIS_NRT,1
22.6979,-80.0805,2026-07-30T02:02:00Z,13.69,Terra,87,N,MODIS_NRT,1
22.725,-79.8228,2026-07-30T02:02:00Z,7.76,Terra,55,N,MODIS_NRT,1
28.6068,7.5122,2026-07-30T02:02:00Z,1.37,N,n,N,VIIRS_SNPP_NRT,1
28.6035,7.2578,2026-07-30T02:02:00Z,6.14,N,n,N,VIIRS_SNPP_NRT,1
28.6014,7.2555,2026-07-30T02:02:00Z,8.11,N,n,N,VIIRS_SNPP_NRT,1
28.6001,7.2615,2026-07-30T02:02:00Z,6.36,N,n,N,VIIRS_SNPP_NRT,1
26.0304,11.9767,2026-07-30T02:02:00Z,1.82,N,n,N,VIIRS_SNPP_NRT,1
31.8481,5.0556,2026-07-30T02:00:00Z,1.16,N,n,N,VIIRS_SNPP_NRT,1
66.5307,117.8612,2026-07-30T02:00:00Z,2.78,N20,n,D,VIIRS_NOAA20_NRT,1
35.5611,-5.7797,2026-07-30T02:00:00Z,1.96,N,n,N,VIIRS_SNPP_NRT,1
35.71,4.4752,2026-07-30T02:00:00Z,2.61,N,n,N,VIIRS_SNPP_NRT,1
35.7847,0.541,2026-07-30T02:00:00Z,1.88,N,n,N,VIIRS_SNPP_NRT,1
35.867,6.0255,2026-07-30T02:00:00Z,2.77,N,n,N,VIIRS_SNPP_NRT,1
35.8775,4.4485,2026-07-30T02:00:00Z,2.48,N,n,N,VIIRS_SNPP_NRT,1
36.1265,1.2434,2026-07-30T02:00:00Z,1.41,N,n,N,VIIRS_SNPP_NRT,1
36.1305,1.24,2026-07-30T02:00:00Z,1.46,N,n,N,VIIRS_SNPP_NRT,1
36.1403,2.929,2026-07-30T02:00:00Z,1.47,N,n,N,VIIRS_SNPP_NRT,1
36.1809,3.7482,2026-07-30T02:00:00Z,0.71,N,n,N,VIIRS_SNPP_NRT,1
36.2002,3.8602,2026-07-30T02:00:00Z,0.95,N,n,N,VIIRS_SNPP_NRT,1
36.5968,2.8809,2026-07-30T02:00:00Z,0.98,N,n,N,VIIRS_SNPP_NRT,1
36.5969,3.1361,2026-07-30T02:00:00Z,1.35,N,n,N,VIIRS_SNPP_NRT,1
36.5976,2.8764,2026-07-30T02:00:00Z,1.24,N,n,N,VIIRS_SNPP_NRT,1
36.6003,3.1371,2026-07-30T02:00:00Z,1.12,N,n,N,VIIRS_SNPP_NRT,1
36.9673,-1.9059,2026-07-30T02:00:00Z,1.09,N,n,N,VIIRS_SNPP_NRT,1
36.9987,-3.5159,2026-07-30T02:00:00Z,1.29,N,n,N,VIIRS_SNPP_NRT,1
36.9994,-3.5211,2026-07-30T02:00:00Z,1.29,N,n,N,VIIRS_SNPP_NRT,1
37.003,-3.5201,2026-07-30T02:00:00Z,1.24,N,n,N,VIIRS_SNPP_NRT,1
31.8355,5.968,2026-07-30T02:00:00Z,8.08,N,n,N,VIIRS_SNPP_NRT,1
31.8082,5.9933,2026-07-30T02:00:00Z,2.36,N,n,N,VIIRS_SNPP_NRT,1
31.7989,6.0579,2026-07-30T02:00:00Z,1.19,N,n,N,VIIRS_SNPP_NRT,1
31.7886,6.0645,2026-07-30T02:00:00Z,0.88,N,n,N,VIIRS_SNPP_NRT,1
31.7486,5.2271,2026-07-30T02:00:00Z,1.1,N,n,N,VIIRS_SNPP_NRT,1
31.7062,6.2609,2026-07-30T02:00:00Z,0.93,N,n,N,VIIRS_SNPP_NRT,1
35.5676,-0.938,2026-07-30T02:00:00Z,0.89,N,n,N,VIIRS_SNPP_NRT,1
35.5571,-5.7806,2026-07-30T02:00:00Z,1.96,N,n,N,VIIRS_SNPP_NRT,1
31.6675,6.056,2026-07-30T02:00:00Z,5.1,N,n,N,VIIRS_SNPP_NRT,1
35.3507,5.7604,2026-07-30T02:00:00Z,2.25,N,n,N,VIIRS_SNPP_NRT,1
32.9353,3.2324,2026-07-30T02:00:00Z,2.12,N,n,N,VIIRS_SNPP_NRT,1
32.9433,3.2295,2026-07-30T02:00:00Z,1.56,N,n,N,VIIRS_SNPP_NRT,1
32.9449,3.2266,2026-07-30T02:00:00Z,2.07,N,n,N,VIIRS_SNPP_NRT,1
32.9469,3.2304,2026-07-30T02:00:00Z,1.56,N,n,N,VIIRS_SNPP_NRT,1
32.9485,3.2275,2026-07-30T02:00:00Z,2.74,N,n,N,VIIRS_SNPP_NRT,1
33.127,3.3179,2026-07-30T02:00:00Z,1.85,N,n,N,VIIRS_SNPP_NRT,1
33.1365,3.3667,2026-07-30T02:00:00Z,2.56,N,n,N,VIIRS_SNPP_NRT,1
33.1369,3.3684,2026-07-30T02:00:00Z,2.61,N,n,N,VIIRS_SNPP_NRT,1
33.141,3.3627,2026-07-30T02:00:00Z,1.32,N,n,N,VIIRS_SNPP_NRT,1
33.1414,3.3645,2026-07-30T02:00:00Z,1.17,N,n,N,VIIRS_SNPP_NRT,1
33.3641,8.547,2026-07-30T02:00:00Z,2.24,N,n,N,VIIRS_SNPP_NRT,1
33.3649,8.5477,2026-07-30T02:00:00Z,1.36,N,n,N,VIIRS_SNPP_NRT,1
33.8895,12.606,2026-07-30T02:00:00Z,3.93,N,n,N,VIIRS_SNPP_NRT,1
33.9265,10.0803,2026-07-30T02:00:00Z,1.93,N,n,N,VIIRS_SNPP_NRT,1
34.5016,6.9824,2026-07-30T02:00:00Z,1.33,N,n,N,VIIRS_SNPP_NRT,1
34.5971,-2.3468,2026-07-30T02:00:00Z,1.24,N,n,N,VIIRS_SNPP_NRT,1
34.9808,5.7176,2026-07-30T02:00:00Z,4.16,N,n,N,VIIRS_SNPP_NRT,1
34.9808,5.7168,2026-07-30T02:00:00Z,5.05,N,n,N,VIIRS_SNPP_NRT,1
35.0973,5.6455,2026-07-30T02:00:00Z,2.56,N,n,N,VIIRS_SNPP_NRT,1
35.2322,8.1736,2026-07-30T02:00:00Z,1.11,N,n,N,VIIRS_SNPP_NRT,1
35.338,1.358,2026-07-30T02:00:00Z,0.73,N,n,N,VIIRS_SNPP_NRT,1
35.3387,1.3538,2026-07-30T02:00:00Z,0.73,N,n,N,VIIRS_SNPP_NRT,1
35.3469,5.7591,2026-07-30T02:00:00Z,2.25,N,n,N,VIIRS_SNPP_NRT,1
31.6778,6.0493,2026-07-30T02:00:00Z,2.01,N,n,N,VIIRS_SNPP_NRT,1
31.6643,6.0502,2026-07-30T02:00:00Z,5.1,N,n,N,VIIRS_SNPP_NRT,1
32.9318,3.2315,2026-07-30T02:00:00Z,1.96,N,n,N,VIIRS_SNPP_NRT,1
30.3739,7.0083,2026-07-30T02:00:00Z,1.76,N,n,N,VIIRS_SNPP_NRT,1
29.7029,6.7142,2026-07-30T02:00:00Z,2.42,N,n,N,VIIRS_SNPP_NRT,1
29.6996,6.7076,2026-07-30T02:00:00Z,2.55,N,n,N,VIIRS_SNPP_NRT,1
29.6994,6.7104,2026-07-30T02:00:00Z,4.02,N,n,N,VIIRS_SNPP_NRT,1
29.6984,6.7129,2026-07-30T02:00:00Z,2.55,N,n,N,VIIRS_SNPP_NRT,1
29.6982,6.7158,2026-07-30T02:00:00Z,4.02,N,n,N,VIIRS_SNPP_NRT,1
29.6972,6.6984,2026-07-30T02:00:00Z,2.97,N,n,N,VIIRS_SNPP_NRT,1
29.6963,6.7009,2026-07-30T02:00:00Z,3.39,N,n,N,VIIRS_SNPP_NRT,1
29.696,6.7038,2026-07-30T02:00:00Z,2.97,N,n,N,VIIRS_SNPP_NRT,1
29.6951,6.7062,2026-07-30T02:00:00Z,2.55,N,n,N,VIIRS_SNPP_NRT,1
29.6948,6.7091,2026-07-30T02:00:00Z,2.76,N,n,N,VIIRS_SNPP_NRT,1
29.687,6.7011,2026-07-30T02:00:00Z,2.47,N,n,N,VIIRS_SNPP_NRT,1
29.6721,6.7251,2026-07-30T02:00:00Z,1.39,N,n,N,VIIRS_SNPP_NRT,1
29.6676,6.7238,2026-07-30T02:00:00Z,1.39,N,n,N,VIIRS_SNPP_NRT,1
29.1094,9.6672,2026-07-30T02:00:00Z,0.71,N,n,N,VIIRS_SNPP_NRT,1
28.9754,10.0424,2026-07-30T02:00:00Z,0.57,N,n,N,VIIRS_SNPP_NRT,1
28.9372,10.016,2026-07-30T02:00:00Z,0.48,N,n,N,VIIRS_SNPP_NRT,1
28.9346,10.0149,2026-07-30T02:00:00Z,0.36,N,n,N,VIIRS_SNPP_NRT,1
28.921,9.7465,2026-07-30T02:00:00Z,2.92,N,n,N,VIIRS_SNPP_NRT,1
28.9155,9.7448,2026-07-30T02:00:00Z,2.92,N,n,N,VIIRS_SNPP_NRT,1
28.9145,9.7489,2026-07-30T02:00:00Z,2.92,N,n,N,VIIRS_SNPP_NRT,1
28.8673,9.9376,2026-07-30T02:00:00Z,0.5,N,n,N,VIIRS_SNPP_NRT,1
28.8182,9.91,2026-07-30T02:00:00Z,1.08,N,n,N,VIIRS_SNPP_NRT,1
66.506,117.8906,2026-07-30T02:00:00Z,6.11,N20,n,D,VIIRS_NOAA20_NRT,1
30.2548,8.0846,2026-07-30T02:00:00Z,2.15,N,n,N,VIIRS_SNPP_NRT,1
30.3785,7.0096,2026-07-30T02:00:00Z,1.76,N,n,N,VIIRS_SNPP_NRT,1
31.6634,6.0548,2026-07-30T02:00:00Z,5.1,N,n,N,VIIRS_SNPP_NRT,1
30.6653,8.102,2026-07-30T02:00:00Z,2.16,N,n,N,VIIRS_SNPP_NRT,1
31.6614,6.0639,2026-07-30T02:00:00Z,3.16,N,n,N,VIIRS_SNPP_NRT,1
31.5911,5.9592,2026-07-30T02:00:00Z,2.69,N,n,N,VIIRS_SNPP_NRT,1
31.5838,5.9522,2026-07-30T02:00:00Z,1.26,N,n,N,VIIRS_SNPP_NRT,1
31.4041,5.9723,2026-07-30T02:00:00Z,1.33,N,n,N,VIIRS_SNPP_NRT,1
31.3996,12.143,2026-07-30T02:00:00Z,1.17,N,n,N,VIIRS_SNPP_NRT,1
31.399,6.9328,2026-07-30T02:00:00Z,1.07,N,n,N,VIIRS_SNPP_NRT,1
31.3946,6.9315,2026-07-30T02:00:00Z,3.45,N,n,N,VIIRS_SNPP_NRT,1
31.3657,6.0487,2026-07-30T02:00:00Z,3.81,N,n,N,VIIRS_SNPP_NRT,1
31.3615,6.0474,2026-07-30T02:00:00Z,3.81,N,n,N,VIIRS_SNPP_NRT,1
31.3605,6.0521,2026-07-30T02:00:00Z,3.81,N,n,N,VIIRS_SNPP_NRT,1
31.3232,7.9644,2026-07-30T02:00:00Z,0.94,N,n,N,VIIRS_SNPP_NRT,1
31.3188,11.8048,2026-07-30T02:00:00Z,3.29,N,n,N,VIIRS_SNPP_NRT,1
31.3173,11.8032,2026-07-30T02:00:00Z,4.12,N,n,N,VIIRS_SNPP_NRT,1
31.2347,8.5622,2026-07-30T02:00:00Z,6.41,N,n,N,VIIRS_SNPP_NRT,1
31.1872,6.7891,2026-07-30T02:00:00Z,1.8,N,n,N,VIIRS_SNPP_NRT,1
31.0577,8.0329,2026-07-30T02:00:00Z,4.86,N,n,N,VIIRS_SNPP_NRT,1
31.0563,8.0326,2026-07-30T02:00:00Z,3.8,N,n,N,VIIRS_SNPP_NRT,1
31.0154,8.1627,2026-07-30T02:00:00Z,2.11,N,n,N,VIIRS_SNPP_NRT,1
31.0129,8.1618,2026-07-30T02:00:00Z,3.39,N,n,N,VIIRS_SNPP_NRT,1
30.8975,5.5838,2026-07-30T02:00:00Z,3.2,N,n,N,VIIRS_SNPP_NRT,1
30.8761,5.6435,2026-07-30T02:00:00Z,4.24,N,n,N,VIIRS_SNPP_NRT,1
30.8283,8.0291,2026-07-30T02:00:00Z,4.73,N,n,N,VIIRS_SNPP_NRT,1
30.826,8.0303,2026-07-30T02:00:00Z,3.84,N,n,N,VIIRS_SNPP_NRT,1
32.9336,3.2218,2026-07-30T02:00:00Z,1.62,N,n,N,VIIRS_SNPP_NRT,1
31.6624,6.0594,2026-07-30T02:00:00Z,3.16,N,n,N,VIIRS_SNPP_NRT,1
32.9308,3.2363,2026-07-30T02:00:00Z,1.58,N,n,N,VIIRS_SNPP_NRT,1
66.0524,117.8843,2026-07-30T02:00:00Z,12.49,N20,n,D,VIIRS_NOAA20_NRT,1
66.0113,117.8112,2026-07-30T02:00:00Z,14.91,N20,n,D,VIIRS_NOAA20_NRT,1
66.0112,117.8061,2026-07-30T02:00:00Z,22.11,N20,l,D,VIIRS_NOAA20_NRT,1
66.0078,117.8235,2026-07-30T02:00:00Z,14.91,N20,n,D,VIIRS_NOAA20_NRT,1
66.0077,117.8185,2026-07-30T02:00:00Z,10.72,N20,h,D,VIIRS_NOAA20_NRT,1
66.0076,117.8046,2026-07-30T02:00:00Z,14.91,N20,n,D,VIIRS_NOAA20_NRT,1
66.0076,117.7997,2026-07-30T02:00:00Z,22.11,N20,n,D,VIIRS_NOAA20_NRT,1
66.004,117.8168,2026-07-30T02:00:00Z,14.91,N20,n,D,VIIRS_NOAA20_NRT,1
66.004,117.812,2026-07-30T02:00:00Z,10.72,N20,n,D,VIIRS_NOAA20_NRT,1
66.004,117.7981,2026-07-30T02:00:00Z,17.43,N20,n,D,VIIRS_NOAA20_NRT,1
66.0039,117.7933,2026-07-30T02:00:00Z,9.64,N20,n,D,VIIRS_NOAA20_NRT,1
66.0002,117.81,2026-07-30T02:00:00Z,17.43,N20,n,D,VIIRS_NOAA20_NRT,1
66.0001,117.8053,2026-07-30T02:00:00Z,13.33,N20,n,D,VIIRS_NOAA20_NRT,1
65.9964,117.822,2026-07-30T02:00:00Z,12.4,N20,n,D,VIIRS_NOAA20_NRT,1
65.9964,117.8033,2026-07-30T02:00:00Z,17.43,N20,l,D,VIIRS_NOAA20_NRT,1
65.9964,117.7986,2026-07-30T02:00:00Z,13.33,N20,l,D,VIIRS_NOAA20_NRT,1
65.9963,117.8172,2026-07-30T02:00:00Z,13.33,N20,n,D,VIIRS_NOAA20_NRT,1
65.9926,117.7966,2026-07-30T02:00:00Z,25.13,N20,n,D,VIIRS_NOAA20_NRT,1
65.9926,117.8292,2026-07-30T02:00:00Z,12.81,N20,n,D,VIIRS_NOAA20_NRT,1
65.9926,117.8152,2026-07-30T02:00:00Z,12.4,N20,n,D,VIIRS_NOAA20_NRT,1
65.9926,117.792,2026-07-30T02:00:00Z,9.58,N20,n,D,VIIRS_NOAA20_NRT,1
65.9925,117.8105,2026-07-30T02:00:00Z,13.33,N20,n,D,VIIRS_NOAA20_NRT,1
65.9889,117.8086,2026-07-30T02:00:00Z,9.1,N20,n,D,VIIRS_NOAA20_NRT,1
65.9889,117.8272,2026-07-30T02:00:00Z,12.4,N20,h,D,VIIRS_NOAA20_NRT,1
66.0487,117.8779,2026-07-30T02:00:00Z,14.55,N20,n,D,VIIRS_NOAA20_NRT,1
66.0525,117.8786,2026-07-30T02:00:00Z,10.05,N20,n,D,VIIRS_NOAA20_NRT,1
65.9887,117.8224,2026-07-30T02:00:00Z,12.81,N20,n,D,VIIRS_NOAA20_NRT,1
66.1078,117.414,2026-07-30T02:00:00Z,6.61,N20,n,D,VIIRS_NOAA20_NRT,1
66.506,117.8721,2026-07-30T02:00:00Z,9.55,N20,n,D,VIIRS_NOAA20_NRT,1
32.8195,12.9716,2026-07-30T02:00:00Z,1.63,N,n,N,VIIRS_SNPP_NRT,1
66.4953,117.8528,2026-07-30T02:00:00Z,2.45,N20,n,D,VIIRS_NOAA20_NRT,1
66.4881,117.6062,2026-07-30T02:00:00Z,5.19,N20,n,D,VIIRS_NOAA20_NRT,1
66.4739,117.5994,2026-07-30T02:00:00Z,5.27,N20,n,D,VIIRS_NOAA20_NRT,1
66.456,117.6046,2026-07-30T02:00:00Z,6.27,N20,n,D,VIIRS_NOAA20_NRT,1
66.4557,117.6149,2026-07-30T02:00:00Z,5.52,N20,n,D,VIIRS_NOAA20_NRT,1
66.446,117.875,2026-07-30T02:00:00Z,7.57,N20,n,D,VIIRS_NOAA20_NRT,1
66.4389,117.8807,2026-07-30T02:00:00Z,7.92,N20,n,D,VIIRS_NOAA20_NRT,1
66.4353,117.8744,2026-07-30T02:00:00Z,7.92,N20,n,D,VIIRS_NOAA20_NRT,1
66.4339,117.8843,2026-07-30T02:00:00Z,15.01,N20,l,D,VIIRS_NOAA20_NRT,1
66.4318,117.8865,2026-07-30T02:00:00Z,7.79,N20,n,D,VIIRS_NOAA20_NRT,1
66.4303,117.8779,2026-07-30T02:00:00Z,9.26,N20,n,D,VIIRS_NOAA20_NRT,1
66.1423,119.0052,2026-07-30T02:00:00Z,4.85,N20,n,D,VIIRS_NOAA20_NRT,1
66.1392,119.0057,2026-07-30T02:00:00Z,9.6,N20,n,D,VIIRS_NOAA20_NRT,1
66.1388,118.9987,2026-07-30T02:00:00Z,4.85,N20,n,D,VIIRS_NOAA20_NRT,1
66.1262,117.4226,2026-07-30T02:00:00Z,10.99,N20,n,D,VIIRS_NOAA20_NRT,1
66.1224,117.4162,2026-07-30T02:00:00Z,10.99,N20,l,D,VIIRS_NOAA20_NRT,1
66.1224,117.421,2026-07-30T02:00:00Z,18.15,N20,l,D,VIIRS_NOAA20_NRT,1
66.1188,117.4099,2026-07-30T02:00:00Z,9.36,N20,n,D,VIIRS_NOAA20_NRT,1
66.1187,117.4146,2026-07-30T02:00:00Z,13.79,N20,n,D,VIIRS_NOAA20_NRT,1
66.1116,117.4159,2026-07-30T02:00:00Z,9.36,N20,n,D,VIIRS_NOAA20_NRT,1
66.1114,117.4204,2026-07-30T02:00:00Z,10.09,N20,n,D,VIIRS_NOAA20_NRT,1
65.9888,117.8039,2026-07-30T02:00:00Z,9.58,N20,n,D,VIIRS_NOAA20_NRT,1
66.0488,117.8722,2026-07-30T02:00:00Z,11.52,N20,n,D,VIIRS_NOAA20_NRT,1
65.9867,117.6144,2026-07-30T02:00:00Z,5.13,N20,n,D,VIIRS_NOAA20_NRT,1
32.2799,3.9864,2026-07-30T02:00:00Z,4.81,N,n,N,VIIRS_SNPP_NRT,1
64.7493,110.3566,2026-07-30T02:00:00Z,6.37,N20,n,D,VIIRS_NOAA20_NRT,1
64.7368,110.3406,2026-07-30T02:00:00Z,7.77,N20,n,D,VIIRS_NOAA20_NRT,1
64.7335,110.317,2026-07-30T02:00:00Z,5.35,N20,n,D,VIIRS_NOAA20_NRT,1
64.7084,110.2463,2026-07-30T02:00:00Z,17.99,N20,n,D,VIIRS_NOAA20_NRT,1
64.7045,110.2518,2026-07-30T02:00:00Z,14.19,N20,n,D,VIIRS_NOAA20_NRT,1
31.9539,11.1437,2026-07-30T02:00:00Z,1.59,N,n,N,VIIRS_SNPP_NRT,1
31.9553,11.1468,2026-07-30T02:00:00Z,0.98,N,n,N,VIIRS_SNPP_NRT,1
31.9564,11.1425,2026-07-30T02:00:00Z,0.98,N,n,N,VIIRS_SNPP_NRT,1
31.9584,5.2139,2026-07-30T02:00:00Z,1.42,N,n,N,VIIRS_SNPP_NRT,1
32.1373,6.4686,2026-07-30T02:00:00Z,5.04,N,n,N,VIIRS_SNPP_NRT,1
32.2762,3.9854,2026-07-30T02:00:00Z,4.81,N,n,N,VIIRS_SNPP_NRT,1
32.3568,6.9771,2026-07-30T02:00:00Z,6.09,N,n,N,VIIRS_SNPP_NRT,1
64.8042,109.8264,2026-07-30T02:00:00Z,15.25,N20,n,D,VIIRS_NOAA20_NRT,1
31.8485,6.0518,2026-07-30T02:00:00Z,1.81,N,n,N,VIIRS_SNPP_NRT,1
32.4014,4.0043,2026-07-30T02:00:00Z,1.56,N,n,N,VIIRS_SNPP_NRT,1
32.442,6.6288,2026-07-30T02:00:00Z,0.66,N,n,N,VIIRS_SNPP_NRT,1
32.5163,6.7091,2026-07-30T02:00:00Z,3.0,N,n,N,VIIRS_SNPP_NRT,1
32.545,6.5359,2026-07-30T02:00:00Z,1.28,N,n,N,VIIRS_SNPP_NRT,1
32.5556,3.1666,2026-07-30T02:00:00Z,4.15,N,n,N,VIIRS_SNPP_NRT,1
32.6231,14.3299,2026-07-30T02:00:00Z,0.89,N,n,N,VIIRS_SNPP_NRT,1
32.624,14.3266,2026-07-30T02:00:00Z,1.35,N,n,N,VIIRS_SNPP_NRT,1
65.9851,117.8019,2026-07-30T02:00:00Z,9.1,N20,n,D,VIIRS_NOAA20_NRT,1
32.746,3.1794,2026-07-30T02:00:00Z,2.95,N,n,N,VIIRS_SNPP_NRT,1
32.7898,12.6972,2026-07-30T02:00:00Z,1.82,N,n,N,VIIRS_SNPP_NRT,1
64.7942,109.9298,2026-07-30T02:00:00Z,3.36,N20,n,D,VIIRS_NOAA20_NRT,1
32.1331,6.4673,2026-07-30T02:00:00Z,5.04,N,n,N,VIIRS_SNPP_NRT,1
65.9691,117.7324,2026-07-30T02:00:00Z,15.31,N20,n,D,VIIRS_NOAA20_NRT,1
65.8484,113.4087,2026-07-30T02:00:00Z,29.11,N20,n,D,VIIRS_NOAA20_NRT,1
65.9849,117.7972,2026-07-30T02:00:00Z,9.58,N20,l,D,VIIRS_NOAA20_NRT,1
65.9813,117.7952,2026-07-30T02:00:00Z,4.48,N20,n,D,VIIRS_NOAA20_NRT,1
64.8066,109.8204,2026-07-30T02:00:00Z,18.82,N20,n,D,VIIRS_NOAA20_NRT,1
65.9812,117.7906,2026-07-30T02:00:00Z,5.42,N20,n,D,VIIRS_NOAA20_NRT,1
65.9776,117.7885,2026-07-30T02:00:00Z,4.48,N20,n,D,VIIRS_NOAA20_NRT,1
65.9774,117.7841,2026-07-30T02:00:00Z,5.42,N20,n,D,VIIRS_NOAA20_NRT,1
65.9757,117.6696,2026-07-30T02:00:00Z,8.33,N20,n,D,VIIRS_NOAA20_NRT,1
65.972,117.6818,2026-07-30T02:00:00Z,10.47,N20,n,D,VIIRS_NOAA20_NRT,1
65.9686,117.6979,2026-07-30T02:00:00Z,5.96,N20,n,D,VIIRS_NOAA20_NRT,1
65.9655,117.7298,2026-07-30T02:00:00Z,23.3,N20,h,D,VIIRS_NOAA20_NRT,1
65.8533,113.4161,2026-07-30T02:00:00Z,29.11,N20,h,D,VIIRS_NOAA20_NRT,1
65.9651,117.7255,2026-07-30T02:00:00Z,24.32,N20,h,D,VIIRS_NOAA20_NRT,1
64.9503,110.14,2026-07-30T02:00:00Z,7.76,N20,n,D,VIIRS_NOAA20_NRT,1
64.9491,110.1446,2026-07-30T02:00:00Z,6.63,N20,n,D,VIIRS_NOAA20_NRT,1
64.8989,110.4141,2026-07-30T02:00:00Z,9.41,N20,n,D,VIIRS_NOAA20_NRT,1
64.8955,110.4167,2026-07-30T02:00:00Z,13.03,N20,n,D,VIIRS_NOAA20_NRT,1
64.8923,110.4056,2026-07-30T02:00:00Z,10.5,N20,n,D,VIIRS_NOAA20_NRT,1
64.8189,109.9994,2026-07-30T02:00:00Z,11.75,N20,n,D,VIIRS_NOAA20_NRT,1
64.8171,110.0078,2026-07-30T02:00:00Z,5.84,N20,n,D,VIIRS_NOAA20_NRT,1
64.8134,109.8186,2026-07-30T02:00:00Z,5.74,N20,n,D,VIIRS_NOAA20_NRT,1
64.8129,109.8283,2026-07-30T02:00:00Z,13.1,N20,n,D,VIIRS_NOAA20_NRT,1
64.8108,109.9998,2026-07-30T02:00:00Z,5.84,N20,n,D,VIIRS_NOAA20_NRT,1
42.6611,-6.5138,2026-07-30T01:58:00Z,6.5,N,n,N,VIIRS_SNPP_NRT,1
42.6661,-6.5187,2026-07-30T01:58:00Z,6.5,N,n,N,VIIRS_SNPP_NRT,1
42.6623,-6.5187,2026-07-30T01:58:00Z,10.7,N,n,N,VIIRS_SNPP_NRT,1
42.6619,-6.5133,2026-07-30T01:58:00Z,2.6,N,n,N,VIIRS_SNPP_NRT,1
42.6615,-6.5192,2026-07-30T01:58:00Z,6.5,N,h,N,VIIRS_SNPP_NRT,1
42.6935,-6.7661,2026-07-30T01:58:00Z,14.8,N,n,N,VIIRS_SNPP_NRT,1
42.693,-6.7594,2026-07-30T01:58:00Z,14.43,N,n,N,VIIRS_SNPP_NRT,1
42.6578,-6.5194,2026-07-30T01:58:00Z,10.7,N,n,N,VIIRS_SNPP_NRT,1
42.657,-6.52,2026-07-30T01:58:00Z,4.71,N,n,N,VIIRS_SNPP_NRT,1
42.5527,-6.7704,2026-07-30T01:58:00Z,0.95,N,n,N,VIIRS_SNPP_NRT,1
42.6674,-6.5241,2026-07-30T01:58:00Z,2.95,N,n,N,VIIRS_SNPP_NRT,1
41.9252,0.1795,2026-07-30T01:58:00Z,0.62,N,n,N,VIIRS_SNPP_NRT,1
42.6669,-6.5183,2026-07-30T01:58:00Z,2.95,N,n,N,VIIRS_SNPP_NRT,1
42.6922,-6.7803,2026-07-30T01:58:00Z,19.35,N,n,N,VIIRS_SNPP_NRT,1
42.6707,-6.5183,2026-07-30T01:58:00Z,1.15,N,n,N,VIIRS_SNPP_NRT,1
42.6843,-6.7675,2026-07-30T01:58:00Z,5.84,N,n,N,VIIRS_SNPP_NRT,1
42.6865,-6.7664,2026-07-30T01:58:00Z,11.96,N,n,N,VIIRS_SNPP_NRT,1
42.687,-6.774,2026-07-30T01:58:00Z,19.35,N,n,N,VIIRS_SNPP_NRT,1
42.6889,-6.7668,2026-07-30T01:58:00Z,14.8,N,n,N,VIIRS_SNPP_NRT,1
42.6894,-6.7744,2026-07-30T01:58:00Z,14.8,N,h,N,VIIRS_SNPP_NRT,1
42.69,-6.7815,2026-07-30T01:58:00Z,5.06,N,n,N,VIIRS_SNPP_NRT,1
42.6906,-6.7591,2026-07-30T01:58:00Z,11.96,N,n,N,VIIRS_SNPP_NRT,1
42.6911,-6.7657,2026-07-30T01:58:00Z,11.96,N,n,N,VIIRS_SNPP_NRT,1
42.6917,-6.7733,2026-07-30T01:58:00Z,19.35,N,h,N,VIIRS_SNPP_NRT,1
42.6926,-6.7534,2026-07-30T01:58:00Z,14.43,N,n,N,VIIRS_SNPP_NRT,1
41.6973,-7.2769,2026-07-30T01:58:00Z,8.06,N,n,N,VIIRS_SNPP_NRT,1
41.6978,-7.283,2026-07-30T01:58:00Z,8.06,N,n,N,VIIRS_SNPP_NRT,1
41.6818,-7.194,2026-07-30T01:58:00Z,1.46,N,n,N,VIIRS_SNPP_NRT,1
41.6969,-7.2707,2026-07-30T01:58:00Z,1.65,N,n,N,VIIRS_SNPP_NRT,1
41.6964,-7.2644,2026-07-30T01:58:00Z,1.65,N,n,N,VIIRS_SNPP_NRT,1
41.6804,-7.2406,2026-07-30T01:58:00Z,6.36,N,n,N,VIIRS_SNPP_NRT,1
42.6946,-6.7805,2026-07-30T01:58:00Z,5.06,N,n,N,VIIRS_SNPP_NRT,1
41.6809,-7.2475,2026-07-30T01:58:00Z,6.36,N,n,N,VIIRS_SNPP_NRT,1
41.6814,-7.2544,2026-07-30T01:58:00Z,2.67,N,n,N,VIIRS_SNPP_NRT,1
41.6828,-7.2078,2026-07-30T01:58:00Z,1.4,N,n,N,VIIRS_SNPP_NRT,1
41.6833,-7.2148,2026-07-30T01:58:00Z,9.44,N,n,N,VIIRS_SNPP_NRT,1
41.6837,-7.2209,2026-07-30T01:58:00Z,9.44,N,n,N,VIIRS_SNPP_NRT,1
41.6842,-7.2269,2026-07-30T01:58:00Z,24.78,N,n,N,VIIRS_SNPP_NRT,1
41.6851,-7.2397,2026-07-30T01:58:00Z,1.54,N,n,N,VIIRS_SNPP_NRT,1
41.6861,-7.2535,2026-07-30T01:58:00Z,1.19,N,n,N,VIIRS_SNPP_NRT,1
41.6866,-7.2601,2026-07-30T01:58:00Z,1.19,N,n,N,VIIRS_SNPP_NRT,1
41.6875,-7.273,2026-07-30T01:58:00Z,3.7,N,n,N,VIIRS_SNPP_NRT,1
41.6884,-7.22,2026-07-30T01:58:00Z,9.44,N,n,N,VIIRS_SNPP_NRT,1
41.6888,-7.2915,2026-07-30T01:58:00Z,39.47,N,n,N,VIIRS_SNPP_NRT,1
41.6898,-7.2388,2026-07-30T01:58:00Z,1.54,N,n,N,VIIRS_SNPP_NRT,1
41.6903,-7.2458,2026-07-30T01:58:00Z,1.54,N,n,N,VIIRS_SNPP_NRT,1
41.6908,-7.2525,2026-07-30T01:58:00Z,1.19,N,n,N,VIIRS_SNPP_NRT,1
41.6922,-7.2718,2026-07-30T01:58:00Z,3.7,N,n,N,VIIRS_SNPP_NRT,1
41.6926,-7.2781,2026-07-30T01:58:00Z,31.66,N,n,N,VIIRS_SNPP_NRT,1
41.6931,-7.2842,2026-07-30T01:58:00Z,31.66,N,n,N,VIIRS_SNPP_NRT,1
41.6935,-7.2903,2026-07-30T01:58:00Z,39.47,N,n,N,VIIRS_SNPP_NRT,1
41.6945,-7.2377,2026-07-30T01:58:00Z,4.94,N,n,N,VIIRS_SNPP_NRT,1
41.695,-7.2447,2026-07-30T01:58:00Z,4.94,N,n,N,VIIRS_SNPP_NRT,1
41.6955,-7.2515,2026-07-30T01:58:00Z,2.53,N,n,N,VIIRS_SNPP_NRT,1
41.6959,-7.258,2026-07-30T01:58:00Z,2.53,N,n,N,VIIRS_SNPP_NRT,1
42.6941,-6.7737,2026-07-30T01:58:00Z,14.8,N,n,N,VIIRS_SNPP_NRT,1
44.8198,-1.2101,2026-07-30T01:58:00Z,2.1,N,n,N,VIIRS_SNPP_NRT,1
42.6973,-6.7528,2026-07-30T01:58:00Z,2.14,N,n,N,VIIRS_SNPP_NRT,1
43.9809,-0.8951,2026-07-30T01:58:00Z,1.96,N,n,N,VIIRS_SNPP_NRT,1
43.5376,-5.8328,2026-07-30T01:58:00Z,2.12,N,n,N,VIIRS_SNPP_NRT,1
43.542,-5.8321,2026-07-30T01:58:00Z,2.12,N,n,N,VIIRS_SNPP_NRT,1
43.5535,-5.8613,2026-07-30T01:58:00Z,0.61,N,n,N,VIIRS_SNPP_NRT,1
43.5603,-5.7264,2026-07-30T01:58:00Z,0.85,N,n,N,VIIRS_SNPP_NRT,1
43.5797,-7.6406,2026-07-30T01:58:00Z,1.67,N,n,N,VIIRS_SNPP_NRT,1
43.5807,-7.6356,2026-07-30T01:58:00Z,5.64,N,n,N,VIIRS_SNPP_NRT,1
43.5811,-7.6423,2026-07-30T01:58:00Z,4.96,N,n,N,VIIRS_SNPP_NRT,1
43.5842,-7.6335,2026-07-30T01:58:00Z,6.06,N,n,N,VIIRS_SNPP_NRT,1
43.5846,-7.6401,2026-07-30T01:58:00Z,6.06,N,n,N,VIIRS_SNPP_NRT,1
43.5856,-7.635,2026-07-30T01:58:00Z,5.64,N,n,N,VIIRS_SNPP_NRT,1
43.5861,-7.642,2026-07-30T01:58:00Z,4.96,N,n,N,VIIRS_SNPP_NRT,1
43.5896,-7.6403,2026-07-30T01:58:00Z,6.06,N,n,N,VIIRS_SNPP_NRT,1
44.7532,-1.0253,2026-07-30T01:58:00Z,2.03,N,n,N,VIIRS_SNPP_NRT,1
42.6977,-6.7586,2026-07-30T01:58:00Z,2.14,N,n,N,VIIRS_SNPP_NRT,1
44.7538,-1.0311,2026-07-30T01:58:00Z,2.03,N,n,N,VIIRS_SNPP_NRT,1
44.7711,-1.2091,2026-07-30T01:58:00Z,1.95,N,n,N,VIIRS_SNPP_NRT,1
44.7718,-1.2151,2026-07-30T01:58:00Z,1.24,N,n,N,VIIRS_SNPP_NRT,1
44.7748,-1.2083,2026-07-30T01:58:00Z,1.95,N,n,N,VIIRS_SNPP_NRT,1
44.8168,-1.2225,2026-07-30T01:58:00Z,1.0,N,n,N,VIIRS_SNPP_NRT,1
44.8176,-1.2229,2026-07-30T01:58:00Z,2.02,N,n,N,VIIRS_SNPP_NRT,1
44.819,-1.2096,2026-07-30T01:58:00Z,1.57,N,n,N,VIIRS_SNPP_NRT,1
44.844,-1.167,2026-07-30T01:58:00Z,1.42,N,n,N,VIIRS_SNPP_NRT,1
44.8476,-1.1662,2026-07-30T01:58:00Z,1.42,N,n,N,VIIRS_SNPP_NRT,1
44.966,-0.6988,2026-07-30T01:58:00Z,4.8,N,n,N,VIIRS_SNPP_NRT,1
44.9669,-0.6967,2026-07-30T01:58:00Z,2.89,N,n,N,VIIRS_SNPP_NRT,1
41.6799,-7.2341,2026-07-30T01:58:00Z,1.51,N,n,N,VIIRS_SNPP_NRT,1
43.5253,-5.7378,2026-07-30T01:58:00Z,1.36,N,n,N,VIIRS_SNPP_NRT,1
43.5248,-5.732,2026-07-30T01:58:00Z,1.36,N,n,N,VIIRS_SNPP_NRT,1
43.444,4.8886,2026-07-30T01:58:00Z,1.19,N,n,N,VIIRS_SNPP_NRT,1
43.4398,4.8924,2026-07-30T01:58:00Z,1.88,N,n,N,VIIRS_SNPP_NRT,1
42.7023,-6.758,2026-07-30T01:58:00Z,2.14,N,n,N,VIIRS_SNPP_NRT,1
42.7028,-6.7639,2026-07-30T01:58:00Z,5.21,N,n,N,VIIRS_SNPP_NRT,1
42.7032,-6.7707,2026-07-30T01:58:00Z,5.21,N,n,N,VIIRS_SNPP_NRT,1
42.7038,-6.7785,2026-07-30T01:58:00Z,34.8,N,n,N,VIIRS_SNPP_NRT,1
42.7065,-6.7514,2026-07-30T01:58:00Z,13.41,N,n,N,VIIRS_SNPP_NRT,1
42.707,-6.7572,2026-07-30T01:58:00Z,13.41,N,n,N,VIIRS_SNPP_NRT,1
42.7074,-6.7628,2026-07-30T01:58:00Z,20.67,N,n,N,VIIRS_SNPP_NRT,1
42.7078,-6.7693,2026-07-30T01:58:00Z,20.67,N,n,N,VIIRS_SNPP_NRT,1
42.7084,-6.7773,2026-07-30T01:58:00Z,14.31,N,n,N,VIIRS_SNPP_NRT,1
42.7112,-6.7505,2026-07-30T01:58:00Z,13.41,N,n,N,VIIRS_SNPP_NRT,1
42.7116,-6.7564,2026-07-30T01:58:00Z,13.41,N,n,N,VIIRS_SNPP_NRT,1
42.712,-6.762,2026-07-30T01:58:00Z,20.67,N,n,N,VIIRS_SNPP_NRT,1
42.7124,-6.7682,2026-07-30T01:58:00Z,20.67,N,n,N,VIIRS_SNPP_NRT,1
42.713,-6.7762,2026-07-30T01:58:00Z,14.31,N,n,N,VIIRS_SNPP_NRT,1
42.7162,-6.7553,2026-07-30T01:58:00Z,31.57,N,n,N,VIIRS_SNPP_NRT,1
42.7166,-6.7614,2026-07-30T01:58:00Z,45.41,N,n,N,VIIRS_SNPP_NRT,1
42.7171,-6.7674,2026-07-30T01:58:00Z,45.41,N,h,N,VIIRS_SNPP_NRT,1
42.7176,-6.7747,2026-07-30T01:58:00Z,15.78,N,n,N,VIIRS_SNPP_NRT,1
42.7208,-6.7537,2026-07-30T01:58:00Z,31.57,N,n,N,VIIRS_SNPP_NRT,1
42.7213,-6.7605,2026-07-30T01:58:00Z,45.41,N,n,N,VIIRS_SNPP_NRT,1
42.7217,-6.7667,2026-07-30T01:58:00Z,45.41,N,n,N,VIIRS_SNPP_NRT,1
42.7222,-6.7735,2026-07-30T01:58:00Z,15.78,N,n,N,VIIRS_SNPP_NRT,1
42.8681,0.0941,2026-07-30T01:58:00Z,0.97,N,n,N,VIIRS_SNPP_NRT,1
43.392,6.0862,2026-07-30T01:58:00Z,1.56,N,n,N,VIIRS_SNPP_NRT,1
43.3954,6.0874,2026-07-30T01:58:00Z,1.39,N,n,N,VIIRS_SNPP_NRT,1
41.6804,-7.1746,2026-07-30T01:58:00Z,2.93,N,n,N,VIIRS_SNPP_NRT,1
41.6431,-7.1989,2026-07-30T01:58:00Z,1.84,N,n,N,VIIRS_SNPP_NRT,1
41.6799,-7.1683,2026-07-30T01:58:00Z,3.83,N,n,N,VIIRS_SNPP_NRT,1
37.7493,15.0051,2026-07-30T01:58:00Z,2.97,N,n,N,VIIRS_SNPP_NRT,1
38.3752,-0.543,2026-07-30T01:58:00Z,0.62,N,n,N,VIIRS_SNPP_NRT,1
38.409,-0.6101,2026-07-30T01:58:00Z,1.85,N,n,N,VIIRS_SNPP_NRT,1
38.7908,15.2114,2026-07-30T01:58:00Z,0.14,N,n,N,VIIRS_SNPP_NRT,1
38.7959,15.2155,2026-07-30T01:58:00Z,0.92,N,n,N,VIIRS_SNPP_NRT,1
39.8812,-0.282,2026-07-30T01:58:00Z,1.96,N,n,N,VIIRS_SNPP_NRT,1
39.8839,-0.2766,2026-07-30T01:58:00Z,4.94,N,n,N,VIIRS_SNPP_NRT,1
39.8846,-0.2812,2026-07-30T01:58:00Z,4.94,N,n,N,VIIRS_SNPP_NRT,1
39.8933,-0.2936,2026-07-30T01:58:00Z,1.88,N,n,N,VIIRS_SNPP_NRT,1
39.8961,-0.2643,2026-07-30T01:58:00Z,2.05,N,n,N,VIIRS_SNPP_NRT,1
39.8979,-0.3019,2026-07-30T01:58:00Z,2.24,N,n,N,VIIRS_SNPP_NRT,1
39.8986,-0.3065,2026-07-30T01:58:00Z,2.24,N,n,N,VIIRS_SNPP_NRT,1
39.9019,-0.3058,2026-07-30T01:58:00Z,5.32,N,n,N,VIIRS_SNPP_NRT,1
39.9171,-0.216,2026-07-30T01:58:00Z,0.69,N,n,N,VIIRS_SNPP_NRT,1
40.2432,-3.4767,2026-07-30T01:58:00Z,2.11,N,n,N,VIIRS_SNPP_NRT,1
40.2449,-3.4764,2026-07-30T01:58:00Z,3.01,N,n,N,VIIRS_SNPP_NRT,1
40.247,-3.4759,2026-07-30T01:58:00Z,1.91,N,n,N,VIIRS_SNPP_NRT,1
40.3166,-4.7465,2026-07-30T01:58:00Z,0.44,N,n,N,VIIRS_SNPP_NRT,1
40.5581,9.6688,2026-07-30T01:58:00Z,1.58,N,n,N,VIIRS_SNPP_NRT,1
40.6283,0.1863,2026-07-30T01:58:00Z,3.25,N,n,N,VIIRS_SNPP_NRT,1
40.9515,15.668,2026-07-30T01:58:00Z,0.5,N,n,N,VIIRS_SNPP_NRT,1
41.1516,-8.2525,2026-07-30T01:58:00Z,1.29,N,n,N,VIIRS_SNPP_NRT,1
37.752,14.9957,2026-07-30T01:58:00Z,1.82,N,n,N,VIIRS_SNPP_NRT,1
37.5698,-0.9184,2026-07-30T01:58:00Z,0.97,N,n,N,VIIRS_SNPP_NRT,1
41.4554,1.9808,2026-07-30T01:58:00Z,1.2,N,n,N,VIIRS_SNPP_NRT,1
36.8782,6.946,2026-07-30T01:58:00Z,1.05,N,n,N,VIIRS_SNPP_NRT,1
68.6278,155.522,2026-07-30T01:58:00Z,2.86,N20,n,D,VIIRS_NOAA20_NRT,1
68.6229,155.5705,2026-07-30T01:58:00Z,6.35,N20,n,D,VIIRS_NOAA20_NRT,1
68.6217,155.5607,2026-07-30T01:58:00Z,6.35,N20,n,D,VIIRS_NOAA20_NRT,1
68.6214,155.7038,2026-07-30T01:58:00Z,9.95,N20,n,D,VIIRS_NOAA20_NRT,1
68.5818,155.391,2026-07-30T01:58:00Z,2.71,N20,n,D,VIIRS_NOAA20_NRT,1
63.5454,129.6682,2026-07-30T01:58:00Z,2.98,N20,n,D,VIIRS_NOAA20_NRT,1
63.5453,129.6659,2026-07-30T01:58:00Z,3.64,N20,n,D,VIIRS_NOAA20_NRT,1
63.5414,129.6769,2026-07-30T01:58:00Z,2.98,N20,n,D,VIIRS_NOAA20_NRT,1
63.5354,129.6441,2026-07-30T01:58:00Z,3.0,N20,n,D,VIIRS_NOAA20_NRT,1
41.6795,-7.2278,2026-07-30T01:58:00Z,1.51,N,n,N,VIIRS_SNPP_NRT,1
36.1762,5.5684,2026-07-30T01:58:00Z,0.88,N,n,N,VIIRS_SNPP_NRT,1
36.3344,5.4831,2026-07-30T01:58:00Z,3.39,N,n,N,VIIRS_SNPP_NRT,1
36.4292,6.6205,2026-07-30T01:58:00Z,1.67,N,n,N,VIIRS_SNPP_NRT,1
36.4309,6.6212,2026-07-30T01:58:00Z,1.46,N,n,N,VIIRS_SNPP_NRT,1
36.6633,3.0635,2026-07-30T01:58:00Z,2.12,N,n,N,VIIRS_SNPP_NRT,1
36.6814,3.1213,2026-07-30T01:58:00Z,1.01,N,n,N,VIIRS_SNPP_NRT,1
36.7455,6.2544,2026-07-30T01:58:00Z,3.33,N,n,N,VIIRS_SNPP_NRT,1
36.7457,6.2549,2026-07-30T01:58:00Z,1.9,N,n,N,VIIRS_SNPP_NRT,1
36.748,3.0804,2026-07-30T01:58:00Z,2.22,N,n,N,VIIRS_SNPP_NRT,1
36.7624,7.3069,2026-07-30T01:58:00Z,1.52,N,n,N,VIIRS_SNPP_NRT,1
36.8702,6.984,2026-07-30T01:58:00Z,1.09,N,n,N,VIIRS_SNPP_NRT,1
41.4078,2.0009,2026-07-30T01:58:00Z,0.87,N,n,N,VIIRS_SNPP_NRT,1
41.3134,1.6641,2026-07-30T01:58:00Z,0.38,N,n,N,VIIRS_SNPP_NRT,1
41.4741,2.183,2026-07-30T01:58:00Z,0.84,N,n,N,VIIRS_SNPP_NRT,1
41.6541,-7.2045,2026-07-30T01:58:00Z,2.18,N,n,N,VIIRS_SNPP_NRT,1
41.6557,-7.1782,2026-07-30T01:58:00Z,3.74,N,n,N,VIIRS_SNPP_NRT,1
41.6562,-7.1844,2026-07-30T01:58:00Z,4.17,N,n,N,VIIRS_SNPP_NRT,1
41.6565,-7.1724,2026-07-30T01:58:00Z,2.59,N,n,N,VIIRS_SNPP_NRT,1
41.657,-7.1788,2026-07-30T01:58:00Z,4.5,N,n,N,VIIRS_SNPP_NRT,1
41.6574,-7.1851,2026-07-30T01:58:00Z,4.5,N,n,N,VIIRS_SNPP_NRT,1
41.6599,-7.1712,2026-07-30T01:58:00Z,1.45,N,n,N,VIIRS_SNPP_NRT,1
41.6612,-7.1719,2026-07-30T01:58:00Z,0.79,N,n,N,VIIRS_SNPP_NRT,1
41.6646,-7.2934,2026-07-30T01:58:00Z,1.61,N,n,N,VIIRS_SNPP_NRT,1
41.6651,-7.2996,2026-07-30T01:58:00Z,1.16,N,n,N,VIIRS_SNPP_NRT,1
41.6652,-7.2942,2026-07-30T01:58:00Z,2.28,N,n,N,VIIRS_SNPP_NRT,1
41.6654,-7.1647,2026-07-30T01:58:00Z,0.79,N,n,N,VIIRS_SNPP_NRT,1
41.6795,-7.162,2026-07-30T01:58:00Z,3.83,N,n,N,VIIRS_SNPP_NRT,1
41.6771,-7.1947,2026-07-30T01:58:00Z,0.82,N,n,N,VIIRS_SNPP_NRT,1
41.6766,-7.1885,2026-07-30T01:58:00Z,0.82,N,n,N,VIIRS_SNPP_NRT,1
41.6762,-7.2483,2026-07-30T01:58:00Z,6.36,N,n,N,VIIRS_SNPP_NRT,1
41.6746,-7.299,2026-07-30T01:58:00Z,8.14,N,n,N,VIIRS_SNPP_NRT,1
41.6704,-7.2999,2026-07-30T01:58:00Z,8.29,N,n,N,VIIRS_SNPP_NRT,1
41.6701,-7.1639,2026-07-30T01:58:00Z,7.76,N,n,N,VIIRS_SNPP_NRT,1
41.6698,-7.2991,2026-07-30T01:58:00Z,8.14,N,n,N,VIIRS_SNPP_NRT,1
41.5439,2.1311,2026-07-30T01:58:00Z,2.87,N,n,N,VIIRS_SNPP_NRT,1
41.6696,-7.1574,2026-07-30T01:58:00Z,3.28,N,n,N,VIIRS_SNPP_NRT,1
41.6552,-7.1718,2026-07-30T01:58:00Z,3.74,N,n,N,VIIRS_SNPP_NRT,1
41.6751,-7.2999,2026-07-30T01:58:00Z,8.29,N,n,N,VIIRS_SNPP_NRT,1
41.653,-7.2038,2026-07-30T01:58:00Z,2.39,N,n,N,VIIRS_SNPP_NRT,1
41.6409,-7.2325,2026-07-30T01:58:00Z,7.25,N,n,N,VIIRS_SNPP_NRT,1
41.6128,-7.2372,2026-07-30T01:58:00Z,2.64,N,n,N,VIIRS_SNPP_NRT,1
41.6528,-7.1857,2026-07-30T01:58:00Z,4.5,N,n,N,VIIRS_SNPP_NRT,1
41.6086,-7.2444,2026-07-30T01:58:00Z,2.44,N,n,N,VIIRS_SNPP_NRT,1
41.6133,-7.244,2026-07-30T01:58:00Z,2.44,N,n,N,VIIRS_SNPP_NRT,1
41.6232,-7.2493,2026-07-30T01:58:00Z,3.1,N,n,N,VIIRS_SNPP_NRT,1
41.6236,-7.2555,2026-07-30T01:58:00Z,2.15,N,n,N,VIIRS_SNPP_NRT,1
41.6362,-7.2332,2026-07-30T01:58:00Z,7.25,N,n,N,VIIRS_SNPP_NRT,1
41.6368,-7.2403,2026-07-30T01:58:00Z,4.76,N,n,N,VIIRS_SNPP_NRT,1
41.6399,-7.219,2026-07-30T01:58:00Z,0.94,N,n,N,VIIRS_SNPP_NRT,1
41.6138,-7.2507,2026-07-30T01:58:00Z,2.44,N,n,N,VIIRS_SNPP_NRT,1
41.6415,-7.2396,2026-07-30T01:58:00Z,4.76,N,n,N,VIIRS_SNPP_NRT,1
41.651,-7.1789,2026-07-30T01:58:00Z,3.74,N,n,N,VIIRS_SNPP_NRT,1
41.6442,-7.1996,2026-07-30T01:58:00Z,2.5,N,n,N,VIIRS_SNPP_NRT,1
41.6519,-7.1731,2026-07-30T01:58:00Z,2.59,N,n,N,VIIRS_SNPP_NRT,1
41.6523,-7.1795,2026-07-30T01:58:00Z,4.5,N,n,N,VIIRS_SNPP_NRT,1
41.6515,-7.1851,2026-07-30T01:58:00Z,4.17,N,n,N,VIIRS_SNPP_NRT,1
41.6506,-7.1725,2026-07-30T01:58:00Z,3.74,N,n,N,VIIRS_SNPP_NRT,1
41.6481,-7.1864,2026-07-30T01:58:00Z,2.33,N,n,N,VIIRS_SNPP_NRT,1
41.6462,-7.2392,2026-07-30T01:58:00Z,1.5,N,n,N,VIIRS_SNPP_NRT,1
41.652,-7.1913,2026-07-30T01:58:00Z,4.17,N,n,N,VIIRS_SNPP_NRT,1
48.2709,14.3226,2026-07-30T01:56:00Z,2.2,N,n,N,VIIRS_SNPP_NRT,1
47.4676,12.6268,2026-07-30T01:56:00Z,0.68,N,n,N,VIIRS_SNPP_NRT,1
48.2694,14.3285,2026-07-30T01:56:00Z,2.2,N,n,N,VIIRS_SNPP_NRT,1
48.2653,14.3262,2026-07-30T01:56:00Z,2.2,N,n,N,VIIRS_SNPP_NRT,1
48.2638,14.3322,2026-07-30T01:56:00Z,1.51,N,n,N,VIIRS_SNPP_NRT,1
47.8381,3.6836,2026-07-30T01:56:00Z,3.65,N,n,N,VIIRS_SNPP_NRT,1
47.7051,12.4856,2026-07-30T01:56:00Z,1.05,N,n,N,VIIRS_SNPP_NRT,1
47.2732,4.9538,2026-07-30T01:56:00Z,0.62,N,n,N,VIIRS_SNPP_NRT,1
47.2764,4.9763,2026-07-30T01:56:00Z,1.32,N,n,N,VIIRS_SNPP_NRT,1
47.2748,4.965,2026-07-30T01:56:00Z,1.58,N,n,N,VIIRS_SNPP_NRT,1
47.2723,4.9589,2026-07-30T01:56:00Z,1.23,N,n,N,VIIRS_SNPP_NRT,1
47.1743,7.5613,2026-07-30T01:56:00Z,1.72,N,n,N,VIIRS_SNPP_NRT,1
46.8097,0.1556,2026-07-30T01:56:00Z,1.37,N,n,N,VIIRS_SNPP_NRT,1
48.2762,14.3391,2026-07-30T01:56:00Z,5.43,N,n,N,VIIRS_SNPP_NRT,1
46.8079,0.1533,2026-07-30T01:56:00Z,3.46,N,n,N,VIIRS_SNPP_NRT,1
48.275,14.3249,2026-07-30T01:56:00Z,3.82,N,n,N,VIIRS_SNPP_NRT,1
48.388,2.9798,2026-07-30T01:56:00Z,1.46,N,n,N,VIIRS_SNPP_NRT,1
48.2777,14.3332,2026-07-30T01:56:00Z,3.82,N,n,N,VIIRS_SNPP_NRT,1
48.2789,14.3474,2026-07-30T01:56:00Z,0.97,N,n,N,VIIRS_SNPP_NRT,1
46.8061,0.1547,2026-07-30T01:56:00Z,1.98,N,n,N,VIIRS_SNPP_NRT,1
0.5614,-78.136,2026-07-30T01:56:00Z,17.48,Terra,99,N,MODIS_NRT,1
0.5539,-78.1261,2026-07-30T01:56:00Z,14.36,Terra,94,N,MODIS_NRT,1
0.5527,-78.1348,2026-07-30T01:56:00Z,23.98,Terra,100,N,MODIS_NRT,1
48.598,7.8225,2026-07-30T01:56:00Z,5.37,N,n,N,VIIRS_SNPP_NRT,1
48.5946,7.8211,2026-07-30T01:56:00Z,1.48,N,n,N,VIIRS_SNPP_NRT,1
48.5913,7.8197,2026-07-30T01:56:00Z,1.48,N,n,N,VIIRS_SNPP_NRT,1
48.405,2.6545,2026-07-30T01:56:00Z,7.02,N,n,N,VIIRS_SNPP_NRT,1
48.3872,2.9852,2026-07-30T01:56:00Z,1.46,N,n,N,VIIRS_SNPP_NRT,1
48.3763,2.5837,2026-07-30T01:56:00Z,0.88,N,n,N,VIIRS_SNPP_NRT,1
48.3729,2.5827,2026-07-30T01:56:00Z,3.56,N,n,N,VIIRS_SNPP_NRT,1
48.3322,9.7328,2026-07-30T01:56:00Z,1.2,N,n,N,VIIRS_SNPP_NRT,1
48.2839,14.3298,2026-07-30T01:56:00Z,1.45,N,n,N,VIIRS_SNPP_NRT,1
48.2832,14.3296,2026-07-30T01:56:00Z,1.55,N,n,N,VIIRS_SNPP_NRT,1
48.2803,14.3414,2026-07-30T01:56:00Z,0.97,N,n,N,VIIRS_SNPP_NRT,1
46.8068,-0.1385,2026-07-30T01:56:00Z,1.26,N,n,N,VIIRS_SNPP_NRT,1
44.8194,20.02,2026-07-30T01:56:00Z,1.66,N,n,N,VIIRS_SNPP_NRT,1
46.4944,11.4308,2026-07-30T01:56:00Z,0.64,N,n,N,VIIRS_SNPP_NRT,1
46.4906,11.4288,2026-07-30T01:56:00Z,0.83,N,n,N,VIIRS_SNPP_NRT,1
44.8265,20.1862,2026-07-30T01:56:00Z,0.97,N,n,N,VIIRS_SNPP_NRT,1
1.3229,-77.505,2026-07-30T01:56:00Z,9.94,Terra,77,N,MODIS_NRT,1
44.8175,20.0261,2026-07-30T01:56:00Z,1.66,N,n,N,VIIRS_SNPP_NRT,1
44.8173,20.025,2026-07-30T01:56:00Z,1.32,N,n,N,VIIRS_SNPP_NRT,1
44.8155,20.0322,2026-07-30T01:56:00Z,1.07,N,n,N,VIIRS_SNPP_NRT,1
44.8153,20.031,2026-07-30T01:56:00Z,1.32,N,n,N,VIIRS_SNPP_NRT,1
44.7968,20.0055,2026-07-30T01:56:00Z,1.31,N,n,N,VIIRS_SNPP_NRT,1
44.7872,19.3492,2026-07-30T01:56:00Z,0.81,N,n,N,VIIRS_SNPP_NRT,1
44.7777,20.7984,2026-07-30T01:56:00Z,1.16,N,n,N,VIIRS_SNPP_NRT,1
44.2859,23.0026,2026-07-30T01:56:00Z,6.49,N,n,N,VIIRS_SNPP_NRT,1
44.2857,22.9979,2026-07-30T01:56:00Z,6.94,N,n,N,VIIRS_SNPP_NRT,1
44.2828,23.0059,2026-07-30T01:56:00Z,3.99,N,n,N,VIIRS_SNPP_NRT,1
44.1627,22.996,2026-07-30T01:56:00Z,1.24,N,n,N,VIIRS_SNPP_NRT,1
43.5417,16.4382,2026-07-30T01:56:00Z,0.48,N,n,N,VIIRS_SNPP_NRT,1
43.3643,12.5445,2026-07-30T01:56:00Z,0.86,N,n,N,VIIRS_SNPP_NRT,1
44.8285,20.1801,2026-07-30T01:56:00Z,0.97,N,n,N,VIIRS_SNPP_NRT,1
45.1453,9.9436,2026-07-30T01:56:00Z,3.6,N,n,N,VIIRS_SNPP_NRT,1
45.146,9.9449,2026-07-30T01:56:00Z,2.06,N,n,N,VIIRS_SNPP_NRT,1
45.46,10.4524,2026-07-30T01:56:00Z,1.22,N,n,N,VIIRS_SNPP_NRT,1
46.1783,12.7382,2026-07-30T01:56:00Z,0.7,N,n,N,VIIRS_SNPP_NRT,1
45.9492,25.2794,2026-07-30T01:56:00Z,0.92,N,n,N,VIIRS_SNPP_NRT,1
45.9119,5.819,2026-07-30T01:56:00Z,0.87,N,n,N,VIIRS_SNPP_NRT,1
45.5172,10.3424,2026-07-30T01:56:00Z,1.23,N,n,N,VIIRS_SNPP_NRT,1
45.5101,10.2426,2026-07-30T01:56:00Z,2.6,N,n,N,VIIRS_SNPP_NRT,1
45.4791,10.2141,2026-07-30T01:56:00Z,1.68,N,n,N,VIIRS_SNPP_NRT,1
45.23,5.666,2026-07-30T01:56:00Z,0.48,N,n,N,VIIRS_SNPP_NRT,1
45.1531,20.0871,2026-07-30T01:56:00Z,1.46,N,n,N,VIIRS_SNPP_NRT,1
45.161,20.1007,2026-07-30T01:56:00Z,1.41,N,n,N,VIIRS_SNPP_NRT,1
45.1593,20.0847,2026-07-30T01:56:00Z,2.6,N,n,N,VIIRS_SNPP_NRT,1
45.1586,20.0908,2026-07-30T01:56:00Z,1.46,N,n,N,VIIRS_SNPP_NRT,1
45.1574,20.0906,2026-07-30T01:56:00Z,2.6,N,n,N,VIIRS_SNPP_NRT,1
45.1568,20.0967,2026-07-30T01:56:00Z,1.46,N,n,N,VIIRS_SNPP_NRT,1
45.1555,20.0965,2026-07-30T01:56:00Z,1.41,N,n,N,VIIRS_SNPP_NRT,1
0.5626,-78.1273,2026-07-30T01:56:00Z,7.79,Terra,72,N,MODIS_NRT,1
50.6022,3.4876,2026-07-30T01:56:00Z,0.83,N,n,N,VIIRS_SNPP_NRT,1
1.3241,-77.4962,2026-07-30T01:56:00Z,10.3,Terra,77,N,MODIS_NRT,1
51.4806,6.7186,2026-07-30T01:56:00Z,9.98,N,n,N,VIIRS_SNPP_NRT,1
51.491,6.7403,2026-07-30T01:56:00Z,3.56,N,n,N,VIIRS_SNPP_NRT,1
51.4889,6.7104,2026-07-30T01:56:00Z,2.49,N,n,N,VIIRS_SNPP_NRT,1
51.4857,6.7091,2026-07-30T01:56:00Z,2.27,N,n,N,VIIRS_SNPP_NRT,1
51.4848,6.7145,2026-07-30T01:56:00Z,2.27,N,n,N,VIIRS_SNPP_NRT,1
51.4839,6.7199,2026-07-30T01:56:00Z,9.98,N,n,N,VIIRS_SNPP_NRT,1
51.4833,6.7023,2026-07-30T01:56:00Z,4.15,N,n,N,VIIRS_SNPP_NRT,1
51.483,6.7254,2026-07-30T01:56:00Z,9.98,N,n,N,VIIRS_SNPP_NRT,1
51.4824,6.7077,2026-07-30T01:56:00Z,2.27,N,n,N,VIIRS_SNPP_NRT,1
51.3709,6.7183,2026-07-30T01:56:00Z,1.11,N,n,N,VIIRS_SNPP_NRT,1
51.4942,6.7417,2026-07-30T01:56:00Z,3.56,N,n,N,VIIRS_SNPP_NRT,1
51.3695,6.7061,2026-07-30T01:56:00Z,3.46,N,n,N,VIIRS_SNPP_NRT,1
51.3662,6.7048,2026-07-30T01:56:00Z,3.46,N,n,N,VIIRS_SNPP_NRT,1
51.3653,6.7102,2026-07-30T01:56:00Z,3.42,N,n,N,VIIRS_SNPP_NRT,1
51.3249,8.8532,2026-07-30T01:56:00Z,0.21,N,n,N,VIIRS_SNPP_NRT,1
51.298,7.0126,2026-07-30T01:56:00Z,2.07,N,n,N,VIIRS_SNPP_NRT,1
51.2833,5.4912,2026-07-30T01:56:00Z,0.5,N,n,N,VIIRS_SNPP_NRT,1
51.2682,4.3243,2026-07-30T01:56:00Z,1.56,N,n,N,VIIRS_SNPP_NRT,1
51.2558,4.3375,2026-07-30T01:56:00Z,1.34,N,n,N,VIIRS_SNPP_NRT,1
51.4918,6.7349,2026-07-30T01:56:00Z,3.56,N,n,N,VIIRS_SNPP_NRT,1
51.4951,6.7363,2026-07-30T01:56:00Z,3.56,N,n,N,VIIRS_SNPP_NRT,1
51.1727,3.8032,2026-07-30T01:56:00Z,2.76,N,n,N,VIIRS_SNPP_NRT,1
52.2569,1.6214,2026-07-30T01:56:00Z,71.55,N,h,N,VIIRS_SNPP_NRT,1
52.6424,-8.687,2026-07-30T01:56:00Z,1.55,N,n,N,VIIRS_SNPP_NRT,1
52.641,-8.6883,2026-07-30T01:56:00Z,0.65,N,n,N,VIIRS_SNPP_NRT,1
52.6409,-0.5506,2026-07-30T01:56:00Z,0.61,N,n,N,VIIRS_SNPP_NRT,1
52.5025,0.2982,2026-07-30T01:56:00Z,0.32,N,n,N,VIIRS_SNPP_NRT,1
52.264,1.6236,2026-07-30T01:56:00Z,33.75,N,n,N,VIIRS_SNPP_NRT,1
52.2612,1.6158,2026-07-30T01:56:00Z,76.9,N,n,N,VIIRS_SNPP_NRT,1
52.2584,1.6079,2026-07-30T01:56:00Z,21.04,N,n,N,VIIRS_SNPP_NRT,1
52.2576,1.6146,2026-07-30T01:56:00Z,21.04,N,h,N,VIIRS_SNPP_NRT,1
52.2541,1.6135,2026-07-30T01:56:00Z,21.04,N,n,N,VIIRS_SNPP_NRT,1
51.4975,6.7431,2026-07-30T01:56:00Z,1.83,N,n,N,VIIRS_SNPP_NRT,1
52.2533,1.6202,2026-07-30T01:56:00Z,71.55,N,n,N,VIIRS_SNPP_NRT,1
52.1768,-1.0758,2026-07-30T01:56:00Z,0.94,N,n,N,VIIRS_SNPP_NRT,1
51.9446,4.1081,2026-07-30T01:56:00Z,1.48,N,n,N,VIIRS_SNPP_NRT,1
51.7903,0.5187,2026-07-30T01:56:00Z,0.99,N,n,N,VIIRS_SNPP_NRT,1
51.5081,6.7417,2026-07-30T01:56:00Z,0.75,N,n,N,VIIRS_SNPP_NRT,1
51.5048,6.7404,2026-07-30T01:56:00Z,0.75,N,n,N,VIIRS_SNPP_NRT,1
51.5034,6.7281,2026-07-30T01:56:00Z,1.08,N,n,N,VIIRS_SNPP_NRT,1
51.5001,6.7267,2026-07-30T01:56:00Z,1.08,N,n,N,VIIRS_SNPP_NRT,1
51.1752,3.8101,2026-07-30T01:56:00Z,5.77,N,n,N,VIIRS_SNPP_NRT,1
51.1719,3.8089,2026-07-30T01:56:00Z,2.76,N,n,N,VIIRS_SNPP_NRT,1
3.0468,-76.4806,2026-07-30T01:56:00Z,5.0,Terra,38,N,MODIS_NRT,1
50.7662,5.6727,2026-07-30T01:56:00Z,1.11,N,n,N,VIIRS_SNPP_NRT,1
51.1693,3.802,2026-07-30T01:56:00Z,2.76,N,n,N,VIIRS_SNPP_NRT,1
50.6556,11.4349,2026-07-30T01:56:00Z,1.16,N,n,N,VIIRS_SNPP_NRT,1
50.4722,3.9908,2026-07-30T01:56:00Z,1.63,N,n,N,VIIRS_SNPP_NRT,1
49.5275,8.4176,2026-07-30T01:56:00Z,3.07,N,n,N,VIIRS_SNPP_NRT,1
49.5033,5.9603,2026-07-30T01:56:00Z,0.7,N,n,N,VIIRS_SNPP_NRT,1
49.4678,6.0076,2026-07-30T01:56:00Z,0.87,N,n,N,VIIRS_SNPP_NRT,1
49.4645,6.0064,2026-07-30T01:56:00Z,1.11,N,n,N,VIIRS_SNPP_NRT,1
49.3488,6.7331,2026-07-30T01:56:00Z,0.55,N,n,N,VIIRS_SNPP_NRT,1
49.3249,6.1009,2026-07-30T01:56:00Z,0.84,N,n,N,VIIRS_SNPP_NRT,1
49.2208,9.1714,2026-07-30T01:56:00Z,0.34,N,n,N,VIIRS_SNPP_NRT,1
48.7163,5.6807,2026-07-30T01:56:00Z,0.61,N,n,N,VIIRS_SNPP_NRT,1
48.6922,6.9681,2026-07-30T01:56:00Z,0.8,N,n,N,VIIRS_SNPP_NRT,1
48.6096,6.1123,2026-07-30T01:56:00Z,0.7,N,n,N,VIIRS_SNPP_NRT,1
4.027,-76.2552,2026-07-30T01:56:00Z,10.18,Terra,76,N,MODIS_NRT,1
3.2234,-76.3959,2026-07-30T01:56:00Z,3.92,Terra,29,N,MODIS_NRT,1
50.763,5.6714,2026-07-30T01:56:00Z,1.11,N,n,N,VIIRS_SNPP_NRT,1
50.6984,2.1148,2026-07-30T01:56:00Z,0.58,N,n,N,VIIRS_SNPP_NRT,1
50.8298,-1.366,2026-07-30T01:56:00Z,1.24,N,n,N,VIIRS_SNPP_NRT,1
51.0433,2.2938,2026-07-30T01:56:00Z,1.91,N,n,N,VIIRS_SNPP_NRT,1
51.1685,3.8077,2026-07-30T01:56:00Z,2.76,N,n,N,VIIRS_SNPP_NRT,1
51.1678,3.8134,2026-07-30T01:56:00Z,5.02,N,n,N,VIIRS_SNPP_NRT,1
51.1626,3.7997,2026-07-30T01:56:00Z,1.47,N,n,N,VIIRS_SNPP_NRT,1
51.1593,3.7985,2026-07-30T01:56:00Z,0.79,N,n,N,VIIRS_SNPP_NRT,1
50.9721,5.8021,2026-07-30T01:56:00Z,0.69,N,n,N,VIIRS_SNPP_NRT,1
51.0468,2.2948,2026-07-30T01:56:00Z,1.91,N,n,N,VIIRS_SNPP_NRT,1
51.046,2.3009,2026-07-30T01:56:00Z,1.91,N,n,N,VIIRS_SNPP_NRT,1
51.0472,2.3203,2026-07-30T01:56:00Z,8.34,N,n,N,VIIRS_SNPP_NRT,1
51.0425,2.2998,2026-07-30T01:56:00Z,1.91,N,n,N,VIIRS_SNPP_NRT,1
51.0371,2.2855,2026-07-30T01:56:00Z,1.3,N,n,N,VIIRS_SNPP_NRT,1
51.0364,2.2916,2026-07-30T01:56:00Z,1.34,N,n,N,VIIRS_SNPP_NRT,1
51.0344,2.2783,2026-07-30T01:56:00Z,2.06,N,n,N,VIIRS_SNPP_NRT,1
51.0337,2.2844,2026-07-30T01:56:00Z,2.06,N,n,N,VIIRS_SNPP_NRT,1
51.0329,2.2905,2026-07-30T01:56:00Z,1.78,N,n,N,VIIRS_SNPP_NRT,1
51.0283,2.27,2026-07-30T01:56:00Z,2.49,N,n,N,VIIRS_SNPP_NRT,1
51.1744,3.8158,2026-07-30T01:56:00Z,4.32,N,n,N,VIIRS_SNPP_NRT,1
48.5903,20.8405,2026-07-30T01:54:00Z,0.82,N,n,N,VIIRS_SNPP_NRT,1
48.6009,21.1783,2026-07-30T01:54:00Z,1.29,N,n,N,VIIRS_SNPP_NRT,1
48.6061,21.1821,2026-07-30T01:54:00Z,2.11,N,n,N,VIIRS_SNPP_NRT,1
48.6079,21.1766,2026-07-30T01:54:00Z,2.11,N,n,N,VIIRS_SNPP_NRT,1
48.6096,21.1913,2026-07-30T01:54:00Z,1.62,N,n,N,VIIRS_SNPP_NRT,1
48.6484,20.2211,2026-07-30T01:54:00Z,0.42,N,n,N,VIIRS_SNPP_NRT,1
52.4753,4.5825,2026-07-30T01:54:00Z,1.53,N,n,N,VIIRS_SNPP_NRT,1
54.6228,160.3167,2026-07-30T01:54:00Z,5.16,N20,n,D,VIIRS_NOAA20_NRT,1
52.4811,4.5908,2026-07-30T01:54:00Z,1.57,N,n,N,VIIRS_SNPP_NRT,1
51.8126,11.7554,2026-07-30T01:54:00Z,0.95,N,n,N,VIIRS_SNPP_NRT,1
51.8831,29.3363,2026-07-30T01:54:00Z,1.8,N,n,N,VIIRS_SNPP_NRT,1
51.8856,29.3448,2026-07-30T01:54:00Z,1.73,N,n,N,VIIRS_SNPP_NRT,1
51.889,29.3364,2026-07-30T01:54:00Z,1.73,N,n,N,VIIRS_SNPP_NRT,1
51.889,29.3421,2026-07-30T01:54:00Z,1.8,N,n,N,VIIRS_SNPP_NRT,1
51.8948,29.3423,2026-07-30T01:54:00Z,1.73,N,n,N,VIIRS_SNPP_NRT,1
52.1495,10.4032,2026-07-30T01:54:00Z,0.77,N,n,N,VIIRS_SNPP_NRT,1
52.1506,10.3971,2026-07-30T01:54:00Z,1.46,N,n,N,VIIRS_SNPP_NRT,1
52.1528,10.4049,2026-07-30T01:54:00Z,4.75,N,n,N,VIIRS_SNPP_NRT,1
52.154,10.3989,2026-07-30T01:54:00Z,5.5,N,n,N,VIIRS_SNPP_NRT,1
52.1562,10.4066,2026-07-30T01:54:00Z,4.75,N,n,N,VIIRS_SNPP_NRT,1
52.1584,10.4143,2026-07-30T01:54:00Z,2.36,N,n,N,VIIRS_SNPP_NRT,1
52.1617,10.4161,2026-07-30T01:54:00Z,2.36,N,n,N,VIIRS_SNPP_NRT,1
52.1661,10.4315,2026-07-30T01:54:00Z,1.61,N,n,N,VIIRS_SNPP_NRT,1
52.1737,7.8895,2026-07-30T01:54:00Z,0.71,N,n,N,VIIRS_SNPP_NRT,1
52.1748,14.6145,2026-07-30T01:54:00Z,1.18,N,n,N,VIIRS_SNPP_NRT,1
52.2965,20.9191,2026-07-30T01:54:00Z,0.66,N,n,N,VIIRS_SNPP_NRT,1
51.7648,8.0542,2026-07-30T01:54:00Z,0.83,N,n,N,VIIRS_SNPP_NRT,1
51.6874,15.9786,2026-07-30T01:54:00Z,1.26,N,n,N,VIIRS_SNPP_NRT,1
51.683,15.9964,2026-07-30T01:54:00Z,0.48,N,n,N,VIIRS_SNPP_NRT,1
50.4204,18.155,2026-07-30T01:54:00Z,1.97,N,n,N,VIIRS_SNPP_NRT,1
49.8213,23.9508,2026-07-30T01:54:00Z,1.51,N,n,N,VIIRS_SNPP_NRT,1
50.3346,19.3506,2026-07-30T01:54:00Z,0.32,N,n,N,VIIRS_SNPP_NRT,1
50.3352,19.2909,2026-07-30T01:54:00Z,0.7,N,n,N,VIIRS_SNPP_NRT,1
50.3358,19.3463,2026-07-30T01:54:00Z,0.32,N,n,N,VIIRS_SNPP_NRT,1
50.3364,19.2867,2026-07-30T01:54:00Z,0.7,N,n,N,VIIRS_SNPP_NRT,1
50.3395,19.3337,2026-07-30T01:54:00Z,1.44,N,n,N,VIIRS_SNPP_NRT,1
50.341,19.2899,2026-07-30T01:54:00Z,0.7,N,n,N,VIIRS_SNPP_NRT,1
50.4924,19.4562,2026-07-30T01:54:00Z,0.65,N,n,N,VIIRS_SNPP_NRT,1
51.6193,8.5106,2026-07-30T01:54:00Z,1.13,N,n,N,VIIRS_SNPP_NRT,1
50.9306,21.6758,2026-07-30T01:54:00Z,1.28,N,n,N,VIIRS_SNPP_NRT,1
51.1034,18.938,2026-07-30T01:54:00Z,1.08,N,n,N,VIIRS_SNPP_NRT,1
51.104,18.9411,2026-07-30T01:54:00Z,1.67,N,n,N,VIIRS_SNPP_NRT,1
51.2705,11.6594,2026-07-30T01:54:00Z,1.11,N,n,N,VIIRS_SNPP_NRT,1
51.2709,11.6597,2026-07-30T01:54:00Z,1.33,N,n,N,VIIRS_SNPP_NRT,1
51.3634,10.4829,2026-07-30T01:54:00Z,0.72,N,n,N,VIIRS_SNPP_NRT,1
51.5938,8.3357,2026-07-30T01:54:00Z,1.35,N,n,N,VIIRS_SNPP_NRT,1
52.4746,4.6128,2026-07-30T01:54:00Z,1.26,N,n,N,VIIRS_SNPP_NRT,1
52.4853,4.5863,2026-07-30T01:54:00Z,1.57,N,n,N,VIIRS_SNPP_NRT,1
48.9776,24.7105,2026-07-30T01:54:00Z,1.59,N,n,N,VIIRS_SNPP_NRT,1
52.4885,13.8357,2026-07-30T01:54:00Z,0.81,N,n,N,VIIRS_SNPP_NRT,1
53.5249,9.8996,2026-07-30T01:54:00Z,0.93,N,n,N,VIIRS_SNPP_NRT,1
53.5576,-7.0368,2026-07-30T01:54:00Z,1.52,N,n,N,VIIRS_SNPP_NRT,1
53.5628,-7.0362,2026-07-30T01:54:00Z,1.52,N,n,N,VIIRS_SNPP_NRT,1
53.5721,-0.6162,2026-07-30T01:54:00Z,11.06,N,n,N,VIIRS_SNPP_NRT,1
53.6324,-0.2413,2026-07-30T01:54:00Z,1.31,N,n,N,VIIRS_SNPP_NRT,1
53.6332,-0.2496,2026-07-30T01:54:00Z,1.31,N,n,N,VIIRS_SNPP_NRT,1
53.7789,12.415,2026-07-30T01:54:00Z,8.41,N,n,N,VIIRS_SNPP_NRT,1
53.9101,9.2107,2026-07-30T01:54:00Z,1.59,N,n,N,VIIRS_SNPP_NRT,1
53.9111,9.2049,2026-07-30T01:54:00Z,2.47,N,n,N,VIIRS_SNPP_NRT,1
55.5793,4.7627,2026-07-30T01:54:00Z,1.74,N,n,N,VIIRS_SNPP_NRT,1
57.0604,9.9756,2026-07-30T01:54:00Z,2.24,N,n,N,VIIRS_SNPP_NRT,1
57.0636,9.9774,2026-07-30T01:54:00Z,0.61,N,n,N,VIIRS_SNPP_NRT,1
-4.7185,-79.575,2026-07-30T01:54:00Z,11.18,Terra,61,N,MODIS_NRT,1
-8.2924,-74.7925,2026-07-30T01:54:00Z,6.83,Terra,71,N,MODIS_NRT,1
-8.8569,-71.2885,2026-07-30T01:54:00Z,6.89,Terra,45,N,MODIS_NRT,1
-10.4664,-73.7481,2026-07-30T01:54:00Z,7.67,Terra,72,N,MODIS_NRT,1
-10.8896,-75.0354,2026-07-30T01:54:00Z,4.21,Terra,44,N,MODIS_NRT,1
53.5208,9.9027,2026-07-30T01:54:00Z,2.47,N,n,N,VIIRS_SNPP_NRT,1
53.5206,9.9038,2026-07-30T01:54:00Z,2.17,N,n,N,VIIRS_SNPP_NRT,1
53.1346,8.6924,2026-07-30T01:54:00Z,0.91,N,n,N,VIIRS_SNPP_NRT,1
52.5834,19.677,2026-07-30T01:54:00Z,5.39,N,n,N,VIIRS_SNPP_NRT,1
52.4953,4.6145,2026-07-30T01:54:00Z,2.55,N,n,N,VIIRS_SNPP_NRT,1
52.4961,4.6087,2026-07-30T01:54:00Z,1.27,N,n,N,VIIRS_SNPP_NRT,1
52.4986,4.6157,2026-07-30T01:54:00Z,0.83,N,n,N,VIIRS_SNPP_NRT,1
52.4994,4.6099,2026-07-30T01:54:00Z,0.77,N,n,N,VIIRS_SNPP_NRT,1
52.5614,7.3016,2026-07-30T01:54:00Z,0.85,N,n,N,VIIRS_SNPP_NRT,1
52.5791,19.6737,2026-07-30T01:54:00Z,5.39,N,n,N,VIIRS_SNPP_NRT,1
52.5813,19.666,2026-07-30T01:54:00Z,5.39,N,n,N,VIIRS_SNPP_NRT,1
52.5835,19.6958,2026-07-30T01:54:00Z,2.44,N,n,N,VIIRS_SNPP_NRT,1
53.1333,8.6795,2026-07-30T01:54:00Z,5.73,N,n,N,VIIRS_SNPP_NRT,1
52.5856,19.6693,2026-07-30T01:54:00Z,5.39,N,n,N,VIIRS_SNPP_NRT,1
52.5857,19.688,2026-07-30T01:54:00Z,2.44,N,n,N,VIIRS_SNPP_NRT,1
52.5878,19.6991,2026-07-30T01:54:00Z,2.44,N,n,N,VIIRS_SNPP_NRT,1
52.59,19.6914,2026-07-30T01:54:00Z,2.44,N,n,N,VIIRS_SNPP_NRT,1
53.062,3.5354,2026-07-30T01:54:00Z,0.57,N,n,N,VIIRS_SNPP_NRT,1
53.0654,3.5366,2026-07-30T01:54:00Z,0.44,N,n,N,VIIRS_SNPP_NRT,1
53.1248,8.6878,2026-07-30T01:54:00Z,1.62,N,n,N,VIIRS_SNPP_NRT,1
49.6846,18.6636,2026-07-30T01:54:00Z,1.84,N,n,N,VIIRS_SNPP_NRT,1
52.4844,4.5921,2026-07-30T01:54:00Z,1.57,N,n,N,VIIRS_SNPP_NRT,1
-12.5702,-65.9639,2026-07-30T01:52:00Z,37.04,Terra,66,N,MODIS_NRT,1
52.8492,29.9932,2026-07-30T01:52:00Z,1.15,N,n,N,VIIRS_SNPP_NRT,1
-12.5789,-65.9569,2026-07-30T01:52:00Z,48.06,Terra,76,N,MODIS_NRT,1
-12.5849,-65.9897,2026-07-30T01:52:00Z,55.14,Terra,80,N,MODIS_NRT,1
-12.586,-65.9608,2026-07-30T01:52:00Z,30.84,Terra,59,N,MODIS_NRT,1
-13.7875,-76.1664,2026-07-30T01:52:00Z,5.76,Terra,35,N,MODIS_NRT,1
-13.793,-71.5836,2026-07-30T01:52:00Z,12.01,Terra,39,N,MODIS_NRT,1
-13.794,-71.5903,2026-07-30T01:52:00Z,20.29,Terra,82,N,MODIS_NRT,1
-13.7948,-71.5953,2026-07-30T01:52:00Z,14.45,Terra,57,N,MODIS_NRT,1
-16.7283,-71.0054,2026-07-30T01:52:00Z,8.09,Terra,15,N,MODIS_NRT,1
-16.7382,-71.0032,2026-07-30T01:52:00Z,14.0,Terra,70,N,MODIS_NRT,1
-16.9512,-67.5769,2026-07-30T01:52:00Z,36.74,Terra,67,N,MODIS_NRT,1
55.0932,21.801,2026-07-30T01:52:00Z,0.66,N,n,N,VIIRS_SNPP_NRT,1
60.6293,17.6468,2026-07-30T01:52:00Z,0.87,N,n,N,VIIRS_SNPP_NRT,1
55.0945,21.7988,2026-07-30T01:52:00Z,0.53,N,n,N,VIIRS_SNPP_NRT,1
57.7083,18.8029,2026-07-30T01:52:00Z,1.33,N,n,N,VIIRS_SNPP_NRT,1
58.3443,11.4253,2026-07-30T01:52:00Z,0.8,N,n,N,VIIRS_SNPP_NRT,1
58.3577,12.378,2026-07-30T01:52:00Z,0.99,N,n,N,VIIRS_SNPP_NRT,1
58.3609,12.3801,2026-07-30T01:52:00Z,0.99,N,n,N,VIIRS_SNPP_NRT,1
58.6804,17.1326,2026-07-30T01:52:00Z,1.08,N,n,N,VIIRS_SNPP_NRT,1
58.6838,17.1354,2026-07-30T01:52:00Z,1.08,N,n,N,VIIRS_SNPP_NRT,1
59.0621,28.1348,2026-07-30T01:52:00Z,1.5,N,n,N,VIIRS_SNPP_NRT,1
59.382,28.4603,2026-07-30T01:52:00Z,0.98,N,n,N,VIIRS_SNPP_NRT,1
59.3862,28.4657,2026-07-30T01:52:00Z,1.77,N,n,N,VIIRS_SNPP_NRT,1
-12.576,-65.9969,2026-07-30T01:52:00Z,20.24,Terra,26,N,MODIS_NRT,1
59.3872,28.4593,2026-07-30T01:52:00Z,2.66,N,n,N,VIIRS_SNPP_NRT,1
65.768,24.1855,2026-07-30T01:49:00Z,5.04,N,n,D,VIIRS_SNPP_NRT,1
-22.3177,-68.8829,2026-07-30T01:49:00Z,14.48,Terra,50,N,MODIS_NRT,1
67.8372,58.9277,2026-07-30T01:47:00Z,3.26,N,n,D,VIIRS_SNPP_NRT,1
67.9556,55.4749,2026-07-30T01:47:00Z,7.75,N,n,D,VIIRS_SNPP_NRT,1
69.2634,57.2878,2026-07-30T01:47:00Z,4.61,N,n,D,VIIRS_SNPP_NRT,1
69.2638,57.2851,2026-07-30T01:47:00Z,3.88,N,n,D,VIIRS_SNPP_NRT,1
68.5237,79.9589,2026-07-30T01:45:00Z,6.61,N,n,D,VIIRS_SNPP_NRT,1
70.9986,73.8412,2026-07-30T01:45:00Z,4.4,N,n,D,VIIRS_SNPP_NRT,1
67.2814,83.0405,2026-07-30T01:43:00Z,7.05,N,n,D,VIIRS_SNPP_NRT,1
68.0599,83.3594,2026-07-30T01:43:00Z,10.13,N,n,D,VIIRS_SNPP_NRT,1
68.0609,83.357,2026-07-30T01:43:00Z,7.42,N,n,D,VIIRS_SNPP_NRT,1
67.8698,84.3066,2026-07-30T01:43:00Z,5.6,N,n,D,VIIRS_SNPP_NRT,1
68.0626,83.4137,2026-07-30T01:43:00Z,10.32,N,n,D,VIIRS_SNPP_NRT,1
67.5525,83.2176,2026-07-30T01:43:00Z,24.78,N,n,D,VIIRS_SNPP_NRT,1
67.5518,83.1986,2026-07-30T01:43:00Z,28.29,N,n,D,VIIRS_SNPP_NRT,1
67.5452,83.2191,2026-07-30T01:43:00Z,21.56,N,n,D,VIIRS_SNPP_NRT,1
67.5447,83.2,2026-07-30T01:43:00Z,27.42,N,n,D,VIIRS_SNPP_NRT,1
67.277,83.2152,2026-07-30T01:43:00Z,5.66,N,n,D,VIIRS_SNPP_NRT,1
65.8563,113.4044,2026-07-30T01:43:00Z,12.97,N,n,D,VIIRS_SNPP_NRT,1
65.8522,113.4188,2026-07-30T01:43:00Z,24.25,N,n,D,VIIRS_SNPP_NRT,1
65.8517,113.4057,2026-07-30T01:43:00Z,45.07,N,h,D,VIIRS_SNPP_NRT,1
65.8458,113.4114,2026-07-30T01:43:00Z,17.23,N,n,D,VIIRS_SNPP_NRT,1
68.0623,83.3948,2026-07-30T01:43:00Z,10.32,N,n,D,VIIRS_SNPP_NRT,1
68.0688,83.3935,2026-07-30T01:43:00Z,10.32,N,n,D,VIIRS_SNPP_NRT,1
68.0681,83.3746,2026-07-30T01:43:00Z,7.42,N,n,D,VIIRS_SNPP_NRT,1
68.41,83.6281,2026-07-30T01:43:00Z,7.3,N,n,D,VIIRS_SNPP_NRT,1
65.975,117.6532,2026-07-30T01:41:00Z,7.02,N,n,D,VIIRS_SNPP_NRT,1
66.4352,117.8712,2026-07-30T01:41:00Z,20.39,N,l,D,VIIRS_SNPP_NRT,1
66.4338,117.8859,2026-07-30T01:41:00Z,7.81,N,n,D,VIIRS_SNPP_NRT,1
66.4323,117.865,2026-07-30T01:41:00Z,6.54,N,n,D,VIIRS_SNPP_NRT,1
66.429,117.8792,2026-07-30T01:41:00Z,6.54,N,n,D,VIIRS_SNPP_NRT,1
65.9635,117.7322,2026-07-30T01:41:00Z,5.94,N,n,D,VIIRS_SNPP_NRT,1
65.9666,117.7175,2026-07-30T01:41:00Z,12.41,N,n,D,VIIRS_SNPP_NRT,1
65.9716,117.6675,2026-07-30T01:41:00Z,9.52,N,n,D,VIIRS_SNPP_NRT,1
65.9781,117.7843,2026-07-30T01:41:00Z,4.5,N,n,D,VIIRS_SNPP_NRT,1
66.4399,117.878,2026-07-30T01:41:00Z,15.78,N,n,D,VIIRS_SNPP_NRT,1
66.1261,117.4152,2026-07-30T01:41:00Z,6.2,N,n,D,VIIRS_SNPP_NRT,1
66.122,117.4143,2026-07-30T01:41:00Z,11.89,N,n,D,VIIRS_SNPP_NRT,1
65.9875,117.8035,2026-07-30T01:41:00Z,15.58,N,n,D,VIIRS_SNPP_NRT,1
65.9889,117.8244,2026-07-30T01:41:00Z,12.12,N,h,D,VIIRS_SNPP_NRT,1
65.9895,117.8194,2026-07-30T01:41:00Z,11.83,N,h,D,VIIRS_SNPP_NRT,1
65.9925,117.8105,2026-07-30T01:41:00Z,12.12,N,l,D,VIIRS_SNPP_NRT,1
65.9931,117.8055,2026-07-30T01:41:00Z,11.83,N,n,D,VIIRS_SNPP_NRT,1
66.4371,117.8717,2026-07-30T01:41:00Z,7.81,N,n,D,VIIRS_SNPP_NRT,1
66.0063,117.8107,2026-07-30T01:41:00Z,12.22,N,l,D,VIIRS_SNPP_NRT,1
66.4418,117.8784,2026-07-30T01:41:00Z,7.81,N,n,D,VIIRS_SNPP_NRT,1
65.9982,117.8126,2026-07-30T01:41:00Z,11.83,N,n,D,VIIRS_SNPP_NRT,1
66.0145,117.8031,2026-07-30T01:41:00Z,12.22,N,n,D,VIIRS_SNPP_NRT,1
66.0296,117.8242,2026-07-30T01:41:00Z,15.71,N,n,D,VIIRS_SNPP_NRT,1
66.0462,117.8663,2026-07-30T01:41:00Z,11.93,N,n,D,VIIRS_SNPP_NRT,1
66.0512,117.8732,2026-07-30T01:41:00Z,11.93,N,n,D,VIIRS_SNPP_NRT,1
66.1089,117.4153,2026-07-30T01:41:00Z,5.7,N,n,D,VIIRS_SNPP_NRT,1
66.1131,117.4162,2026-07-30T01:41:00Z,7.79,N,n,D,VIIRS_SNPP_NRT,1
66.1212,117.4084,2026-07-30T01:41:00Z,6.2,N,n,D,VIIRS_SNPP_NRT,1
66.0033,117.8199,2026-07-30T01:41:00Z,13.77,N,n,D,VIIRS_SNPP_NRT,1
65.9976,117.8176,2026-07-30T01:41:00Z,12.12,N,n,D,VIIRS_SNPP_NRT,1
66.4479,117.8706,2026-07-30T01:41:00Z,10.55,N,n,D,VIIRS_SNPP_NRT,1
65.9962,117.7966,2026-07-30T01:41:00Z,26.61,N,n,D,VIIRS_SNPP_NRT,1
65.9947,117.8267,2026-07-30T01:41:00Z,11.83,N,n,D,VIIRS_SNPP_NRT,1
69.4021,108.7418,2026-07-30T01:41:00Z,11.55,N,n,D,VIIRS_SNPP_NRT,1
69.4003,108.7582,2026-07-30T01:41:00Z,11.55,N,n,D,VIIRS_SNPP_NRT,1
69.3963,108.754,2026-07-30T01:41:00Z,11.55,N,n,D,VIIRS_SNPP_NRT,1
66.4498,117.8709,2026-07-30T01:41:00Z,4.34,N,n,D,VIIRS_SNPP_NRT,1
66.0095,117.7962,2026-07-30T01:41:00Z,12.22,N,l,D,VIIRS_SNPP_NRT,1
68.5801,155.3946,2026-07-30T01:39:00Z,2.45,N,n,D,VIIRS_SNPP_NRT,1
68.6271,155.5707,2026-07-30T01:39:00Z,5.33,N,n,D,VIIRS_SNPP_NRT,1
68.5994,155.5294,2026-07-30T01:39:00Z,1.88,N,n,D,VIIRS_SNPP_NRT,1
68.6251,155.5711,2026-07-30T01:39:00Z,4.91,N,n,D,VIIRS_SNPP_NRT,1
-16.5063,178.9672,2026-07-30T01:34:00Z,2.62,N20,n,D,VIIRS_NOAA20_NRT,1
-17.24,-178.9584,2026-07-30T01:34:00Z,3.44,N20,n,D,VIIRS_NOAA20_NRT,1
-16.6969,178.6307,2026-07-30T01:34:00Z,6.18,N20,n,D,VIIRS_NOAA20_NRT,1
-16.6974,178.6265,2026-07-30T01:34:00Z,6.18,N20,n,D,VIIRS_NOAA20_NRT,1
-16.759,178.7345,2026-07-30T01:34:00Z,8.63,N20,n,D,VIIRS_NOAA20_NRT,1
-16.3206,179.6055,2026-07-30T01:34:00Z,3.13,N20,n,D,VIIRS_NOAA20_NRT,1
-16.7596,178.7304,2026-07-30T01:34:00Z,8.63,N20,n,D,VIIRS_NOAA20_NRT,1
-16.5763,179.1097,2026-07-30T01:34:00Z,3.04,N20,n,D,VIIRS_NOAA20_NRT,1
-16.7842,179.4846,2026-07-30T01:34:00Z,3.93,N20,n,D,VIIRS_NOAA20_NRT,1
-16.7847,179.4807,2026-07-30T01:34:00Z,2.69,N20,n,D,VIIRS_NOAA20_NRT,1
-16.7999,178.6663,2026-07-30T01:34:00Z,5.22,N20,n,D,VIIRS_NOAA20_NRT,1
-16.8005,178.662,2026-07-30T01:34:00Z,4.37,N20,n,D,VIIRS_NOAA20_NRT,1
-16.8041,178.6625,2026-07-30T01:34:00Z,8.57,N20,n,D,VIIRS_NOAA20_NRT,1
-16.8897,177.4171,2026-07-30T01:34:00Z,3.92,N20,n,D,VIIRS_NOAA20_NRT,1
-17.2405,-178.962,2026-07-30T01:34:00Z,3.59,N20,n,D,VIIRS_NOAA20_NRT,1
-16.6731,178.725,2026-07-30T01:34:00Z,2.82,N20,n,D,VIIRS_NOAA20_NRT,1
-17.2932,-178.9946,2026-07-30T01:34:00Z,5.61,N20,n,D,VIIRS_NOAA20_NRT,1
-17.4951,177.6131,2026-07-30T01:34:00Z,3.76,N20,n,D,VIIRS_NOAA20_NRT,1
-17.5221,177.7596,2026-07-30T01:34:00Z,13.49,N20,n,D,VIIRS_NOAA20_NRT,1
-17.5227,177.7548,2026-07-30T01:34:00Z,25.79,N20,n,D,VIIRS_NOAA20_NRT,1
-17.5265,177.7553,2026-07-30T01:34:00Z,6.08,N20,n,D,VIIRS_NOAA20_NRT,1
-17.558,177.8085,2026-07-30T01:34:00Z,3.07,N20,n,D,VIIRS_NOAA20_NRT,1
-17.5586,177.8037,2026-07-30T01:34:00Z,3.07,N20,n,D,VIIRS_NOAA20_NRT,1
-17.5618,177.8089,2026-07-30T01:34:00Z,3.07,N20,n,D,VIIRS_NOAA20_NRT,1
-18.0367,177.4979,2026-07-30T01:34:00Z,5.33,N20,n,D,VIIRS_NOAA20_NRT,1
-18.0373,177.4929,2026-07-30T01:34:00Z,5.33,N20,n,D,VIIRS_NOAA20_NRT,1
-18.1175,177.5705,2026-07-30T01:34:00Z,5.5,N20,n,D,VIIRS_NOAA20_NRT,1
-18.1197,177.5687,2026-07-30T01:34:00Z,2.77,N20,n,D,VIIRS_NOAA20_NRT,1
-16.6868,178.6244,2026-07-30T01:34:00Z,3.22,N20,n,D,VIIRS_NOAA20_NRT,1
-16.7626,178.7351,2026-07-30T01:34:00Z,8.63,N20,n,D,VIIRS_NOAA20_NRT,1
-16.6635,178.8213,2026-07-30T01:34:00Z,4.56,N20,n,D,VIIRS_NOAA20_NRT,1
-16.5906,179.0332,2026-07-30T01:34:00Z,5.18,N20,n,D,VIIRS_NOAA20_NRT,1
-16.6053,179.0313,2026-07-30T01:34:00Z,4.31,N20,n,D,VIIRS_NOAA20_NRT,1
-16.6106,179.0445,2026-07-30T01:34:00Z,2.69,N20,n,D,VIIRS_NOAA20_NRT,1
-16.6172,178.8957,2026-07-30T01:34:00Z,3.45,N20,n,D,VIIRS_NOAA20_NRT,1
-16.6196,178.9044,2026-07-30T01:34:00Z,3.29,N20,n,D,VIIRS_NOAA20_NRT,1
-16.6231,178.905,2026-07-30T01:34:00Z,3.29,N20,n,D,VIIRS_NOAA20_NRT,1
-16.6665,178.826,2026-07-30T01:34:00Z,7.75,N20,n,D,VIIRS_NOAA20_NRT,1
-16.6695,178.7244,2026-07-30T01:34:00Z,2.82,N20,n,D,VIIRS_NOAA20_NRT,1
-16.6702,178.7258,2026-07-30T01:34:00Z,3.65,N20,n,D,VIIRS_NOAA20_NRT,1
-19.7324,-175.0724,2026-07-30T01:32:00Z,2.1,N20,n,D,VIIRS_NOAA20_NRT,1
-26.6684,28.6826,2026-07-30T01:22:00Z,20.83,Aqua,99,N,MODIS_NRT,1
-26.6597,28.6842,2026-07-30T01:22:00Z,76.24,Aqua,100,N,MODIS_NRT,1
-26.667,28.6729,2026-07-30T01:22:00Z,13.45,Aqua,68,N,MODIS_NRT,1
-26.6582,28.6745,2026-07-30T01:22:00Z,8.34,Aqua,35,N,MODIS_NRT,1
-20.3273,29.0553,2026-07-30T01:20:00Z,9.7,Aqua,57,N,MODIS_NRT,1
-18.4008,26.5085,2026-07-30T01:20:00Z,18.08,Aqua,68,N,MODIS_NRT,1
-18.3985,26.4951,2026-07-30T01:20:00Z,10.85,Aqua,20,N,MODIS_NRT,1
-12.0786,26.3963,2026-07-30T01:20:00Z,20.91,Aqua,49,N,MODIS_NRT,1
-12.0766,26.4089,2026-07-30T01:20:00Z,16.34,Aqua,22,N,MODIS_NRT,1
-5.3552,27.5944,2026-07-30T01:17:00Z,17.3,Aqua,57,N,MODIS_NRT,1
-4.666,30.8972,2026-07-30T01:17:00Z,15.04,Aqua,77,N,MODIS_NRT,1
-5.5786,29.3033,2026-07-30T01:17:00Z,9.15,Aqua,44,N,MODIS_NRT,1
-8.8631,31.2471,2026-07-30T01:17:00Z,5.89,Aqua,41,N,MODIS_NRT,1
-9.2254,30.7874,2026-07-30T01:17:00Z,11.83,Aqua,72,N,MODIS_NRT,1
-9.2346,30.786,2026-07-30T01:17:00Z,32.21,Aqua,100,N,MODIS_NRT,1
-4.6757,30.8957,2026-07-30T01:17:00Z,16.06,Aqua,82,N,MODIS_NRT,1
-1.3984,29.2159,2026-07-30T01:15:00Z,24.33,Aqua,58,N,MODIS_NRT,1
-1.4216,29.2133,2026-07-30T01:15:00Z,69.33,Aqua,100,N,MODIS_NRT,1
-1.4078,29.2002,2026-07-30T01:15:00Z,877.09,Aqua,100,N,MODIS_NRT,1
-1.4101,29.2153,2026-07-30T01:15:00Z,737.85,Aqua,100,N,MODIS_NRT,1
-1.4193,29.198,2026-07-30T01:15:00Z,46.63,Aqua,94,N,MODIS_NRT,1
-1.3961,29.2007,2026-07-30T01:15:00Z,201.09,Aqua,100,N,MODIS_NRT,1
-1.3933,29.1831,2026-07-30T01:15:00Z,25.28,Aqua,71,N,MODIS_NRT,1
-16.8017,178.6652,2026-07-30T01:13:00Z,4.42,N,n,D,VIIRS_SNPP_NRT,1
-16.5786,179.1115,2026-07-30T01:13:00Z,1.87,N,n,D,VIIRS_SNPP_NRT,1
-16.5924,179.0346,2026-07-30T01:13:00Z,1.9,N,n,D,VIIRS_SNPP_NRT,1
-16.6184,178.8964,2026-07-30T01:13:00Z,3.21,N,n,D,VIIRS_SNPP_NRT,1
-16.664,178.8242,2026-07-30T01:13:00Z,5.29,N,n,D,VIIRS_SNPP_NRT,1
-16.6692,178.8249,2026-07-30T01:13:00Z,5.29,N,n,D,VIIRS_SNPP_NRT,1
-16.6939,178.6286,2026-07-30T01:13:00Z,4.71,N,n,D,VIIRS_SNPP_NRT,1
-16.697,178.6287,2026-07-30T01:13:00Z,2.59,N,n,D,VIIRS_SNPP_NRT,1
-16.7585,178.7306,2026-07-30T01:13:00Z,4.13,N,n,D,VIIRS_SNPP_NRT,1
-16.7635,178.7345,2026-07-30T01:13:00Z,4.13,N,n,D,VIIRS_SNPP_NRT,1
-16.7638,178.7313,2026-07-30T01:13:00Z,4.13,N,n,D,VIIRS_SNPP_NRT,1
-16.7989,178.6603,2026-07-30T01:13:00Z,3.24,N,n,D,VIIRS_SNPP_NRT,1
-17.2398,-178.9579,2026-07-30T01:13:00Z,8.06,N,n,D,VIIRS_SNPP_NRT,1
-17.2404,-178.9628,2026-07-30T01:13:00Z,4.52,N,n,D,VIIRS_SNPP_NRT,1
-17.4921,177.973,2026-07-30T01:13:00Z,3.52,N,n,D,VIIRS_SNPP_NRT,1
-17.5108,177.9884,2026-07-30T01:13:00Z,21.48,N,h,D,VIIRS_SNPP_NRT,1
-17.5112,177.9847,2026-07-30T01:13:00Z,10.35,N,n,D,VIIRS_SNPP_NRT,1
-17.5131,177.9902,2026-07-30T01:13:00Z,12.86,N,n,D,VIIRS_SNPP_NRT,1
-17.5135,177.9863,2026-07-30T01:13:00Z,16.95,N,h,D,VIIRS_SNPP_NRT,1
-17.5733,177.8256,2026-07-30T01:13:00Z,2.99,N,n,D,VIIRS_SNPP_NRT,1
-18.04,177.4957,2026-07-30T01:13:00Z,5.9,N,n,D,VIIRS_SNPP_NRT,1
-21.3325,120.3575,2026-07-30T01:11:00Z,68.08,Terra,47,D,MODIS_NRT,1
10.0514,40.5309,2026-07-30T01:11:00Z,6.73,Aqua,39,N,MODIS_NRT,1
-21.3256,120.3246,2026-07-30T01:11:00Z,82.16,Terra,71,D,MODIS_NRT,1
-21.3289,120.3651,2026-07-30T01:11:00Z,91.48,Terra,73,D,MODIS_NRT,1
-7.3041,112.1483,2026-07-30T01:09:00Z,7.56,Terra,65,D,MODIS_NRT,1
-8.2774,117.7665,2026-07-30T01:09:00Z,21.69,Terra,0,D,MODIS_NRT,1
-7.6153,112.4492,2026-07-30T01:09:00Z,4.19,Terra,53,D,MODIS_NRT,1
-8.2797,117.7718,2026-07-30T01:09:00Z,16.1,Terra,52,D,MODIS_NRT,1
-8.255,112.5948,2026-07-30T01:09:00Z,5.07,Terra,60,D,MODIS_NRT,1
-8.2227,112.1198,2026-07-30T01:09:00Z,4.85,Terra,61,D,MODIS_NRT,1
-8.0972,112.5934,2026-07-30T01:09:00Z,3.97,Terra,55,D,MODIS_NRT,1
-7.7989,110.607,2026-07-30T01:09:00Z,4.39,Terra,55,D,MODIS_NRT,1
-7.6616,112.3184,2026-07-30T01:09:00Z,3.88,Terra,53,D,MODIS_NRT,1
-7.901,113.9384,2026-07-30T01:09:00Z,6.88,Terra,66,D,MODIS_NRT,1
-7.5079,112.407,2026-07-30T01:09:00Z,4.56,Terra,53,D,MODIS_NRT,1
-7.312,112.2658,2026-07-30T01:09:00Z,13.02,Terra,75,D,MODIS_NRT,1
-7.292,112.3776,2026-07-30T01:09:00Z,4.62,Terra,54,D,MODIS_NRT,1
-7.2614,112.2911,2026-07-30T01:09:00Z,5.73,Terra,57,D,MODIS_NRT,1
-7.2602,112.2822,2026-07-30T01:09:00Z,14.74,Terra,76,D,MODIS_NRT,1
-6.8466,111.2247,2026-07-30T01:09:00Z,5.23,Terra,57,D,MODIS_NRT,1
24.0278,40.4811,2026-07-30T01:09:00Z,6.29,Aqua,67,N,MODIS_NRT,1
26.9551,49.6024,2026-07-30T01:07:00Z,21.28,Aqua,16,N,MODIS_NRT,1
30.2813,47.3636,2026-07-30T01:07:00Z,19.67,Aqua,83,N,MODIS_NRT,1
30.1668,47.4157,2026-07-30T01:07:00Z,18.96,Aqua,82,N,MODIS_NRT,1
28.4982,49.7225,2026-07-30T01:07:00Z,67.5,Aqua,100,N,MODIS_NRT,1
28.4914,49.7255,2026-07-30T01:07:00Z,52.79,Aqua,97,N,MODIS_NRT,1
27.7705,52.1742,2026-07-30T01:07:00Z,42.83,Aqua,67,N,MODIS_NRT,1
27.7605,52.1766,2026-07-30T01:07:00Z,35.56,Aqua,59,N,MODIS_NRT,1
27.7181,52.2091,2026-07-30T01:07:00Z,43.48,Aqua,71,N,MODIS_NRT,1
31.1616,48.0676,2026-07-30T01:07:00Z,83.62,Aqua,100,N,MODIS_NRT,1
-1.8921,115.8588,2026-07-30T01:07:00Z,9.03,Terra,64,D,MODIS_NRT,1
-1.8934,115.8684,2026-07-30T01:07:00Z,16.8,Terra,75,D,MODIS_NRT,1
-2.5751,121.3761,2026-07-30T01:07:00Z,106.51,Terra,85,D,MODIS_NRT,1
-2.9387,115.238,2026-07-30T01:07:00Z,6.43,Terra,52,D,MODIS_NRT,1
-3.0372,115.1527,2026-07-30T01:07:00Z,6.88,Terra,63,D,MODIS_NRT,1
-3.0881,115.1206,2026-07-30T01:07:00Z,10.37,Terra,73,D,MODIS_NRT,1
30.5023,47.3156,2026-07-30T01:07:00Z,14.26,Aqua,75,N,MODIS_NRT,1
30.2816,47.3687,2026-07-30T01:07:00Z,19.49,Aqua,83,N,MODIS_NRT,1
31.0377,41.4213,2026-07-30T01:07:00Z,8.1,Aqua,79,N,MODIS_NRT,1
30.5653,47.1089,2026-07-30T01:07:00Z,42.75,Aqua,100,N,MODIS_NRT,1
30.7507,48.2905,2026-07-30T01:07:00Z,127.88,Aqua,100,N,MODIS_NRT,1
30.7528,48.3041,2026-07-30T01:07:00Z,18.86,Aqua,79,N,MODIS_NRT,1
30.7546,48.2716,2026-07-30T01:07:00Z,41.61,Aqua,100,N,MODIS_NRT,1
30.7566,48.285,2026-07-30T01:07:00Z,171.19,Aqua,100,N,MODIS_NRT,1
31.085,47.7988,2026-07-30T01:07:00Z,18.03,Aqua,78,N,MODIS_NRT,1
31.0961,47.8018,2026-07-30T01:07:00Z,27.46,Aqua,90,N,MODIS_NRT,1
30.6146,47.3346,2026-07-30T01:07:00Z,17.68,Aqua,81,N,MODIS_NRT,1
31.1652,48.0496,2026-07-30T01:07:00Z,27.46,Aqua,90,N,MODIS_NRT,1
31.2677,48.1224,2026-07-30T01:07:00Z,38.2,Aqua,99,N,MODIS_NRT,1
31.2766,48.1301,2026-07-30T01:07:00Z,62.38,Aqua,100,N,MODIS_NRT,1
31.2802,48.112,2026-07-30T01:07:00Z,40.52,Aqua,100,N,MODIS_NRT,1
31.3598,45.9701,2026-07-30T01:07:00Z,6.67,Aqua,22,N,MODIS_NRT,1
36.0174,50.5065,2026-07-30T01:05:00Z,15.34,Aqua,49,N,MODIS_NRT,1
36.012,50.4998,2026-07-30T01:05:00Z,26.6,Aqua,73,N,MODIS_NRT,1
35.6314,44.0035,2026-07-30T01:05:00Z,8.45,Aqua,78,N,MODIS_NRT,1
36.4687,32.3014,2026-07-30T01:05:00Z,42.75,Aqua,38,N,MODIS_NRT,1
35.7287,44.0496,2026-07-30T01:05:00Z,10.82,Aqua,92,N,MODIS_NRT,1
35.7304,44.0389,2026-07-30T01:05:00Z,12.77,Aqua,97,N,MODIS_NRT,1
35.6891,43.8793,2026-07-30T01:05:00Z,36.98,Aqua,100,N,MODIS_NRT,1
33.2202,44.7635,2026-07-30T01:05:00Z,7.59,Aqua,73,N,MODIS_NRT,1
35.533,44.338,2026-07-30T01:05:00Z,6.73,Aqua,73,N,MODIS_NRT,1
35.4855,44.1642,2026-07-30T01:05:00Z,11.61,Aqua,87,N,MODIS_NRT,1
35.3837,44.223,2026-07-30T01:05:00Z,7.88,Aqua,74,N,MODIS_NRT,1
35.2474,44.4324,2026-07-30T01:05:00Z,11.67,Aqua,93,N,MODIS_NRT,1
34.9012,43.8069,2026-07-30T01:05:00Z,38.93,Aqua,100,N,MODIS_NRT,1
34.8995,43.8175,2026-07-30T01:05:00Z,7.92,Aqua,80,N,MODIS_NRT,1
34.8674,44.0202,2026-07-30T01:05:00Z,7.7,Aqua,80,N,MODIS_NRT,1
34.8658,44.0309,2026-07-30T01:05:00Z,7.65,Aqua,81,N,MODIS_NRT,1
33.3261,44.5736,2026-07-30T01:05:00Z,7.48,Aqua,75,N,MODIS_NRT,1
35.6297,44.0142,2026-07-30T01:05:00Z,23.88,Aqua,100,N,MODIS_NRT,1
33.2183,44.7748,2026-07-30T01:05:00Z,9.58,Aqua,81,N,MODIS_NRT,1
33.1596,44.7907,2026-07-30T01:05:00Z,13.03,Aqua,89,N,MODIS_NRT,1
32.4965,47.2183,2026-07-30T01:05:00Z,12.73,Aqua,80,N,MODIS_NRT,1
32.1169,47.4196,2026-07-30T01:05:00Z,14.8,Aqua,77,N,MODIS_NRT,1
6.4073,117.4381,2026-07-30T01:05:00Z,4.95,Terra,60,D,MODIS_NRT,1
35.4872,44.1534,2026-07-30T01:05:00Z,24.76,Aqua,100,N,MODIS_NRT,1
14.3022,120.7472,2026-07-30T01:02:00Z,9.08,Terra,49,D,MODIS_NRT,1
18.0948,120.491,2026-07-30T01:02:00Z,7.02,Terra,0,D,MODIS_NRT,1
51.8741,54.7425,2026-07-30T01:00:00Z,7.49,Aqua,4,D,MODIS_NRT,1
51.8704,54.7605,2026-07-30T01:00:00Z,11.53,Aqua,65,D,MODIS_NRT,1
30.3114,119.7868,2026-07-30T00:58:00Z,7.26,Terra,14,D,MODIS_NRT,1
57.946,60.0521,2026-07-30T00:58:00Z,8.75,Aqua,48,D,MODIS_NRT,1
55.6101,51.9404,2026-07-30T00:58:00Z,4.9,Aqua,33,D,MODIS_NRT,1
30.6773,122.4166,2026-07-30T00:58:00Z,7.58,Terra,32,D,MODIS_NRT,1
30.3128,119.7764,2026-07-30T00:58:00Z,7.71,Terra,38,D,MODIS_NRT,1
27.9796,128.374,2026-07-30T00:58:00Z,15.4,Terra,15,D,MODIS_NRT,1
30.039,121.2849,2026-07-30T00:58:00Z,7.21,Terra,50,D,MODIS_NRT,1
36.8487,126.4526,2026-07-30T00:56:00Z,10.86,Terra,32,D,MODIS_NRT,1
-32.9409,18.7573,2026-07-30T00:56:00Z,2.55,N20,n,N,VIIRS_NOAA20_NRT,1
-32.9394,18.7542,2026-07-30T00:56:00Z,1.95,N20,n,N,VIIRS_NOAA20_NRT,1
33.7686,130.9908,2026-07-30T00:56:00Z,24.62,Terra,0,D,MODIS_NRT,1
32.5235,121.4221,2026-07-30T00:56:00Z,6.24,Terra,49,D,MODIS_NRT,1
32.525,121.4118,2026-07-30T00:56:00Z,6.01,Terra,47,D,MODIS_NRT,1
34.7394,126.8797,2026-07-30T00:56:00Z,8.41,Terra,28,D,MODIS_NRT,1
35.7821,119.0846,2026-07-30T00:56:00Z,6.02,Terra,50,D,MODIS_NRT,1
61.5166,70.091,2026-07-30T00:56:00Z,15.56,Aqua,46,D,MODIS_NRT,1
64.6572,70.3711,2026-07-30T00:56:00Z,11.52,Aqua,38,D,MODIS_NRT,1
64.9753,71.2285,2026-07-30T00:56:00Z,9.85,Aqua,51,D,MODIS_NRT,1
64.9777,71.2285,2026-07-30T00:56:00Z,8.68,Aqua,48,D,MODIS_NRT,1
65.0523,67.9742,2026-07-30T00:56:00Z,29.77,Aqua,68,D,MODIS_NRT,1
41.138,122.9935,2026-07-30T00:54:00Z,6.77,Terra,73,D,MODIS_NRT,1
66.0783,77.4103,2026-07-30T00:54:00Z,19.32,Aqua,51,D,MODIS_NRT,1
66.193,77.2549,2026-07-30T00:54:00Z,39.5,Aqua,55,D,MODIS_NRT,1
66.401,77.4836,2026-07-30T00:54:00Z,21.41,Aqua,58,D,MODIS_NRT,1
66.2157,77.2354,2026-07-30T00:54:00Z,24.15,Aqua,52,D,MODIS_NRT,1
66.218,77.2307,2026-07-30T00:54:00Z,18.57,Aqua,46,D,MODIS_NRT,1
66.2421,76.8345,2026-07-30T00:54:00Z,25.26,Aqua,65,D,MODIS_NRT,1
-21.7765,15.9409,2026-07-30T00:54:00Z,1.02,N20,n,N,VIIRS_NOAA20_NRT,1
-22.2516,15.9805,2026-07-30T00:54:00Z,0.18,N20,n,N,VIIRS_NOAA20_NRT,1
44.6731,130.4711,2026-07-30T00:54:00Z,14.05,Terra,71,D,MODIS_NRT,1
66.2427,76.8391,2026-07-30T00:54:00Z,26.93,Aqua,65,D,MODIS_NRT,1
66.5274,76.4912,2026-07-30T00:54:00Z,16.6,Aqua,52,D,MODIS_NRT,1
68.5292,79.9783,2026-07-30T00:54:00Z,9.53,Aqua,0,D,MODIS_NRT,1
67.552,83.2255,2026-07-30T00:54:00Z,115.95,Aqua,0,D,MODIS_NRT,1
67.5493,83.2082,2026-07-30T00:54:00Z,88.72,Aqua,62,D,MODIS_NRT,1
67.5357,83.2699,2026-07-30T00:54:00Z,17.2,Aqua,33,D,MODIS_NRT,1
67.2808,83.0482,2026-07-30T00:54:00Z,27.53,Aqua,61,D,MODIS_NRT,1
67.2402,77.0082,2026-07-30T00:54:00Z,10.0,Aqua,0,D,MODIS_NRT,1
66.6976,80.4713,2026-07-30T00:54:00Z,14.15,Aqua,24,D,MODIS_NRT,1
66.6619,80.4698,2026-07-30T00:54:00Z,14.23,Aqua,36,D,MODIS_NRT,1
66.5161,76.5283,2026-07-30T00:54:00Z,29.77,Aqua,70,D,MODIS_NRT,1
66.5062,76.5092,2026-07-30T00:54:00Z,17.26,Aqua,33,D,MODIS_NRT,1
66.4956,74.7376,2026-07-30T00:54:00Z,9.8,Aqua,49,D,MODIS_NRT,1
-13.7193,14.1195,2026-07-30T00:52:00Z,2.22,N20,n,N,VIIRS_NOAA20_NRT,1
-13.5934,14.4002,2026-07-30T00:52:00Z,1.99,N20,n,N,VIIRS_NOAA20_NRT,1
-13.6074,14.5099,2026-07-30T00:52:00Z,1.27,N20,n,N,VIIRS_NOAA20_NRT,1
-13.6212,14.2936,2026-07-30T00:52:00Z,0.56,N20,n,N,VIIRS_NOAA20_NRT,1
-13.7244,14.1234,2026-07-30T00:52:00Z,2.22,N20,n,N,VIIRS_NOAA20_NRT,1
-13.7195,14.3666,2026-07-30T00:52:00Z,1.76,N20,n,N,VIIRS_NOAA20_NRT,1
-13.7199,14.1242,2026-07-30T00:52:00Z,2.22,N20,n,N,VIIRS_NOAA20_NRT,1
-13.5888,14.4004,2026-07-30T00:52:00Z,6.28,N20,n,N,VIIRS_NOAA20_NRT,1
-13.5929,14.3962,2026-07-30T00:52:00Z,1.2,N20,n,N,VIIRS_NOAA20_NRT,1
-13.5493,14.4933,2026-07-30T00:52:00Z,1.24,N20,n,N,VIIRS_NOAA20_NRT,1
-13.5883,14.3965,2026-07-30T00:52:00Z,2.48,N20,n,N,VIIRS_NOAA20_NRT,1
-13.5842,14.4008,2026-07-30T00:52:00Z,6.28,N20,n,N,VIIRS_NOAA20_NRT,1
-13.5837,14.3969,2026-07-30T00:52:00Z,2.48,N20,n,N,VIIRS_NOAA20_NRT,1
-13.5806,14.409,2026-07-30T00:52:00Z,0.9,N20,n,N,VIIRS_NOAA20_NRT,1
-13.5538,14.4917,2026-07-30T00:52:00Z,0.82,N20,n,N,VIIRS_NOAA20_NRT,1
50.5651,137.0134,2026-07-30T00:52:00Z,15.63,Terra,37,D,MODIS_NRT,1
-13.4685,14.5872,2026-07-30T00:52:00Z,0.67,N20,n,N,VIIRS_NOAA20_NRT,1
-13.7238,14.1188,2026-07-30T00:52:00Z,2.22,N20,n,N,VIIRS_NOAA20_NRT,1
-16.5679,14.4037,2026-07-30T00:52:00Z,1.12,N20,n,N,VIIRS_NOAA20_NRT,1
-13.7643,14.2385,2026-07-30T00:52:00Z,0.55,N20,n,N,VIIRS_NOAA20_NRT,1
-14.8263,15.6335,2026-07-30T00:52:00Z,0.48,N20,n,N,VIIRS_NOAA20_NRT,1
-19.6772,14.7156,2026-07-30T00:52:00Z,0.73,N20,n,N,VIIRS_NOAA20_NRT,1
-19.5192,20.2812,2026-07-30T00:52:00Z,2.84,N20,n,N,VIIRS_NOAA20_NRT,1
-18.1902,14.2744,2026-07-30T00:52:00Z,1.83,N20,n,N,VIIRS_NOAA20_NRT,1
-17.6214,14.989,2026-07-30T00:52:00Z,0.05,N20,n,N,VIIRS_NOAA20_NRT,1
-16.4636,15.7779,2026-07-30T00:52:00Z,0.6,N20,n,N,VIIRS_NOAA20_NRT,1
-16.1627,17.6828,2026-07-30T00:52:00Z,0.83,N20,n,N,VIIRS_NOAA20_NRT,1
-15.7835,17.762,2026-07-30T00:52:00Z,1.58,N20,n,N,VIIRS_NOAA20_NRT,1
-15.7823,17.7642,2026-07-30T00:52:00Z,1.16,N20,n,N,VIIRS_NOAA20_NRT,1
-15.6012,16.1012,2026-07-30T00:52:00Z,0.54,N20,n,N,VIIRS_NOAA20_NRT,1
-15.6008,16.098,2026-07-30T00:52:00Z,0.72,N20,n,N,VIIRS_NOAA20_NRT,1
-13.7893,14.2537,2026-07-30T00:52:00Z,3.59,N20,n,N,VIIRS_NOAA20_NRT,1
-15.209,16.1205,2026-07-30T00:52:00Z,1.42,N20,n,N,VIIRS_NOAA20_NRT,1
-15.6008,16.1013,2026-07-30T00:52:00Z,0.51,N20,n,N,VIIRS_NOAA20_NRT,1
-14.8138,15.8575,2026-07-30T00:52:00Z,0.81,N20,n,N,VIIRS_NOAA20_NRT,1
-14.6756,15.4827,2026-07-30T00:52:00Z,1.86,N20,n,N,VIIRS_NOAA20_NRT,1
-14.0856,15.9908,2026-07-30T00:52:00Z,0.6,N20,n,N,VIIRS_NOAA20_NRT,1
-14.2654,19.536,2026-07-30T00:52:00Z,0.64,N20,n,N,VIIRS_NOAA20_NRT,1
-14.8135,15.8544,2026-07-30T00:52:00Z,0.81,N20,n,N,VIIRS_NOAA20_NRT,1
-14.3195,16.2605,2026-07-30T00:52:00Z,0.28,N20,n,N,VIIRS_NOAA20_NRT,1
-14.2906,16.1973,2026-07-30T00:52:00Z,0.32,N20,n,N,VIIRS_NOAA20_NRT,1
-14.6758,15.4818,2026-07-30T00:52:00Z,1.21,N20,n,N,VIIRS_NOAA20_NRT,1
-14.6765,15.4874,2026-07-30T00:52:00Z,1.15,N20,n,N,VIIRS_NOAA20_NRT,1
-14.7557,15.6786,2026-07-30T00:52:00Z,1.01,N20,n,N,VIIRS_NOAA20_NRT,1
-14.8111,15.855,2026-07-30T00:52:00Z,0.87,N20,n,N,VIIRS_NOAA20_NRT,1
-14.8115,15.858,2026-07-30T00:52:00Z,0.87,N20,n,N,VIIRS_NOAA20_NRT,1
63.5463,129.6567,2026-07-30T00:50:00Z,5.18,Terra,48,D,MODIS_NRT,1
66.4381,117.8902,2026-07-30T00:50:00Z,18.74,Terra,40,D,MODIS_NRT,1
66.0083,117.8224,2026-07-30T00:50:00Z,54.42,Terra,39,D,MODIS_NRT,1
65.996,117.8263,2026-07-30T00:50:00Z,86.84,Terra,68,D,MODIS_NRT,1
65.9939,117.821,2026-07-30T00:50:00Z,95.2,Terra,64,D,MODIS_NRT,1
63.537,129.6519,2026-07-30T00:50:00Z,6.79,Terra,50,D,MODIS_NRT,1
60.5724,142.8968,2026-07-30T00:50:00Z,4.42,Terra,26,D,MODIS_NRT,1
-5.3779,11.4452,2026-07-30T00:50:00Z,0.55,N20,n,N,VIIRS_NOAA20_NRT,1
-11.1968,15.6559,2026-07-30T00:50:00Z,0.88,N20,n,N,VIIRS_NOAA20_NRT,1
-11.128,16.7343,2026-07-30T00:50:00Z,0.9,N20,n,N,VIIRS_NOAA20_NRT,1
-11.1271,14.9898,2026-07-30T00:50:00Z,1.16,N20,n,N,VIIRS_NOAA20_NRT,1
-11.1251,15.667,2026-07-30T00:50:00Z,1.03,N20,n,N,VIIRS_NOAA20_NRT,1
-11.1203,15.6677,2026-07-30T00:50:00Z,5.28,N20,n,N,VIIRS_NOAA20_NRT,1
-11.1197,15.6626,2026-07-30T00:50:00Z,5.28,N20,n,N,VIIRS_NOAA20_NRT,1
-11.119,15.6577,2026-07-30T00:50:00Z,3.03,N20,n,N,VIIRS_NOAA20_NRT,1
-11.1024,15.0501,2026-07-30T00:50:00Z,1.42,N20,n,N,VIIRS_NOAA20_NRT,1
-11.0976,16.1872,2026-07-30T00:50:00Z,1.51,N20,n,N,VIIRS_NOAA20_NRT,1
-11.0729,15.4577,2026-07-30T00:50:00Z,4.01,N20,n,N,VIIRS_NOAA20_NRT,1
-11.0682,15.4589,2026-07-30T00:50:00Z,4.01,N20,n,N,VIIRS_NOAA20_NRT,1
-11.0529,20.4994,2026-07-30T00:50:00Z,6.07,N20,n,N,VIIRS_NOAA20_NRT,1
-10.9938,16.5642,2026-07-30T00:50:00Z,1.34,N20,n,N,VIIRS_NOAA20_NRT,1
-10.9517,15.6449,2026-07-30T00:50:00Z,0.75,N20,n,N,VIIRS_NOAA20_NRT,1
-10.9413,17.522,2026-07-30T00:50:00Z,0.91,N20,n,N,VIIRS_NOAA20_NRT,1
-10.9409,17.5185,2026-07-30T00:50:00Z,1.51,N20,n,N,VIIRS_NOAA20_NRT,1
-10.9362,15.6762,2026-07-30T00:50:00Z,2.23,N20,n,N,VIIRS_NOAA20_NRT,1
-10.9359,15.674,2026-07-30T00:50:00Z,2.31,N20,n,N,VIIRS_NOAA20_NRT,1
-10.9324,16.4768,2026-07-30T00:50:00Z,0.77,N20,n,N,VIIRS_NOAA20_NRT,1
-10.9315,15.6772,2026-07-30T00:50:00Z,2.23,N20,n,N,VIIRS_NOAA20_NRT,1
-11.1399,17.0372,2026-07-30T00:50:00Z,1.11,N20,n,N,VIIRS_NOAA20_NRT,1
-11.2016,15.6551,2026-07-30T00:50:00Z,1.15,N20,n,N,VIIRS_NOAA20_NRT,1
-10.9118,16.3235,2026-07-30T00:50:00Z,0.69,N20,n,N,VIIRS_NOAA20_NRT,1
-11.2272,15.7375,2026-07-30T00:50:00Z,2.45,N20,n,N,VIIRS_NOAA20_NRT,1
-11.4306,15.4002,2026-07-30T00:50:00Z,1.9,N20,n,N,VIIRS_NOAA20_NRT,1
-11.3942,16.854,2026-07-30T00:50:00Z,0.43,N20,n,N,VIIRS_NOAA20_NRT,1
-11.3938,16.8506,2026-07-30T00:50:00Z,0.31,N20,n,N,VIIRS_NOAA20_NRT,1
-11.3811,15.4265,2026-07-30T00:50:00Z,2.16,N20,n,N,VIIRS_NOAA20_NRT,1
-11.3547,15.7804,2026-07-30T00:50:00Z,4.3,N20,n,N,VIIRS_NOAA20_NRT,1
-11.3494,16.8358,2026-07-30T00:50:00Z,1.26,N20,n,N,VIIRS_NOAA20_NRT,1
-11.349,16.8329,2026-07-30T00:50:00Z,1.37,N20,n,N,VIIRS_NOAA20_NRT,1
-11.302,16.7966,2026-07-30T00:50:00Z,0.25,N20,n,N,VIIRS_NOAA20_NRT,1
-11.3009,16.7964,2026-07-30T00:50:00Z,0.32,N20,n,N,VIIRS_NOAA20_NRT,1
-11.282,15.1674,2026-07-30T00:50:00Z,0.92,N20,n,N,VIIRS_NOAA20_NRT,1
-11.2743,16.7958,2026-07-30T00:50:00Z,1.2,N20,n,N,VIIRS_NOAA20_NRT,1
-11.2691,16.7965,2026-07-30T00:50:00Z,0.56,N20,n,N,VIIRS_NOAA20_NRT,1
-11.2683,16.3631,2026-07-30T00:50:00Z,0.54,N20,n,N,VIIRS_NOAA20_NRT,1
-11.2616,15.9224,2026-07-30T00:50:00Z,1.72,N20,n,N,VIIRS_NOAA20_NRT,1
-11.2609,15.9169,2026-07-30T00:50:00Z,2.24,N20,n,N,VIIRS_NOAA20_NRT,1
-11.2602,15.9114,2026-07-30T00:50:00Z,2.24,N20,n,N,VIIRS_NOAA20_NRT,1
-11.2543,15.9802,2026-07-30T00:50:00Z,3.4,N20,n,N,VIIRS_NOAA20_NRT,1
-11.2453,16.2229,2026-07-30T00:50:00Z,0.98,N20,n,N,VIIRS_NOAA20_NRT,1
-11.232,15.7368,2026-07-30T00:50:00Z,1.25,N20,n,N,VIIRS_NOAA20_NRT,1
-10.9312,15.675,2026-07-30T00:50:00Z,2.31,N20,n,N,VIIRS_NOAA20_NRT,1
-10.9071,16.365,2026-07-30T00:50:00Z,0.69,N20,n,N,VIIRS_NOAA20_NRT,1
-11.4326,15.4144,2026-07-30T00:50:00Z,2.33,N20,n,N,VIIRS_NOAA20_NRT,1
-10.4091,16.6842,2026-07-30T00:50:00Z,1.04,N20,n,N,VIIRS_NOAA20_NRT,1
-10.4077,16.4053,2026-07-30T00:50:00Z,0.53,N20,n,N,VIIRS_NOAA20_NRT,1
-10.4027,16.1735,2026-07-30T00:50:00Z,2.44,N20,n,N,VIIRS_NOAA20_NRT,1
-10.4019,16.1678,2026-07-30T00:50:00Z,2.44,N20,n,N,VIIRS_NOAA20_NRT,1
-10.2876,15.7142,2026-07-30T00:50:00Z,2.65,N20,n,N,VIIRS_NOAA20_NRT,1
-10.2869,15.709,2026-07-30T00:50:00Z,2.65,N20,n,N,VIIRS_NOAA20_NRT,1
-10.2863,15.7042,2026-07-30T00:50:00Z,1.0,N20,n,N,VIIRS_NOAA20_NRT,1
-10.2829,15.7152,2026-07-30T00:50:00Z,2.65,N20,n,N,VIIRS_NOAA20_NRT,1
-10.2822,15.71,2026-07-30T00:50:00Z,2.65,N20,n,N,VIIRS_NOAA20_NRT,1
-10.2718,15.6695,2026-07-30T00:50:00Z,1.69,N20,n,N,VIIRS_NOAA20_NRT,1
-10.2685,15.6806,2026-07-30T00:50:00Z,0.38,N20,n,N,VIIRS_NOAA20_NRT,1
-10.2669,17.8616,2026-07-30T00:50:00Z,0.56,N20,n,N,VIIRS_NOAA20_NRT,1
-10.2668,17.861,2026-07-30T00:50:00Z,0.81,N20,n,N,VIIRS_NOAA20_NRT,1
-10.143,16.9239,2026-07-30T00:50:00Z,0.81,N20,n,N,VIIRS_NOAA20_NRT,1
-10.1414,16.9247,2026-07-30T00:50:00Z,0.65,N20,n,N,VIIRS_NOAA20_NRT,1
-10.0156,16.9812,2026-07-30T00:50:00Z,0.43,N20,n,N,VIIRS_NOAA20_NRT,1
-9.9474,17.6441,2026-07-30T00:50:00Z,0.54,N20,n,N,VIIRS_NOAA20_NRT,1
-9.9279,17.3676,2026-07-30T00:50:00Z,0.93,N20,n,N,VIIRS_NOAA20_NRT,1
-9.8406,17.7734,2026-07-30T00:50:00Z,1.0,N20,n,N,VIIRS_NOAA20_NRT,1
-9.839,17.7716,2026-07-30T00:50:00Z,0.35,N20,n,N,VIIRS_NOAA20_NRT,1
-10.408,16.4082,2026-07-30T00:50:00Z,0.53,N20,n,N,VIIRS_NOAA20_NRT,1
-10.4362,15.371,2026-07-30T00:50:00Z,1.01,N20,n,N,VIIRS_NOAA20_NRT,1
-10.9068,16.3242,2026-07-30T00:50:00Z,0.81,N20,n,N,VIIRS_NOAA20_NRT,1
-10.5607,16.088,2026-07-30T00:50:00Z,1.56,N20,n,N,VIIRS_NOAA20_NRT,1
-10.8952,15.6976,2026-07-30T00:50:00Z,1.74,N20,n,N,VIIRS_NOAA20_NRT,1
-10.89,17.2938,2026-07-30T00:50:00Z,0.94,N20,n,N,VIIRS_NOAA20_NRT,1
-10.8673,16.7778,2026-07-30T00:50:00Z,0.33,N20,n,N,VIIRS_NOAA20_NRT,1
-10.8417,17.0431,2026-07-30T00:50:00Z,0.89,N20,n,N,VIIRS_NOAA20_NRT,1
-10.831,18.0995,2026-07-30T00:50:00Z,0.82,N20,n,N,VIIRS_NOAA20_NRT,1
-10.8288,18.0999,2026-07-30T00:50:00Z,0.59,N20,n,N,VIIRS_NOAA20_NRT,1
-10.8231,16.1124,2026-07-30T00:50:00Z,1.08,N20,n,N,VIIRS_NOAA20_NRT,1
-10.816,16.3718,2026-07-30T00:50:00Z,1.16,N20,n,N,VIIRS_NOAA20_NRT,1
-10.816,16.3706,2026-07-30T00:50:00Z,1.21,N20,n,N,VIIRS_NOAA20_NRT,1
-10.7276,18.1435,2026-07-30T00:50:00Z,0.67,N20,n,N,VIIRS_NOAA20_NRT,1
-10.7245,18.1426,2026-07-30T00:50:00Z,0.57,N20,n,N,VIIRS_NOAA20_NRT,1
-10.6825,16.3254,2026-07-30T00:50:00Z,1.5,N20,n,N,VIIRS_NOAA20_NRT,1
-10.6067,16.5603,2026-07-30T00:50:00Z,0.69,N20,n,N,VIIRS_NOAA20_NRT,1
-10.6063,16.5572,2026-07-30T00:50:00Z,0.69,N20,n,N,VIIRS_NOAA20_NRT,1
-10.5911,16.2461,2026-07-30T00:50:00Z,1.2,N20,n,N,VIIRS_NOAA20_NRT,1
-10.5901,16.2482,2026-07-30T00:50:00Z,1.04,N20,n,N,VIIRS_NOAA20_NRT,1
-10.5861,16.2469,2026-07-30T00:50:00Z,1.2,N20,n,N,VIIRS_NOAA20_NRT,1
-10.5842,16.2715,2026-07-30T00:50:00Z,1.81,N20,n,N,VIIRS_NOAA20_NRT,1
-10.5827,16.2677,2026-07-30T00:50:00Z,0.98,N20,n,N,VIIRS_NOAA20_NRT,1
-11.4319,15.4094,2026-07-30T00:50:00Z,2.33,N20,n,N,VIIRS_NOAA20_NRT,1
-11.4326,15.4078,2026-07-30T00:50:00Z,2.08,N20,n,N,VIIRS_NOAA20_NRT,1
-9.7221,18.6658,2026-07-30T00:50:00Z,2.25,N20,n,N,VIIRS_NOAA20_NRT,1
-12.4909,15.077,2026-07-30T00:50:00Z,1.19,N20,n,N,VIIRS_NOAA20_NRT,1
-12.4723,14.9881,2026-07-30T00:50:00Z,0.78,N20,n,N,VIIRS_NOAA20_NRT,1
-12.4623,14.6385,2026-07-30T00:50:00Z,1.35,N20,n,N,VIIRS_NOAA20_NRT,1
-12.4336,16.3838,2026-07-30T00:50:00Z,2.69,N20,n,N,VIIRS_NOAA20_NRT,1
-12.4332,16.3806,2026-07-30T00:50:00Z,2.69,N20,n,N,VIIRS_NOAA20_NRT,1
-12.4305,16.3837,2026-07-30T00:50:00Z,2.75,N20,n,N,VIIRS_NOAA20_NRT,1
-12.4302,16.3806,2026-07-30T00:50:00Z,2.75,N20,n,N,VIIRS_NOAA20_NRT,1
-12.4196,15.3189,2026-07-30T00:50:00Z,1.61,N20,n,N,VIIRS_NOAA20_NRT,1
-12.3775,15.0279,2026-07-30T00:50:00Z,0.8,N20,n,N,VIIRS_NOAA20_NRT,1
-12.335,15.3818,2026-07-30T00:50:00Z,1.17,N20,n,N,VIIRS_NOAA20_NRT,1
-12.2948,16.1065,2026-07-30T00:50:00Z,2.38,N20,n,N,VIIRS_NOAA20_NRT,1
-12.2945,16.1037,2026-07-30T00:50:00Z,2.38,N20,n,N,VIIRS_NOAA20_NRT,1
-12.2415,14.8709,2026-07-30T00:50:00Z,0.61,N20,n,N,VIIRS_NOAA20_NRT,1
-12.1853,14.8023,2026-07-30T00:50:00Z,0.94,N20,n,N,VIIRS_NOAA20_NRT,1
-12.1525,16.1059,2026-07-30T00:50:00Z,0.37,N20,n,N,VIIRS_NOAA20_NRT,1
-12.1347,15.4904,2026-07-30T00:50:00Z,2.05,N20,n,N,VIIRS_NOAA20_NRT,1
-11.9378,16.4623,2026-07-30T00:50:00Z,0.55,N20,n,N,VIIRS_NOAA20_NRT,1
-11.9375,15.7947,2026-07-30T00:50:00Z,1.94,N20,n,N,VIIRS_NOAA20_NRT,1
-11.9352,14.817,2026-07-30T00:50:00Z,2.16,N20,n,N,VIIRS_NOAA20_NRT,1
-11.9237,16.6015,2026-07-30T00:50:00Z,0.74,N20,n,N,VIIRS_NOAA20_NRT,1
-12.4755,16.9602,2026-07-30T00:50:00Z,2.13,N20,n,N,VIIRS_NOAA20_NRT,1
-12.4969,15.9713,2026-07-30T00:50:00Z,0.45,N20,n,N,VIIRS_NOAA20_NRT,1
-11.9205,15.1608,2026-07-30T00:50:00Z,1.5,N20,n,N,VIIRS_NOAA20_NRT,1
-12.4972,14.7261,2026-07-30T00:50:00Z,0.45,N20,n,N,VIIRS_NOAA20_NRT,1
60.2842,149.4104,2026-07-30T00:50:00Z,12.05,Terra,6,D,MODIS_NRT,1
-5.6338,13.2427,2026-07-30T00:50:00Z,0.82,N20,n,N,VIIRS_NOAA20_NRT,1
-13.3764,14.7748,2026-07-30T00:50:00Z,0.59,N20,n,N,VIIRS_NOAA20_NRT,1
-13.3725,14.7452,2026-07-30T00:50:00Z,1.91,N20,n,N,VIIRS_NOAA20_NRT,1
-13.3624,14.417,2026-07-30T00:50:00Z,0.52,N20,n,N,VIIRS_NOAA20_NRT,1
-13.327,14.7602,2026-07-30T00:50:00Z,2.47,N20,n,N,VIIRS_NOAA20_NRT,1
-13.1062,14.8589,2026-07-30T00:50:00Z,1.3,N20,n,N,VIIRS_NOAA20_NRT,1
-13.0641,14.7505,2026-07-30T00:50:00Z,0.32,N20,n,N,VIIRS_NOAA20_NRT,1
-13.0628,14.8729,2026-07-30T00:50:00Z,1.94,N20,n,N,VIIRS_NOAA20_NRT,1
-13.0211,15.6873,2026-07-30T00:50:00Z,4.51,N20,n,N,VIIRS_NOAA20_NRT,1
-13.0041,14.8237,2026-07-30T00:50:00Z,1.37,N20,n,N,VIIRS_NOAA20_NRT,1
-12.9731,15.0077,2026-07-30T00:50:00Z,5.93,N20,n,N,VIIRS_NOAA20_NRT,1
-12.8761,15.8261,2026-07-30T00:50:00Z,2.01,N20,n,N,VIIRS_NOAA20_NRT,1
-12.8754,15.8205,2026-07-30T00:50:00Z,2.87,N20,n,N,VIIRS_NOAA20_NRT,1
-12.8748,15.8222,2026-07-30T00:50:00Z,3.23,N20,n,N,VIIRS_NOAA20_NRT,1
-12.6679,15.4323,2026-07-30T00:50:00Z,1.53,N20,n,N,VIIRS_NOAA20_NRT,1
-12.6611,15.1541,2026-07-30T00:50:00Z,3.24,N20,n,N,VIIRS_NOAA20_NRT,1
-12.657,15.1597,2026-07-30T00:50:00Z,3.45,N20,n,N,VIIRS_NOAA20_NRT,1
-12.5877,15.3768,2026-07-30T00:50:00Z,0.91,N20,n,N,VIIRS_NOAA20_NRT,1
-11.9211,15.1652,2026-07-30T00:50:00Z,1.5,N20,n,N,VIIRS_NOAA20_NRT,1
-11.9158,15.1613,2026-07-30T00:50:00Z,1.5,N20,n,N,VIIRS_NOAA20_NRT,1
-11.4332,15.4124,2026-07-30T00:50:00Z,3.16,N20,n,N,VIIRS_NOAA20_NRT,1
-11.637,15.5199,2026-07-30T00:50:00Z,3.48,N20,n,N,VIIRS_NOAA20_NRT,1
-11.6212,15.8136,2026-07-30T00:50:00Z,2.39,N20,n,N,VIIRS_NOAA20_NRT,1
-11.6073,17.1018,2026-07-30T00:50:00Z,0.51,N20,n,N,VIIRS_NOAA20_NRT,1
-11.5358,15.1892,2026-07-30T00:50:00Z,1.78,N20,n,N,VIIRS_NOAA20_NRT,1
-11.5334,15.1918,2026-07-30T00:50:00Z,2.37,N20,n,N,VIIRS_NOAA20_NRT,1
-11.5328,15.1875,2026-07-30T00:50:00Z,2.79,N20,n,N,VIIRS_NOAA20_NRT,1
-11.5311,15.1901,2026-07-30T00:50:00Z,1.78,N20,n,N,VIIRS_NOAA20_NRT,1
-11.4998,17.0965,2026-07-30T00:50:00Z,0.95,N20,n,N,VIIRS_NOAA20_NRT,1
-11.4923,17.0799,2026-07-30T00:50:00Z,0.28,N20,n,N,VIIRS_NOAA20_NRT,1
-11.4807,17.074,2026-07-30T00:50:00Z,1.1,N20,n,N,VIIRS_NOAA20_NRT,1
-11.4755,17.075,2026-07-30T00:50:00Z,0.84,N20,n,N,VIIRS_NOAA20_NRT,1
-11.4744,15.873,2026-07-30T00:50:00Z,2.96,N20,n,N,VIIRS_NOAA20_NRT,1
-11.4463,16.5947,2026-07-30T00:50:00Z,0.36,N20,n,N,VIIRS_NOAA20_NRT,1
-11.4432,19.6837,2026-07-30T00:50:00Z,1.89,N20,n,N,VIIRS_NOAA20_NRT,1
-11.4426,19.6789,2026-07-30T00:50:00Z,1.89,N20,n,N,VIIRS_NOAA20_NRT,1
-11.4409,19.6861,2026-07-30T00:50:00Z,1.71,N20,n,N,VIIRS_NOAA20_NRT,1
-11.4404,19.6813,2026-07-30T00:50:00Z,1.71,N20,n,N,VIIRS_NOAA20_NRT,1
-11.44,17.5556,2026-07-30T00:50:00Z,2.64,N20,n,N,VIIRS_NOAA20_NRT,1
-11.4368,15.4023,2026-07-30T00:50:00Z,2.08,N20,n,N,VIIRS_NOAA20_NRT,1
-11.436,15.4039,2026-07-30T00:50:00Z,1.9,N20,n,N,VIIRS_NOAA20_NRT,1
-11.6259,15.8121,2026-07-30T00:50:00Z,2.39,N20,n,N,VIIRS_NOAA20_NRT,1
-11.6417,15.5183,2026-07-30T00:50:00Z,2.77,N20,n,N,VIIRS_NOAA20_NRT,1
-11.8916,14.6976,2026-07-30T00:50:00Z,1.06,N20,n,N,VIIRS_NOAA20_NRT,1
-11.6781,16.6123,2026-07-30T00:50:00Z,1.73,N20,n,N,VIIRS_NOAA20_NRT,1
-11.8909,14.7,2026-07-30T00:50:00Z,2.26,N20,n,N,VIIRS_NOAA20_NRT,1
-11.8876,14.702,2026-07-30T00:50:00Z,1.06,N20,n,N,VIIRS_NOAA20_NRT,1
-11.887,14.6978,2026-07-30T00:50:00Z,1.06,N20,n,N,VIIRS_NOAA20_NRT,1
-11.8863,14.7003,2026-07-30T00:50:00Z,0.7,N20,n,N,VIIRS_NOAA20_NRT,1
-11.8839,15.6909,2026-07-30T00:50:00Z,1.5,N20,n,N,VIIRS_NOAA20_NRT,1
-11.8483,18.5831,2026-07-30T00:50:00Z,1.73,N20,n,N,VIIRS_NOAA20_NRT,1
-11.8439,18.5817,2026-07-30T00:50:00Z,2.16,N20,n,N,VIIRS_NOAA20_NRT,1
-11.8272,14.5706,2026-07-30T00:50:00Z,0.96,N20,n,N,VIIRS_NOAA20_NRT,1
-11.7934,17.9267,2026-07-30T00:50:00Z,0.5,N20,n,N,VIIRS_NOAA20_NRT,1
-11.7874,16.3898,2026-07-30T00:50:00Z,2.99,N20,n,N,VIIRS_NOAA20_NRT,1
-11.7855,16.3908,2026-07-30T00:50:00Z,2.09,N20,n,N,VIIRS_NOAA20_NRT,1
-11.7823,16.3903,2026-07-30T00:50:00Z,0.84,N20,n,N,VIIRS_NOAA20_NRT,1
-11.7804,16.3912,2026-07-30T00:50:00Z,2.09,N20,n,N,VIIRS_NOAA20_NRT,1
-11.7772,16.391,2026-07-30T00:50:00Z,0.84,N20,n,N,VIIRS_NOAA20_NRT,1
-11.7698,15.7147,2026-07-30T00:50:00Z,2.23,N20,n,N,VIIRS_NOAA20_NRT,1
-11.7074,15.5761,2026-07-30T00:50:00Z,1.2,N20,n,N,VIIRS_NOAA20_NRT,1
-11.6915,14.8813,2026-07-30T00:50:00Z,2.59,N20,n,N,VIIRS_NOAA20_NRT,1
-11.6912,14.8789,2026-07-30T00:50:00Z,5.08,N20,n,N,VIIRS_NOAA20_NRT,1
-11.6909,14.8768,2026-07-30T00:50:00Z,2.59,N20,n,N,VIIRS_NOAA20_NRT,1
-9.7225,18.6634,2026-07-30T00:50:00Z,2.43,N20,n,N,VIIRS_NOAA20_NRT,1
-11.4415,15.4016,2026-07-30T00:50:00Z,2.65,N20,n,N,VIIRS_NOAA20_NRT,1
-9.7178,18.6781,2026-07-30T00:50:00Z,1.83,N20,n,N,VIIRS_NOAA20_NRT,1
-8.4906,18.6112,2026-07-30T00:50:00Z,0.85,N20,n,N,VIIRS_NOAA20_NRT,1
-8.4175,18.8185,2026-07-30T00:50:00Z,2.98,N20,n,N,VIIRS_NOAA20_NRT,1
-8.2448,21.4629,2026-07-30T00:50:00Z,2.25,N20,n,N,VIIRS_NOAA20_NRT,1
-8.2432,21.4507,2026-07-30T00:50:00Z,8.26,N20,n,N,VIIRS_NOAA20_NRT,1
-8.2365,21.4518,2026-07-30T00:50:00Z,8.26,N20,n,N,VIIRS_NOAA20_NRT,1
-8.2357,21.446,2026-07-30T00:50:00Z,13.35,N20,n,N,VIIRS_NOAA20_NRT,1
-8.2294,19.2313,2026-07-30T00:50:00Z,2.9,N20,n,N,VIIRS_NOAA20_NRT,1
-8.2248,19.2357,2026-07-30T00:50:00Z,5.98,N20,n,N,VIIRS_NOAA20_NRT,1
-8.2242,19.2313,2026-07-30T00:50:00Z,9.08,N20,n,N,VIIRS_NOAA20_NRT,1
-8.2236,19.227,2026-07-30T00:50:00Z,9.08,N20,n,N,VIIRS_NOAA20_NRT,1
-8.2235,19.232,2026-07-30T00:50:00Z,13.23,N20,n,N,VIIRS_NOAA20_NRT,1
-8.2229,19.2277,2026-07-30T00:50:00Z,13.23,N20,h,N,VIIRS_NOAA20_NRT,1
-8.2224,19.2234,2026-07-30T00:50:00Z,3.88,N20,n,N,VIIRS_NOAA20_NRT,1
-8.2177,19.2277,2026-07-30T00:50:00Z,9.08,N20,n,N,VIIRS_NOAA20_NRT,1
-8.0449,17.9583,2026-07-30T00:50:00Z,0.63,N20,n,N,VIIRS_NOAA20_NRT,1
-8.0273,20.3106,2026-07-30T00:50:00Z,4.71,N20,n,N,VIIRS_NOAA20_NRT,1
-8.0251,20.3117,2026-07-30T00:50:00Z,9.27,N20,n,N,VIIRS_NOAA20_NRT,1
-8.0211,20.3112,2026-07-30T00:50:00Z,4.71,N20,n,N,VIIRS_NOAA20_NRT,1
-7.9317,17.9531,2026-07-30T00:50:00Z,0.37,N20,n,N,VIIRS_NOAA20_NRT,1
-7.9313,17.9497,2026-07-30T00:50:00Z,0.37,N20,n,N,VIIRS_NOAA20_NRT,1
-8.418,18.8223,2026-07-30T00:50:00Z,5.07,N20,n,N,VIIRS_NOAA20_NRT,1
-8.5176,20.3492,2026-07-30T00:50:00Z,4.12,N20,n,N,VIIRS_NOAA20_NRT,1
-7.7958,18.4908,2026-07-30T00:50:00Z,1.33,N20,n,N,VIIRS_NOAA20_NRT,1
-8.5182,20.3544,2026-07-30T00:50:00Z,4.12,N20,n,N,VIIRS_NOAA20_NRT,1
-8.5528,18.5609,2026-07-30T00:50:00Z,0.8,N20,n,N,VIIRS_NOAA20_NRT,1
-8.5506,18.5611,2026-07-30T00:50:00Z,0.86,N20,n,N,VIIRS_NOAA20_NRT,1
-8.5455,20.3664,2026-07-30T00:50:00Z,2.02,N20,n,N,VIIRS_NOAA20_NRT,1
-8.5448,20.3612,2026-07-30T00:50:00Z,2.24,N20,n,N,VIIRS_NOAA20_NRT,1
-8.5399,20.3725,2026-07-30T00:50:00Z,23.4,N20,n,N,VIIRS_NOAA20_NRT,1
-5.634,13.2456,2026-07-30T00:50:00Z,0.45,N20,n,N,VIIRS_NOAA20_NRT,1
-8.5392,20.3672,2026-07-30T00:50:00Z,23.4,N20,n,N,VIIRS_NOAA20_NRT,1
-8.5385,20.3621,2026-07-30T00:50:00Z,59.68,N20,n,N,VIIRS_NOAA20_NRT,1
-8.5378,20.357,2026-07-30T00:50:00Z,59.68,N20,n,N,VIIRS_NOAA20_NRT,1
-8.5372,20.3518,2026-07-30T00:50:00Z,30.09,N20,h,N,VIIRS_NOAA20_NRT,1
-8.5336,20.3733,2026-07-30T00:50:00Z,23.4,N20,n,N,VIIRS_NOAA20_NRT,1
-8.5329,20.3681,2026-07-30T00:50:00Z,23.4,N20,n,N,VIIRS_NOAA20_NRT,1
-8.5322,20.3629,2026-07-30T00:50:00Z,59.68,N20,n,N,VIIRS_NOAA20_NRT,1
-8.5315,20.3578,2026-07-30T00:50:00Z,59.68,N20,n,N,VIIRS_NOAA20_NRT,1
-8.5309,20.3527,2026-07-30T00:50:00Z,30.09,N20,n,N,VIIRS_NOAA20_NRT,1
-8.5292,18.6414,2026-07-30T00:50:00Z,1.02,N20,n,N,VIIRS_NOAA20_NRT,1
-8.5272,20.3742,2026-07-30T00:50:00Z,1.06,N20,n,N,VIIRS_NOAA20_NRT,1
-8.5266,20.3689,2026-07-30T00:50:00Z,1.06,N20,n,N,VIIRS_NOAA20_NRT,1
-8.5246,20.3535,2026-07-30T00:50:00Z,4.12,N20,n,N,VIIRS_NOAA20_NRT,1
-7.9284,17.9501,2026-07-30T00:50:00Z,1.05,N20,n,N,VIIRS_NOAA20_NRT,1
-7.7954,18.4873,2026-07-30T00:50:00Z,1.68,N20,n,N,VIIRS_NOAA20_NRT,1
-8.644,22.4928,2026-07-30T00:50:00Z,2.98,N20,n,N,VIIRS_NOAA20_NRT,1
-6.9765,16.7149,2026-07-30T00:50:00Z,2.92,N20,n,N,VIIRS_NOAA20_NRT,1
-6.8596,12.3922,2026-07-30T00:50:00Z,7.96,N20,n,N,VIIRS_NOAA20_NRT,1
-6.8566,12.397,2026-07-30T00:50:00Z,5.06,N20,n,N,VIIRS_NOAA20_NRT,1
-6.856,12.3927,2026-07-30T00:50:00Z,7.96,N20,n,N,VIIRS_NOAA20_NRT,1
-6.7452,19.1082,2026-07-30T00:50:00Z,1.21,N20,n,N,VIIRS_NOAA20_NRT,1
-6.514,18.8966,2026-07-30T00:50:00Z,1.95,N20,n,N,VIIRS_NOAA20_NRT,1
-6.5084,18.8975,2026-07-30T00:50:00Z,2.3,N20,n,N,VIIRS_NOAA20_NRT,1
-6.4649,14.2094,2026-07-30T00:50:00Z,1.41,N20,n,N,VIIRS_NOAA20_NRT,1
-6.2419,10.7322,2026-07-30T00:50:00Z,0.68,N20,n,N,VIIRS_NOAA20_NRT,1
-6.1603,11.2708,2026-07-30T00:50:00Z,0.85,N20,n,N,VIIRS_NOAA20_NRT,1
-6.1337,10.8526,2026-07-30T00:50:00Z,4.47,N20,n,N,VIIRS_NOAA20_NRT,1
-6.1191,12.3422,2026-07-30T00:50:00Z,0.5,N20,n,N,VIIRS_NOAA20_NRT,1
-6.0723,11.3574,2026-07-30T00:50:00Z,2.74,N20,n,N,VIIRS_NOAA20_NRT,1
-5.9638,12.9694,2026-07-30T00:50:00Z,5.12,N20,n,N,VIIRS_NOAA20_NRT,1
-5.9608,12.9744,2026-07-30T00:50:00Z,4.89,N20,n,N,VIIRS_NOAA20_NRT,1
-5.9601,12.97,2026-07-30T00:50:00Z,5.12,N20,n,N,VIIRS_NOAA20_NRT,1
-5.9432,13.2678,2026-07-30T00:50:00Z,0.63,N20,n,N,VIIRS_NOAA20_NRT,1
-5.74,13.9116,2026-07-30T00:50:00Z,1.59,N20,n,N,VIIRS_NOAA20_NRT,1
-5.7362,13.9093,2026-07-30T00:50:00Z,1.01,N20,n,N,VIIRS_NOAA20_NRT,1
-9.6845,16.6064,2026-07-30T00:50:00Z,0.82,N20,n,N,VIIRS_NOAA20_NRT,1
-6.9757,16.7094,2026-07-30T00:50:00Z,1.4,N20,n,N,VIIRS_NOAA20_NRT,1
-6.9814,16.7141,2026-07-30T00:50:00Z,2.92,N20,n,N,VIIRS_NOAA20_NRT,1
-7.7949,18.4898,2026-07-30T00:50:00Z,0.87,N20,n,N,VIIRS_NOAA20_NRT,1
-7.261,13.0076,2026-07-30T00:50:00Z,0.79,N20,n,N,VIIRS_NOAA20_NRT,1
-7.7944,18.4863,2026-07-30T00:50:00Z,0.87,N20,n,N,VIIRS_NOAA20_NRT,1
-7.7339,16.7894,2026-07-30T00:50:00Z,1.52,N20,n,N,VIIRS_NOAA20_NRT,1
-7.727,16.2566,2026-07-30T00:50:00Z,0.49,N20,n,N,VIIRS_NOAA20_NRT,1
-7.6459,16.3395,2026-07-30T00:50:00Z,1.6,N20,n,N,VIIRS_NOAA20_NRT,1
-7.5905,12.1103,2026-07-30T00:50:00Z,0.49,N20,n,N,VIIRS_NOAA20_NRT,1
-7.5655,16.9017,2026-07-30T00:50:00Z,17.32,N20,n,N,VIIRS_NOAA20_NRT,1
-7.5613,16.9026,2026-07-30T00:50:00Z,22.24,N20,n,N,VIIRS_NOAA20_NRT,1
-7.5606,16.8972,2026-07-30T00:50:00Z,22.24,N20,n,N,VIIRS_NOAA20_NRT,1
-7.5605,16.9025,2026-07-30T00:50:00Z,17.32,N20,n,N,VIIRS_NOAA20_NRT,1
-7.5598,16.8971,2026-07-30T00:50:00Z,19.55,N20,h,N,VIIRS_NOAA20_NRT,1
-7.5589,16.8912,2026-07-30T00:50:00Z,19.55,N20,n,N,VIIRS_NOAA20_NRT,1
-7.5556,16.8981,2026-07-30T00:50:00Z,22.24,N20,n,N,VIIRS_NOAA20_NRT,1
-7.5548,16.8921,2026-07-30T00:50:00Z,4.78,N20,n,N,VIIRS_NOAA20_NRT,1
-7.554,16.8919,2026-07-30T00:50:00Z,2.5,N20,n,N,VIIRS_NOAA20_NRT,1
-7.4467,19.0057,2026-07-30T00:50:00Z,0.22,N20,n,N,VIIRS_NOAA20_NRT,1
-7.3959,13.1346,2026-07-30T00:50:00Z,1.03,N20,n,N,VIIRS_NOAA20_NRT,1
-7.285,19.7649,2026-07-30T00:50:00Z,8.2,N20,h,N,VIIRS_NOAA20_NRT,1
-7.2844,19.7605,2026-07-30T00:50:00Z,8.2,N20,n,N,VIIRS_NOAA20_NRT,1
-7.2784,19.7613,2026-07-30T00:50:00Z,2.34,N20,n,N,VIIRS_NOAA20_NRT,1
-8.5645,18.8607,2026-07-30T00:50:00Z,1.35,N20,n,N,VIIRS_NOAA20_NRT,1
-8.2424,21.4449,2026-07-30T00:50:00Z,13.35,N20,h,N,VIIRS_NOAA20_NRT,1
-8.6478,22.4984,2026-07-30T00:50:00Z,3.65,N20,n,N,VIIRS_NOAA20_NRT,1
-9.0022,20.2988,2026-07-30T00:50:00Z,1.46,N20,n,N,VIIRS_NOAA20_NRT,1
-9.2338,20.4232,2026-07-30T00:50:00Z,2.36,N20,n,N,VIIRS_NOAA20_NRT,1
-9.1334,16.8298,2026-07-30T00:50:00Z,1.33,N20,n,N,VIIRS_NOAA20_NRT,1
-9.1284,16.8306,2026-07-30T00:50:00Z,1.33,N20,n,N,VIIRS_NOAA20_NRT,1
-9.1,17.1655,2026-07-30T00:50:00Z,0.65,N20,n,N,VIIRS_NOAA20_NRT,1
-9.0252,16.9732,2026-07-30T00:50:00Z,0.65,N20,n,N,VIIRS_NOAA20_NRT,1
-9.0175,22.1811,2026-07-30T00:50:00Z,1.08,N20,n,N,VIIRS_NOAA20_NRT,1
-9.0155,22.1867,2026-07-30T00:50:00Z,4.34,N20,n,N,VIIRS_NOAA20_NRT,1
-9.0146,22.1799,2026-07-30T00:50:00Z,6.28,N20,n,N,VIIRS_NOAA20_NRT,1
-9.0103,22.1814,2026-07-30T00:50:00Z,5.64,N20,n,N,VIIRS_NOAA20_NRT,1
-8.9491,16.3042,2026-07-30T00:50:00Z,5.63,N20,n,N,VIIRS_NOAA20_NRT,1
-8.921,17.311,2026-07-30T00:50:00Z,8.38,N20,n,N,VIIRS_NOAA20_NRT,1
-8.9271,17.3167,2026-07-30T00:50:00Z,0.82,N20,n,N,VIIRS_NOAA20_NRT,1
-8.9267,17.3135,2026-07-30T00:50:00Z,0.75,N20,n,N,VIIRS_NOAA20_NRT,1
-8.9263,17.3103,2026-07-30T00:50:00Z,0.75,N20,n,N,VIIRS_NOAA20_NRT,1
-8.9246,17.2977,2026-07-30T00:50:00Z,2.05,N20,n,N,VIIRS_NOAA20_NRT,1
-8.9227,17.3238,2026-07-30T00:50:00Z,2.03,N20,n,N,VIIRS_NOAA20_NRT,1
-8.9223,17.3206,2026-07-30T00:50:00Z,4.55,N20,n,N,VIIRS_NOAA20_NRT,1
-8.9219,17.3174,2026-07-30T00:50:00Z,4.55,N20,n,N,VIIRS_NOAA20_NRT,1
-8.9218,17.3212,2026-07-30T00:50:00Z,4.17,N20,n,N,VIIRS_NOAA20_NRT,1
-8.9215,17.3142,2026-07-30T00:50:00Z,8.38,N20,h,N,VIIRS_NOAA20_NRT,1
-9.2344,20.4281,2026-07-30T00:50:00Z,1.67,N20,n,N,VIIRS_NOAA20_NRT,1
-9.2359,20.4252,2026-07-30T00:50:00Z,2.95,N20,n,N,VIIRS_NOAA20_NRT,1
-9.3116,17.081,2026-07-30T00:50:00Z,0.66,N20,n,N,VIIRS_NOAA20_NRT,1
-9.3133,17.0802,2026-07-30T00:50:00Z,0.55,N20,n,N,VIIRS_NOAA20_NRT,1
-9.6798,16.6067,2026-07-30T00:50:00Z,0.68,N20,n,N,VIIRS_NOAA20_NRT,1
-9.6795,16.6072,2026-07-30T00:50:00Z,0.82,N20,n,N,VIIRS_NOAA20_NRT,1
-9.4744,19.69,2026-07-30T00:50:00Z,1.51,N20,n,N,VIIRS_NOAA20_NRT,1
-9.4588,21.7895,2026-07-30T00:50:00Z,5.6,N20,n,N,VIIRS_NOAA20_NRT,1
-9.4579,21.7819,2026-07-30T00:50:00Z,1.96,N20,n,N,VIIRS_NOAA20_NRT,1
-9.4578,21.7897,2026-07-30T00:50:00Z,3.52,N20,n,N,VIIRS_NOAA20_NRT,1
-9.4569,21.7821,2026-07-30T00:50:00Z,3.52,N20,n,N,VIIRS_NOAA20_NRT,1
-9.3998,21.7648,2026-07-30T00:50:00Z,1.3,N20,n,N,VIIRS_NOAA20_NRT,1
-9.3729,21.0681,2026-07-30T00:50:00Z,1.37,N20,n,N,VIIRS_NOAA20_NRT,1
-9.3401,19.8097,2026-07-30T00:50:00Z,0.78,N20,n,N,VIIRS_NOAA20_NRT,1
-9.334,19.8105,2026-07-30T00:50:00Z,0.78,N20,n,N,VIIRS_NOAA20_NRT,1
-9.3338,19.8124,2026-07-30T00:50:00Z,1.39,N20,n,N,VIIRS_NOAA20_NRT,1
-9.3317,17.1007,2026-07-30T00:50:00Z,5.28,N20,n,N,VIIRS_NOAA20_NRT,1
-9.3313,17.0975,2026-07-30T00:50:00Z,5.28,N20,n,N,VIIRS_NOAA20_NRT,1
-9.3309,17.0943,2026-07-30T00:50:00Z,1.22,N20,n,N,VIIRS_NOAA20_NRT,1
-9.3305,17.0912,2026-07-30T00:50:00Z,1.22,N20,n,N,VIIRS_NOAA20_NRT,1
-8.7159,20.6535,2026-07-30T00:50:00Z,0.91,N20,n,N,VIIRS_NOAA20_NRT,1
-9.3276,19.8133,2026-07-30T00:50:00Z,1.39,N20,n,N,VIIRS_NOAA20_NRT,1
-9.3216,19.8122,2026-07-30T00:50:00Z,1.36,N20,n,N,VIIRS_NOAA20_NRT,1
-8.9213,17.318,2026-07-30T00:50:00Z,4.17,N20,n,N,VIIRS_NOAA20_NRT,1
-9.3278,19.8114,2026-07-30T00:50:00Z,1.36,N20,n,N,VIIRS_NOAA20_NRT,1
-8.9209,17.3148,2026-07-30T00:50:00Z,8.88,N20,n,N,VIIRS_NOAA20_NRT,1
-8.8942,21.9358,2026-07-30T00:50:00Z,0.87,N20,n,N,VIIRS_NOAA20_NRT,1
-8.8872,21.9368,2026-07-30T00:50:00Z,0.87,N20,n,N,VIIRS_NOAA20_NRT,1
-8.8836,16.1132,2026-07-30T00:50:00Z,0.9,N20,n,N,VIIRS_NOAA20_NRT,1
-8.8269,15.8868,2026-07-30T00:50:00Z,1.25,N20,n,N,VIIRS_NOAA20_NRT,1
-8.8237,15.8849,2026-07-30T00:50:00Z,1.09,N20,n,N,VIIRS_NOAA20_NRT,1
-8.8189,20.5776,2026-07-30T00:50:00Z,2.43,N20,n,N,VIIRS_NOAA20_NRT,1
-8.8172,20.5752,2026-07-30T00:50:00Z,1.69,N20,n,N,VIIRS_NOAA20_NRT,1
-8.8118,20.5731,2026-07-30T00:50:00Z,3.23,N20,n,N,VIIRS_NOAA20_NRT,1
-8.8107,20.5758,2026-07-30T00:50:00Z,1.69,N20,n,N,VIIRS_NOAA20_NRT,1
-8.81,20.5708,2026-07-30T00:50:00Z,2.39,N20,n,N,VIIRS_NOAA20_NRT,1
-8.802,15.8802,2026-07-30T00:50:00Z,1.56,N20,n,N,VIIRS_NOAA20_NRT,1
-8.798,15.886,2026-07-30T00:50:00Z,11.25,N20,n,N,VIIRS_NOAA20_NRT,1
-8.7973,15.881,2026-07-30T00:50:00Z,11.25,N20,n,N,VIIRS_NOAA20_NRT,1
-8.7447,21.4073,2026-07-30T00:50:00Z,1.83,N20,n,N,VIIRS_NOAA20_NRT,1
-8.738,21.408,2026-07-30T00:50:00Z,2.09,N20,n,N,VIIRS_NOAA20_NRT,1
-8.7372,21.402,2026-07-30T00:50:00Z,1.06,N20,n,N,VIIRS_NOAA20_NRT,1
-8.7224,20.653,2026-07-30T00:50:00Z,0.91,N20,n,N,VIIRS_NOAA20_NRT,1
-8.7219,20.6543,2026-07-30T00:50:00Z,1.17,N20,n,N,VIIRS_NOAA20_NRT,1
-8.9206,17.3079,2026-07-30T00:50:00Z,11.92,N20,n,N,VIIRS_NOAA20_NRT,1
-8.7212,20.6492,2026-07-30T00:50:00Z,1.17,N20,n,N,VIIRS_NOAA20_NRT,1
-8.8884,21.9366,2026-07-30T00:50:00Z,1.49,N20,n,N,VIIRS_NOAA20_NRT,1
-8.7987,15.8911,2026-07-30T00:50:00Z,1.16,N20,n,N,VIIRS_NOAA20_NRT,1
-8.8948,19.3044,2026-07-30T00:50:00Z,1.72,N20,n,N,VIIRS_NOAA20_NRT,1
-8.9161,17.3187,2026-07-30T00:50:00Z,4.17,N20,n,N,VIIRS_NOAA20_NRT,1
-8.9204,17.3117,2026-07-30T00:50:00Z,8.88,N20,n,N,VIIRS_NOAA20_NRT,1
-8.9202,17.3047,2026-07-30T00:50:00Z,11.92,N20,h,N,VIIRS_NOAA20_NRT,1
-8.8953,19.3088,2026-07-30T00:50:00Z,1.72,N20,n,N,VIIRS_NOAA20_NRT,1
-8.92,17.3085,2026-07-30T00:50:00Z,11.12,N20,n,N,VIIRS_NOAA20_NRT,1
-8.9198,17.3016,2026-07-30T00:50:00Z,11.11,N20,n,N,VIIRS_NOAA20_NRT,1
-8.9195,17.3054,2026-07-30T00:50:00Z,11.12,N20,n,N,VIIRS_NOAA20_NRT,1
-8.9171,17.3213,2026-07-30T00:50:00Z,4.55,N20,n,N,VIIRS_NOAA20_NRT,1
-8.9167,17.3181,2026-07-30T00:50:00Z,4.55,N20,n,N,VIIRS_NOAA20_NRT,1
-8.9163,17.315,2026-07-30T00:50:00Z,8.38,N20,n,N,VIIRS_NOAA20_NRT,1
-8.9191,17.3022,2026-07-30T00:50:00Z,9.15,N20,n,N,VIIRS_NOAA20_NRT,1
-8.9157,17.3156,2026-07-30T00:50:00Z,8.88,N20,n,N,VIIRS_NOAA20_NRT,1
-8.9154,17.3086,2026-07-30T00:50:00Z,11.92,N20,n,N,VIIRS_NOAA20_NRT,1
-8.9152,17.3124,2026-07-30T00:50:00Z,8.88,N20,n,N,VIIRS_NOAA20_NRT,1
-8.915,17.3055,2026-07-30T00:50:00Z,11.92,N20,n,N,VIIRS_NOAA20_NRT,1
-8.9139,17.303,2026-07-30T00:50:00Z,9.15,N20,n,N,VIIRS_NOAA20_NRT,1
-8.9158,17.3118,2026-07-30T00:50:00Z,8.38,N20,n,N,VIIRS_NOAA20_NRT,1
-8.9144,17.3061,2026-07-30T00:50:00Z,11.12,N20,n,N,VIIRS_NOAA20_NRT,1
-8.9148,17.3093,2026-07-30T00:50:00Z,11.12,N20,n,N,VIIRS_NOAA20_NRT,1
-3.747,12.9691,2026-07-30T00:48:00Z,1.94,N20,n,N,VIIRS_NOAA20_NRT,1
-3.7055,14.9148,2026-07-30T00:48:00Z,0.49,N20,n,N,VIIRS_NOAA20_NRT,1
-3.6923,12.3215,2026-07-30T00:48:00Z,1.29,N20,n,N,VIIRS_NOAA20_NRT,1
-3.7009,14.912,2026-07-30T00:48:00Z,0.6,N20,n,N,VIIRS_NOAA20_NRT,1
-3.7014,14.9155,2026-07-30T00:48:00Z,0.6,N20,n,N,VIIRS_NOAA20_NRT,1
-3.7353,14.7552,2026-07-30T00:48:00Z,1.59,N20,n,N,VIIRS_NOAA20_NRT,1
-3.7104,12.4853,2026-07-30T00:48:00Z,1.16,N20,n,N,VIIRS_NOAA20_NRT,1
-3.7348,14.7516,2026-07-30T00:48:00Z,1.59,N20,n,N,VIIRS_NOAA20_NRT,1
-3.7388,14.7509,2026-07-30T00:48:00Z,0.65,N20,n,N,VIIRS_NOAA20_NRT,1
-3.7454,13.8,2026-07-30T00:48:00Z,1.33,N20,n,N,VIIRS_NOAA20_NRT,1
-3.7477,12.9705,2026-07-30T00:48:00Z,1.63,N20,n,N,VIIRS_NOAA20_NRT,1
-3.6015,14.9955,2026-07-30T00:48:00Z,1.06,N20,n,N,VIIRS_NOAA20_NRT,1
-3.6179,12.2399,2026-07-30T00:48:00Z,0.87,N20,n,N,VIIRS_NOAA20_NRT,1
-3.2243,15.383,2026-07-30T00:48:00Z,1.22,N20,n,N,VIIRS_NOAA20_NRT,1
-3.6012,16.6774,2026-07-30T00:48:00Z,2.61,N20,n,N,VIIRS_NOAA20_NRT,1
-3.5867,16.9806,2026-07-30T00:48:00Z,1.11,N20,n,N,VIIRS_NOAA20_NRT,1
-3.5394,17.8433,2026-07-30T00:48:00Z,1.33,N20,n,N,VIIRS_NOAA20_NRT,1
-3.4912,12.7469,2026-07-30T00:48:00Z,0.47,N20,n,N,VIIRS_NOAA20_NRT,1
-3.4696,14.4028,2026-07-30T00:48:00Z,1.32,N20,n,N,VIIRS_NOAA20_NRT,1
-3.353,19.3417,2026-07-30T00:48:00Z,1.02,N20,n,N,VIIRS_NOAA20_NRT,1
-3.3475,19.3424,2026-07-30T00:48:00Z,1.02,N20,n,N,VIIRS_NOAA20_NRT,1
-3.22,15.3834,2026-07-30T00:48:00Z,1.22,N20,n,N,VIIRS_NOAA20_NRT,1
-3.2147,17.897,2026-07-30T00:48:00Z,0.87,N20,n,N,VIIRS_NOAA20_NRT,1
-3.2142,17.8941,2026-07-30T00:48:00Z,1.27,N20,n,N,VIIRS_NOAA20_NRT,1
-3.2137,17.894,2026-07-30T00:48:00Z,1.81,N20,n,N,VIIRS_NOAA20_NRT,1
-3.7507,12.966,2026-07-30T00:48:00Z,2.0,N20,n,N,VIIRS_NOAA20_NRT,1
-3.1878,14.9321,2026-07-30T00:48:00Z,0.82,N20,n,N,VIIRS_NOAA20_NRT,1
-3.75,12.9645,2026-07-30T00:48:00Z,0.84,N20,n,N,VIIRS_NOAA20_NRT,1
-4.7684,13.4559,2026-07-30T00:48:00Z,0.62,N20,n,N,VIIRS_NOAA20_NRT,1
-3.7665,12.9721,2026-07-30T00:48:00Z,0.85,N20,n,N,VIIRS_NOAA20_NRT,1
-4.3152,16.8101,2026-07-30T00:48:00Z,0.53,N20,n,N,VIIRS_NOAA20_NRT,1
-3.1837,14.9325,2026-07-30T00:48:00Z,0.82,N20,n,N,VIIRS_NOAA20_NRT,1
-5.2511,11.848,2026-07-30T00:48:00Z,1.66,N20,n,N,VIIRS_NOAA20_NRT,1
-5.011,18.6626,2026-07-30T00:48:00Z,1.73,N20,n,N,VIIRS_NOAA20_NRT,1
-4.8998,12.1514,2026-07-30T00:48:00Z,1.09,N20,n,N,VIIRS_NOAA20_NRT,1
-4.8614,12.02,2026-07-30T00:48:00Z,1.09,N20,n,N,VIIRS_NOAA20_NRT,1
-4.8579,12.0205,2026-07-30T00:48:00Z,1.49,N20,n,N,VIIRS_NOAA20_NRT,1
-4.8265,15.6423,2026-07-30T00:48:00Z,1.27,N20,n,N,VIIRS_NOAA20_NRT,1
-4.7938,17.7496,2026-07-30T00:48:00Z,0.77,N20,n,N,VIIRS_NOAA20_NRT,1
-4.6695,17.0501,2026-07-30T00:48:00Z,2.54,N20,n,N,VIIRS_NOAA20_NRT,1
-4.5168,18.5124,2026-07-30T00:48:00Z,1.05,N20,n,N,VIIRS_NOAA20_NRT,1
-4.4826,12.0714,2026-07-30T00:48:00Z,0.62,N20,n,N,VIIRS_NOAA20_NRT,1
-4.4096,19.7865,2026-07-30T00:48:00Z,0.93,N20,n,N,VIIRS_NOAA20_NRT,1
-4.3088,15.7282,2026-07-30T00:48:00Z,2.02,N20,n,N,VIIRS_NOAA20_NRT,1
-3.7672,12.9762,2026-07-30T00:48:00Z,1.37,N20,n,N,VIIRS_NOAA20_NRT,1
-4.3082,15.7241,2026-07-30T00:48:00Z,2.02,N20,n,N,VIIRS_NOAA20_NRT,1
-4.3032,15.7207,2026-07-30T00:48:00Z,1.45,N20,n,N,VIIRS_NOAA20_NRT,1
-4.209,16.3233,2026-07-30T00:48:00Z,0.88,N20,n,N,VIIRS_NOAA20_NRT,1
-4.1906,18.3006,2026-07-30T00:48:00Z,2.92,N20,n,N,VIIRS_NOAA20_NRT,1
-4.1902,18.2975,2026-07-30T00:48:00Z,2.69,N20,n,N,VIIRS_NOAA20_NRT,1
-3.9053,14.7268,2026-07-30T00:48:00Z,1.13,N20,n,N,VIIRS_NOAA20_NRT,1
-3.9022,17.2187,2026-07-30T00:48:00Z,1.21,N20,n,N,VIIRS_NOAA20_NRT,1
-3.7969,12.9759,2026-07-30T00:48:00Z,0.99,N20,n,N,VIIRS_NOAA20_NRT,1
-3.7939,12.9806,2026-07-30T00:48:00Z,1.38,N20,n,N,VIIRS_NOAA20_NRT,1
-3.7909,12.9856,2026-07-30T00:48:00Z,2.68,N20,n,N,VIIRS_NOAA20_NRT,1
-3.7837,12.9868,2026-07-30T00:48:00Z,1.12,N20,n,N,VIIRS_NOAA20_NRT,1
-3.783,12.9824,2026-07-30T00:48:00Z,1.12,N20,n,N,VIIRS_NOAA20_NRT,1
-3.1839,14.9328,2026-07-30T00:48:00Z,1.35,N20,n,N,VIIRS_NOAA20_NRT,1
-1.2544,14.5852,2026-07-30T00:48:00Z,1.16,N20,n,N,VIIRS_NOAA20_NRT,1
-3.1833,14.9288,2026-07-30T00:48:00Z,1.35,N20,n,N,VIIRS_NOAA20_NRT,1
-2.1887,14.2204,2026-07-30T00:48:00Z,1.2,N20,n,N,VIIRS_NOAA20_NRT,1
-2.1867,14.1826,2026-07-30T00:48:00Z,2.42,N20,n,N,VIIRS_NOAA20_NRT,1
-2.1864,14.2303,2026-07-30T00:48:00Z,1.52,N20,n,N,VIIRS_NOAA20_NRT,1
-2.1856,14.2256,2026-07-30T00:48:00Z,1.8,N20,n,N,VIIRS_NOAA20_NRT,1
-2.1836,14.188,2026-07-30T00:48:00Z,2.42,N20,n,N,VIIRS_NOAA20_NRT,1
-2.1829,14.1834,2026-07-30T00:48:00Z,2.42,N20,n,N,VIIRS_NOAA20_NRT,1
-2.1798,14.1887,2026-07-30T00:48:00Z,1.7,N20,n,N,VIIRS_NOAA20_NRT,1
-2.176,14.1894,2026-07-30T00:48:00Z,1.7,N20,n,N,VIIRS_NOAA20_NRT,1
-2.1751,14.2084,2026-07-30T00:48:00Z,1.68,N20,n,N,VIIRS_NOAA20_NRT,1
-2.1744,14.2038,2026-07-30T00:48:00Z,1.68,N20,n,N,VIIRS_NOAA20_NRT,1
-2.1737,14.1992,2026-07-30T00:48:00Z,2.38,N20,n,N,VIIRS_NOAA20_NRT,1
-2.172,14.2135,2026-07-30T00:48:00Z,1.79,N20,n,N,VIIRS_NOAA20_NRT,1
-2.1713,14.2089,2026-07-30T00:48:00Z,1.68,N20,n,N,VIIRS_NOAA20_NRT,1
-2.1706,14.2043,2026-07-30T00:48:00Z,1.68,N20,n,N,VIIRS_NOAA20_NRT,1
-2.0273,14.2576,2026-07-30T00:48:00Z,0.79,N20,n,N,VIIRS_NOAA20_NRT,1
-1.9231,14.1331,2026-07-30T00:48:00Z,1.38,N20,n,N,VIIRS_NOAA20_NRT,1
-1.9201,14.1384,2026-07-30T00:48:00Z,1.38,N20,n,N,VIIRS_NOAA20_NRT,1
-1.6646,15.0208,2026-07-30T00:48:00Z,0.91,N20,n,N,VIIRS_NOAA20_NRT,1
-1.1233,14.4908,2026-07-30T00:48:00Z,0.79,N20,n,N,VIIRS_NOAA20_NRT,1
-1.0891,16.7108,2026-07-30T00:48:00Z,1.7,N20,n,N,VIIRS_NOAA20_NRT,1
-1.0883,16.7128,2026-07-30T00:48:00Z,2.56,N20,n,N,VIIRS_NOAA20_NRT,1
-0.8417,14.4007,2026-07-30T00:48:00Z,0.89,N20,n,N,VIIRS_NOAA20_NRT,1
-0.4862,17.4349,2026-07-30T00:48:00Z,1.58,N20,n,N,VIIRS_NOAA20_NRT,1
-0.4816,17.4356,2026-07-30T00:48:00Z,6.83,N20,n,N,VIIRS_NOAA20_NRT,1
-0.205,15.8329,2026-07-30T00:48:00Z,2.08,N20,n,N,VIIRS_NOAA20_NRT,1
0.2702,14.8448,2026-07-30T00:48:00Z,4.56,N20,n,N,VIIRS_NOAA20_NRT,1
0.274,14.8454,2026-07-30T00:48:00Z,1.95,N20,n,N,VIIRS_NOAA20_NRT,1
-3.1831,14.9286,2026-07-30T00:48:00Z,0.82,N20,n,N,VIIRS_NOAA20_NRT,1
-2.188,14.2158,2026-07-30T00:48:00Z,0.83,N20,n,N,VIIRS_NOAA20_NRT,1
-0.9508,14.4819,2026-07-30T00:48:00Z,0.88,N20,n,N,VIIRS_NOAA20_NRT,1
-2.1895,14.225,2026-07-30T00:48:00Z,1.2,N20,n,N,VIIRS_NOAA20_NRT,1
-2.2037,14.1728,2026-07-30T00:48:00Z,1.02,N20,n,N,VIIRS_NOAA20_NRT,1
-3.179,14.929,2026-07-30T00:48:00Z,0.38,N20,n,N,VIIRS_NOAA20_NRT,1
-2.1905,14.1819,2026-07-30T00:48:00Z,2.22,N20,n,N,VIIRS_NOAA20_NRT,1
-2.8995,15.5771,2026-07-30T00:48:00Z,1.73,N20,n,N,VIIRS_NOAA20_NRT,1
-2.8959,15.582,2026-07-30T00:48:00Z,5.5,N20,n,N,VIIRS_NOAA20_NRT,1
-2.7802,17.535,2026-07-30T00:48:00Z,1.69,N20,n,N,VIIRS_NOAA20_NRT,1
-2.7794,17.5297,2026-07-30T00:48:00Z,1.69,N20,n,N,VIIRS_NOAA20_NRT,1
-2.7207,17.2078,2026-07-30T00:48:00Z,0.7,N20,n,N,VIIRS_NOAA20_NRT,1
-2.6812,17.0424,2026-07-30T00:48:00Z,17.89,N20,n,N,VIIRS_NOAA20_NRT,1
-2.6805,17.0375,2026-07-30T00:48:00Z,17.89,N20,n,N,VIIRS_NOAA20_NRT,1
-2.6246,13.9894,2026-07-30T00:48:00Z,2.61,N20,n,N,VIIRS_NOAA20_NRT,1
-2.6133,16.6856,2026-07-30T00:48:00Z,0.67,N20,n,N,VIIRS_NOAA20_NRT,1
-2.2044,14.1773,2026-07-30T00:48:00Z,1.02,N20,n,N,VIIRS_NOAA20_NRT,1
-3.175,14.9298,2026-07-30T00:48:00Z,0.38,N20,n,N,VIIRS_NOAA20_NRT,1
-2.2034,14.1966,2026-07-30T00:48:00Z,1.75,N20,n,N,VIIRS_NOAA20_NRT,1
-2.2018,14.2039,2026-07-30T00:48:00Z,1.79,N20,n,N,VIIRS_NOAA20_NRT,1
-2.2012,14.1753,2026-07-30T00:48:00Z,3.24,N20,n,N,VIIRS_NOAA20_NRT,1
-2.2011,14.1993,2026-07-30T00:48:00Z,1.79,N20,n,N,VIIRS_NOAA20_NRT,1
-2.201,14.2066,2026-07-30T00:48:00Z,2.01,N20,n,N,VIIRS_NOAA20_NRT,1
-2.2025,14.2086,2026-07-30T00:48:00Z,1.55,N20,n,N,VIIRS_NOAA20_NRT,1
-2.2005,14.1778,2026-07-30T00:48:00Z,3.12,N20,n,N,VIIRS_NOAA20_NRT,1
-2.2003,14.202,2026-07-30T00:48:00Z,2.01,N20,n,N,VIIRS_NOAA20_NRT,1
-2.1996,14.1973,2026-07-30T00:48:00Z,1.75,N20,n,N,VIIRS_NOAA20_NRT,1
-2.1987,14.2092,2026-07-30T00:48:00Z,1.6,N20,n,N,VIIRS_NOAA20_NRT,1
-2.1956,14.2146,2026-07-30T00:48:00Z,1.6,N20,n,N,VIIRS_NOAA20_NRT,1
-2.1918,14.2152,2026-07-30T00:48:00Z,0.83,N20,n,N,VIIRS_NOAA20_NRT,1
-2.1926,14.2198,2026-07-30T00:48:00Z,1.2,N20,n,N,VIIRS_NOAA20_NRT,1
2.8072,18.0231,2026-07-30T00:45:00Z,1.01,N20,n,N,VIIRS_NOAA20_NRT,1
2.1557,13.9488,2026-07-30T00:45:00Z,1.49,N20,n,N,VIIRS_NOAA20_NRT,1
2.8072,18.0208,2026-07-30T00:45:00Z,1.44,N20,n,N,VIIRS_NOAA20_NRT,1
1.079,13.2664,2026-07-30T00:45:00Z,1.09,N20,n,N,VIIRS_NOAA20_NRT,1
3.025,17.2023,2026-07-30T00:45:00Z,1.66,N20,n,N,VIIRS_NOAA20_NRT,1
3.3713,17.1801,2026-07-30T00:45:00Z,0.7,N20,n,N,VIIRS_NOAA20_NRT,1
9.4628,7.3675,2026-07-30T00:45:00Z,1.54,N20,n,N,VIIRS_NOAA20_NRT,1
3.3706,17.184,2026-07-30T00:45:00Z,0.7,N20,n,N,VIIRS_NOAA20_NRT,1
10.2788,16.7347,2026-07-30T00:43:00Z,0.59,N20,n,N,VIIRS_NOAA20_NRT,1
28.4327,19.5875,2026-07-30T00:39:00Z,9.05,N20,n,N,VIIRS_NOAA20_NRT,1
28.6024,7.2587,2026-07-30T00:39:00Z,8.75,N20,h,N,VIIRS_NOAA20_NRT,1
28.5832,17.3307,2026-07-30T00:39:00Z,15.82,N20,n,N,VIIRS_NOAA20_NRT,1
28.5798,7.6534,2026-07-30T00:39:00Z,0.59,N20,n,N,VIIRS_NOAA20_NRT,1
28.5593,7.4608,2026-07-30T00:39:00Z,4.42,N20,n,N,VIIRS_NOAA20_NRT,1
28.5281,9.1222,2026-07-30T00:39:00Z,4.99,N20,n,N,VIIRS_NOAA20_NRT,1
28.4728,21.825,2026-07-30T00:39:00Z,1.25,N20,n,N,VIIRS_NOAA20_NRT,1
28.4484,9.1375,2026-07-30T00:39:00Z,7.87,N20,n,N,VIIRS_NOAA20_NRT,1
28.2856,19.9223,2026-07-30T00:39:00Z,0.68,N20,n,N,VIIRS_NOAA20_NRT,1
28.0853,9.7892,2026-07-30T00:39:00Z,4.83,N20,n,N,VIIRS_NOAA20_NRT,1
28.2349,18.0965,2026-07-30T00:39:00Z,0.7,N20,n,N,VIIRS_NOAA20_NRT,1
28.2085,19.9137,2026-07-30T00:39:00Z,1.95,N20,n,N,VIIRS_NOAA20_NRT,1
28.1906,9.8039,2026-07-30T00:39:00Z,1.83,N20,n,N,VIIRS_NOAA20_NRT,1
28.1292,18.7909,2026-07-30T00:39:00Z,1.18,N20,n,N,VIIRS_NOAA20_NRT,1
28.1035,19.2515,2026-07-30T00:39:00Z,1.66,N20,n,N,VIIRS_NOAA20_NRT,1
28.6336,9.789,2026-07-30T00:39:00Z,3.22,N20,n,N,VIIRS_NOAA20_NRT,1
28.6027,7.255,2026-07-30T00:39:00Z,5.72,N20,n,N,VIIRS_NOAA20_NRT,1
28.6812,21.461,2026-07-30T00:39:00Z,2.57,N20,n,N,VIIRS_NOAA20_NRT,1
28.6341,9.7839,2026-07-30T00:39:00Z,3.22,N20,n,N,VIIRS_NOAA20_NRT,1
28.6355,9.7849,2026-07-30T00:39:00Z,4.17,N20,n,N,VIIRS_NOAA20_NRT,1
28.0575,19.9139,2026-07-30T00:39:00Z,1.63,N20,n,N,VIIRS_NOAA20_NRT,1
28.7116,21.3817,2026-07-30T00:39:00Z,1.79,N20,n,N,VIIRS_NOAA20_NRT,1
28.7095,21.4525,2026-07-30T00:39:00Z,0.95,N20,n,N,VIIRS_NOAA20_NRT,1
28.6958,22.3754,2026-07-30T00:39:00Z,8.81,N20,n,N,VIIRS_NOAA20_NRT,1
28.687,7.1927,2026-07-30T00:39:00Z,4.02,N20,h,N,VIIRS_NOAA20_NRT,1
28.6867,7.1965,2026-07-30T00:39:00Z,4.02,N20,n,N,VIIRS_NOAA20_NRT,1
28.6813,21.4635,2026-07-30T00:39:00Z,1.98,N20,n,N,VIIRS_NOAA20_NRT,1
28.6751,9.3844,2026-07-30T00:39:00Z,2.99,N20,n,N,VIIRS_NOAA20_NRT,1
28.6738,9.3847,2026-07-30T00:39:00Z,2.29,N20,n,N,VIIRS_NOAA20_NRT,1
28.6634,7.9134,2026-07-30T00:39:00Z,0.88,N20,n,N,VIIRS_NOAA20_NRT,1
28.6392,9.7793,2026-07-30T00:39:00Z,1.6,N20,n,N,VIIRS_NOAA20_NRT,1
28.6386,9.7845,2026-07-30T00:39:00Z,3.22,N20,n,N,VIIRS_NOAA20_NRT,1
28.6382,7.5348,2026-07-30T00:39:00Z,1.04,N20,n,N,VIIRS_NOAA20_NRT,1
28.637,7.6136,2026-07-30T00:39:00Z,1.76,N20,n,N,VIIRS_NOAA20_NRT,1
28.636,9.7798,2026-07-30T00:39:00Z,4.17,N20,n,N,VIIRS_NOAA20_NRT,1
28.0808,9.7886,2026-07-30T00:39:00Z,4.83,N20,n,N,VIIRS_NOAA20_NRT,1
26.0327,11.9784,2026-07-30T00:39:00Z,1.1,N20,n,N,VIIRS_NOAA20_NRT,1
28.0541,19.9131,2026-07-30T00:39:00Z,1.63,N20,n,N,VIIRS_NOAA20_NRT,1
27.9864,22.3251,2026-07-30T00:39:00Z,5.7,N20,n,N,VIIRS_NOAA20_NRT,1
27.584,22.405,2026-07-30T00:39:00Z,7.65,N20,n,N,VIIRS_NOAA20_NRT,1
27.5823,18.4684,2026-07-30T00:39:00Z,1.48,N20,n,N,VIIRS_NOAA20_NRT,1
27.5717,22.3434,2026-07-30T00:39:00Z,1.16,N20,n,N,VIIRS_NOAA20_NRT,1
27.5268,9.6233,2026-07-30T00:39:00Z,2.17,N20,n,N,VIIRS_NOAA20_NRT,1
27.4111,8.8397,2026-07-30T00:39:00Z,2.07,N20,n,N,VIIRS_NOAA20_NRT,1
27.1199,14.3869,2026-07-30T00:39:00Z,0.7,N20,n,N,VIIRS_NOAA20_NRT,1
26.7589,12.4152,2026-07-30T00:39:00Z,4.68,N20,n,N,VIIRS_NOAA20_NRT,1
26.7558,12.4094,2026-07-30T00:39:00Z,4.68,N20,n,N,VIIRS_NOAA20_NRT,1
26.7551,12.4145,2026-07-30T00:39:00Z,4.68,N20,n,N,VIIRS_NOAA20_NRT,1
26.7003,12.452,2026-07-30T00:39:00Z,7.38,N20,n,N,VIIRS_NOAA20_NRT,1
26.5804,12.2102,2026-07-30T00:39:00Z,2.91,N20,n,N,VIIRS_NOAA20_NRT,1
26.5631,12.6784,2026-07-30T00:39:00Z,1.35,N20,n,N,VIIRS_NOAA20_NRT,1
26.4332,11.8479,2026-07-30T00:39:00Z,2.19,N20,n,N,VIIRS_NOAA20_NRT,1
26.0318,11.9749,2026-07-30T00:39:00Z,1.29,N20,n,N,VIIRS_NOAA20_NRT,1
28.7142,8.9474,2026-07-30T00:39:00Z,7.58,N20,n,N,VIIRS_NOAA20_NRT,1
27.5959,21.6165,2026-07-30T00:39:00Z,1.57,N20,n,N,VIIRS_NOAA20_NRT,1
27.6417,22.5038,2026-07-30T00:39:00Z,10.59,N20,n,N,VIIRS_NOAA20_NRT,1
27.6456,22.5048,2026-07-30T00:39:00Z,2.43,N20,n,N,VIIRS_NOAA20_NRT,1
27.9273,9.2502,2026-07-30T00:39:00Z,1.63,N20,n,N,VIIRS_NOAA20_NRT,1
27.9858,19.9039,2026-07-30T00:39:00Z,9.36,N20,n,N,VIIRS_NOAA20_NRT,1
27.985,19.9082,2026-07-30T00:39:00Z,5.0,N20,n,N,VIIRS_NOAA20_NRT,1
27.9837,19.9061,2026-07-30T00:39:00Z,10.48,N20,n,N,VIIRS_NOAA20_NRT,1
27.9462,22.3828,2026-07-30T00:39:00Z,1.24,N20,n,N,VIIRS_NOAA20_NRT,1
27.934,8.3769,2026-07-30T00:39:00Z,3.48,N20,n,N,VIIRS_NOAA20_NRT,1
27.9317,8.3756,2026-07-30T00:39:00Z,4.71,N20,n,N,VIIRS_NOAA20_NRT,1
27.8137,22.4362,2026-07-30T00:39:00Z,7.9,N20,n,N,VIIRS_NOAA20_NRT,1
27.6461,22.4813,2026-07-30T00:39:00Z,7.08,N20,n,N,VIIRS_NOAA20_NRT,1
27.7737,7.8455,2026-07-30T00:39:00Z,2.14,N20,n,N,VIIRS_NOAA20_NRT,1
27.7384,9.1776,2026-07-30T00:39:00Z,2.23,N20,n,N,VIIRS_NOAA20_NRT,1
27.7378,9.183,2026-07-30T00:39:00Z,2.23,N20,n,N,VIIRS_NOAA20_NRT,1
27.7348,9.1816,2026-07-30T00:39:00Z,2.83,N20,n,N,VIIRS_NOAA20_NRT,1
27.7275,9.8811,2026-07-30T00:39:00Z,1.56,N20,n,N,VIIRS_NOAA20_NRT,1
27.7028,9.1724,2026-07-30T00:39:00Z,2.09,N20,n,N,VIIRS_NOAA20_NRT,1
28.7138,8.9473,2026-07-30T00:39:00Z,6.85,N20,n,N,VIIRS_NOAA20_NRT,1
29.0581,20.7835,2026-07-30T00:39:00Z,2.6,N20,n,N,VIIRS_NOAA20_NRT,1
28.7361,9.7879,2026-07-30T00:39:00Z,3.98,N20,n,N,VIIRS_NOAA20_NRT,1
30.1826,7.692,2026-07-30T00:39:00Z,1.16,N20,n,N,VIIRS_NOAA20_NRT,1
29.7863,17.5584,2026-07-30T00:39:00Z,1.1,N20,n,N,VIIRS_NOAA20_NRT,1
29.7031,6.7083,2026-07-30T00:39:00Z,2.14,N20,n,N,VIIRS_NOAA20_NRT,1
29.7028,6.7124,2026-07-30T00:39:00Z,5.67,N20,n,N,VIIRS_NOAA20_NRT,1
29.6981,6.6994,2026-07-30T00:39:00Z,3.47,N20,n,N,VIIRS_NOAA20_NRT,1
29.6978,6.7036,2026-07-30T00:39:00Z,2.14,N20,n,N,VIIRS_NOAA20_NRT,1
29.6975,6.7077,2026-07-30T00:39:00Z,2.14,N20,n,N,VIIRS_NOAA20_NRT,1
29.6871,6.6983,2026-07-30T00:39:00Z,2.04,N20,n,N,VIIRS_NOAA20_NRT,1
29.6687,6.7215,2026-07-30T00:39:00Z,1.42,N20,n,N,VIIRS_NOAA20_NRT,1
29.4423,17.9669,2026-07-30T00:39:00Z,3.08,N20,n,N,VIIRS_NOAA20_NRT,1
29.2688,6.4901,2026-07-30T00:39:00Z,1.32,N20,n,N,VIIRS_NOAA20_NRT,1
29.2328,19.6955,2026-07-30T00:39:00Z,13.62,N20,n,N,VIIRS_NOAA20_NRT,1
29.2321,19.6997,2026-07-30T00:39:00Z,13.62,N20,n,N,VIIRS_NOAA20_NRT,1
29.2295,19.6947,2026-07-30T00:39:00Z,6.97,N20,n,N,VIIRS_NOAA20_NRT,1
29.2287,19.6989,2026-07-30T00:39:00Z,6.97,N20,n,N,VIIRS_NOAA20_NRT,1
29.1108,9.6671,2026-07-30T00:39:00Z,1.81,N20,n,N,VIIRS_NOAA20_NRT,1
29.8216,17.2895,2026-07-30T00:39:00Z,0.97,N20,n,N,VIIRS_NOAA20_NRT,1
30.1829,7.6883,2026-07-30T00:39:00Z,1.16,N20,n,N,VIIRS_NOAA20_NRT,1
29.0728,19.0655,2026-07-30T00:39:00Z,4.86,N20,n,N,VIIRS_NOAA20_NRT,1
30.2558,8.0863,2026-07-30T00:39:00Z,2.24,N20,n,N,VIIRS_NOAA20_NRT,1
28.7372,9.7893,2026-07-30T00:39:00Z,4.22,N20,n,N,VIIRS_NOAA20_NRT,1
30.8981,5.5844,2026-07-30T00:39:00Z,4.03,N20,n,N,VIIRS_NOAA20_NRT,1
30.8953,5.5815,2026-07-30T00:39:00Z,1.19,N20,n,N,VIIRS_NOAA20_NRT,1
30.8798,5.6412,2026-07-30T00:39:00Z,9.64,N20,h,N,VIIRS_NOAA20_NRT,1
30.8766,5.6385,2026-07-30T00:39:00Z,4.87,N20,n,N,VIIRS_NOAA20_NRT,1
30.8763,5.6435,2026-07-30T00:39:00Z,4.87,N20,n,N,VIIRS_NOAA20_NRT,1
30.829,8.0268,2026-07-30T00:39:00Z,4.29,N20,n,N,VIIRS_NOAA20_NRT,1
30.8288,8.0304,2026-07-30T00:39:00Z,4.29,N20,n,N,VIIRS_NOAA20_NRT,1
30.8275,8.0274,2026-07-30T00:39:00Z,3.51,N20,n,N,VIIRS_NOAA20_NRT,1
30.8272,8.031,2026-07-30T00:39:00Z,3.51,N20,n,N,VIIRS_NOAA20_NRT,1
30.3926,7.9067,2026-07-30T00:39:00Z,1.22,N20,n,N,VIIRS_NOAA20_NRT,1
30.3758,7.0115,2026-07-30T00:39:00Z,1.73,N20,n,N,VIIRS_NOAA20_NRT,1
30.3751,7.008,2026-07-30T00:39:00Z,1.55,N20,n,N,VIIRS_NOAA20_NRT,1
30.3748,7.0121,2026-07-30T00:39:00Z,1.54,N20,n,N,VIIRS_NOAA20_NRT,1
30.2561,8.0829,2026-07-30T00:39:00Z,1.82,N20,n,N,VIIRS_NOAA20_NRT,1
29.0735,19.0614,2026-07-30T00:39:00Z,13.16,N20,n,N,VIIRS_NOAA20_NRT,1
30.6632,8.102,2026-07-30T00:39:00Z,2.61,N20,n,N,VIIRS_NOAA20_NRT,1
29.0702,19.0607,2026-07-30T00:39:00Z,13.16,N20,n,N,VIIRS_NOAA20_NRT,1
28.9073,19.7786,2026-07-30T00:39:00Z,36.29,N20,n,N,VIIRS_NOAA20_NRT,1
28.9001,20.9636,2026-07-30T00:39:00Z,0.73,N20,n,N,VIIRS_NOAA20_NRT,1
28.893,20.9619,2026-07-30T00:39:00Z,15.75,N20,n,N,VIIRS_NOAA20_NRT,1
28.8915,20.9592,2026-07-30T00:39:00Z,23.07,N20,n,N,VIIRS_NOAA20_NRT,1
28.8906,20.9638,2026-07-30T00:39:00Z,7.44,N20,n,N,VIIRS_NOAA20_NRT,1
28.8895,20.9611,2026-07-30T00:39:00Z,2.09,N20,n,N,VIIRS_NOAA20_NRT,1
28.8659,9.939,2026-07-30T00:39:00Z,1.0,N20,n,N,VIIRS_NOAA20_NRT,1
28.835,22.1228,2026-07-30T00:39:00Z,1.24,N20,n,N,VIIRS_NOAA20_NRT,1
28.834,22.128,2026-07-30T00:39:00Z,1.13,N20,n,N,VIIRS_NOAA20_NRT,1
28.831,22.1437,2026-07-30T00:39:00Z,2.39,N20,n,N,VIIRS_NOAA20_NRT,1
28.8262,17.3858,2026-07-30T00:39:00Z,0.66,N20,n,N,VIIRS_NOAA20_NRT,1
28.8211,9.9103,2026-07-30T00:39:00Z,2.01,N20,n,N,VIIRS_NOAA20_NRT,1
28.8208,22.2573,2026-07-30T00:39:00Z,2.12,N20,n,N,VIIRS_NOAA20_NRT,1
28.8165,21.2861,2026-07-30T00:39:00Z,6.97,N20,n,N,VIIRS_NOAA20_NRT,1
28.7587,21.4134,2026-07-30T00:39:00Z,1.27,N20,n,N,VIIRS_NOAA20_NRT,1
30.9012,5.5821,2026-07-30T00:39:00Z,1.19,N20,n,N,VIIRS_NOAA20_NRT,1
28.9054,20.9552,2026-07-30T00:39:00Z,1.26,N20,n,N,VIIRS_NOAA20_NRT,1
28.8289,21.3214,2026-07-30T00:39:00Z,2.73,N20,n,N,VIIRS_NOAA20_NRT,1
28.9081,19.7744,2026-07-30T00:39:00Z,36.29,N20,n,N,VIIRS_NOAA20_NRT,1
28.9149,19.7759,2026-07-30T00:39:00Z,2.07,N20,n,N,VIIRS_NOAA20_NRT,1
29.0388,20.7884,2026-07-30T00:39:00Z,4.67,N20,n,N,VIIRS_NOAA20_NRT,1
28.9088,19.7701,2026-07-30T00:39:00Z,5.68,N20,n,N,VIIRS_NOAA20_NRT,1
28.9758,10.0428,2026-07-30T00:39:00Z,0.98,N20,n,N,VIIRS_NOAA20_NRT,1
28.9353,10.0153,2026-07-30T00:39:00Z,1.17,N20,n,N,VIIRS_NOAA20_NRT,1
28.9266,21.505,2026-07-30T00:39:00Z,0.95,N20,n,N,VIIRS_NOAA20_NRT,1
28.9172,9.7462,2026-07-30T00:39:00Z,7.78,N20,n,N,VIIRS_NOAA20_NRT,1
28.9156,19.7717,2026-07-30T00:39:00Z,0.99,N20,n,N,VIIRS_NOAA20_NRT,1
28.9218,9.7468,2026-07-30T00:39:00Z,2.4,N20,n,N,VIIRS_NOAA20_NRT,1
28.9127,9.7456,2026-07-30T00:39:00Z,7.78,N20,n,N,VIIRS_NOAA20_NRT,1
28.9096,19.7658,2026-07-30T00:39:00Z,5.68,N20,n,N,VIIRS_NOAA20_NRT,1
28.9115,19.7751,2026-07-30T00:39:00Z,2.07,N20,n,N,VIIRS_NOAA20_NRT,1
28.9108,20.9662,2026-07-30T00:39:00Z,1.76,N20,n,N,VIIRS_NOAA20_NRT,1
28.9107,19.7794,2026-07-30T00:39:00Z,2.07,N20,n,N,VIIRS_NOAA20_NRT,1
28.9122,19.7709,2026-07-30T00:39:00Z,0.99,N20,n,N,VIIRS_NOAA20_NRT,1
28.9099,20.9708,2026-07-30T00:39:00Z,1.76,N20,n,N,VIIRS_NOAA20_NRT,1
31.9564,11.1462,2026-07-30T00:37:00Z,2.72,N20,n,N,VIIRS_NOAA20_NRT,1
31.8352,5.9687,2026-07-30T00:37:00Z,12.88,N20,h,N,VIIRS_NOAA20_NRT,1
31.8481,6.0492,2026-07-30T00:37:00Z,2.92,N20,n,N,VIIRS_NOAA20_NRT,1
31.8483,5.0526,2026-07-30T00:37:00Z,1.51,N20,n,N,VIIRS_NOAA20_NRT,1
31.8496,5.0528,2026-07-30T00:37:00Z,1.89,N20,n,N,VIIRS_NOAA20_NRT,1
31.9638,5.2134,2026-07-30T00:37:00Z,1.96,N20,n,N,VIIRS_NOAA20_NRT,1
31.9634,5.2155,2026-07-30T00:37:00Z,1.6,N20,n,N,VIIRS_NOAA20_NRT,1
32.0058,20.1345,2026-07-30T00:37:00Z,0.96,N20,n,N,VIIRS_NOAA20_NRT,1
31.7535,5.2263,2026-07-30T00:37:00Z,1.14,N20,n,N,VIIRS_NOAA20_NRT,1
32.1377,6.47,2026-07-30T00:37:00Z,8.84,N20,h,N,VIIRS_NOAA20_NRT,1
32.0065,20.1303,2026-07-30T00:37:00Z,0.78,N20,n,N,VIIRS_NOAA20_NRT,1
31.8056,5.9951,2026-07-30T00:37:00Z,1.62,N20,n,N,VIIRS_NOAA20_NRT,1
31.5918,5.9588,2026-07-30T00:37:00Z,2.66,N20,n,N,VIIRS_NOAA20_NRT,1
31.7067,6.2627,2026-07-30T00:37:00Z,0.83,N20,n,N,VIIRS_NOAA20_NRT,1
31.6794,6.045,2026-07-30T00:37:00Z,2.03,N20,n,N,VIIRS_NOAA20_NRT,1
31.6674,6.0488,2026-07-30T00:37:00Z,3.86,N20,n,N,VIIRS_NOAA20_NRT,1
31.6671,6.0536,2026-07-30T00:37:00Z,3.86,N20,n,N,VIIRS_NOAA20_NRT,1
31.6616,6.0481,2026-07-30T00:37:00Z,3.86,N20,n,N,VIIRS_NOAA20_NRT,1
31.6613,6.0529,2026-07-30T00:37:00Z,3.86,N20,n,N,VIIRS_NOAA20_NRT,1
31.661,6.0578,2026-07-30T00:37:00Z,6.93,N20,n,N,VIIRS_NOAA20_NRT,1
31.5903,5.9574,2026-07-30T00:37:00Z,2.1,N20,n,N,VIIRS_NOAA20_NRT,1
31.5862,5.9535,2026-07-30T00:37:00Z,4.05,N20,n,N,VIIRS_NOAA20_NRT,1
31.5847,5.952,2026-07-30T00:37:00Z,2.1,N20,n,N,VIIRS_NOAA20_NRT,1
32.2027,20.131,2026-07-30T00:37:00Z,1.59,N20,n,N,VIIRS_NOAA20_NRT,1
31.4753,31.7412,2026-07-30T00:37:00Z,2.26,N20,n,N,VIIRS_NOAA20_NRT,1
32.2019,20.1352,2026-07-30T00:37:00Z,2.0,N20,n,N,VIIRS_NOAA20_NRT,1
32.7778,13.0972,2026-07-30T00:37:00Z,1.65,N20,n,N,VIIRS_NOAA20_NRT,1
32.2748,3.9878,2026-07-30T00:37:00Z,2.09,N20,n,N,VIIRS_NOAA20_NRT,1
32.2751,3.9812,2026-07-30T00:37:00Z,2.25,N20,n,N,VIIRS_NOAA20_NRT,1
31.4032,5.9688,2026-07-30T00:37:00Z,0.56,N20,n,N,VIIRS_NOAA20_NRT,1
33.1255,3.3148,2026-07-30T00:37:00Z,1.59,N20,n,N,VIIRS_NOAA20_NRT,1
32.9487,3.2235,2026-07-30T00:37:00Z,3.65,N20,n,N,VIIRS_NOAA20_NRT,1
32.9485,3.231,2026-07-30T00:37:00Z,2.99,N20,n,N,VIIRS_NOAA20_NRT,1
32.935,3.2226,2026-07-30T00:37:00Z,1.94,N20,n,N,VIIRS_NOAA20_NRT,1
32.9347,3.2302,2026-07-30T00:37:00Z,3.31,N20,n,N,VIIRS_NOAA20_NRT,1
32.8499,12.2362,2026-07-30T00:37:00Z,1.34,N20,n,N,VIIRS_NOAA20_NRT,1
32.8238,12.9709,2026-07-30T00:37:00Z,2.39,N20,n,N,VIIRS_NOAA20_NRT,1
32.791,12.6987,2026-07-30T00:37:00Z,2.35,N20,n,N,VIIRS_NOAA20_NRT,1
32.7781,13.096,2026-07-30T00:37:00Z,2.18,N20,n,N,VIIRS_NOAA20_NRT,1
32.7496,3.1798,2026-07-30T00:37:00Z,2.81,N20,n,N,VIIRS_NOAA20_NRT,1
32.7496,3.1816,2026-07-30T00:37:00Z,1.83,N20,n,N,VIIRS_NOAA20_NRT,1
32.6249,14.3282,2026-07-30T00:37:00Z,3.24,N20,n,N,VIIRS_NOAA20_NRT,1
32.5565,3.1657,2026-07-30T00:37:00Z,3.22,N20,n,N,VIIRS_NOAA20_NRT,1
32.5563,3.1677,2026-07-30T00:37:00Z,2.95,N20,n,N,VIIRS_NOAA20_NRT,1
32.5486,6.5358,2026-07-30T00:37:00Z,1.19,N20,n,N,VIIRS_NOAA20_NRT,1
32.5149,6.7098,2026-07-30T00:37:00Z,3.82,N20,n,N,VIIRS_NOAA20_NRT,1
32.4435,6.6258,2026-07-30T00:37:00Z,1.32,N20,n,N,VIIRS_NOAA20_NRT,1
32.4047,4.0023,2026-07-30T00:37:00Z,1.96,N20,n,N,VIIRS_NOAA20_NRT,1
32.3609,6.974,2026-07-30T00:37:00Z,4.6,N20,n,N,VIIRS_NOAA20_NRT,1
32.3606,6.9783,2026-07-30T00:37:00Z,6.44,N20,n,N,VIIRS_NOAA20_NRT,1
32.3328,15.2459,2026-07-30T00:37:00Z,1.43,N20,n,N,VIIRS_NOAA20_NRT,1
32.3292,15.2452,2026-07-30T00:37:00Z,1.77,N20,n,N,VIIRS_NOAA20_NRT,1
32.2817,3.9819,2026-07-30T00:37:00Z,5.52,N20,n,N,VIIRS_NOAA20_NRT,1
32.2814,3.9884,2026-07-30T00:37:00Z,6.3,N20,n,N,VIIRS_NOAA20_NRT,1
31.4739,31.7466,2026-07-30T00:37:00Z,2.58,N20,n,N,VIIRS_NOAA20_NRT,1
29.2143,21.6432,2026-07-30T00:37:00Z,2.88,N20,n,N,VIIRS_NOAA20_NRT,1
31.399,12.1455,2026-07-30T00:37:00Z,1.67,N20,n,N,VIIRS_NOAA20_NRT,1
31.398,6.9292,2026-07-30T00:37:00Z,3.43,N20,n,N,VIIRS_NOAA20_NRT,1
30.36,27.3613,2026-07-30T00:37:00Z,0.31,N20,n,N,VIIRS_NOAA20_NRT,1
29.9781,27.7901,2026-07-30T00:37:00Z,0.78,N20,n,N,VIIRS_NOAA20_NRT,1
29.8521,27.9421,2026-07-30T00:37:00Z,0.97,N20,n,N,VIIRS_NOAA20_NRT,1
29.7868,28.5556,2026-07-30T00:37:00Z,1.19,N20,n,N,VIIRS_NOAA20_NRT,1
29.6304,29.4709,2026-07-30T00:37:00Z,0.63,N20,n,N,VIIRS_NOAA20_NRT,1
33.1375,3.3671,2026-07-30T00:37:00Z,1.63,N20,n,N,VIIRS_NOAA20_NRT,1
29.1913,21.4263,2026-07-30T00:37:00Z,1.7,N20,n,N,VIIRS_NOAA20_NRT,1
29.1911,21.5277,2026-07-30T00:37:00Z,1.79,N20,n,N,VIIRS_NOAA20_NRT,1
29.0508,31.1702,2026-07-30T00:37:00Z,1.4,N20,n,N,VIIRS_NOAA20_NRT,1
29.0221,31.2021,2026-07-30T00:37:00Z,1.75,N20,n,N,VIIRS_NOAA20_NRT,1
29.0192,31.2001,2026-07-30T00:37:00Z,1.94,N20,n,N,VIIRS_NOAA20_NRT,1
29.0178,31.2056,2026-07-30T00:37:00Z,1.94,N20,n,N,VIIRS_NOAA20_NRT,1
29.0159,31.2,2026-07-30T00:37:00Z,1.56,N20,n,N,VIIRS_NOAA20_NRT,1
28.9207,31.0781,2026-07-30T00:37:00Z,0.79,N20,n,N,VIIRS_NOAA20_NRT,1
27.1723,31.0132,2026-07-30T00:37:00Z,3.33,N20,n,N,VIIRS_NOAA20_NRT,1
27.1719,31.0156,2026-07-30T00:37:00Z,3.22,N20,n,N,VIIRS_NOAA20_NRT,1
-34.2826,19.735,2026-07-30T00:37:00Z,1.63,N,n,N,VIIRS_SNPP_NRT,1
-34.2786,19.7368,2026-07-30T00:37:00Z,0.95,N,n,N,VIIRS_SNPP_NRT,1
-33.9695,18.5795,2026-07-30T00:37:00Z,0.39,N,n,N,VIIRS_SNPP_NRT,1
-33.5136,24.5802,2026-07-30T00:37:00Z,0.22,N,n,N,VIIRS_SNPP_NRT,1
-32.9412,18.7593,2026-07-30T00:37:00Z,0.83,N,n,N,VIIRS_SNPP_NRT,1
-32.936,18.7597,2026-07-30T00:37:00Z,0.83,N,n,N,VIIRS_SNPP_NRT,1
-28.36,23.5086,2026-07-30T00:37:00Z,2.29,N,n,N,VIIRS_SNPP_NRT,1
-28.0536,20.4461,2026-07-30T00:37:00Z,0.1,N,n,N,VIIRS_SNPP_NRT,1
-27.3923,16.6386,2026-07-30T00:37:00Z,0.05,N,n,N,VIIRS_SNPP_NRT,1
30.3701,27.2299,2026-07-30T00:37:00Z,1.33,N20,n,N,VIIRS_NOAA20_NRT,1
30.4044,19.6114,2026-07-30T00:37:00Z,1.39,N20,n,N,VIIRS_NOAA20_NRT,1
30.4065,19.599,2026-07-30T00:37:00Z,1.18,N20,n,N,VIIRS_NOAA20_NRT,1
31.028,29.7553,2026-07-30T00:37:00Z,2.27,N20,n,N,VIIRS_NOAA20_NRT,1
31.3977,6.9335,2026-07-30T00:37:00Z,3.43,N20,n,N,VIIRS_NOAA20_NRT,1
31.364,6.0471,2026-07-30T00:37:00Z,14.83,N20,h,N,VIIRS_NOAA20_NRT,1
31.3637,6.0519,2026-07-30T00:37:00Z,3.54,N20,n,N,VIIRS_NOAA20_NRT,1
31.3578,6.0514,2026-07-30T00:37:00Z,3.54,N20,n,N,VIIRS_NOAA20_NRT,1
31.3249,32.1433,2026-07-30T00:37:00Z,2.95,N20,n,N,VIIRS_NOAA20_NRT,1
31.3196,11.8038,2026-07-30T00:37:00Z,4.51,N20,n,N,VIIRS_NOAA20_NRT,1
31.3174,11.8057,2026-07-30T00:37:00Z,3.35,N20,n,N,VIIRS_NOAA20_NRT,1
31.1915,6.7863,2026-07-30T00:37:00Z,2.33,N20,n,N,VIIRS_NOAA20_NRT,1
31.0972,29.7806,2026-07-30T00:37:00Z,1.82,N20,n,N,VIIRS_NOAA20_NRT,1
31.0562,8.0314,2026-07-30T00:37:00Z,4.21,N20,n,N,VIIRS_NOAA20_NRT,1
31.0559,8.035,2026-07-30T00:37:00Z,4.8,N20,n,N,VIIRS_NOAA20_NRT,1
31.0179,8.162,2026-07-30T00:37:00Z,1.84,N20,n,N,VIIRS_NOAA20_NRT,1
30.4099,19.5998,2026-07-30T00:37:00Z,1.18,N20,n,N,VIIRS_NOAA20_NRT,1
31.0149,8.1607,2026-07-30T00:37:00Z,1.83,N20,n,N,VIIRS_NOAA20_NRT,1
31.0119,8.1718,2026-07-30T00:37:00Z,1.61,N20,n,N,VIIRS_NOAA20_NRT,1
30.9558,20.1174,2026-07-30T00:37:00Z,2.46,N20,n,N,VIIRS_NOAA20_NRT,1
30.858,26.6199,2026-07-30T00:37:00Z,1.11,N20,n,N,VIIRS_NOAA20_NRT,1
30.8534,27.0337,2026-07-30T00:37:00Z,1.11,N20,n,N,VIIRS_NOAA20_NRT,1
30.7033,33.8475,2026-07-30T00:37:00Z,3.29,N20,n,N,VIIRS_NOAA20_NRT,1
30.7032,33.8467,2026-07-30T00:37:00Z,3.94,N20,n,N,VIIRS_NOAA20_NRT,1
30.6698,26.3684,2026-07-30T00:37:00Z,1.65,N20,n,N,VIIRS_NOAA20_NRT,1
30.6153,26.0369,2026-07-30T00:37:00Z,0.85,N20,n,N,VIIRS_NOAA20_NRT,1
30.5324,26.084,2026-07-30T00:37:00Z,2.16,N20,n,N,VIIRS_NOAA20_NRT,1
30.4101,19.5784,2026-07-30T00:37:00Z,1.83,N20,n,N,VIIRS_NOAA20_NRT,1
33.1324,3.3151,2026-07-30T00:37:00Z,1.59,N20,n,N,VIIRS_NOAA20_NRT,1
31.3971,6.942,2026-07-30T00:37:00Z,2.95,N20,n,N,VIIRS_NOAA20_NRT,1
33.3671,8.5473,2026-07-30T00:37:00Z,2.26,N20,n,N,VIIRS_NOAA20_NRT,1
37.45,37.6033,2026-07-30T00:37:00Z,3.19,N20,n,N,VIIRS_NOAA20_NRT,1
37.0471,15.148,2026-07-30T00:37:00Z,0.85,N20,n,N,VIIRS_NOAA20_NRT,1
36.8833,6.9581,2026-07-30T00:37:00Z,1.57,N20,n,N,VIIRS_NOAA20_NRT,1
36.8782,6.9423,2026-07-30T00:37:00Z,2.67,N20,n,N,VIIRS_NOAA20_NRT,1
36.8706,6.9779,2026-07-30T00:37:00Z,3.57,N20,n,N,VIIRS_NOAA20_NRT,1
36.7657,7.3074,2026-07-30T00:37:00Z,1.67,N20,n,N,VIIRS_NOAA20_NRT,1
36.7461,6.2516,2026-07-30T00:37:00Z,3.04,N20,n,N,VIIRS_NOAA20_NRT,1
36.7459,6.2571,2026-07-30T00:37:00Z,1.81,N20,n,N,VIIRS_NOAA20_NRT,1
36.6012,2.875,2026-07-30T00:37:00Z,0.8,N20,n,N,VIIRS_NOAA20_NRT,1
36.5974,2.8736,2026-07-30T00:37:00Z,1.1,N20,n,N,VIIRS_NOAA20_NRT,1
36.4335,6.6213,2026-07-30T00:37:00Z,1.49,N20,n,N,VIIRS_NOAA20_NRT,1
36.1828,3.7429,2026-07-30T00:37:00Z,0.7,N20,n,N,VIIRS_NOAA20_NRT,1
36.1816,3.7429,2026-07-30T00:37:00Z,1.67,N20,n,N,VIIRS_NOAA20_NRT,1
36.0867,6.8047,2026-07-30T00:37:00Z,1.57,N20,n,N,VIIRS_NOAA20_NRT,1
35.8797,4.4422,2026-07-30T00:37:00Z,2.52,N20,n,N,VIIRS_NOAA20_NRT,1
35.8693,6.0239,2026-07-30T00:37:00Z,1.46,N20,n,N,VIIRS_NOAA20_NRT,1
35.7656,7.3592,2026-07-30T00:37:00Z,0.96,N20,n,N,VIIRS_NOAA20_NRT,1
35.3525,5.7617,2026-07-30T00:37:00Z,3.88,N20,n,N,VIIRS_NOAA20_NRT,1
35.2331,8.1716,2026-07-30T00:37:00Z,1.47,N20,n,N,VIIRS_NOAA20_NRT,1
35.1525,24.5797,2026-07-30T00:37:00Z,3.56,N20,n,N,VIIRS_NOAA20_NRT,1
35.1487,24.5785,2026-07-30T00:37:00Z,3.56,N20,n,N,VIIRS_NOAA20_NRT,1
35.1475,24.6629,2026-07-30T00:37:00Z,2.38,N20,n,N,VIIRS_NOAA20_NRT,1
35.1462,24.669,2026-07-30T00:37:00Z,2.38,N20,n,N,VIIRS_NOAA20_NRT,1
35.1454,24.5556,2026-07-30T00:37:00Z,5.02,N20,n,N,VIIRS_NOAA20_NRT,1
35.1448,24.6562,2026-07-30T00:37:00Z,2.32,N20,n,N,VIIRS_NOAA20_NRT,1
35.1443,24.5611,2026-07-30T00:37:00Z,1.33,N20,n,N,VIIRS_NOAA20_NRT,1
37.4385,15.0284,2026-07-30T00:37:00Z,2.22,N20,n,N,VIIRS_NOAA20_NRT,1
37.7541,14.9935,2026-07-30T00:37:00Z,0.63,N20,n,N,VIIRS_NOAA20_NRT,1
35.1425,24.5501,2026-07-30T00:37:00Z,8.3,N20,n,N,VIIRS_NOAA20_NRT,1
38.4653,33.9175,2026-07-30T00:37:00Z,0.76,N20,n,N,VIIRS_NOAA20_NRT,1
33.8914,12.6025,2026-07-30T00:37:00Z,3.97,N20,n,N,VIIRS_NOAA20_NRT,1
43.3283,10.5194,2026-07-30T00:37:00Z,0.72,N20,n,N,VIIRS_NOAA20_NRT,1
43.3232,10.5188,2026-07-30T00:37:00Z,3.37,N20,n,N,VIIRS_NOAA20_NRT,1
42.7152,24.1704,2026-07-30T00:37:00Z,2.71,N20,n,N,VIIRS_NOAA20_NRT,1
42.0145,21.4644,2026-07-30T00:37:00Z,0.56,N20,n,N,VIIRS_NOAA20_NRT,1
41.947,14.3,2026-07-30T00:37:00Z,1.04,N20,n,N,VIIRS_NOAA20_NRT,1
41.7973,26.7026,2026-07-30T00:37:00Z,0.92,N20,n,N,VIIRS_NOAA20_NRT,1
41.5592,19.7356,2026-07-30T00:37:00Z,0.92,N20,n,N,VIIRS_NOAA20_NRT,1
41.5575,19.733,2026-07-30T00:37:00Z,1.19,N20,n,N,VIIRS_NOAA20_NRT,1
41.5011,19.7426,2026-07-30T00:37:00Z,0.47,N20,n,N,VIIRS_NOAA20_NRT,1
41.3491,19.9443,2026-07-30T00:37:00Z,0.56,N20,n,N,VIIRS_NOAA20_NRT,1
41.2685,31.4277,2026-07-30T00:37:00Z,1.85,N20,n,N,VIIRS_NOAA20_NRT,1
41.2639,31.4257,2026-07-30T00:37:00Z,1.43,N20,n,N,VIIRS_NOAA20_NRT,1
41.2577,31.43,2026-07-30T00:37:00Z,1.43,N20,n,N,VIIRS_NOAA20_NRT,1
41.2564,31.4151,2026-07-30T00:37:00Z,3.7,N20,n,N,VIIRS_NOAA20_NRT,1
41.2558,31.4148,2026-07-30T00:37:00Z,3.12,N20,n,N,VIIRS_NOAA20_NRT,1
41.0219,28.5554,2026-07-30T00:37:00Z,1.65,N20,n,N,VIIRS_NOAA20_NRT,1
40.7667,29.5292,2026-07-30T00:37:00Z,2.3,N20,n,N,VIIRS_NOAA20_NRT,1
40.7588,29.7614,2026-07-30T00:37:00Z,1.76,N20,n,N,VIIRS_NOAA20_NRT,1
40.7576,29.7622,2026-07-30T00:37:00Z,1.44,N20,n,N,VIIRS_NOAA20_NRT,1
40.1218,26.4621,2026-07-30T00:37:00Z,1.78,N20,n,N,VIIRS_NOAA20_NRT,1
40.0679,31.8136,2026-07-30T00:37:00Z,0.47,N20,n,N,VIIRS_NOAA20_NRT,1
39.7681,33.4774,2026-07-30T00:37:00Z,0.42,N20,n,N,VIIRS_NOAA20_NRT,1
39.4852,30.0397,2026-07-30T00:37:00Z,2.14,N20,n,N,VIIRS_NOAA20_NRT,1
38.7788,34.357,2026-07-30T00:37:00Z,1.01,N20,n,N,VIIRS_NOAA20_NRT,1
35.1436,24.6621,2026-07-30T00:37:00Z,2.83,N20,n,N,VIIRS_NOAA20_NRT,1
36.7616,7.308,2026-07-30T00:37:00Z,1.38,N20,n,N,VIIRS_NOAA20_NRT,1
35.1424,24.668,2026-07-30T00:37:00Z,2.83,N20,n,N,VIIRS_NOAA20_NRT,1
35.1219,24.5525,2026-07-30T00:37:00Z,19.31,N20,n,N,VIIRS_NOAA20_NRT,1
35.1272,24.5657,2026-07-30T00:37:00Z,14.81,N20,n,N,VIIRS_NOAA20_NRT,1
35.1269,24.5478,2026-07-30T00:37:00Z,19.31,N20,n,N,VIIRS_NOAA20_NRT,1
35.1266,24.5579,2026-07-30T00:37:00Z,13.69,N20,n,N,VIIRS_NOAA20_NRT,1
35.1261,24.5713,2026-07-30T00:37:00Z,4.1,N20,n,N,VIIRS_NOAA20_NRT,1
35.1258,24.5534,2026-07-30T00:37:00Z,19.31,N20,n,N,VIIRS_NOAA20_NRT,1
35.1254,24.5636,2026-07-30T00:37:00Z,5.39,N20,n,N,VIIRS_NOAA20_NRT,1
35.1249,24.5771,2026-07-30T00:37:00Z,4.1,N20,n,N,VIIRS_NOAA20_NRT,1
35.1246,24.5591,2026-07-30T00:37:00Z,19.06,N20,n,N,VIIRS_NOAA20_NRT,1
35.1239,24.5514,2026-07-30T00:37:00Z,13.69,N20,n,N,VIIRS_NOAA20_NRT,1
35.1231,24.575,2026-07-30T00:37:00Z,3.95,N20,n,N,VIIRS_NOAA20_NRT,1
35.123,24.5471,2026-07-30T00:37:00Z,19.31,N20,n,N,VIIRS_NOAA20_NRT,1
35.1227,24.557,2026-07-30T00:37:00Z,13.69,N20,n,N,VIIRS_NOAA20_NRT,1
35.1208,24.5582,2026-07-30T00:37:00Z,19.06,N20,n,N,VIIRS_NOAA20_NRT,1
35.1277,24.5522,2026-07-30T00:37:00Z,13.69,N20,n,N,VIIRS_NOAA20_NRT,1
35.1423,24.6488,2026-07-30T00:37:00Z,2.32,N20,n,N,VIIRS_NOAA20_NRT,1
33.9204,12.6762,2026-07-30T00:37:00Z,3.14,N20,n,N,VIIRS_NOAA20_NRT,1
35.12,24.5505,2026-07-30T00:37:00Z,12.47,N20,n,N,VIIRS_NOAA20_NRT,1
35.1193,24.5461,2026-07-30T00:37:00Z,26.34,N20,n,N,VIIRS_NOAA20_NRT,1
35.1189,24.5561,2026-07-30T00:37:00Z,12.47,N20,n,N,VIIRS_NOAA20_NRT,1
35.1128,24.5664,2026-07-30T00:37:00Z,3.84,N20,n,N,VIIRS_NOAA20_NRT,1
35.112,24.562,2026-07-30T00:37:00Z,3.89,N20,n,N,VIIRS_NOAA20_NRT,1
35.1108,24.5676,2026-07-30T00:37:00Z,3.59,N20,n,N,VIIRS_NOAA20_NRT,1
34.9856,5.7138,2026-07-30T00:37:00Z,4.15,N20,n,N,VIIRS_NOAA20_NRT,1
34.9855,5.7139,2026-07-30T00:37:00Z,3.71,N20,n,N,VIIRS_NOAA20_NRT,1
33.9305,10.0789,2026-07-30T00:37:00Z,2.62,N20,n,N,VIIRS_NOAA20_NRT,1
33.9289,10.0836,2026-07-30T00:37:00Z,2.99,N20,n,N,VIIRS_NOAA20_NRT,1
35.1276,24.5835,2026-07-30T00:37:00Z,4.61,N20,n,N,VIIRS_NOAA20_NRT,1
35.1243,24.5693,2026-07-30T00:37:00Z,5.39,N20,n,N,VIIRS_NOAA20_NRT,1
35.1284,24.56,2026-07-30T00:37:00Z,14.81,N20,n,N,VIIRS_NOAA20_NRT,1
35.1339,24.5726,2026-07-30T00:37:00Z,2.73,N20,n,N,VIIRS_NOAA20_NRT,1
35.1362,24.5612,2026-07-30T00:37:00Z,7.75,N20,n,N,VIIRS_NOAA20_NRT,1
35.1366,24.5788,2026-07-30T00:37:00Z,2.73,N20,n,N,VIIRS_NOAA20_NRT,1
35.1288,24.5778,2026-07-30T00:37:00Z,4.1,N20,n,N,VIIRS_NOAA20_NRT,1
35.1374,24.5555,2026-07-30T00:37:00Z,8.3,N20,n,N,VIIRS_NOAA20_NRT,1
35.1358,24.5438,2026-07-30T00:37:00Z,31.29,N20,n,N,VIIRS_NOAA20_NRT,1
35.135,24.5669,2026-07-30T00:37:00Z,7.75,N20,n,N,VIIRS_NOAA20_NRT,1
35.1378,24.5729,2026-07-30T00:37:00Z,2.73,N20,n,N,VIIRS_NOAA20_NRT,1
35.1385,24.5499,2026-07-30T00:37:00Z,8.3,N20,n,N,VIIRS_NOAA20_NRT,1
35.139,24.567,2026-07-30T00:37:00Z,7.75,N20,n,N,VIIRS_NOAA20_NRT,1
35.1402,24.5612,2026-07-30T00:37:00Z,7.75,N20,n,N,VIIRS_NOAA20_NRT,1
35.1407,24.5785,2026-07-30T00:37:00Z,0.76,N20,n,N,VIIRS_NOAA20_NRT,1
35.1346,24.5493,2026-07-30T00:37:00Z,26.62,N20,n,N,VIIRS_NOAA20_NRT,1
35.1335,24.5549,2026-07-30T00:37:00Z,26.62,N20,n,N,VIIRS_NOAA20_NRT,1
35.1311,24.5664,2026-07-30T00:37:00Z,14.81,N20,n,N,VIIRS_NOAA20_NRT,1
35.1288,24.5467,2026-07-30T00:37:00Z,45.04,N20,n,N,VIIRS_NOAA20_NRT,1
35.1296,24.5542,2026-07-30T00:37:00Z,26.62,N20,n,N,VIIRS_NOAA20_NRT,1
35.13,24.5721,2026-07-30T00:37:00Z,4.1,N20,n,N,VIIRS_NOAA20_NRT,1
35.1308,24.5486,2026-07-30T00:37:00Z,26.62,N20,n,N,VIIRS_NOAA20_NRT,1
35.1414,24.5556,2026-07-30T00:37:00Z,8.3,N20,n,N,VIIRS_NOAA20_NRT,1
35.1319,24.5431,2026-07-30T00:37:00Z,31.29,N20,n,N,VIIRS_NOAA20_NRT,1
35.1411,24.6741,2026-07-30T00:37:00Z,3.93,N20,n,N,VIIRS_NOAA20_NRT,1
35.1323,24.5606,2026-07-30T00:37:00Z,14.81,N20,n,N,VIIRS_NOAA20_NRT,1
35.1324,24.6576,2026-07-30T00:37:00Z,2.81,N20,n,N,VIIRS_NOAA20_NRT,1
35.1327,24.5784,2026-07-30T00:37:00Z,2.73,N20,n,N,VIIRS_NOAA20_NRT,1
39.2796,26.8882,2026-07-30T00:35:00Z,3.73,N20,n,N,VIIRS_NOAA20_NRT,1
39.2758,26.8869,2026-07-30T00:35:00Z,19.24,N20,n,N,VIIRS_NOAA20_NRT,1
39.2769,26.9009,2026-07-30T00:35:00Z,32.44,N20,h,N,VIIRS_NOAA20_NRT,1
39.2778,26.8967,2026-07-30T00:35:00Z,32.44,N20,n,N,VIIRS_NOAA20_NRT,1
39.2787,26.8924,2026-07-30T00:35:00Z,3.73,N20,n,N,VIIRS_NOAA20_NRT,1
39.2844,26.8852,2026-07-30T00:35:00Z,4.6,N20,n,N,VIIRS_NOAA20_NRT,1
39.2797,26.9004,2026-07-30T00:35:00Z,18.47,N20,n,N,VIIRS_NOAA20_NRT,1
39.2806,26.8962,2026-07-30T00:35:00Z,18.47,N20,n,N,VIIRS_NOAA20_NRT,1
39.2808,26.9022,2026-07-30T00:35:00Z,32.44,N20,n,N,VIIRS_NOAA20_NRT,1
39.2817,26.8979,2026-07-30T00:35:00Z,32.44,N20,n,N,VIIRS_NOAA20_NRT,1
39.2825,26.8877,2026-07-30T00:35:00Z,7.77,N20,n,N,VIIRS_NOAA20_NRT,1
39.2836,26.8894,2026-07-30T00:35:00Z,3.73,N20,n,N,VIIRS_NOAA20_NRT,1
39.2836,26.9017,2026-07-30T00:35:00Z,18.47,N20,n,N,VIIRS_NOAA20_NRT,1
39.2864,26.8889,2026-07-30T00:35:00Z,7.77,N20,n,N,VIIRS_NOAA20_NRT,1
39.2875,26.903,2026-07-30T00:35:00Z,3.45,N20,n,N,VIIRS_NOAA20_NRT,1
39.2894,26.8944,2026-07-30T00:35:00Z,3.23,N20,n,N,VIIRS_NOAA20_NRT,1
39.2903,26.8902,2026-07-30T00:35:00Z,3.23,N20,n,N,VIIRS_NOAA20_NRT,1
39.2905,26.9086,2026-07-30T00:35:00Z,3.45,N20,n,N,VIIRS_NOAA20_NRT,1
39.2914,26.9043,2026-07-30T00:35:00Z,3.45,N20,n,N,VIIRS_NOAA20_NRT,1
39.274,26.8953,2026-07-30T00:35:00Z,21.07,N20,n,N,VIIRS_NOAA20_NRT,1
39.2925,26.9185,2026-07-30T00:35:00Z,2.51,N20,n,N,VIIRS_NOAA20_NRT,1
39.2748,26.8911,2026-07-30T00:35:00Z,19.24,N20,n,N,VIIRS_NOAA20_NRT,1
38.92,26.8564,2026-07-30T00:35:00Z,2.72,N20,n,N,VIIRS_NOAA20_NRT,1
39.273,26.8995,2026-07-30T00:35:00Z,21.07,N20,n,N,VIIRS_NOAA20_NRT,1
39.2718,26.8856,2026-07-30T00:35:00Z,19.24,N20,n,N,VIIRS_NOAA20_NRT,1
39.2955,26.924,2026-07-30T00:35:00Z,2.51,N20,n,N,VIIRS_NOAA20_NRT,1
38.7533,26.937,2026-07-30T00:35:00Z,1.25,N20,n,N,VIIRS_NOAA20_NRT,1
38.7937,15.2131,2026-07-30T00:35:00Z,5.37,N20,n,N,VIIRS_NOAA20_NRT,1
38.9151,26.8595,2026-07-30T00:35:00Z,8.97,N20,n,N,VIIRS_NOAA20_NRT,1
38.916,26.8552,2026-07-30T00:35:00Z,9.28,N20,n,N,VIIRS_NOAA20_NRT,1
38.9191,26.8606,2026-07-30T00:35:00Z,1.62,N20,n,N,VIIRS_NOAA20_NRT,1
38.9231,26.8616,2026-07-30T00:35:00Z,1.62,N20,n,N,VIIRS_NOAA20_NRT,1
38.9239,26.8575,2026-07-30T00:35:00Z,2.72,N20,n,N,VIIRS_NOAA20_NRT,1
38.9248,26.8535,2026-07-30T00:35:00Z,2.72,N20,n,N,VIIRS_NOAA20_NRT,1
38.9288,26.8546,2026-07-30T00:35:00Z,2.49,N20,n,N,VIIRS_NOAA20_NRT,1
38.9797,26.3832,2026-07-30T00:35:00Z,1.53,N20,n,N,VIIRS_NOAA20_NRT,1
38.9836,26.3843,2026-07-30T00:35:00Z,1.53,N20,n,N,VIIRS_NOAA20_NRT,1
38.9849,26.3781,2026-07-30T00:35:00Z,1.53,N20,n,N,VIIRS_NOAA20_NRT,1
38.9875,26.3853,2026-07-30T00:35:00Z,1.27,N20,n,N,VIIRS_NOAA20_NRT,1
39.0826,9.0177,2026-07-30T00:35:00Z,2.04,N20,n,N,VIIRS_NOAA20_NRT,1
39.0927,27.5147,2026-07-30T00:35:00Z,1.35,N20,n,N,VIIRS_NOAA20_NRT,1
39.1177,27.519,2026-07-30T00:35:00Z,0.77,N20,n,N,VIIRS_NOAA20_NRT,1
39.1218,27.5199,2026-07-30T00:35:00Z,0.77,N20,n,N,VIIRS_NOAA20_NRT,1
39.1693,27.6323,2026-07-30T00:35:00Z,0.73,N20,n,N,VIIRS_NOAA20_NRT,1
39.1707,22.8434,2026-07-30T00:35:00Z,1.37,N20,n,N,VIIRS_NOAA20_NRT,1
39.271,26.8898,2026-07-30T00:35:00Z,19.24,N20,n,N,VIIRS_NOAA20_NRT,1
39.2933,26.8957,2026-07-30T00:35:00Z,3.23,N20,n,N,VIIRS_NOAA20_NRT,1
40.5185,17.2088,2026-07-30T00:35:00Z,2.94,N20,n,N,VIIRS_NOAA20_NRT,1
39.2962,26.9013,2026-07-30T00:35:00Z,2.17,N20,n,N,VIIRS_NOAA20_NRT,1
39.2964,26.9198,2026-07-30T00:35:00Z,2.51,N20,n,N,VIIRS_NOAA20_NRT,1
39.3416,26.962,2026-07-30T00:35:00Z,1.55,N20,n,N,VIIRS_NOAA20_NRT,1
39.3425,26.9577,2026-07-30T00:35:00Z,2.74,N20,n,N,VIIRS_NOAA20_NRT,1
39.3464,26.9594,2026-07-30T00:35:00Z,2.74,N20,n,N,VIIRS_NOAA20_NRT,1
39.3473,26.9551,2026-07-30T00:35:00Z,2.74,N20,n,N,VIIRS_NOAA20_NRT,1
39.3482,26.951,2026-07-30T00:35:00Z,1.0,N20,n,N,VIIRS_NOAA20_NRT,1
39.3493,26.9068,2026-07-30T00:35:00Z,1.4,N20,n,N,VIIRS_NOAA20_NRT,1
39.3502,26.9027,2026-07-30T00:35:00Z,1.4,N20,n,N,VIIRS_NOAA20_NRT,1
39.3511,26.9568,2026-07-30T00:35:00Z,4.24,N20,n,N,VIIRS_NOAA20_NRT,1
39.352,26.9527,2026-07-30T00:35:00Z,1.07,N20,n,N,VIIRS_NOAA20_NRT,1
39.3532,26.9082,2026-07-30T00:35:00Z,0.48,N20,n,N,VIIRS_NOAA20_NRT,1
39.3546,22.9856,2026-07-30T00:35:00Z,1.42,N20,n,N,VIIRS_NOAA20_NRT,1
39.3558,26.9544,2026-07-30T00:35:00Z,1.07,N20,n,N,VIIRS_NOAA20_NRT,1
39.5502,26.4836,2026-07-30T00:35:00Z,1.19,N20,n,N,VIIRS_NOAA20_NRT,1
39.5514,26.4777,2026-07-30T00:35:00Z,1.19,N20,n,N,VIIRS_NOAA20_NRT,1
39.5715,26.7912,2026-07-30T00:35:00Z,1.65,N20,n,N,VIIRS_NOAA20_NRT,1
39.5807,26.7864,2026-07-30T00:35:00Z,2.11,N20,n,N,VIIRS_NOAA20_NRT,1
39.8654,26.2471,2026-07-30T00:35:00Z,2.55,N20,n,N,VIIRS_NOAA20_NRT,1
39.8656,26.2421,2026-07-30T00:35:00Z,1.91,N20,n,N,VIIRS_NOAA20_NRT,1
40.5031,17.2162,2026-07-30T00:35:00Z,2.57,N20,n,N,VIIRS_NOAA20_NRT,1
38.7436,26.9622,2026-07-30T00:35:00Z,0.69,N20,n,N,VIIRS_NOAA20_NRT,1
40.5572,9.6713,2026-07-30T00:35:00Z,0.75,N20,n,N,VIIRS_NOAA20_NRT,1
39.3404,26.8902,2026-07-30T00:35:00Z,0.84,N20,n,N,VIIRS_NOAA20_NRT,1
39.3395,26.8942,2026-07-30T00:35:00Z,0.84,N20,n,N,VIIRS_NOAA20_NRT,1
39.3384,26.9379,2026-07-30T00:35:00Z,0.19,N20,n,N,VIIRS_NOAA20_NRT,1
39.3032,26.9267,2026-07-30T00:35:00Z,3.12,N20,n,N,VIIRS_NOAA20_NRT,1
39.2972,26.8969,2026-07-30T00:35:00Z,2.56,N20,n,N,VIIRS_NOAA20_NRT,1
39.2973,26.9156,2026-07-30T00:35:00Z,2.51,N20,n,N,VIIRS_NOAA20_NRT,1
39.299,26.8885,2026-07-30T00:35:00Z,6.34,N20,n,N,VIIRS_NOAA20_NRT,1
39.2992,26.9069,2026-07-30T00:35:00Z,2.17,N20,n,N,VIIRS_NOAA20_NRT,1
39.2994,26.9253,2026-07-30T00:35:00Z,3.12,N20,n,N,VIIRS_NOAA20_NRT,1
39.3,26.8842,2026-07-30T00:35:00Z,6.34,N20,n,N,VIIRS_NOAA20_NRT,1
39.3001,26.9026,2026-07-30T00:35:00Z,2.17,N20,n,N,VIIRS_NOAA20_NRT,1
39.3003,26.9211,2026-07-30T00:35:00Z,3.12,N20,n,N,VIIRS_NOAA20_NRT,1
39.3029,26.8896,2026-07-30T00:35:00Z,6.34,N20,n,N,VIIRS_NOAA20_NRT,1
39.3039,26.8854,2026-07-30T00:35:00Z,6.34,N20,n,N,VIIRS_NOAA20_NRT,1
39.3365,26.8888,2026-07-30T00:35:00Z,1.13,N20,n,N,VIIRS_NOAA20_NRT,1
39.3042,26.9224,2026-07-30T00:35:00Z,3.12,N20,n,N,VIIRS_NOAA20_NRT,1
39.3062,26.9322,2026-07-30T00:35:00Z,1.5,N20,n,N,VIIRS_NOAA20_NRT,1
39.3072,26.9279,2026-07-30T00:35:00Z,2.73,N20,n,N,VIIRS_NOAA20_NRT,1
39.3102,26.9334,2026-07-30T00:35:00Z,1.5,N20,n,N,VIIRS_NOAA20_NRT,1
39.3131,26.9391,2026-07-30T00:35:00Z,2.97,N20,n,N,VIIRS_NOAA20_NRT,1
39.3191,26.9502,2026-07-30T00:35:00Z,3.72,N20,n,N,VIIRS_NOAA20_NRT,1
39.32,26.9459,2026-07-30T00:35:00Z,3.72,N20,n,N,VIIRS_NOAA20_NRT,1
39.323,26.9514,2026-07-30T00:35:00Z,3.72,N20,n,N,VIIRS_NOAA20_NRT,1
39.3338,26.9593,2026-07-30T00:35:00Z,1.24,N20,n,N,VIIRS_NOAA20_NRT,1
38.7524,26.9415,2026-07-30T00:35:00Z,1.25,N20,n,N,VIIRS_NOAA20_NRT,1
36.4658,32.2898,2026-07-30T00:35:00Z,3.18,N20,n,N,VIIRS_NOAA20_NRT,1
38.7416,26.952,2026-07-30T00:35:00Z,1.32,N20,n,N,VIIRS_NOAA20_NRT,1
38.7415,26.9329,2026-07-30T00:35:00Z,0.36,N20,n,N,VIIRS_NOAA20_NRT,1
36.363,29.4211,2026-07-30T00:35:00Z,4.4,N20,n,N,VIIRS_NOAA20_NRT,1
36.4514,32.2984,2026-07-30T00:35:00Z,3.47,N20,n,N,VIIRS_NOAA20_NRT,1
36.4526,32.294,2026-07-30T00:35:00Z,2.56,N20,n,N,VIIRS_NOAA20_NRT,1
36.4538,32.2895,2026-07-30T00:35:00Z,2.56,N20,n,N,VIIRS_NOAA20_NRT,1
36.4549,32.3076,2026-07-30T00:35:00Z,3.28,N20,n,N,VIIRS_NOAA20_NRT,1
36.4563,32.3026,2026-07-30T00:35:00Z,3.28,N20,n,N,VIIRS_NOAA20_NRT,1
36.4586,32.2942,2026-07-30T00:35:00Z,6.41,N20,n,N,VIIRS_NOAA20_NRT,1
36.4586,32.3159,2026-07-30T00:35:00Z,8.38,N20,n,N,VIIRS_NOAA20_NRT,1
36.4597,32.29,2026-07-30T00:35:00Z,3.18,N20,n,N,VIIRS_NOAA20_NRT,1
36.4598,32.3117,2026-07-30T00:35:00Z,3.28,N20,n,N,VIIRS_NOAA20_NRT,1
36.4609,32.2855,2026-07-30T00:35:00Z,3.18,N20,n,N,VIIRS_NOAA20_NRT,1
40.5828,15.0372,2026-07-30T00:35:00Z,1.13,N20,n,N,VIIRS_NOAA20_NRT,1
36.461,32.3071,2026-07-30T00:35:00Z,3.28,N20,n,N,VIIRS_NOAA20_NRT,1
36.464,32.3182,2026-07-30T00:35:00Z,11.85,N20,n,N,VIIRS_NOAA20_NRT,1
36.4651,32.3142,2026-07-30T00:35:00Z,15.94,N20,n,N,VIIRS_NOAA20_NRT,1
36.4683,32.3245,2026-07-30T00:35:00Z,11.85,N20,n,N,VIIRS_NOAA20_NRT,1
36.4708,32.2932,2026-07-30T00:35:00Z,5.69,N20,n,N,VIIRS_NOAA20_NRT,1
36.4721,32.2887,2026-07-30T00:35:00Z,6.23,N20,n,N,VIIRS_NOAA20_NRT,1
36.4728,32.3302,2026-07-30T00:35:00Z,13.0,N20,h,N,VIIRS_NOAA20_NRT,1
36.4739,32.3262,2026-07-30T00:35:00Z,5.74,N20,n,N,VIIRS_NOAA20_NRT,1
36.4762,32.2954,2026-07-30T00:35:00Z,5.69,N20,n,N,VIIRS_NOAA20_NRT,1
36.3617,29.4211,2026-07-30T00:35:00Z,5.7,N20,n,N,VIIRS_NOAA20_NRT,1
36.2082,33.6611,2026-07-30T00:35:00Z,26.82,N20,h,N,VIIRS_NOAA20_NRT,1
36.2067,33.6666,2026-07-30T00:35:00Z,26.82,N20,n,N,VIIRS_NOAA20_NRT,1
-24.8041,23.193,2026-07-30T00:35:00Z,3.82,N,n,N,VIIRS_SNPP_NRT,1
-28.3599,23.5061,2026-07-30T00:35:00Z,2.32,N,n,N,VIIRS_SNPP_NRT,1
-26.0467,25.9312,2026-07-30T00:35:00Z,2.7,N,n,N,VIIRS_SNPP_NRT,1
-26.0449,25.9293,2026-07-30T00:35:00Z,2.57,N,n,N,VIIRS_SNPP_NRT,1
-25.814,25.8416,2026-07-30T00:35:00Z,1.37,N,n,N,VIIRS_SNPP_NRT,1
-24.8235,23.2015,2026-07-30T00:35:00Z,0.71,N,n,N,VIIRS_SNPP_NRT,1
-24.8227,23.2012,2026-07-30T00:35:00Z,0.73,N,n,N,VIIRS_SNPP_NRT,1
-24.805,23.2033,2026-07-30T00:35:00Z,3.29,N,n,N,VIIRS_SNPP_NRT,1
-24.8046,23.1981,2026-07-30T00:35:00Z,3.29,N,n,N,VIIRS_SNPP_NRT,1
-24.8042,23.203,2026-07-30T00:35:00Z,3.49,N,n,N,VIIRS_SNPP_NRT,1
-24.8038,23.1978,2026-07-30T00:35:00Z,6.28,N,n,N,VIIRS_SNPP_NRT,1
-18.8556,20.3407,2026-07-30T00:35:00Z,0.85,N,n,N,VIIRS_SNPP_NRT,1
-21.7774,15.9413,2026-07-30T00:35:00Z,1.53,N,n,N,VIIRS_SNPP_NRT,1
-21.1143,18.8369,2026-07-30T00:35:00Z,0.14,N,n,N,VIIRS_SNPP_NRT,1
-20.406,22.922,2026-07-30T00:35:00Z,0.98,N,n,N,VIIRS_SNPP_NRT,1
-20.051,19.6643,2026-07-30T00:35:00Z,0.07,N,n,N,VIIRS_SNPP_NRT,1
-19.6753,14.7142,2026-07-30T00:35:00Z,0.75,N,n,N,VIIRS_SNPP_NRT,1
-19.5218,20.2863,2026-07-30T00:35:00Z,3.21,N,n,N,VIIRS_SNPP_NRT,1
-19.5211,20.2808,2026-07-30T00:35:00Z,2.09,N,n,N,VIIRS_SNPP_NRT,1
-19.1742,24.0269,2026-07-30T00:35:00Z,1.51,N,n,N,VIIRS_SNPP_NRT,1
-19.1728,24.0124,2026-07-30T00:35:00Z,1.02,N,n,N,VIIRS_SNPP_NRT,1
36.4796,32.3274,2026-07-30T00:35:00Z,5.74,N20,n,N,VIIRS_NOAA20_NRT,1
36.4806,32.3236,2026-07-30T00:35:00Z,5.74,N20,n,N,VIIRS_NOAA20_NRT,1
36.486,32.3258,2026-07-30T00:35:00Z,7.41,N20,n,N,VIIRS_NOAA20_NRT,1
36.7493,29.2045,2026-07-30T00:35:00Z,3.67,N20,n,N,VIIRS_NOAA20_NRT,1
36.7369,29.1994,2026-07-30T00:35:00Z,141.86,N20,h,N,VIIRS_NOAA20_NRT,1
36.7369,29.1936,2026-07-30T00:35:00Z,33.05,N20,n,N,VIIRS_NOAA20_NRT,1
36.7383,29.1938,2026-07-30T00:35:00Z,141.86,N20,n,N,VIIRS_NOAA20_NRT,1
36.7387,29.207,2026-07-30T00:35:00Z,142.65,N20,n,N,VIIRS_NOAA20_NRT,1
36.74,29.2072,2026-07-30T00:35:00Z,52.54,N20,n,N,VIIRS_NOAA20_NRT,1
36.7402,29.201,2026-07-30T00:35:00Z,142.65,N20,n,N,VIIRS_NOAA20_NRT,1
36.7415,29.2011,2026-07-30T00:35:00Z,141.86,N20,n,N,VIIRS_NOAA20_NRT,1
36.7416,29.1951,2026-07-30T00:35:00Z,33.05,N20,n,N,VIIRS_NOAA20_NRT,1
36.7461,29.2029,2026-07-30T00:35:00Z,3.41,N20,n,N,VIIRS_NOAA20_NRT,1
38.1294,23.5261,2026-07-30T00:35:00Z,1.52,N20,n,N,VIIRS_NOAA20_NRT,1
36.7355,29.2051,2026-07-30T00:35:00Z,52.54,N20,n,N,VIIRS_NOAA20_NRT,1
38.1394,30.8873,2026-07-30T00:35:00Z,0.15,N20,n,N,VIIRS_NOAA20_NRT,1
38.3731,24.0623,2026-07-30T00:35:00Z,1.41,N20,n,N,VIIRS_NOAA20_NRT,1
38.4276,27.2162,2026-07-30T00:35:00Z,1.66,N20,n,N,VIIRS_NOAA20_NRT,1
38.618,16.0318,2026-07-30T00:35:00Z,3.36,N20,n,N,VIIRS_NOAA20_NRT,1
38.7079,31.6806,2026-07-30T00:35:00Z,0.55,N20,n,N,VIIRS_NOAA20_NRT,1
38.7348,26.9636,2026-07-30T00:35:00Z,0.97,N20,n,N,VIIRS_NOAA20_NRT,1
38.7376,26.9315,2026-07-30T00:35:00Z,1.2,N20,n,N,VIIRS_NOAA20_NRT,1
38.7377,26.9505,2026-07-30T00:35:00Z,1.32,N20,n,N,VIIRS_NOAA20_NRT,1
38.7386,26.9461,2026-07-30T00:35:00Z,2.84,N20,n,N,VIIRS_NOAA20_NRT,1
36.7356,29.1992,2026-07-30T00:35:00Z,142.65,N20,h,N,VIIRS_NOAA20_NRT,1
36.7342,29.2047,2026-07-30T00:35:00Z,142.65,N20,n,N,VIIRS_NOAA20_NRT,1
36.487,32.322,2026-07-30T00:35:00Z,7.34,N20,n,N,VIIRS_NOAA20_NRT,1
36.6505,29.4672,2026-07-30T00:35:00Z,2.53,N20,n,N,VIIRS_NOAA20_NRT,1
36.4904,32.3096,2026-07-30T00:35:00Z,3.38,N20,n,N,VIIRS_NOAA20_NRT,1
36.619,29.4291,2026-07-30T00:35:00Z,3.42,N20,n,N,VIIRS_NOAA20_NRT,1
36.6198,29.4467,2026-07-30T00:35:00Z,3.62,N20,n,N,VIIRS_NOAA20_NRT,1
36.6245,29.4482,2026-07-30T00:35:00Z,3.55,N20,n,N,VIIRS_NOAA20_NRT,1
36.6401,29.4056,2026-07-30T00:35:00Z,5.64,N20,n,N,VIIRS_NOAA20_NRT,1
36.641,29.4643,2026-07-30T00:35:00Z,2.49,N20,n,N,VIIRS_NOAA20_NRT,1
36.6423,29.459,2026-07-30T00:35:00Z,2.49,N20,n,N,VIIRS_NOAA20_NRT,1
36.6447,29.4075,2026-07-30T00:35:00Z,4.27,N20,n,N,VIIRS_NOAA20_NRT,1
36.6494,29.4507,2026-07-30T00:35:00Z,7.68,N20,n,N,VIIRS_NOAA20_NRT,1
36.6609,29.4663,2026-07-30T00:35:00Z,2.34,N20,n,N,VIIRS_NOAA20_NRT,1
36.7323,29.1918,2026-07-30T00:35:00Z,9.92,N20,n,N,VIIRS_NOAA20_NRT,1
36.6796,29.4713,2026-07-30T00:35:00Z,4.83,N20,n,N,VIIRS_NOAA20_NRT,1
36.6799,29.4721,2026-07-30T00:35:00Z,5.0,N20,n,N,VIIRS_NOAA20_NRT,1
36.6812,29.465,2026-07-30T00:35:00Z,4.13,N20,n,N,VIIRS_NOAA20_NRT,1
36.6814,29.4657,2026-07-30T00:35:00Z,5.0,N20,n,N,VIIRS_NOAA20_NRT,1
36.6829,29.4789,2026-07-30T00:35:00Z,4.83,N20,n,N,VIIRS_NOAA20_NRT,1
36.6843,29.4731,2026-07-30T00:35:00Z,4.83,N20,n,N,VIIRS_NOAA20_NRT,1
36.6846,29.4737,2026-07-30T00:35:00Z,5.0,N20,n,N,VIIRS_NOAA20_NRT,1
36.7049,29.4723,2026-07-30T00:35:00Z,2.83,N20,n,N,VIIRS_NOAA20_NRT,1
36.731,29.1974,2026-07-30T00:35:00Z,31.08,N20,n,N,VIIRS_NOAA20_NRT,1
40.5781,16.9925,2026-07-30T00:35:00Z,1.02,N20,n,N,VIIRS_NOAA20_NRT,1
50.3355,19.2767,2026-07-30T00:35:00Z,3.91,N20,n,N,VIIRS_NOAA20_NRT,1
40.5864,17.9164,2026-07-30T00:35:00Z,0.59,N20,n,N,VIIRS_NOAA20_NRT,1
48.975,24.7092,2026-07-30T00:35:00Z,0.97,N20,n,N,VIIRS_NOAA20_NRT,1
48.5995,21.1761,2026-07-30T00:35:00Z,0.72,N20,n,N,VIIRS_NOAA20_NRT,1
48.6028,21.1771,2026-07-30T00:35:00Z,1.72,N20,n,N,VIIRS_NOAA20_NRT,1
48.6062,21.1782,2026-07-30T00:35:00Z,1.72,N20,n,N,VIIRS_NOAA20_NRT,1
48.6081,21.1902,2026-07-30T00:35:00Z,1.03,N20,n,N,VIIRS_NOAA20_NRT,1
48.6096,21.1792,2026-07-30T00:35:00Z,1.84,N20,n,N,VIIRS_NOAA20_NRT,1
48.6108,21.1968,2026-07-30T00:35:00Z,1.03,N20,n,N,VIIRS_NOAA20_NRT,1
48.6115,21.1913,2026-07-30T00:35:00Z,1.03,N20,n,N,VIIRS_NOAA20_NRT,1
48.6117,6.1087,2026-07-30T00:35:00Z,0.59,N20,n,N,VIIRS_NOAA20_NRT,1
48.6156,21.1868,2026-07-30T00:35:00Z,0.98,N20,n,N,VIIRS_NOAA20_NRT,1
48.6467,20.2185,2026-07-30T00:35:00Z,0.82,N20,n,N,VIIRS_NOAA20_NRT,1
48.9783,24.7104,2026-07-30T00:35:00Z,0.97,N20,n,N,VIIRS_NOAA20_NRT,1
48.5936,20.8442,2026-07-30T00:35:00Z,0.94,N20,n,N,VIIRS_NOAA20_NRT,1
49.2187,16.7766,2026-07-30T00:35:00Z,0.84,N20,n,N,VIIRS_NOAA20_NRT,1
49.2445,6.8463,2026-07-30T00:35:00Z,2.56,N20,n,N,VIIRS_NOAA20_NRT,1
49.2445,6.8388,2026-07-30T00:35:00Z,1.74,N20,n,N,VIIRS_NOAA20_NRT,1
49.4654,6.0058,2026-07-30T00:35:00Z,2.07,N20,n,N,VIIRS_NOAA20_NRT,1
49.5044,5.9621,2026-07-30T00:35:00Z,1.43,N20,n,N,VIIRS_NOAA20_NRT,1
49.5268,8.4155,2026-07-30T00:35:00Z,3.45,N20,n,N,VIIRS_NOAA20_NRT,1
49.6778,18.665,2026-07-30T00:35:00Z,1.63,N20,n,N,VIIRS_NOAA20_NRT,1
49.6815,18.666,2026-07-30T00:35:00Z,1.63,N20,n,N,VIIRS_NOAA20_NRT,1
49.6852,18.667,2026-07-30T00:35:00Z,0.65,N20,n,N,VIIRS_NOAA20_NRT,1
49.8325,25.3814,2026-07-30T00:35:00Z,0.37,N20,n,N,VIIRS_NOAA20_NRT,1
48.5992,7.822,2026-07-30T00:35:00Z,1.2,N20,n,N,VIIRS_NOAA20_NRT,1
48.5244,34.6288,2026-07-30T00:35:00Z,0.84,N20,n,N,VIIRS_NOAA20_NRT,1
47.4931,35.2851,2026-07-30T00:35:00Z,1.22,N20,n,N,VIIRS_NOAA20_NRT,1
48.2727,14.3235,2026-07-30T00:35:00Z,1.14,N20,n,N,VIIRS_NOAA20_NRT,1
47.6736,36.229,2026-07-30T00:35:00Z,2.53,N20,n,N,VIIRS_NOAA20_NRT,1
47.7872,29.018,2026-07-30T00:35:00Z,1.12,N20,n,N,VIIRS_NOAA20_NRT,1
47.7882,28.9575,2026-07-30T00:35:00Z,1.51,N20,n,N,VIIRS_NOAA20_NRT,1
47.829,30.0613,2026-07-30T00:35:00Z,0.96,N20,n,N,VIIRS_NOAA20_NRT,1
47.8775,35.1927,2026-07-30T00:35:00Z,0.73,N20,n,N,VIIRS_NOAA20_NRT,1
47.9162,21.0378,2026-07-30T00:35:00Z,0.94,N20,n,N,VIIRS_NOAA20_NRT,1
48.2634,14.3285,2026-07-30T00:35:00Z,4.93,N20,n,N,VIIRS_NOAA20_NRT,1
48.2683,14.3228,2026-07-30T00:35:00Z,1.85,N20,n,N,VIIRS_NOAA20_NRT,1
48.2712,14.3288,2026-07-30T00:35:00Z,1.35,N20,n,N,VIIRS_NOAA20_NRT,1
48.2716,14.3223,2026-07-30T00:35:00Z,1.35,N20,n,N,VIIRS_NOAA20_NRT,1
48.2751,14.3361,2026-07-30T00:35:00Z,1.96,N20,n,N,VIIRS_NOAA20_NRT,1
48.5141,10.8517,2026-07-30T00:35:00Z,1.11,N20,n,N,VIIRS_NOAA20_NRT,1
48.2752,14.3502,2026-07-30T00:35:00Z,3.69,N20,n,N,VIIRS_NOAA20_NRT,1
48.2761,14.323,2026-07-30T00:35:00Z,1.35,N20,n,N,VIIRS_NOAA20_NRT,1
48.2762,14.3372,2026-07-30T00:35:00Z,16.62,N20,n,N,VIIRS_NOAA20_NRT,1
48.2771,14.3242,2026-07-30T00:35:00Z,1.14,N20,n,N,VIIRS_NOAA20_NRT,1
48.2786,14.3498,2026-07-30T00:35:00Z,1.59,N20,n,N,VIIRS_NOAA20_NRT,1
48.2796,14.3368,2026-07-30T00:35:00Z,15.11,N20,n,N,VIIRS_NOAA20_NRT,1
48.2806,14.338,2026-07-30T00:35:00Z,2.82,N20,n,N,VIIRS_NOAA20_NRT,1
48.3099,31.4072,2026-07-30T00:35:00Z,0.79,N20,n,N,VIIRS_NOAA20_NRT,1
48.3346,9.7292,2026-07-30T00:35:00Z,1.4,N20,n,N,VIIRS_NOAA20_NRT,1
48.4724,34.6336,2026-07-30T00:35:00Z,1.16,N20,n,N,VIIRS_NOAA20_NRT,1
50.0387,18.4896,2026-07-30T00:35:00Z,1.17,N20,n,N,VIIRS_NOAA20_NRT,1
50.0895,20.1055,2026-07-30T00:35:00Z,1.0,N20,n,N,VIIRS_NOAA20_NRT,1
50.333,18.8319,2026-07-30T00:35:00Z,1.14,N20,n,N,VIIRS_NOAA20_NRT,1
51.4862,6.7016,2026-07-30T00:35:00Z,4.35,N20,n,N,VIIRS_NOAA20_NRT,1
51.2988,7.0118,2026-07-30T00:35:00Z,1.69,N20,n,N,VIIRS_NOAA20_NRT,1
51.3635,6.7098,2026-07-30T00:35:00Z,2.03,N20,n,N,VIIRS_NOAA20_NRT,1
51.3682,6.705,2026-07-30T00:35:00Z,2.6,N20,n,N,VIIRS_NOAA20_NRT,1
51.3682,6.7132,2026-07-30T00:35:00Z,2.6,N20,n,N,VIIRS_NOAA20_NRT,1
51.3699,6.7016,2026-07-30T00:35:00Z,4.17,N20,n,N,VIIRS_NOAA20_NRT,1
51.3699,6.7098,2026-07-30T00:35:00Z,3.91,N20,n,N,VIIRS_NOAA20_NRT,1
51.3745,6.7049,2026-07-30T00:35:00Z,2.6,N20,n,N,VIIRS_NOAA20_NRT,1
51.4843,6.7024,2026-07-30T00:35:00Z,4.83,N20,n,N,VIIRS_NOAA20_NRT,1
51.4843,6.7106,2026-07-30T00:35:00Z,3.67,N20,n,N,VIIRS_NOAA20_NRT,1
51.4843,6.7187,2026-07-30T00:35:00Z,3.67,N20,n,N,VIIRS_NOAA20_NRT,1
51.4863,6.7099,2026-07-30T00:35:00Z,4.35,N20,n,N,VIIRS_NOAA20_NRT,1
50.3337,18.8314,2026-07-30T00:35:00Z,0.9,N20,n,N,VIIRS_NOAA20_NRT,1
51.4863,6.718,2026-07-30T00:35:00Z,8.14,N20,n,N,VIIRS_NOAA20_NRT,1
51.4907,6.7105,2026-07-30T00:35:00Z,3.67,N20,n,N,VIIRS_NOAA20_NRT,1
51.4907,6.735,2026-07-30T00:35:00Z,4.39,N20,n,N,VIIRS_NOAA20_NRT,1
51.4927,6.7344,2026-07-30T00:35:00Z,2.87,N20,n,N,VIIRS_NOAA20_NRT,1
51.497,6.7351,2026-07-30T00:35:00Z,2.4,N20,n,N,VIIRS_NOAA20_NRT,1
51.4991,6.7344,2026-07-30T00:35:00Z,3.64,N20,n,N,VIIRS_NOAA20_NRT,1
51.5034,6.7267,2026-07-30T00:35:00Z,2.4,N20,n,N,VIIRS_NOAA20_NRT,1
51.5979,8.3328,2026-07-30T00:35:00Z,1.54,N20,n,N,VIIRS_NOAA20_NRT,1
51.6909,15.9782,2026-07-30T00:35:00Z,2.67,N20,n,N,VIIRS_NOAA20_NRT,1
40.6305,18.0005,2026-07-30T00:35:00Z,1.33,N20,n,N,VIIRS_NOAA20_NRT,1
51.2698,11.6588,2026-07-30T00:35:00Z,1.12,N20,n,N,VIIRS_NOAA20_NRT,1
51.179,3.8168,2026-07-30T00:35:00Z,5.76,N20,n,N,VIIRS_NOAA20_NRT,1
51.1787,3.8058,2026-07-30T00:35:00Z,7.74,N20,n,N,VIIRS_NOAA20_NRT,1
51.1719,3.8171,2026-07-30T00:35:00Z,5.76,N20,n,N,VIIRS_NOAA20_NRT,1
50.334,19.2901,2026-07-30T00:35:00Z,4.22,N20,n,N,VIIRS_NOAA20_NRT,1
50.3377,19.2911,2026-07-30T00:35:00Z,4.22,N20,n,N,VIIRS_NOAA20_NRT,1
50.3405,19.3337,2026-07-30T00:35:00Z,1.47,N20,n,N,VIIRS_NOAA20_NRT,1
50.3434,19.3414,2026-07-30T00:35:00Z,1.91,N20,n,N,VIIRS_NOAA20_NRT,1
50.4147,18.1419,2026-07-30T00:35:00Z,1.17,N20,n,N,VIIRS_NOAA20_NRT,1
50.4185,18.1429,2026-07-30T00:35:00Z,1.17,N20,n,N,VIIRS_NOAA20_NRT,1
50.4216,18.1513,2026-07-30T00:35:00Z,1.65,N20,n,N,VIIRS_NOAA20_NRT,1
50.4924,19.471,2026-07-30T00:35:00Z,0.55,N20,n,N,VIIRS_NOAA20_NRT,1
50.4939,19.4574,2026-07-30T00:35:00Z,1.33,N20,n,N,VIIRS_NOAA20_NRT,1
50.5341,17.9772,2026-07-30T00:35:00Z,1.87,N20,n,N,VIIRS_NOAA20_NRT,1
50.537,17.9796,2026-07-30T00:35:00Z,1.69,N20,n,N,VIIRS_NOAA20_NRT,1
50.6539,11.4349,2026-07-30T00:35:00Z,0.77,N20,n,N,VIIRS_NOAA20_NRT,1
50.655,11.431,2026-07-30T00:35:00Z,0.4,N20,n,N,VIIRS_NOAA20_NRT,1
50.7634,5.6705,2026-07-30T00:35:00Z,0.89,N20,n,N,VIIRS_NOAA20_NRT,1
50.7674,5.667,2026-07-30T00:35:00Z,1.24,N20,n,N,VIIRS_NOAA20_NRT,1
50.8079,20.5311,2026-07-30T00:35:00Z,0.57,N20,n,N,VIIRS_NOAA20_NRT,1
50.8269,20.2739,2026-07-30T00:35:00Z,0.94,N20,n,N,VIIRS_NOAA20_NRT,1
50.9302,21.677,2026-07-30T00:35:00Z,1.68,N20,n,N,VIIRS_NOAA20_NRT,1
51.1063,18.9423,2026-07-30T00:35:00Z,0.8,N20,n,N,VIIRS_NOAA20_NRT,1
51.1612,3.8022,2026-07-30T00:35:00Z,3.06,N20,n,N,VIIRS_NOAA20_NRT,1
51.1716,3.8063,2026-07-30T00:35:00Z,7.74,N20,n,N,VIIRS_NOAA20_NRT,1
47.4947,36.1412,2026-07-30T00:35:00Z,0.22,N20,n,N,VIIRS_NOAA20_NRT,1
36.2141,33.6632,2026-07-30T00:35:00Z,4.98,N20,n,N,VIIRS_NOAA20_NRT,1
47.4929,35.284,2026-07-30T00:35:00Z,1.04,N20,n,N,VIIRS_NOAA20_NRT,1
44.7938,20.007,2026-07-30T00:35:00Z,1.43,N20,n,N,VIIRS_NOAA20_NRT,1
44.4405,24.3913,2026-07-30T00:35:00Z,0.71,N20,n,N,VIIRS_NOAA20_NRT,1
44.6007,20.9783,2026-07-30T00:35:00Z,1.93,N20,n,N,VIIRS_NOAA20_NRT,1
44.6054,20.9695,2026-07-30T00:35:00Z,0.73,N20,n,N,VIIRS_NOAA20_NRT,1
44.7324,37.8089,2026-07-30T00:35:00Z,0.81,N20,n,N,VIIRS_NOAA20_NRT,1
44.7382,37.8107,2026-07-30T00:35:00Z,0.81,N20,n,N,VIIRS_NOAA20_NRT,1
44.7728,20.8041,2026-07-30T00:35:00Z,3.17,N20,n,N,VIIRS_NOAA20_NRT,1
44.7735,20.7991,2026-07-30T00:35:00Z,1.72,N20,n,N,VIIRS_NOAA20_NRT,1
44.786,19.3518,2026-07-30T00:35:00Z,0.49,N20,n,N,VIIRS_NOAA20_NRT,1
44.79,39.2201,2026-07-30T00:35:00Z,2.54,N20,n,N,VIIRS_NOAA20_NRT,1
44.792,39.2139,2026-07-30T00:35:00Z,2.41,N20,n,N,VIIRS_NOAA20_NRT,1
44.816,20.0236,2026-07-30T00:35:00Z,0.75,N20,n,N,VIIRS_NOAA20_NRT,1
44.4093,24.8401,2026-07-30T00:35:00Z,0.68,N20,n,N,VIIRS_NOAA20_NRT,1
44.8288,20.1856,2026-07-30T00:35:00Z,0.93,N20,n,N,VIIRS_NOAA20_NRT,1
44.8368,37.6769,2026-07-30T00:35:00Z,1.43,N20,n,N,VIIRS_NOAA20_NRT,1
44.8389,37.6751,2026-07-30T00:35:00Z,0.72,N20,n,N,VIIRS_NOAA20_NRT,1
44.8874,38.1185,2026-07-30T00:35:00Z,1.01,N20,n,N,VIIRS_NOAA20_NRT,1
44.9824,8.5217,2026-07-30T00:35:00Z,1.25,N20,n,N,VIIRS_NOAA20_NRT,1
45.0128,19.6814,2026-07-30T00:35:00Z,0.29,N20,n,N,VIIRS_NOAA20_NRT,1
45.0467,36.2432,2026-07-30T00:35:00Z,1.03,N20,n,N,VIIRS_NOAA20_NRT,1
45.0483,36.238,2026-07-30T00:35:00Z,1.03,N20,n,N,VIIRS_NOAA20_NRT,1
45.0483,36.2463,2026-07-30T00:35:00Z,0.98,N20,n,N,VIIRS_NOAA20_NRT,1
45.0498,36.2413,2026-07-30T00:35:00Z,0.98,N20,n,N,VIIRS_NOAA20_NRT,1
44.4176,26.5162,2026-07-30T00:35:00Z,5.34,N20,n,N,VIIRS_NOAA20_NRT,1
44.4092,20.3576,2026-07-30T00:35:00Z,0.79,N20,n,N,VIIRS_NOAA20_NRT,1
45.124,25.4172,2026-07-30T00:35:00Z,1.47,N20,n,N,VIIRS_NOAA20_NRT,1
43.9102,21.5136,2026-07-30T00:35:00Z,0.33,N20,n,N,VIIRS_NOAA20_NRT,1
40.6636,16.6552,2026-07-30T00:35:00Z,0.81,N20,n,N,VIIRS_NOAA20_NRT,1
40.6637,16.6563,2026-07-30T00:35:00Z,1.03,N20,n,N,VIIRS_NOAA20_NRT,1
40.6673,16.6558,2026-07-30T00:35:00Z,0.81,N20,n,N,VIIRS_NOAA20_NRT,1
40.668,16.6514,2026-07-30T00:35:00Z,1.06,N20,n,N,VIIRS_NOAA20_NRT,1
41.1743,32.6323,2026-07-30T00:35:00Z,1.08,N20,n,N,VIIRS_NOAA20_NRT,1
41.1791,32.6347,2026-07-30T00:35:00Z,1.33,N20,n,N,VIIRS_NOAA20_NRT,1
41.1927,32.6246,2026-07-30T00:35:00Z,1.03,N20,n,N,VIIRS_NOAA20_NRT,1
41.1937,32.6208,2026-07-30T00:35:00Z,0.99,N20,n,N,VIIRS_NOAA20_NRT,1
41.2361,13.8088,2026-07-30T00:35:00Z,0.63,N20,n,N,VIIRS_NOAA20_NRT,1
43.2327,27.5944,2026-07-30T00:35:00Z,0.8,N20,n,N,VIIRS_NOAA20_NRT,1
44.0101,19.89,2026-07-30T00:35:00Z,0.56,N20,n,N,VIIRS_NOAA20_NRT,1
44.3724,23.1056,2026-07-30T00:35:00Z,0.54,N20,n,N,VIIRS_NOAA20_NRT,1
44.0409,17.9812,2026-07-30T00:35:00Z,0.39,N20,n,N,VIIRS_NOAA20_NRT,1
44.0817,22.1055,2026-07-30T00:35:00Z,0.9,N20,n,N,VIIRS_NOAA20_NRT,1
44.1636,22.9993,2026-07-30T00:35:00Z,0.21,N20,n,N,VIIRS_NOAA20_NRT,1
44.2147,23.2286,2026-07-30T00:35:00Z,0.69,N20,n,N,VIIRS_NOAA20_NRT,1
44.2155,23.2239,2026-07-30T00:35:00Z,0.62,N20,n,N,VIIRS_NOAA20_NRT,1
44.2188,23.2249,2026-07-30T00:35:00Z,0.62,N20,n,N,VIIRS_NOAA20_NRT,1
44.2212,23.2307,2026-07-30T00:35:00Z,0.72,N20,n,N,VIIRS_NOAA20_NRT,1
44.2861,23.0058,2026-07-30T00:35:00Z,2.74,N20,n,N,VIIRS_NOAA20_NRT,1
44.2869,23.0011,2026-07-30T00:35:00Z,2.74,N20,n,N,VIIRS_NOAA20_NRT,1
44.3692,23.1046,2026-07-30T00:35:00Z,2.12,N20,n,N,VIIRS_NOAA20_NRT,1
45.1236,25.4193,2026-07-30T00:35:00Z,1.34,N20,n,N,VIIRS_NOAA20_NRT,1
47.3435,18.9108,2026-07-30T00:35:00Z,1.22,N20,n,N,VIIRS_NOAA20_NRT,1
45.1329,36.686,2026-07-30T00:35:00Z,4.53,N20,n,N,VIIRS_NOAA20_NRT,1
45.9537,22.8693,2026-07-30T00:35:00Z,0.99,N20,n,N,VIIRS_NOAA20_NRT,1
47.1569,35.6377,2026-07-30T00:35:00Z,3.55,N20,n,N,VIIRS_NOAA20_NRT,1
47.1186,32.6835,2026-07-30T00:35:00Z,0.77,N20,n,N,VIIRS_NOAA20_NRT,1
46.9916,30.751,2026-07-30T00:35:00Z,0.5,N20,n,N,VIIRS_NOAA20_NRT,1
46.8975,26.0278,2026-07-30T00:35:00Z,0.82,N20,n,N,VIIRS_NOAA20_NRT,1
46.5385,32.8642,2026-07-30T00:35:00Z,1.09,N20,n,N,VIIRS_NOAA20_NRT,1
46.5353,32.862,2026-07-30T00:35:00Z,1.66,N20,n,N,VIIRS_NOAA20_NRT,1
46.5343,32.8619,2026-07-30T00:35:00Z,1.96,N20,n,N,VIIRS_NOAA20_NRT,1
46.493,32.4764,2026-07-30T00:35:00Z,0.78,N20,n,N,VIIRS_NOAA20_NRT,1
46.4107,41.8927,2026-07-30T00:35:00Z,2.0,N20,n,N,VIIRS_NOAA20_NRT,1
46.4101,41.8937,2026-07-30T00:35:00Z,2.13,N20,n,N,VIIRS_NOAA20_NRT,1
46.0398,29.5657,2026-07-30T00:35:00Z,0.97,N20,n,N,VIIRS_NOAA20_NRT,1
46.0383,29.5725,2026-07-30T00:35:00Z,0.97,N20,n,N,VIIRS_NOAA20_NRT,1
45.9728,41.6638,2026-07-30T00:35:00Z,1.54,N20,n,N,VIIRS_NOAA20_NRT,1
45.9669,41.6592,2026-07-30T00:35:00Z,1.54,N20,n,N,VIIRS_NOAA20_NRT,1
45.9515,25.2818,2026-07-30T00:35:00Z,1.05,N20,n,N,VIIRS_NOAA20_NRT,1
47.1615,35.6404,2026-07-30T00:35:00Z,3.55,N20,n,N,VIIRS_NOAA20_NRT,1
45.1343,36.6812,2026-07-30T00:35:00Z,10.24,N20,n,N,VIIRS_NOAA20_NRT,1
45.2848,14.5305,2026-07-30T00:35:00Z,2.13,N20,n,N,VIIRS_NOAA20_NRT,1
45.2855,14.5295,2026-07-30T00:35:00Z,1.89,N20,n,N,VIIRS_NOAA20_NRT,1
45.291,25.11,2026-07-30T00:35:00Z,0.89,N20,n,N,VIIRS_NOAA20_NRT,1
45.3556,30.9024,2026-07-30T00:35:00Z,2.51,N20,n,N,VIIRS_NOAA20_NRT,1
45.376,30.9295,2026-07-30T00:35:00Z,1.62,N20,n,N,VIIRS_NOAA20_NRT,1
45.4296,10.9997,2026-07-30T00:35:00Z,0.49,N20,n,N,VIIRS_NOAA20_NRT,1
45.4538,18.0335,2026-07-30T00:35:00Z,0.55,N20,n,N,VIIRS_NOAA20_NRT,1
45.4615,10.4581,2026-07-30T00:35:00Z,1.62,N20,n,N,VIIRS_NOAA20_NRT,1
45.4617,10.4536,2026-07-30T00:35:00Z,1.98,N20,n,N,VIIRS_NOAA20_NRT,1
45.4673,19.0178,2026-07-30T00:35:00Z,0.37,N20,n,N,VIIRS_NOAA20_NRT,1
45.5983,41.4868,2026-07-30T00:35:00Z,2.16,N20,n,N,VIIRS_NOAA20_NRT,1
45.5986,41.4887,2026-07-30T00:35:00Z,1.97,N20,n,N,VIIRS_NOAA20_NRT,1
45.6252,40.5047,2026-07-30T00:35:00Z,1.27,N20,n,N,VIIRS_NOAA20_NRT,1
45.631,40.5087,2026-07-30T00:35:00Z,1.27,N20,n,N,VIIRS_NOAA20_NRT,1
45.6275,40.4981,2026-07-30T00:35:00Z,1.27,N20,n,N,VIIRS_NOAA20_NRT,1
45.157,20.0942,2026-07-30T00:35:00Z,7.46,N20,n,N,VIIRS_NOAA20_NRT,1
45.1481,9.9396,2026-07-30T00:35:00Z,1.86,N20,n,N,VIIRS_NOAA20_NRT,1
45.2604,31.6722,2026-07-30T00:35:00Z,12.78,N20,n,N,VIIRS_NOAA20_NRT,1
45.1604,20.0951,2026-07-30T00:35:00Z,2.08,N20,n,N,VIIRS_NOAA20_NRT,1
45.1597,20.1002,2026-07-30T00:35:00Z,2.08,N20,n,N,VIIRS_NOAA20_NRT,1
45.1577,20.089,2026-07-30T00:35:00Z,2.47,N20,n,N,VIIRS_NOAA20_NRT,1
45.1563,20.0994,2026-07-30T00:35:00Z,7.46,N20,n,N,VIIRS_NOAA20_NRT,1
45.1544,20.0881,2026-07-30T00:35:00Z,2.47,N20,n,N,VIIRS_NOAA20_NRT,1
45.1536,20.0933,2026-07-30T00:35:00Z,7.46,N20,n,N,VIIRS_NOAA20_NRT,1
45.1462,36.6816,2026-07-30T00:35:00Z,0.27,N20,n,N,VIIRS_NOAA20_NRT,1
45.1445,9.9412,2026-07-30T00:35:00Z,0.73,N20,n,N,VIIRS_NOAA20_NRT,1
45.141,36.6789,2026-07-30T00:35:00Z,10.24,N20,n,N,VIIRS_NOAA20_NRT,1
45.1386,36.6664,2026-07-30T00:35:00Z,2.82,N20,n,N,VIIRS_NOAA20_NRT,1
45.1372,36.6713,2026-07-30T00:35:00Z,2.82,N20,n,N,VIIRS_NOAA20_NRT,1
45.1358,36.6763,2026-07-30T00:35:00Z,10.24,N20,h,N,VIIRS_NOAA20_NRT,1
-12.6616,15.1584,2026-07-30T00:33:00Z,12.79,N,n,N,VIIRS_SNPP_NRT,1
-12.6864,23.1164,2026-07-30T00:33:00Z,0.68,N,n,N,VIIRS_SNPP_NRT,1
-12.6831,23.1161,2026-07-30T00:33:00Z,0.9,N,n,N,VIIRS_SNPP_NRT,1
-12.6682,15.4324,2026-07-30T00:33:00Z,2.07,N,n,N,VIIRS_SNPP_NRT,1
-12.6554,15.163,2026-07-30T00:33:00Z,1.1,N,n,N,VIIRS_SNPP_NRT,1
-12.2408,14.9036,2026-07-30T00:33:00Z,0.26,N,n,N,VIIRS_SNPP_NRT,1
-12.2426,14.8708,2026-07-30T00:33:00Z,1.05,N,n,N,VIIRS_SNPP_NRT,1
-12.278,25.8432,2026-07-30T00:33:00Z,3.96,N,n,N,VIIRS_SNPP_NRT,1
-12.6961,27.6772,2026-07-30T00:33:00Z,2.53,N,n,N,VIIRS_SNPP_NRT,1
-12.6954,27.6703,2026-07-30T00:33:00Z,3.17,N,n,N,VIIRS_SNPP_NRT,1
-12.8773,15.8214,2026-07-30T00:33:00Z,2.61,N,n,N,VIIRS_SNPP_NRT,1
-12.6976,27.6689,2026-07-30T00:33:00Z,6.43,N,n,N,VIIRS_SNPP_NRT,1
-12.6984,27.6758,2026-07-30T00:33:00Z,6.43,N,n,N,VIIRS_SNPP_NRT,1
-12.7024,27.6694,2026-07-30T00:33:00Z,10.41,N,n,N,VIIRS_SNPP_NRT,1
-12.7031,27.6762,2026-07-30T00:33:00Z,11.99,N,n,N,VIIRS_SNPP_NRT,1
-12.7054,27.6748,2026-07-30T00:33:00Z,6.43,N,n,N,VIIRS_SNPP_NRT,1
-12.7826,15.0837,2026-07-30T00:33:00Z,0.95,N,n,N,VIIRS_SNPP_NRT,1
-12.8699,15.1066,2026-07-30T00:33:00Z,1.05,N,n,N,VIIRS_SNPP_NRT,1
-12.6548,15.1593,2026-07-30T00:33:00Z,2.05,N,n,N,VIIRS_SNPP_NRT,1
-12.8779,15.8252,2026-07-30T00:33:00Z,0.55,N,n,N,VIIRS_SNPP_NRT,1
-12.2786,25.8482,2026-07-30T00:33:00Z,1.71,N,n,N,VIIRS_SNPP_NRT,1
-12.2813,25.8439,2026-07-30T00:33:00Z,2.39,N,n,N,VIIRS_SNPP_NRT,1
-12.2819,25.849,2026-07-30T00:33:00Z,2.39,N,n,N,VIIRS_SNPP_NRT,1
-12.6198,15.3424,2026-07-30T00:33:00Z,0.68,N,n,N,VIIRS_SNPP_NRT,1
-12.4787,16.9625,2026-07-30T00:33:00Z,1.63,N,n,N,VIIRS_SNPP_NRT,1
-12.4911,15.0769,2026-07-30T00:33:00Z,2.35,N,n,N,VIIRS_SNPP_NRT,1
-12.4941,14.7283,2026-07-30T00:33:00Z,0.21,N,n,N,VIIRS_SNPP_NRT,1
-12.4975,14.7278,2026-07-30T00:33:00Z,0.64,N,n,N,VIIRS_SNPP_NRT,1
-12.5284,14.9498,2026-07-30T00:33:00Z,0.32,N,n,N,VIIRS_SNPP_NRT,1
-12.5816,15.5291,2026-07-30T00:33:00Z,0.8,N,n,N,VIIRS_SNPP_NRT,1
-12.6292,15.9317,2026-07-30T00:33:00Z,0.88,N,n,N,VIIRS_SNPP_NRT,1
-12.4781,16.9584,2026-07-30T00:33:00Z,2.13,N,n,N,VIIRS_SNPP_NRT,1
-12.6372,27.2596,2026-07-30T00:33:00Z,4.08,N,n,N,VIIRS_SNPP_NRT,1
-12.6375,27.2602,2026-07-30T00:33:00Z,7.06,N,n,N,VIIRS_SNPP_NRT,1
-12.6379,27.2663,2026-07-30T00:33:00Z,4.08,N,n,N,VIIRS_SNPP_NRT,1
-12.6382,16.5864,2026-07-30T00:33:00Z,2.24,N,n,N,VIIRS_SNPP_NRT,1
-12.6383,27.267,2026-07-30T00:33:00Z,4.06,N,n,N,VIIRS_SNPP_NRT,1
-12.6508,15.6826,2026-07-30T00:33:00Z,1.06,N,n,N,VIIRS_SNPP_NRT,1
-12.6576,15.1552,2026-07-30T00:33:00Z,12.79,N,n,N,VIIRS_SNPP_NRT,1
-12.4745,16.9589,2026-07-30T00:33:00Z,2.13,N,n,N,VIIRS_SNPP_NRT,1
-12.2849,25.8474,2026-07-30T00:33:00Z,1.71,N,n,N,VIIRS_SNPP_NRT,1
-12.4045,15.3945,2026-07-30T00:33:00Z,0.77,N,n,N,VIIRS_SNPP_NRT,1
-12.3093,17.3481,2026-07-30T00:33:00Z,0.53,N,n,N,VIIRS_SNPP_NRT,1
-12.314,15.8982,2026-07-30T00:33:00Z,0.73,N,n,N,VIIRS_SNPP_NRT,1
-12.3325,15.3841,2026-07-30T00:33:00Z,1.06,N,n,N,VIIRS_SNPP_NRT,1
-12.344,16.095,2026-07-30T00:33:00Z,1.05,N,n,N,VIIRS_SNPP_NRT,1
-12.385,15.0454,2026-07-30T00:33:00Z,0.93,N,n,N,VIIRS_SNPP_NRT,1
-12.4005,15.3915,2026-07-30T00:33:00Z,0.64,N,n,N,VIIRS_SNPP_NRT,1
-12.4202,15.3176,2026-07-30T00:33:00Z,0.93,N,n,N,VIIRS_SNPP_NRT,1
-12.6582,15.1588,2026-07-30T00:33:00Z,12.79,N,n,N,VIIRS_SNPP_NRT,1
-12.4314,16.3829,2026-07-30T00:33:00Z,2.03,N,n,N,VIIRS_SNPP_NRT,1
-12.4431,16.0145,2026-07-30T00:33:00Z,0.29,N,n,N,VIIRS_SNPP_NRT,1
-12.4507,15.5835,2026-07-30T00:33:00Z,0.51,N,n,N,VIIRS_SNPP_NRT,1
-12.4615,14.5845,2026-07-30T00:33:00Z,0.5,N,n,N,VIIRS_SNPP_NRT,1
-12.4631,14.6382,2026-07-30T00:33:00Z,0.86,N,n,N,VIIRS_SNPP_NRT,1
-12.4698,14.5068,2026-07-30T00:33:00Z,0.86,N,n,N,VIIRS_SNPP_NRT,1
-12.4739,14.988,2026-07-30T00:33:00Z,0.95,N,n,N,VIIRS_SNPP_NRT,1
-12.2392,14.8712,2026-07-30T00:33:00Z,0.48,N,n,N,VIIRS_SNPP_NRT,1
-12.2381,14.9076,2026-07-30T00:33:00Z,0.42,N,n,N,VIIRS_SNPP_NRT,1
-11.693,14.8812,2026-07-30T00:33:00Z,1.99,N,n,N,VIIRS_SNPP_NRT,1
-11.7065,15.5782,2026-07-30T00:33:00Z,0.9,N,n,N,VIIRS_SNPP_NRT,1
-11.7655,15.7082,2026-07-30T00:33:00Z,0.92,N,n,N,VIIRS_SNPP_NRT,1
-11.7689,15.7076,2026-07-30T00:33:00Z,1.36,N,n,N,VIIRS_SNPP_NRT,1
-11.77,15.7149,2026-07-30T00:33:00Z,0.8,N,n,N,VIIRS_SNPP_NRT,1
-11.7711,15.1065,2026-07-30T00:33:00Z,1.32,N,n,N,VIIRS_SNPP_NRT,1
-11.7728,15.7107,2026-07-30T00:33:00Z,0.8,N,n,N,VIIRS_SNPP_NRT,1
-11.7776,16.3914,2026-07-30T00:33:00Z,1.39,N,n,N,VIIRS_SNPP_NRT,1
-11.7811,16.3909,2026-07-30T00:33:00Z,1.39,N,n,N,VIIRS_SNPP_NRT,1
-11.7846,16.3904,2026-07-30T00:33:00Z,2.98,N,n,N,VIIRS_SNPP_NRT,1
-11.788,16.3899,2026-07-30T00:33:00Z,2.98,N,n,N,VIIRS_SNPP_NRT,1
-11.7939,17.9258,2026-07-30T00:33:00Z,1.3,N,n,N,VIIRS_SNPP_NRT,1
-11.8103,15.3619,2026-07-30T00:33:00Z,1.01,N,n,N,VIIRS_SNPP_NRT,1
-11.8248,15.62,2026-07-30T00:33:00Z,1.14,N,n,N,VIIRS_SNPP_NRT,1
-11.8288,15.623,2026-07-30T00:33:00Z,1.14,N,n,N,VIIRS_SNPP_NRT,1
-11.8293,15.6267,2026-07-30T00:33:00Z,1.04,N,n,N,VIIRS_SNPP_NRT,1
-11.706,15.5746,2026-07-30T00:33:00Z,0.51,N,n,N,VIIRS_SNPP_NRT,1
-11.6925,14.8776,2026-07-30T00:33:00Z,0.87,N,n,N,VIIRS_SNPP_NRT,1
-11.844,18.585,2026-07-30T00:33:00Z,0.83,N,n,N,VIIRS_SNPP_NRT,1
-11.6897,14.8816,2026-07-30T00:33:00Z,1.99,N,n,N,VIIRS_SNPP_NRT,1
-11.596,15.1081,2026-07-30T00:33:00Z,1.5,N,n,N,VIIRS_SNPP_NRT,1
-11.5988,23.8639,2026-07-30T00:33:00Z,0.66,N,n,N,VIIRS_SNPP_NRT,1
-11.5991,23.8663,2026-07-30T00:33:00Z,0.84,N,n,N,VIIRS_SNPP_NRT,1
-11.6033,15.1107,2026-07-30T00:33:00Z,1.79,N,n,N,VIIRS_SNPP_NRT,1
-11.6074,17.1063,2026-07-30T00:33:00Z,0.89,N,n,N,VIIRS_SNPP_NRT,1
-11.6104,17.1016,2026-07-30T00:33:00Z,1.61,N,n,N,VIIRS_SNPP_NRT,1
-11.6241,15.8121,2026-07-30T00:33:00Z,1.43,N,n,N,VIIRS_SNPP_NRT,1
-11.6247,15.8158,2026-07-30T00:33:00Z,1.08,N,n,N,VIIRS_SNPP_NRT,1
-11.6275,15.8114,2026-07-30T00:33:00Z,1.43,N,n,N,VIIRS_SNPP_NRT,1
-11.6352,15.5185,2026-07-30T00:33:00Z,1.0,N,n,N,VIIRS_SNPP_NRT,1
-11.6358,15.5221,2026-07-30T00:33:00Z,1.77,N,n,N,VIIRS_SNPP_NRT,1
-11.6386,15.5179,2026-07-30T00:33:00Z,1.53,N,n,N,VIIRS_SNPP_NRT,1
-11.6419,15.5172,2026-07-30T00:33:00Z,1.53,N,n,N,VIIRS_SNPP_NRT,1
-11.6433,16.5814,2026-07-30T00:33:00Z,0.69,N,n,N,VIIRS_SNPP_NRT,1
-11.6666,17.0268,2026-07-30T00:33:00Z,0.6,N,n,N,VIIRS_SNPP_NRT,1
-11.8433,18.5801,2026-07-30T00:33:00Z,1.87,N,n,N,VIIRS_SNPP_NRT,1
-11.8477,18.5824,2026-07-30T00:33:00Z,1.65,N,n,N,VIIRS_SNPP_NRT,1
-12.2359,15.961,2026-07-30T00:33:00Z,0.65,N,n,N,VIIRS_SNPP_NRT,1
-11.9353,15.7951,2026-07-30T00:33:00Z,1.29,N,n,N,VIIRS_SNPP_NRT,1
-11.9449,15.6762,2026-07-30T00:33:00Z,0.76,N,n,N,VIIRS_SNPP_NRT,1
-11.9477,15.582,2026-07-30T00:33:00Z,0.73,N,n,N,VIIRS_SNPP_NRT,1
-11.95,15.6641,2026-07-30T00:33:00Z,0.53,N,n,N,VIIRS_SNPP_NRT,1
-11.9511,15.5814,2026-07-30T00:33:00Z,0.73,N,n,N,VIIRS_SNPP_NRT,1
-11.9563,15.8184,2026-07-30T00:33:00Z,0.5,N,n,N,VIIRS_SNPP_NRT,1
-11.9798,22.8215,2026-07-30T00:33:00Z,0.22,N,n,N,VIIRS_SNPP_NRT,1
-12.0289,17.2868,2026-07-30T00:33:00Z,0.53,N,n,N,VIIRS_SNPP_NRT,1
-12.051,19.1578,2026-07-30T00:33:00Z,0.53,N,n,N,VIIRS_SNPP_NRT,1
-12.0624,15.3706,2026-07-30T00:33:00Z,2.37,N,n,N,VIIRS_SNPP_NRT,1
-12.0778,26.3962,2026-07-30T00:33:00Z,2.33,N,n,N,VIIRS_SNPP_NRT,1
-12.1445,15.4245,2026-07-30T00:33:00Z,1.0,N,n,N,VIIRS_SNPP_NRT,1
-12.1843,14.8037,2026-07-30T00:33:00Z,3.43,N,n,N,VIIRS_SNPP_NRT,1
-12.2024,19.8315,2026-07-30T00:33:00Z,0.95,N,n,N,VIIRS_SNPP_NRT,1
-12.2226,14.6338,2026-07-30T00:33:00Z,0.76,N,n,N,VIIRS_SNPP_NRT,1
-12.2347,14.9081,2026-07-30T00:33:00Z,0.42,N,n,N,VIIRS_SNPP_NRT,1
-11.9392,16.4625,2026-07-30T00:33:00Z,1.64,N,n,N,VIIRS_SNPP_NRT,1
-11.9337,14.8172,2026-07-30T00:33:00Z,0.85,N,n,N,VIIRS_SNPP_NRT,1
-11.8479,18.5844,2026-07-30T00:33:00Z,0.83,N,n,N,VIIRS_SNPP_NRT,1
-11.9243,16.6014,2026-07-30T00:33:00Z,0.81,N,n,N,VIIRS_SNPP_NRT,1
-11.8811,15.6903,2026-07-30T00:33:00Z,1.13,N,n,N,VIIRS_SNPP_NRT,1
-11.8845,15.6898,2026-07-30T00:33:00Z,1.13,N,n,N,VIIRS_SNPP_NRT,1
-11.8851,15.6934,2026-07-30T00:33:00Z,0.81,N,n,N,VIIRS_SNPP_NRT,1
-11.8877,14.6979,2026-07-30T00:33:00Z,0.94,N,n,N,VIIRS_SNPP_NRT,1
-11.8882,14.7014,2026-07-30T00:33:00Z,0.94,N,n,N,VIIRS_SNPP_NRT,1
-11.8884,15.6929,2026-07-30T00:33:00Z,0.42,N,n,N,VIIRS_SNPP_NRT,1
-11.8893,14.7951,2026-07-30T00:33:00Z,0.86,N,n,N,VIIRS_SNPP_NRT,1
-11.891,14.6974,2026-07-30T00:33:00Z,1.1,N,n,N,VIIRS_SNPP_NRT,1
-11.8918,15.6923,2026-07-30T00:33:00Z,0.42,N,n,N,VIIRS_SNPP_NRT,1
-11.8952,15.6464,2026-07-30T00:33:00Z,1.2,N,n,N,VIIRS_SNPP_NRT,1
-12.9314,14.9925,2026-07-30T00:33:00Z,0.73,N,n,N,VIIRS_SNPP_NRT,1
-11.9102,27.6331,2026-07-30T00:33:00Z,1.88,N,n,N,VIIRS_SNPP_NRT,1
-11.9124,27.6316,2026-07-30T00:33:00Z,0.85,N,n,N,VIIRS_SNPP_NRT,1
-11.9185,15.1595,2026-07-30T00:33:00Z,1.69,N,n,N,VIIRS_SNPP_NRT,1
-11.9191,15.163,2026-07-30T00:33:00Z,1.69,N,n,N,VIIRS_SNPP_NRT,1
-12.9057,14.893,2026-07-30T00:33:00Z,0.49,N,n,N,VIIRS_SNPP_NRT,1
-13.5689,16.8819,2026-07-30T00:33:00Z,0.53,N,n,N,VIIRS_SNPP_NRT,1
-12.9522,27.7849,2026-07-30T00:33:00Z,2.97,N,n,N,VIIRS_SNPP_NRT,1
-15.0951,25.5433,2026-07-30T00:33:00Z,2.34,N,n,N,VIIRS_SNPP_NRT,1
-15.8832,25.5555,2026-07-30T00:33:00Z,2.26,N,n,N,VIIRS_SNPP_NRT,1
-15.8829,25.5556,2026-07-30T00:33:00Z,1.75,N,n,N,VIIRS_SNPP_NRT,1
-15.8584,25.5693,2026-07-30T00:33:00Z,3.2,N,n,N,VIIRS_SNPP_NRT,1
-15.845,25.5653,2026-07-30T00:33:00Z,3.52,N,n,N,VIIRS_SNPP_NRT,1
-15.8444,25.5596,2026-07-30T00:33:00Z,4.31,N,n,N,VIIRS_SNPP_NRT,1
-15.8379,25.5605,2026-07-30T00:33:00Z,2.26,N,n,N,VIIRS_SNPP_NRT,1
-15.6327,17.1421,2026-07-30T00:33:00Z,0.87,N,n,N,VIIRS_SNPP_NRT,1
-15.6316,17.1398,2026-07-30T00:33:00Z,1.35,N,n,N,VIIRS_SNPP_NRT,1
-15.2132,16.1219,2026-07-30T00:33:00Z,1.71,N,n,N,VIIRS_SNPP_NRT,1
-15.2097,16.1224,2026-07-30T00:33:00Z,2.57,N,n,N,VIIRS_SNPP_NRT,1
-15.1984,27.1121,2026-07-30T00:33:00Z,1.25,N,n,N,VIIRS_SNPP_NRT,1
-15.1954,27.1135,2026-07-30T00:33:00Z,1.24,N,n,N,VIIRS_SNPP_NRT,1
-15.1326,25.4088,2026-07-30T00:33:00Z,0.95,N,n,N,VIIRS_SNPP_NRT,1
-15.1015,25.5425,2026-07-30T00:33:00Z,2.34,N,n,N,VIIRS_SNPP_NRT,1
-14.8419,24.0521,2026-07-30T00:33:00Z,0.75,N,n,N,VIIRS_SNPP_NRT,1
-15.9256,25.5849,2026-07-30T00:33:00Z,2.65,N,n,N,VIIRS_SNPP_NRT,1
-14.8155,15.8583,2026-07-30T00:33:00Z,1.1,N,n,N,VIIRS_SNPP_NRT,1
-14.8154,25.6253,2026-07-30T00:33:00Z,0.62,N,n,N,VIIRS_SNPP_NRT,1
-14.8149,15.8544,2026-07-30T00:33:00Z,1.1,N,n,N,VIIRS_SNPP_NRT,1
-14.812,15.8589,2026-07-30T00:33:00Z,2.21,N,n,N,VIIRS_SNPP_NRT,1
-14.8089,25.6261,2026-07-30T00:33:00Z,1.18,N,n,N,VIIRS_SNPP_NRT,1
-14.7558,15.6818,2026-07-30T00:33:00Z,0.63,N,n,N,VIIRS_SNPP_NRT,1
-14.7552,15.6779,2026-07-30T00:33:00Z,0.63,N,n,N,VIIRS_SNPP_NRT,1
-14.6838,24.4731,2026-07-30T00:33:00Z,0.83,N,n,N,VIIRS_SNPP_NRT,1
-14.6768,15.4843,2026-07-30T00:33:00Z,0.67,N,n,N,VIIRS_SNPP_NRT,1
-14.6734,15.4849,2026-07-30T00:33:00Z,0.67,N,n,N,VIIRS_SNPP_NRT,1
-14.6014,26.7874,2026-07-30T00:33:00Z,1.22,N,n,N,VIIRS_SNPP_NRT,1
-14.4515,13.8137,2026-07-30T00:33:00Z,0.51,N,n,N,VIIRS_SNPP_NRT,1
-14.4383,14.421,2026-07-30T00:33:00Z,0.32,N,n,N,VIIRS_SNPP_NRT,1
-14.4175,26.0788,2026-07-30T00:33:00Z,1.26,N,n,N,VIIRS_SNPP_NRT,1
-15.9251,25.5849,2026-07-30T00:33:00Z,1.78,N,n,N,VIIRS_SNPP_NRT,1
-15.9316,25.5843,2026-07-30T00:33:00Z,1.78,N,n,N,VIIRS_SNPP_NRT,1
-14.4109,26.0796,2026-07-30T00:33:00Z,3.97,N,n,N,VIIRS_SNPP_NRT,1
-18.3611,26.6568,2026-07-30T00:33:00Z,0.69,N,n,N,VIIRS_SNPP_NRT,1
-18.4433,26.4787,2026-07-30T00:33:00Z,3.74,N,n,N,VIIRS_SNPP_NRT,1
-18.4363,26.4794,2026-07-30T00:33:00Z,3.74,N,n,N,VIIRS_SNPP_NRT,1
-18.4274,26.5208,2026-07-30T00:33:00Z,0.77,N,n,N,VIIRS_SNPP_NRT,1
-18.4223,26.5429,2026-07-30T00:33:00Z,1.77,N,n,N,VIIRS_SNPP_NRT,1
-18.4205,26.5443,2026-07-30T00:33:00Z,1.6,N,n,N,VIIRS_SNPP_NRT,1
-18.4199,26.5377,2026-07-30T00:33:00Z,1.87,N,n,N,VIIRS_SNPP_NRT,1
-18.4108,26.4938,2026-07-30T00:33:00Z,3.2,N,n,N,VIIRS_SNPP_NRT,1
-18.4093,26.4952,2026-07-30T00:33:00Z,0.9,N,n,N,VIIRS_SNPP_NRT,1
-18.4044,26.5012,2026-07-30T00:33:00Z,3.2,N,n,N,VIIRS_SNPP_NRT,1
-18.4038,26.4946,2026-07-30T00:33:00Z,3.2,N,n,N,VIIRS_SNPP_NRT,1
-18.4028,26.5025,2026-07-30T00:33:00Z,4.07,N,n,N,VIIRS_SNPP_NRT,1
-18.4023,26.4959,2026-07-30T00:33:00Z,6.56,N,n,N,VIIRS_SNPP_NRT,1
-18.3652,26.475,2026-07-30T00:33:00Z,1.15,N,n,N,VIIRS_SNPP_NRT,1
-18.3617,26.6636,2026-07-30T00:33:00Z,0.69,N,n,N,VIIRS_SNPP_NRT,1
-18.3548,26.4202,2026-07-30T00:33:00Z,1.22,N,n,N,VIIRS_SNPP_NRT,1
-15.9321,25.5843,2026-07-30T00:33:00Z,2.65,N,n,N,VIIRS_SNPP_NRT,1
-18.3479,26.4211,2026-07-30T00:33:00Z,1.41,N,n,N,VIIRS_SNPP_NRT,1
-17.9812,19.4067,2026-07-30T00:33:00Z,0.67,N,n,N,VIIRS_SNPP_NRT,1
-17.5899,21.8423,2026-07-30T00:33:00Z,0.84,N,n,N,VIIRS_SNPP_NRT,1
-17.2795,25.1713,2026-07-30T00:33:00Z,0.94,N,n,N,VIIRS_SNPP_NRT,1
-17.2628,25.2005,2026-07-30T00:33:00Z,1.3,N,n,N,VIIRS_SNPP_NRT,1
-17.1843,21.6765,2026-07-30T00:33:00Z,0.41,N,n,N,VIIRS_SNPP_NRT,1
-17.1827,21.6767,2026-07-30T00:33:00Z,0.86,N,n,N,VIIRS_SNPP_NRT,1
-17.1792,21.6771,2026-07-30T00:33:00Z,0.41,N,n,N,VIIRS_SNPP_NRT,1
-17.0326,21.0948,2026-07-30T00:33:00Z,4.73,N,n,N,VIIRS_SNPP_NRT,1
-17.032,21.0891,2026-07-30T00:33:00Z,4.73,N,n,N,VIIRS_SNPP_NRT,1
-16.9749,23.6173,2026-07-30T00:33:00Z,0.54,N,n,N,VIIRS_SNPP_NRT,1
-16.6272,19.2589,2026-07-30T00:33:00Z,1.19,N,n,N,VIIRS_SNPP_NRT,1
-16.4684,15.7794,2026-07-30T00:33:00Z,0.91,N,n,N,VIIRS_SNPP_NRT,1
-16.4193,19.1382,2026-07-30T00:33:00Z,0.53,N,n,N,VIIRS_SNPP_NRT,1
-14.4119,26.0799,2026-07-30T00:33:00Z,5.1,N,n,N,VIIRS_SNPP_NRT,1
-14.3169,16.2605,2026-07-30T00:33:00Z,0.47,N,n,N,VIIRS_SNPP_NRT,1
-12.9736,15.0082,2026-07-30T00:33:00Z,3.86,N,n,N,VIIRS_SNPP_NRT,1
-13.0568,27.2718,2026-07-30T00:33:00Z,3.28,N,n,N,VIIRS_SNPP_NRT,1
-13.2586,15.483,2026-07-30T00:33:00Z,0.52,N,n,N,VIIRS_SNPP_NRT,1
-13.2134,14.7608,2026-07-30T00:33:00Z,0.38,N,n,N,VIIRS_SNPP_NRT,1
-13.2072,26.9258,2026-07-30T00:33:00Z,0.62,N,n,N,VIIRS_SNPP_NRT,1
-13.1993,15.0028,2026-07-30T00:33:00Z,0.44,N,n,N,VIIRS_SNPP_NRT,1
-13.1904,14.8336,2026-07-30T00:33:00Z,0.38,N,n,N,VIIRS_SNPP_NRT,1
-13.1867,14.7651,2026-07-30T00:33:00Z,0.79,N,n,N,VIIRS_SNPP_NRT,1
-13.1834,14.7656,2026-07-30T00:33:00Z,0.45,N,n,N,VIIRS_SNPP_NRT,1
-13.1791,27.0486,2026-07-30T00:33:00Z,1.24,N,n,N,VIIRS_SNPP_NRT,1
-13.1362,17.5959,2026-07-30T00:33:00Z,1.4,N,n,N,VIIRS_SNPP_NRT,1
-13.1064,14.858,2026-07-30T00:33:00Z,0.84,N,n,N,VIIRS_SNPP_NRT,1
-13.103,14.8585,2026-07-30T00:33:00Z,0.29,N,n,N,VIIRS_SNPP_NRT,1
-13.1025,14.8548,2026-07-30T00:33:00Z,0.29,N,n,N,VIIRS_SNPP_NRT,1
-13.074,14.8706,2026-07-30T00:33:00Z,1.34,N,n,N,VIIRS_SNPP_NRT,1
-13.064,14.8724,2026-07-30T00:33:00Z,1.97,N,n,N,VIIRS_SNPP_NRT,1
-13.0498,27.2724,2026-07-30T00:33:00Z,3.28,N,n,N,VIIRS_SNPP_NRT,1
-13.3248,14.761,2026-07-30T00:33:00Z,1.3,N,n,N,VIIRS_SNPP_NRT,1
-13.0495,27.268,2026-07-30T00:33:00Z,5.25,N,n,N,VIIRS_SNPP_NRT,1
-13.0491,27.2658,2026-07-30T00:33:00Z,6.02,N,n,N,VIIRS_SNPP_NRT,1
-13.043,14.714,2026-07-30T00:33:00Z,1.99,N,n,N,VIIRS_SNPP_NRT,1
-13.0415,15.7998,2026-07-30T00:33:00Z,2.19,N,n,N,VIIRS_SNPP_NRT,1
-13.0214,15.6906,2026-07-30T00:33:00Z,2.09,N,n,N,VIIRS_SNPP_NRT,1
-13.0208,15.6868,2026-07-30T00:33:00Z,2.09,N,n,N,VIIRS_SNPP_NRT,1
-13.0175,15.3868,2026-07-30T00:33:00Z,0.54,N,n,N,VIIRS_SNPP_NRT,1
-13.0067,14.8228,2026-07-30T00:33:00Z,0.74,N,n,N,VIIRS_SNPP_NRT,1
-13.0033,14.8233,2026-07-30T00:33:00Z,1.26,N,n,N,VIIRS_SNPP_NRT,1
-13.0028,14.8197,2026-07-30T00:33:00Z,1.26,N,n,N,VIIRS_SNPP_NRT,1
-13.0003,14.5931,2026-07-30T00:33:00Z,0.42,N,n,N,VIIRS_SNPP_NRT,1
-12.9994,14.8202,2026-07-30T00:33:00Z,1.26,N,n,N,VIIRS_SNPP_NRT,1
-12.9935,16.3859,2026-07-30T00:33:00Z,0.93,N,n,N,VIIRS_SNPP_NRT,1
-12.9741,15.0118,2026-07-30T00:33:00Z,3.86,N,n,N,VIIRS_SNPP_NRT,1
-13.3243,14.7574,2026-07-30T00:33:00Z,1.25,N,n,N,VIIRS_SNPP_NRT,1
-13.3315,14.7599,2026-07-30T00:33:00Z,1.46,N,n,N,VIIRS_SNPP_NRT,1
-14.2684,19.537,2026-07-30T00:33:00Z,1.06,N,n,N,VIIRS_SNPP_NRT,1
-13.5865,14.3998,2026-07-30T00:33:00Z,3.28,N,n,N,VIIRS_SNPP_NRT,1
-14.1217,25.1625,2026-07-30T00:33:00Z,0.57,N,n,N,VIIRS_SNPP_NRT,1
-14.086,15.9886,2026-07-30T00:33:00Z,0.86,N,n,N,VIIRS_SNPP_NRT,1
-14.0858,18.3754,2026-07-30T00:33:00Z,1.2,N,n,N,VIIRS_SNPP_NRT,1
-14.0852,18.3792,2026-07-30T00:33:00Z,0.98,N,n,N,VIIRS_SNPP_NRT,1
-13.8971,27.2542,2026-07-30T00:33:00Z,1.12,N,n,N,VIIRS_SNPP_NRT,1
-13.7641,14.2389,2026-07-30T00:33:00Z,0.86,N,n,N,VIIRS_SNPP_NRT,1
-13.7225,14.1256,2026-07-30T00:33:00Z,0.38,N,n,N,VIIRS_SNPP_NRT,1
-13.7219,14.122,2026-07-30T00:33:00Z,2.86,N,n,N,VIIRS_SNPP_NRT,1
-13.6662,14.3721,2026-07-30T00:33:00Z,0.75,N,n,N,VIIRS_SNPP_NRT,1
-13.6263,14.2914,2026-07-30T00:33:00Z,1.06,N,n,N,VIIRS_SNPP_NRT,1
-13.6065,14.5061,2026-07-30T00:33:00Z,1.41,N,n,N,VIIRS_SNPP_NRT,1
-13.5932,14.3988,2026-07-30T00:33:00Z,1.65,N,n,N,VIIRS_SNPP_NRT,1
-13.5904,14.4028,2026-07-30T00:33:00Z,1.86,N,n,N,VIIRS_SNPP_NRT,1
-13.5898,14.3993,2026-07-30T00:33:00Z,1.65,N,n,N,VIIRS_SNPP_NRT,1
-13.5832,14.4004,2026-07-30T00:33:00Z,3.28,N,n,N,VIIRS_SNPP_NRT,1
-13.3478,25.4343,2026-07-30T00:33:00Z,0.79,N,n,N,VIIRS_SNPP_NRT,1
-13.5809,14.4079,2026-07-30T00:33:00Z,0.75,N,n,N,VIIRS_SNPP_NRT,1
-11.5937,26.8022,2026-07-30T00:33:00Z,3.9,N,n,N,VIIRS_SNPP_NRT,1
-13.5526,14.4894,2026-07-30T00:33:00Z,0.84,N,n,N,VIIRS_SNPP_NRT,1
-13.5493,14.49,2026-07-30T00:33:00Z,0.84,N,n,N,VIIRS_SNPP_NRT,1
-13.5489,26.9183,2026-07-30T00:33:00Z,2.26,N,n,N,VIIRS_SNPP_NRT,1
-13.5484,26.9171,2026-07-30T00:33:00Z,2.35,N,n,N,VIIRS_SNPP_NRT,1
-13.5147,25.3277,2026-07-30T00:33:00Z,1.66,N,n,N,VIIRS_SNPP_NRT,1
-13.5141,25.3228,2026-07-30T00:33:00Z,3.37,N,n,N,VIIRS_SNPP_NRT,1
-13.5085,25.3284,2026-07-30T00:33:00Z,1.66,N,n,N,VIIRS_SNPP_NRT,1
-13.4664,14.5878,2026-07-30T00:33:00Z,1.89,N,n,N,VIIRS_SNPP_NRT,1
-13.3759,14.7452,2026-07-30T00:33:00Z,3.18,N,n,N,VIIRS_SNPP_NRT,1
-13.3737,14.7751,2026-07-30T00:33:00Z,1.48,N,n,N,VIIRS_SNPP_NRT,1
-13.3726,14.7457,2026-07-30T00:33:00Z,3.18,N,n,N,VIIRS_SNPP_NRT,1
-13.3626,14.4174,2026-07-30T00:33:00Z,0.64,N,n,N,VIIRS_SNPP_NRT,1
-11.5944,26.8079,2026-07-30T00:33:00Z,3.9,N,n,N,VIIRS_SNPP_NRT,1
-11.269,16.3646,2026-07-30T00:33:00Z,0.52,N,n,N,VIIRS_SNPP_NRT,1
-11.5611,20.1663,2026-07-30T00:33:00Z,0.72,N,n,N,VIIRS_SNPP_NRT,1
-10.2731,15.6679,2026-07-30T00:33:00Z,1.27,N,n,N,VIIRS_SNPP_NRT,1
-10.3996,16.1738,2026-07-30T00:33:00Z,0.81,N,n,N,VIIRS_SNPP_NRT,1
-10.3985,16.1664,2026-07-30T00:33:00Z,0.98,N,n,N,VIIRS_SNPP_NRT,1
-10.3957,16.7033,2026-07-30T00:33:00Z,1.18,N,n,N,VIIRS_SNPP_NRT,1
-10.3937,16.7027,2026-07-30T00:33:00Z,0.94,N,n,N,VIIRS_SNPP_NRT,1
-10.385,19.3371,2026-07-30T00:33:00Z,0.79,N,n,N,VIIRS_SNPP_NRT,1
-10.3816,16.951,2026-07-30T00:33:00Z,0.25,N,n,N,VIIRS_SNPP_NRT,1
-10.3282,16.1171,2026-07-30T00:33:00Z,0.72,N,n,N,VIIRS_SNPP_NRT,1
-10.2887,15.7022,2026-07-30T00:33:00Z,1.03,N,n,N,VIIRS_SNPP_NRT,1
-10.2876,15.7171,2026-07-30T00:33:00Z,0.69,N,n,N,VIIRS_SNPP_NRT,1
-10.287,15.7135,2026-07-30T00:33:00Z,2.2,N,n,N,VIIRS_SNPP_NRT,1
-10.2865,15.7099,2026-07-30T00:33:00Z,2.2,N,n,N,VIIRS_SNPP_NRT,1
-10.2837,15.714,2026-07-30T00:33:00Z,2.2,N,n,N,VIIRS_SNPP_NRT,1
-10.2781,15.7223,2026-07-30T00:33:00Z,0.65,N,n,N,VIIRS_SNPP_NRT,1
-10.2765,15.6673,2026-07-30T00:33:00Z,0.84,N,n,N,VIIRS_SNPP_NRT,1
-10.2714,15.6792,2026-07-30T00:33:00Z,1.05,N,n,N,VIIRS_SNPP_NRT,1
-10.403,16.1732,2026-07-30T00:33:00Z,2.14,N,n,N,VIIRS_SNPP_NRT,1
-10.2703,15.672,2026-07-30T00:33:00Z,1.27,N,n,N,VIIRS_SNPP_NRT,1
-10.2681,15.6797,2026-07-30T00:33:00Z,1.43,N,n,N,VIIRS_SNPP_NRT,1
-10.2647,17.8628,2026-07-30T00:33:00Z,0.7,N,n,N,VIIRS_SNPP_NRT,1
-10.2184,17.9999,2026-07-30T00:33:00Z,0.68,N,n,N,VIIRS_SNPP_NRT,1
-10.1889,18.6657,2026-07-30T00:33:00Z,1.16,N,n,N,VIIRS_SNPP_NRT,1
-10.1867,18.0138,2026-07-30T00:33:00Z,1.0,N,n,N,VIIRS_SNPP_NRT,1
-10.1864,18.676,2026-07-30T00:33:00Z,2.06,N,n,N,VIIRS_SNPP_NRT,1
48.0587,37.9538,2026-07-30T00:33:00Z,0.42,N20,n,N,VIIRS_NOAA20_NRT,1
48.4218,37.0516,2026-07-30T00:33:00Z,0.26,N20,n,N,VIIRS_NOAA20_NRT,1
48.466,38.7596,2026-07-30T00:33:00Z,1.76,N20,n,N,VIIRS_NOAA20_NRT,1
48.5794,37.6039,2026-07-30T00:33:00Z,0.46,N20,n,N,VIIRS_NOAA20_NRT,1
48.6656,44.0556,2026-07-30T00:33:00Z,2.62,N20,n,N,VIIRS_NOAA20_NRT,1
48.8942,37.7332,2026-07-30T00:33:00Z,0.28,N20,n,N,VIIRS_NOAA20_NRT,1
48.8956,37.7369,2026-07-30T00:33:00Z,0.34,N20,n,N,VIIRS_NOAA20_NRT,1
-10.4024,16.1695,2026-07-30T00:33:00Z,2.14,N,n,N,VIIRS_SNPP_NRT,1
-10.4041,16.1579,2026-07-30T00:33:00Z,1.19,N,n,N,VIIRS_SNPP_NRT,1
49.8748,32.2551,2026-07-30T00:33:00Z,1.95,N20,n,N,VIIRS_NOAA20_NRT,1
-10.5465,16.4272,2026-07-30T00:33:00Z,0.71,N,n,N,VIIRS_SNPP_NRT,1
-10.6839,16.3255,2026-07-30T00:33:00Z,1.48,N,n,N,VIIRS_SNPP_NRT,1
-10.6562,15.9831,2026-07-30T00:33:00Z,1.14,N,n,N,VIIRS_SNPP_NRT,1
-10.6556,19.0567,2026-07-30T00:33:00Z,1.02,N,n,N,VIIRS_SNPP_NRT,1
-10.6429,16.2162,2026-07-30T00:33:00Z,0.33,N,n,N,VIIRS_SNPP_NRT,1
-10.6353,17.4977,2026-07-30T00:33:00Z,0.48,N,n,N,VIIRS_SNPP_NRT,1
-10.606,16.7468,2026-07-30T00:33:00Z,0.42,N,n,N,VIIRS_SNPP_NRT,1
-10.6057,17.3711,2026-07-30T00:33:00Z,0.6,N,n,N,VIIRS_SNPP_NRT,1
-10.6048,16.5628,2026-07-30T00:33:00Z,0.73,N,n,N,VIIRS_SNPP_NRT,1
-10.6042,16.559,2026-07-30T00:33:00Z,2.03,N,n,N,VIIRS_SNPP_NRT,1
-10.6039,17.3699,2026-07-30T00:33:00Z,0.63,N,n,N,VIIRS_SNPP_NRT,1
-10.5973,16.5601,2026-07-30T00:33:00Z,0.78,N,n,N,VIIRS_SNPP_NRT,1
-10.5944,16.5409,2026-07-30T00:33:00Z,1.73,N,n,N,VIIRS_SNPP_NRT,1
-10.5887,16.2477,2026-07-30T00:33:00Z,1.39,N,n,N,VIIRS_SNPP_NRT,1
-10.5609,16.0884,2026-07-30T00:33:00Z,0.91,N,n,N,VIIRS_SNPP_NRT,1
-10.5328,16.4757,2026-07-30T00:33:00Z,1.12,N,n,N,VIIRS_SNPP_NRT,1
-10.4072,16.4058,2026-07-30T00:33:00Z,1.48,N,n,N,VIIRS_SNPP_NRT,1
-10.5322,16.472,2026-07-30T00:33:00Z,1.12,N,n,N,VIIRS_SNPP_NRT,1
-10.5244,16.238,2026-07-30T00:33:00Z,1.0,N,n,N,VIIRS_SNPP_NRT,1
-10.4636,15.9795,2026-07-30T00:33:00Z,0.22,N,n,N,VIIRS_SNPP_NRT,1
-10.4414,16.8427,2026-07-30T00:33:00Z,0.85,N,n,N,VIIRS_SNPP_NRT,1
-10.4395,15.3678,2026-07-30T00:33:00Z,0.52,N,n,N,VIIRS_SNPP_NRT,1
-10.4385,16.8472,2026-07-30T00:33:00Z,0.96,N,n,N,VIIRS_SNPP_NRT,1
-10.4379,16.8433,2026-07-30T00:33:00Z,0.86,N,n,N,VIIRS_SNPP_NRT,1
-10.4362,15.3683,2026-07-30T00:33:00Z,0.66,N,n,N,VIIRS_SNPP_NRT,1
-10.4321,16.8522,2026-07-30T00:33:00Z,0.76,N,n,N,VIIRS_SNPP_NRT,1
-10.4217,16.8299,2026-07-30T00:33:00Z,1.22,N,n,N,VIIRS_SNPP_NRT,1
-10.4113,15.9095,2026-07-30T00:33:00Z,0.83,N,n,N,VIIRS_SNPP_NRT,1
-10.4113,15.932,2026-07-30T00:33:00Z,0.77,N,n,N,VIIRS_SNPP_NRT,1
-10.4107,15.9283,2026-07-30T00:33:00Z,0.77,N,n,N,VIIRS_SNPP_NRT,1
-10.4107,16.6852,2026-07-30T00:33:00Z,2.13,N,n,N,VIIRS_SNPP_NRT,1
49.874,32.2519,2026-07-30T00:33:00Z,2.02,N20,n,N,VIIRS_NOAA20_NRT,1
49.9072,31.1613,2026-07-30T00:33:00Z,1.42,N20,n,N,VIIRS_NOAA20_NRT,1
-11.5394,15.1969,2026-07-30T00:33:00Z,1.01,N,n,N,VIIRS_SNPP_NRT,1
53.268,44.7948,2026-07-30T00:33:00Z,42.26,N20,h,N,VIIRS_NOAA20_NRT,1
52.5019,4.6098,2026-07-30T00:33:00Z,1.64,N20,n,N,VIIRS_NOAA20_NRT,1
52.584,19.6714,2026-07-30T00:33:00Z,3.33,N20,n,N,VIIRS_NOAA20_NRT,1
52.5891,19.6953,2026-07-30T00:33:00Z,9.46,N20,n,N,VIIRS_NOAA20_NRT,1
52.8063,32.2261,2026-07-30T00:33:00Z,0.75,N20,n,N,VIIRS_NOAA20_NRT,1
52.8471,29.9926,2026-07-30T00:33:00Z,3.1,N20,n,N,VIIRS_NOAA20_NRT,1
53.1334,8.6892,2026-07-30T00:33:00Z,1.24,N20,n,N,VIIRS_NOAA20_NRT,1
53.1334,8.6821,2026-07-30T00:33:00Z,1.24,N20,n,N,VIIRS_NOAA20_NRT,1
53.137,8.6932,2026-07-30T00:33:00Z,2.33,N20,n,N,VIIRS_NOAA20_NRT,1
53.1371,8.6791,2026-07-30T00:33:00Z,2.05,N20,n,N,VIIRS_NOAA20_NRT,1
53.261,44.7957,2026-07-30T00:33:00Z,1.59,N20,n,N,VIIRS_NOAA20_NRT,1
53.2612,24.4485,2026-07-30T00:33:00Z,0.99,N20,n,N,VIIRS_NOAA20_NRT,1
53.2631,44.7896,2026-07-30T00:33:00Z,1.87,N20,n,N,VIIRS_NOAA20_NRT,1
53.2637,44.8073,2026-07-30T00:33:00Z,27.32,N20,n,N,VIIRS_NOAA20_NRT,1
53.2659,44.8011,2026-07-30T00:33:00Z,27.32,N20,n,N,VIIRS_NOAA20_NRT,1
53.2701,44.7887,2026-07-30T00:33:00Z,42.26,N20,n,N,VIIRS_NOAA20_NRT,1
52.495,4.6101,2026-07-30T00:33:00Z,1.64,N20,n,N,VIIRS_NOAA20_NRT,1
53.5216,9.907,2026-07-30T00:33:00Z,2.8,N20,n,N,VIIRS_NOAA20_NRT,1
53.5217,9.9006,2026-07-30T00:33:00Z,3.73,N20,n,N,VIIRS_NOAA20_NRT,1
53.5244,9.906,2026-07-30T00:33:00Z,2.46,N20,n,N,VIIRS_NOAA20_NRT,1
53.5245,9.8997,2026-07-30T00:33:00Z,2.46,N20,n,N,VIIRS_NOAA20_NRT,1
53.5878,31.9554,2026-07-30T00:33:00Z,0.97,N20,n,N,VIIRS_NOAA20_NRT,1
53.6994,18.922,2026-07-30T00:33:00Z,1.18,N20,n,N,VIIRS_NOAA20_NRT,1
53.9128,9.2039,2026-07-30T00:33:00Z,3.99,N20,n,N,VIIRS_NOAA20_NRT,1
55.097,21.803,2026-07-30T00:33:00Z,0.29,N20,n,N,VIIRS_NOAA20_NRT,1
55.5065,28.5872,2026-07-30T00:33:00Z,0.46,N20,n,N,VIIRS_NOAA20_NRT,1
57.7092,18.8035,2026-07-30T00:33:00Z,1.48,N20,n,N,VIIRS_NOAA20_NRT,1
58.3459,11.4228,2026-07-30T00:33:00Z,0.56,N20,n,N,VIIRS_NOAA20_NRT,1
58.3621,12.3773,2026-07-30T00:33:00Z,0.65,N20,n,N,VIIRS_NOAA20_NRT,1
58.6712,17.1367,2026-07-30T00:33:00Z,1.07,N20,n,N,VIIRS_NOAA20_NRT,1
58.6849,17.1317,2026-07-30T00:33:00Z,1.08,N20,n,N,VIIRS_NOAA20_NRT,1
52.5014,4.6072,2026-07-30T00:33:00Z,2.13,N20,n,N,VIIRS_NOAA20_NRT,1
52.4948,4.6178,2026-07-30T00:33:00Z,2.82,N20,n,N,VIIRS_NOAA20_NRT,1
49.9087,31.1544,2026-07-30T00:33:00Z,1.42,N20,n,N,VIIRS_NOAA20_NRT,1
51.8915,29.3447,2026-07-30T00:33:00Z,1.61,N20,n,N,VIIRS_NOAA20_NRT,1
50.0738,45.6307,2026-07-30T00:33:00Z,0.6,N20,n,N,VIIRS_NOAA20_NRT,1
50.1495,39.6886,2026-07-30T00:33:00Z,0.49,N20,n,N,VIIRS_NOAA20_NRT,1
50.1509,39.6838,2026-07-30T00:33:00Z,0.49,N20,n,N,VIIRS_NOAA20_NRT,1
50.3779,39.6346,2026-07-30T00:33:00Z,0.89,N20,n,N,VIIRS_NOAA20_NRT,1
50.4235,30.3953,2026-07-30T00:33:00Z,0.72,N20,n,N,VIIRS_NOAA20_NRT,1
50.4858,30.4856,2026-07-30T00:33:00Z,2.54,N20,n,N,VIIRS_NOAA20_NRT,1
50.4864,30.486,2026-07-30T00:33:00Z,3.13,N20,n,N,VIIRS_NOAA20_NRT,1
50.4893,30.4874,2026-07-30T00:33:00Z,2.54,N20,n,N,VIIRS_NOAA20_NRT,1
50.9096,44.534,2026-07-30T00:33:00Z,0.46,N20,n,N,VIIRS_NOAA20_NRT,1
51.1379,23.55,2026-07-30T00:33:00Z,1.14,N20,n,N,VIIRS_NOAA20_NRT,1
51.4416,45.9343,2026-07-30T00:33:00Z,0.55,N20,n,N,VIIRS_NOAA20_NRT,1
51.4444,45.9397,2026-07-30T00:33:00Z,1.39,N20,n,N,VIIRS_NOAA20_NRT,1
51.8859,29.3354,2026-07-30T00:33:00Z,1.38,N20,n,N,VIIRS_NOAA20_NRT,1
51.8893,29.337,2026-07-30T00:33:00Z,1.18,N20,n,N,VIIRS_NOAA20_NRT,1
51.8926,29.3387,2026-07-30T00:33:00Z,1.18,N20,n,N,VIIRS_NOAA20_NRT,1
52.4877,4.5898,2026-07-30T00:33:00Z,3.12,N20,n,N,VIIRS_NOAA20_NRT,1
52.1537,10.4015,2026-07-30T00:33:00Z,2.84,N20,n,N,VIIRS_NOAA20_NRT,1
52.1539,10.4013,2026-07-30T00:33:00Z,2.48,N20,n,N,VIIRS_NOAA20_NRT,1
52.1588,10.4134,2026-07-30T00:33:00Z,2.77,N20,n,N,VIIRS_NOAA20_NRT,1
52.159,10.4077,2026-07-30T00:33:00Z,3.4,N20,n,N,VIIRS_NOAA20_NRT,1
52.1591,10.4132,2026-07-30T00:33:00Z,3.7,N20,n,N,VIIRS_NOAA20_NRT,1
52.1592,10.4019,2026-07-30T00:33:00Z,3.4,N20,n,N,VIIRS_NOAA20_NRT,1
52.1592,10.4075,2026-07-30T00:33:00Z,3.7,N20,n,N,VIIRS_NOAA20_NRT,1
52.1594,10.3962,2026-07-30T00:33:00Z,1.74,N20,n,N,VIIRS_NOAA20_NRT,1
52.1594,10.4017,2026-07-30T00:33:00Z,2.48,N20,n,N,VIIRS_NOAA20_NRT,1
52.1595,10.396,2026-07-30T00:33:00Z,2.48,N20,n,N,VIIRS_NOAA20_NRT,1
52.1642,10.4196,2026-07-30T00:33:00Z,2.77,N20,n,N,VIIRS_NOAA20_NRT,1
52.1644,10.4194,2026-07-30T00:33:00Z,1.45,N20,n,N,VIIRS_NOAA20_NRT,1
52.3539,9.8903,2026-07-30T00:33:00Z,1.21,N20,n,N,VIIRS_NOAA20_NRT,1
52.4871,4.5871,2026-07-30T00:33:00Z,2.49,N20,n,N,VIIRS_NOAA20_NRT,1
-10.7047,16.6376,2026-07-30T00:33:00Z,0.5,N,n,N,VIIRS_SNPP_NRT,1
-10.7184,16.0712,2026-07-30T00:33:00Z,1.27,N,n,N,VIIRS_SNPP_NRT,1
-10.725,18.1423,2026-07-30T00:33:00Z,1.13,N,n,N,VIIRS_SNPP_NRT,1
-11.2594,15.9135,2026-07-30T00:33:00Z,0.87,N,n,N,VIIRS_SNPP_NRT,1
-11.3792,15.4249,2026-07-30T00:33:00Z,1.56,N,n,N,VIIRS_SNPP_NRT,1
-11.3711,16.8268,2026-07-30T00:33:00Z,0.75,N,n,N,VIIRS_SNPP_NRT,1
-11.3576,15.778,2026-07-30T00:33:00Z,1.31,N,n,N,VIIRS_SNPP_NRT,1
-11.3542,15.7785,2026-07-30T00:33:00Z,1.31,N,n,N,VIIRS_SNPP_NRT,1
-11.3542,16.8336,2026-07-30T00:33:00Z,1.27,N,n,N,VIIRS_SNPP_NRT,1
-11.3507,16.8342,2026-07-30T00:33:00Z,4.03,N,n,N,VIIRS_SNPP_NRT,1
-11.3055,16.7965,2026-07-30T00:33:00Z,0.81,N,n,N,VIIRS_SNPP_NRT,1
-11.302,16.7971,2026-07-30T00:33:00Z,0.76,N,n,N,VIIRS_SNPP_NRT,1
-11.3014,16.793,2026-07-30T00:33:00Z,0.76,N,n,N,VIIRS_SNPP_NRT,1
-11.2811,15.1691,2026-07-30T00:33:00Z,1.06,N,n,N,VIIRS_SNPP_NRT,1
-11.2806,15.1656,2026-07-30T00:33:00Z,1.06,N,n,N,VIIRS_SNPP_NRT,1
-11.2737,16.4186,2026-07-30T00:33:00Z,1.05,N,n,N,VIIRS_SNPP_NRT,1
-11.2733,16.7973,2026-07-30T00:33:00Z,0.88,N,n,N,VIIRS_SNPP_NRT,1
-11.2726,16.7964,2026-07-30T00:33:00Z,0.92,N,n,N,VIIRS_SNPP_NRT,1
-11.2589,15.9098,2026-07-30T00:33:00Z,0.87,N,n,N,VIIRS_SNPP_NRT,1
-11.3813,15.7967,2026-07-30T00:33:00Z,0.72,N,n,N,VIIRS_SNPP_NRT,1
-11.256,15.9816,2026-07-30T00:33:00Z,1.77,N,n,N,VIIRS_SNPP_NRT,1
-11.2559,15.9822,2026-07-30T00:33:00Z,1.23,N,n,N,VIIRS_SNPP_NRT,1
-11.2471,15.2148,2026-07-30T00:33:00Z,0.81,N,n,N,VIIRS_SNPP_NRT,1
-11.2448,15.215,2026-07-30T00:33:00Z,0.68,N,n,N,VIIRS_SNPP_NRT,1
-11.2442,16.2243,2026-07-30T00:33:00Z,2.15,N,n,N,VIIRS_SNPP_NRT,1
-11.2436,16.2206,2026-07-30T00:33:00Z,1.93,N,n,N,VIIRS_SNPP_NRT,1
-11.2356,16.2142,2026-07-30T00:33:00Z,0.85,N,n,N,VIIRS_SNPP_NRT,1
-11.2292,15.7376,2026-07-30T00:33:00Z,6.79,N,n,N,VIIRS_SNPP_NRT,1
-11.1987,15.6562,2026-07-30T00:33:00Z,0.76,N,n,N,VIIRS_SNPP_NRT,1
-11.1981,15.6526,2026-07-30T00:33:00Z,0.96,N,n,N,VIIRS_SNPP_NRT,1
-11.1942,15.6496,2026-07-30T00:33:00Z,0.96,N,n,N,VIIRS_SNPP_NRT,1
-11.1823,14.0295,2026-07-30T00:33:00Z,0.42,N,n,N,VIIRS_SNPP_NRT,1
-11.1367,17.0409,2026-07-30T00:33:00Z,2.68,N,n,N,VIIRS_SNPP_NRT,1
-11.1279,15.6675,2026-07-30T00:33:00Z,0.51,N,n,N,VIIRS_SNPP_NRT,1
-11.3798,15.4285,2026-07-30T00:33:00Z,1.78,N,n,N,VIIRS_SNPP_NRT,1
-11.3825,15.4244,2026-07-30T00:33:00Z,1.28,N,n,N,VIIRS_SNPP_NRT,1
-10.7287,18.01,2026-07-30T00:33:00Z,0.63,N,n,N,VIIRS_SNPP_NRT,1
-11.4463,15.4071,2026-07-30T00:33:00Z,0.75,N,n,N,VIIRS_SNPP_NRT,1
-11.5361,15.1975,2026-07-30T00:33:00Z,1.01,N,n,N,VIIRS_SNPP_NRT,1
-11.5344,15.1869,2026-07-30T00:33:00Z,0.49,N,n,N,VIIRS_SNPP_NRT,1
-11.5316,15.191,2026-07-30T00:33:00Z,2.48,N,n,N,VIIRS_SNPP_NRT,1
-11.5013,17.0959,2026-07-30T00:33:00Z,0.8,N,n,N,VIIRS_SNPP_NRT,1
-11.4917,17.0806,2026-07-30T00:33:00Z,1.08,N,n,N,VIIRS_SNPP_NRT,1
-11.4798,17.0739,2026-07-30T00:33:00Z,1.1,N,n,N,VIIRS_SNPP_NRT,1
-11.4762,17.0745,2026-07-30T00:33:00Z,1.1,N,n,N,VIIRS_SNPP_NRT,1
-11.4762,15.8727,2026-07-30T00:33:00Z,3.75,N,n,N,VIIRS_SNPP_NRT,1
-11.4704,15.2967,2026-07-30T00:33:00Z,0.72,N,n,N,VIIRS_SNPP_NRT,1
-11.4687,15.1828,2026-07-30T00:33:00Z,1.34,N,n,N,VIIRS_SNPP_NRT,1
-11.4513,15.4174,2026-07-30T00:33:00Z,0.81,N,n,N,VIIRS_SNPP_NRT,1
-11.4496,15.4064,2026-07-30T00:33:00Z,0.75,N,n,N,VIIRS_SNPP_NRT,1
-11.4485,15.4216,2026-07-30T00:33:00Z,0.81,N,n,N,VIIRS_SNPP_NRT,1
-11.4472,16.5943,2026-07-30T00:33:00Z,0.79,N,n,N,VIIRS_SNPP_NRT,1
-11.4457,15.4036,2026-07-30T00:33:00Z,0.75,N,n,N,VIIRS_SNPP_NRT,1
-11.3831,15.428,2026-07-30T00:33:00Z,1.14,N,n,N,VIIRS_SNPP_NRT,1
-11.4429,19.6856,2026-07-30T00:33:00Z,1.68,N,n,N,VIIRS_SNPP_NRT,1
-11.4424,15.4041,2026-07-30T00:33:00Z,1.39,N,n,N,VIIRS_SNPP_NRT,1
-11.4424,19.682,2026-07-30T00:33:00Z,1.24,N,n,N,VIIRS_SNPP_NRT,1
-11.4418,19.6783,2026-07-30T00:33:00Z,1.24,N,n,N,VIIRS_SNPP_NRT,1
-11.4396,17.5545,2026-07-30T00:33:00Z,3.44,N,n,N,VIIRS_SNPP_NRT,1
-11.4385,15.4011,2026-07-30T00:33:00Z,0.85,N,n,N,VIIRS_SNPP_NRT,1
-11.4351,15.4016,2026-07-30T00:33:00Z,0.99,N,n,N,VIIRS_SNPP_NRT,1
-11.4334,15.4128,2026-07-30T00:33:00Z,1.97,N,n,N,VIIRS_SNPP_NRT,1
-11.4329,15.4093,2026-07-30T00:33:00Z,1.69,N,n,N,VIIRS_SNPP_NRT,1
-11.4295,15.4099,2026-07-30T00:33:00Z,0.92,N,n,N,VIIRS_SNPP_NRT,1
-11.429,15.4063,2026-07-30T00:33:00Z,0.92,N,n,N,VIIRS_SNPP_NRT,1
-11.4284,15.4027,2026-07-30T00:33:00Z,0.87,N,n,N,VIIRS_SNPP_NRT,1
-11.3934,16.8569,2026-07-30T00:33:00Z,0.34,N,n,N,VIIRS_SNPP_NRT,1
-11.3928,16.8529,2026-07-30T00:33:00Z,0.34,N,n,N,VIIRS_SNPP_NRT,1
-11.1277,14.9898,2026-07-30T00:33:00Z,1.06,N,n,N,VIIRS_SNPP_NRT,1
-11.1245,15.668,2026-07-30T00:33:00Z,2.83,N,n,N,VIIRS_SNPP_NRT,1
-11.124,15.6644,2026-07-30T00:33:00Z,3.62,N,n,N,VIIRS_SNPP_NRT,1
-10.8418,17.0424,2026-07-30T00:33:00Z,1.36,N,n,N,VIIRS_SNPP_NRT,1
-10.9262,15.6732,2026-07-30T00:33:00Z,1.32,N,n,N,VIIRS_SNPP_NRT,1
-10.9259,16.2654,2026-07-30T00:33:00Z,1.24,N,n,N,VIIRS_SNPP_NRT,1
-10.9253,16.2617,2026-07-30T00:33:00Z,1.2,N,n,N,VIIRS_SNPP_NRT,1
-10.924,15.6811,2026-07-30T00:33:00Z,0.66,N,n,N,VIIRS_SNPP_NRT,1
-10.9206,15.6817,2026-07-30T00:33:00Z,0.66,N,n,N,VIIRS_SNPP_NRT,1
-10.9105,16.3259,2026-07-30T00:33:00Z,2.67,N,n,N,VIIRS_SNPP_NRT,1
-10.9094,16.3652,2026-07-30T00:33:00Z,0.75,N,n,N,VIIRS_SNPP_NRT,1
-10.9083,15.6687,2026-07-30T00:33:00Z,0.69,N,n,N,VIIRS_SNPP_NRT,1
-10.9055,15.6728,2026-07-30T00:33:00Z,1.32,N,n,N,VIIRS_SNPP_NRT,1
-10.9001,15.526,2026-07-30T00:33:00Z,0.78,N,n,N,VIIRS_SNPP_NRT,1
-10.8953,15.6965,2026-07-30T00:33:00Z,1.74,N,n,N,VIIRS_SNPP_NRT,1
-10.8771,17.0378,2026-07-30T00:33:00Z,1.17,N,n,N,VIIRS_SNPP_NRT,1
-10.8771,17.0366,2026-07-30T00:33:00Z,0.97,N,n,N,VIIRS_SNPP_NRT,1
-10.8723,14.8279,2026-07-30T00:33:00Z,1.41,N,n,N,VIIRS_SNPP_NRT,1
-10.8309,18.1014,2026-07-30T00:33:00Z,0.9,N,n,N,VIIRS_SNPP_NRT,1
-11.1229,15.6572,2026-07-30T00:33:00Z,2.87,N,n,N,VIIRS_SNPP_NRT,1
-10.8226,16.1123,2026-07-30T00:33:00Z,1.53,N,n,N,VIIRS_SNPP_NRT,1
-10.8221,16.1085,2026-07-30T00:33:00Z,1.75,N,n,N,VIIRS_SNPP_NRT,1
-10.8201,16.3707,2026-07-30T00:33:00Z,1.22,N,n,N,VIIRS_SNPP_NRT,1
-10.8192,16.1128,2026-07-30T00:33:00Z,1.53,N,n,N,VIIRS_SNPP_NRT,1
-10.8186,16.1091,2026-07-30T00:33:00Z,1.75,N,n,N,VIIRS_SNPP_NRT,1
-10.8183,15.2781,2026-07-30T00:33:00Z,0.66,N,n,N,VIIRS_SNPP_NRT,1
-10.8166,16.3712,2026-07-30T00:33:00Z,1.22,N,n,N,VIIRS_SNPP_NRT,1
-10.8144,16.3793,2026-07-30T00:33:00Z,1.33,N,n,N,VIIRS_SNPP_NRT,1
-10.7982,16.2499,2026-07-30T00:33:00Z,0.47,N,n,N,VIIRS_SNPP_NRT,1
-10.7972,15.7638,2026-07-30T00:33:00Z,0.44,N,n,N,VIIRS_SNPP_NRT,1
-10.765,17.0087,2026-07-30T00:33:00Z,0.8,N,n,N,VIIRS_SNPP_NRT,1
-10.7647,17.0094,2026-07-30T00:33:00Z,0.67,N,n,N,VIIRS_SNPP_NRT,1
-10.7421,16.293,2026-07-30T00:33:00Z,1.53,N,n,N,VIIRS_SNPP_NRT,1
-10.7324,18.0095,2026-07-30T00:33:00Z,0.63,N,n,N,VIIRS_SNPP_NRT,1
-10.9301,16.479,2026-07-30T00:33:00Z,0.68,N,n,N,VIIRS_SNPP_NRT,1
-10.9335,16.4784,2026-07-30T00:33:00Z,0.6,N,n,N,VIIRS_SNPP_NRT,1
-10.9335,15.6757,2026-07-30T00:33:00Z,2.74,N,n,N,VIIRS_SNPP_NRT,1
-10.9426,17.5176,2026-07-30T00:33:00Z,1.29,N,n,N,VIIRS_SNPP_NRT,1
-11.1212,15.6686,2026-07-30T00:33:00Z,2.83,N,n,N,VIIRS_SNPP_NRT,1
-11.1206,15.665,2026-07-30T00:33:00Z,3.62,N,n,N,VIIRS_SNPP_NRT,1
-11.1201,15.6614,2026-07-30T00:33:00Z,3.62,N,n,N,VIIRS_SNPP_NRT,1
-11.1195,15.6578,2026-07-30T00:33:00Z,2.87,N,n,N,VIIRS_SNPP_NRT,1
-11.1178,15.6691,2026-07-30T00:33:00Z,2.51,N,n,N,VIIRS_SNPP_NRT,1
-11.1172,15.6655,2026-07-30T00:33:00Z,2.26,N,n,N,VIIRS_SNPP_NRT,1
-11.0723,17.262,2026-07-30T00:33:00Z,0.25,N,n,N,VIIRS_SNPP_NRT,1
-11.0717,15.4582,2026-07-30T00:33:00Z,0.8,N,n,N,VIIRS_SNPP_NRT,1
-11.0711,15.4545,2026-07-30T00:33:00Z,0.8,N,n,N,VIIRS_SNPP_NRT,1
-11.0688,16.5871,2026-07-30T00:33:00Z,0.72,N,n,N,VIIRS_SNPP_NRT,1
-11.0683,15.4588,2026-07-30T00:33:00Z,0.8,N,n,N,VIIRS_SNPP_NRT,1
-11.0666,16.6194,2026-07-30T00:33:00Z,2.21,N,n,N,VIIRS_SNPP_NRT,1
-11.0664,15.4589,2026-07-30T00:33:00Z,1.09,N,n,N,VIIRS_SNPP_NRT,1
-11.0564,20.4973,2026-07-30T00:33:00Z,7.16,N,n,N,VIIRS_SNPP_NRT,1
-11.0563,16.2259,2026-07-30T00:33:00Z,1.4,N,n,N,VIIRS_SNPP_NRT,1
-11.0562,20.4997,2026-07-30T00:33:00Z,5.76,N,n,N,VIIRS_SNPP_NRT,1
-11.0536,15.4425,2026-07-30T00:33:00Z,1.19,N,n,N,VIIRS_SNPP_NRT,1
-11.052,20.4979,2026-07-30T00:33:00Z,7.16,N,n,N,VIIRS_SNPP_NRT,1
-11.0519,20.5002,2026-07-30T00:33:00Z,5.76,N,n,N,VIIRS_SNPP_NRT,1
-11.0508,15.4467,2026-07-30T00:33:00Z,0.85,N,n,N,VIIRS_SNPP_NRT,1
-11.0477,20.4985,2026-07-30T00:33:00Z,1.34,N,n,N,VIIRS_SNPP_NRT,1
-11.0475,20.5009,2026-07-30T00:33:00Z,0.68,N,n,N,VIIRS_SNPP_NRT,1
-11.0371,16.5178,2026-07-30T00:33:00Z,0.79,N,n,N,VIIRS_SNPP_NRT,1
-11.0302,17.3493,2026-07-30T00:33:00Z,0.98,N,n,N,VIIRS_SNPP_NRT,1
-11.0295,17.352,2026-07-30T00:33:00Z,1.03,N,n,N,VIIRS_SNPP_NRT,1
-10.9924,16.5631,2026-07-30T00:33:00Z,1.41,N,n,N,VIIRS_SNPP_NRT,1
-10.9526,15.643,2026-07-30T00:33:00Z,0.63,N,n,N,VIIRS_SNPP_NRT,1
-10.9443,17.5234,2026-07-30T00:33:00Z,1.12,N,n,N,VIIRS_SNPP_NRT,1
-10.9432,17.5219,2026-07-30T00:33:00Z,1.29,N,n,N,VIIRS_SNPP_NRT,1
-10.9369,15.6751,2026-07-30T00:33:00Z,2.74,N,n,N,VIIRS_SNPP_NRT,1
-9.0536,24.2474,2026-07-30T00:30:00Z,2.82,N,n,N,VIIRS_SNPP_NRT,1
-9.6844,16.6064,2026-07-30T00:30:00Z,1.36,N,n,N,VIIRS_SNPP_NRT,1
-9.119,19.748,2026-07-30T00:30:00Z,0.45,N,n,N,VIIRS_SNPP_NRT,1
-9.1206,22.9756,2026-07-30T00:30:00Z,15.23,N,n,N,VIIRS_SNPP_NRT,1
-9.1246,22.9688,2026-07-30T00:30:00Z,16.61,N,n,N,VIIRS_SNPP_NRT,1
-9.1248,22.9692,2026-07-30T00:30:00Z,13.5,N,n,N,VIIRS_SNPP_NRT,1
-9.1254,22.9746,2026-07-30T00:30:00Z,16.61,N,n,N,VIIRS_SNPP_NRT,1
-9.1256,22.975,2026-07-30T00:30:00Z,15.23,N,n,N,VIIRS_SNPP_NRT,1
-9.1258,26.5749,2026-07-30T00:30:00Z,1.01,N,n,N,VIIRS_SNPP_NRT,1
-9.1262,22.9804,2026-07-30T00:30:00Z,6.51,N,n,N,VIIRS_SNPP_NRT,1
-9.1264,22.9808,2026-07-30T00:30:00Z,15.23,N,n,N,VIIRS_SNPP_NRT,1
-9.1286,16.8287,2026-07-30T00:30:00Z,3.69,N,n,N,VIIRS_SNPP_NRT,1
-9.1289,21.6052,2026-07-30T00:30:00Z,0.64,N,n,N,VIIRS_SNPP_NRT,1
-9.1292,16.8325,2026-07-30T00:30:00Z,3.69,N,n,N,VIIRS_SNPP_NRT,1
-9.1304,22.9739,2026-07-30T00:30:00Z,16.61,N,n,N,VIIRS_SNPP_NRT,1
-9.1306,22.9744,2026-07-30T00:30:00Z,1.35,N,n,N,VIIRS_SNPP_NRT,1
-9.132,16.8281,2026-07-30T00:30:00Z,3.69,N,n,N,VIIRS_SNPP_NRT,1
-9.1326,16.8319,2026-07-30T00:30:00Z,3.69,N,n,N,VIIRS_SNPP_NRT,1
-9.1196,19.7446,2026-07-30T00:30:00Z,0.45,N,n,N,VIIRS_SNPP_NRT,1
-9.1028,17.1621,2026-07-30T00:30:00Z,1.58,N,n,N,VIIRS_SNPP_NRT,1
-3.7011,14.9136,2026-07-30T00:30:00Z,0.58,N,n,N,VIIRS_SNPP_NRT,1
-9.0999,17.1666,2026-07-30T00:30:00Z,1.58,N,n,N,VIIRS_SNPP_NRT,1
-3.6786,14.8374,2026-07-30T00:30:00Z,0.6,N,n,N,VIIRS_SNPP_NRT,1
-3.602,14.9944,2026-07-30T00:30:00Z,1.1,N,n,N,VIIRS_SNPP_NRT,1
-3.6011,16.6775,2026-07-30T00:30:00Z,1.33,N,n,N,VIIRS_SNPP_NRT,1
-3.6002,14.8535,2026-07-30T00:30:00Z,0.77,N,n,N,VIIRS_SNPP_NRT,1
-3.5986,14.995,2026-07-30T00:30:00Z,1.1,N,n,N,VIIRS_SNPP_NRT,1
-3.5978,16.678,2026-07-30T00:30:00Z,2.31,N,n,N,VIIRS_SNPP_NRT,1
-3.5903,16.8611,2026-07-30T00:30:00Z,0.36,N,n,N,VIIRS_SNPP_NRT,1
-3.5885,16.9798,2026-07-30T00:30:00Z,1.96,N,n,N,VIIRS_SNPP_NRT,1
-3.588,16.9763,2026-07-30T00:30:00Z,1.96,N,n,N,VIIRS_SNPP_NRT,1
-3.4928,12.7447,2026-07-30T00:30:00Z,0.54,N,n,N,VIIRS_SNPP_NRT,1
-9.0541,24.2509,2026-07-30T00:30:00Z,2.14,N,n,N,VIIRS_SNPP_NRT,1
-9.068,26.7934,2026-07-30T00:30:00Z,0.95,N,n,N,VIIRS_SNPP_NRT,1
-9.094,22.6046,2026-07-30T00:30:00Z,0.57,N,n,N,VIIRS_SNPP_NRT,1
-9.0965,22.6035,2026-07-30T00:30:00Z,0.81,N,n,N,VIIRS_SNPP_NRT,1
-9.0993,17.1627,2026-07-30T00:30:00Z,1.58,N,n,N,VIIRS_SNPP_NRT,1
-9.1349,22.9679,2026-07-30T00:30:00Z,1.44,N,n,N,VIIRS_SNPP_NRT,1
-9.1355,16.8276,2026-07-30T00:30:00Z,0.65,N,n,N,VIIRS_SNPP_NRT,1
-9.1399,22.9673,2026-07-30T00:30:00Z,0.82,N,n,N,VIIRS_SNPP_NRT,1
-9.1405,22.9727,2026-07-30T00:30:00Z,2.93,N,n,N,VIIRS_SNPP_NRT,1
-9.3393,19.8098,2026-07-30T00:30:00Z,0.55,N,n,N,VIIRS_SNPP_NRT,1
-9.3397,19.8103,2026-07-30T00:30:00Z,0.54,N,n,N,VIIRS_SNPP_NRT,1
-9.3434,19.8092,2026-07-30T00:30:00Z,0.55,N,n,N,VIIRS_SNPP_NRT,1
-9.3437,19.8097,2026-07-30T00:30:00Z,0.54,N,n,N,VIIRS_SNPP_NRT,1
-9.3485,21.0387,2026-07-30T00:30:00Z,1.62,N,n,N,VIIRS_SNPP_NRT,1
-9.3554,26.8286,2026-07-30T00:30:00Z,0.59,N,n,N,VIIRS_SNPP_NRT,1
-9.3568,24.5122,2026-07-30T00:30:00Z,2.25,N,n,N,VIIRS_SNPP_NRT,1
-9.3573,24.516,2026-07-30T00:30:00Z,0.79,N,n,N,VIIRS_SNPP_NRT,1
-9.3579,24.5106,2026-07-30T00:30:00Z,2.21,N,n,N,VIIRS_SNPP_NRT,1
-9.3584,24.5143,2026-07-30T00:30:00Z,1.65,N,n,N,VIIRS_SNPP_NRT,1
-9.3628,24.5149,2026-07-30T00:30:00Z,0.79,N,n,N,VIIRS_SNPP_NRT,1
-9.3704,21.0668,2026-07-30T00:30:00Z,2.3,N,n,N,VIIRS_SNPP_NRT,1
-9.3714,22.6508,2026-07-30T00:30:00Z,0.84,N,n,N,VIIRS_SNPP_NRT,1
-9.3748,21.066,2026-07-30T00:30:00Z,2.3,N,n,N,VIIRS_SNPP_NRT,1
-9.3764,22.6501,2026-07-30T00:30:00Z,0.68,N,n,N,VIIRS_SNPP_NRT,1
-9.3388,23.3151,2026-07-30T00:30:00Z,0.49,N,n,N,VIIRS_SNPP_NRT,1
-9.3353,19.8104,2026-07-30T00:30:00Z,0.83,N,n,N,VIIRS_SNPP_NRT,1
-9.3345,17.1004,2026-07-30T00:30:00Z,1.18,N,n,N,VIIRS_SNPP_NRT,1
-9.2816,21.0727,2026-07-30T00:30:00Z,0.67,N,n,N,VIIRS_SNPP_NRT,1
-9.1447,19.7193,2026-07-30T00:30:00Z,0.5,N,n,N,VIIRS_SNPP_NRT,1
-9.196,26.4435,2026-07-30T00:30:00Z,2.1,N,n,N,VIIRS_SNPP_NRT,1
-9.2305,26.4122,2026-07-30T00:30:00Z,1.28,N,n,N,VIIRS_SNPP_NRT,1
-9.2312,23.7428,2026-07-30T00:30:00Z,0.47,N,n,N,VIIRS_SNPP_NRT,1
-9.2319,20.4252,2026-07-30T00:30:00Z,0.34,N,n,N,VIIRS_SNPP_NRT,1
-9.2772,21.0732,2026-07-30T00:30:00Z,2.85,N,n,N,VIIRS_SNPP_NRT,1
-9.3135,17.0796,2026-07-30T00:30:00Z,1.23,N,n,N,VIIRS_SNPP_NRT,1
-9.3339,17.0965,2026-07-30T00:30:00Z,1.18,N,n,N,VIIRS_SNPP_NRT,1
-9.3231,19.8122,2026-07-30T00:30:00Z,0.48,N,n,N,VIIRS_SNPP_NRT,1
-9.3272,19.8116,2026-07-30T00:30:00Z,0.48,N,n,N,VIIRS_SNPP_NRT,1
-9.3289,23.3196,2026-07-30T00:30:00Z,0.76,N,n,N,VIIRS_SNPP_NRT,1
-9.3298,17.0932,2026-07-30T00:30:00Z,1.38,N,n,N,VIIRS_SNPP_NRT,1
-9.331,17.101,2026-07-30T00:30:00Z,0.58,N,n,N,VIIRS_SNPP_NRT,1
-9.3312,19.811,2026-07-30T00:30:00Z,0.83,N,n,N,VIIRS_SNPP_NRT,1
-3.6978,14.9141,2026-07-30T00:30:00Z,0.61,N,n,N,VIIRS_SNPP_NRT,1
-3.7045,14.913,2026-07-30T00:30:00Z,0.58,N,n,N,VIIRS_SNPP_NRT,1
-9.402,21.7644,2026-07-30T00:30:00Z,5.45,N,n,N,VIIRS_SNPP_NRT,1
-4.4721,14.8314,2026-07-30T00:30:00Z,0.54,N,n,N,VIIRS_SNPP_NRT,1
-4.466,15.7231,2026-07-30T00:30:00Z,0.25,N,n,N,VIIRS_SNPP_NRT,1
-4.4626,15.7236,2026-07-30T00:30:00Z,0.21,N,n,N,VIIRS_SNPP_NRT,1
-4.4101,19.7886,2026-07-30T00:30:00Z,1.5,N,n,N,VIIRS_SNPP_NRT,1
-4.32,15.509,2026-07-30T00:30:00Z,0.93,N,n,N,VIIRS_SNPP_NRT,1
-4.316,16.8092,2026-07-30T00:30:00Z,0.51,N,n,N,VIIRS_SNPP_NRT,1
-4.3109,15.7299,2026-07-30T00:30:00Z,1.63,N,n,N,VIIRS_SNPP_NRT,1
-4.3104,15.7264,2026-07-30T00:30:00Z,1.63,N,n,N,VIIRS_SNPP_NRT,1
-4.3098,15.723,2026-07-30T00:30:00Z,3.82,N,n,N,VIIRS_SNPP_NRT,1
-4.3076,15.7304,2026-07-30T00:30:00Z,0.71,N,n,N,VIIRS_SNPP_NRT,1
-4.306,15.7201,2026-07-30T00:30:00Z,1.03,N,n,N,VIIRS_SNPP_NRT,1
-4.2367,14.2632,2026-07-30T00:30:00Z,0.82,N,n,N,VIIRS_SNPP_NRT,1
-4.2222,17.3623,2026-07-30T00:30:00Z,0.47,N,n,N,VIIRS_SNPP_NRT,1
-4.2212,17.3622,2026-07-30T00:30:00Z,0.47,N,n,N,VIIRS_SNPP_NRT,1
-4.215,17.3669,2026-07-30T00:30:00Z,0.68,N,n,N,VIIRS_SNPP_NRT,1
-4.2122,17.371,2026-07-30T00:30:00Z,0.68,N,n,N,VIIRS_SNPP_NRT,1
-4.47,14.8316,2026-07-30T00:30:00Z,0.15,N,n,N,VIIRS_SNPP_NRT,1
-4.5211,15.7534,2026-07-30T00:30:00Z,0.57,N,n,N,VIIRS_SNPP_NRT,1
-3.734,14.7447,2026-07-30T00:30:00Z,3.26,N,n,N,VIIRS_SNPP_NRT,1
-4.6634,15.7734,2026-07-30T00:30:00Z,0.79,N,n,N,VIIRS_SNPP_NRT,1
-4.8531,12.019,2026-07-30T00:30:00Z,0.61,N,n,N,VIIRS_SNPP_NRT,1
-4.8492,18.489,2026-07-30T00:30:00Z,0.55,N,n,N,VIIRS_SNPP_NRT,1
-4.8484,18.7362,2026-07-30T00:30:00Z,0.86,N,n,N,VIIRS_SNPP_NRT,1
-4.8251,15.6414,2026-07-30T00:30:00Z,1.54,N,n,N,VIIRS_SNPP_NRT,1
-4.8249,17.1815,2026-07-30T00:30:00Z,0.59,N,n,N,VIIRS_SNPP_NRT,1
-4.8051,18.3202,2026-07-30T00:30:00Z,0.6,N,n,N,VIIRS_SNPP_NRT,1
-4.805,18.3172,2026-07-30T00:30:00Z,0.65,N,n,N,VIIRS_SNPP_NRT,1
-4.7797,19.5048,2026-07-30T00:30:00Z,0.64,N,n,N,VIIRS_SNPP_NRT,1
-4.7682,13.4579,2026-07-30T00:30:00Z,2.74,N,n,N,VIIRS_SNPP_NRT,1
-4.749,15.0567,2026-07-30T00:30:00Z,0.52,N,n,N,VIIRS_SNPP_NRT,1
-4.7001,15.6615,2026-07-30T00:30:00Z,0.36,N,n,N,VIIRS_SNPP_NRT,1
-4.6688,17.0515,2026-07-30T00:30:00Z,3.87,N,n,N,VIIRS_SNPP_NRT,1
-4.6682,17.048,2026-07-30T00:30:00Z,3.87,N,n,N,VIIRS_SNPP_NRT,1
-4.6659,18.4665,2026-07-30T00:30:00Z,0.62,N,n,N,VIIRS_SNPP_NRT,1
-4.6643,15.9288,2026-07-30T00:30:00Z,0.56,N,n,N,VIIRS_SNPP_NRT,1
-4.2094,17.3751,2026-07-30T00:30:00Z,1.81,N,n,N,VIIRS_SNPP_NRT,1
-4.2088,17.3715,2026-07-30T00:30:00Z,1.22,N,n,N,VIIRS_SNPP_NRT,1
-4.2086,16.3229,2026-07-30T00:30:00Z,0.67,N,n,N,VIIRS_SNPP_NRT,1
-4.153,16.8958,2026-07-30T00:30:00Z,0.66,N,n,N,VIIRS_SNPP_NRT,1
-3.7782,12.984,2026-07-30T00:30:00Z,1.55,N,n,N,VIIRS_SNPP_NRT,1
-3.7775,12.98,2026-07-30T00:30:00Z,1.21,N,n,N,VIIRS_SNPP_NRT,1
-3.769,12.9729,2026-07-30T00:30:00Z,3.42,N,n,N,VIIRS_SNPP_NRT,1
-3.7654,12.9734,2026-07-30T00:30:00Z,3.42,N,n,N,VIIRS_SNPP_NRT,1
-3.7597,12.9614,2026-07-30T00:30:00Z,1.35,N,n,N,VIIRS_SNPP_NRT,1
-3.7561,12.962,2026-07-30T00:30:00Z,1.35,N,n,N,VIIRS_SNPP_NRT,1
-3.7496,12.9675,2026-07-30T00:30:00Z,1.13,N,n,N,VIIRS_SNPP_NRT,1
-3.7472,13.7997,2026-07-30T00:30:00Z,0.69,N,n,N,VIIRS_SNPP_NRT,1
-3.7461,12.9682,2026-07-30T00:30:00Z,1.78,N,n,N,VIIRS_SNPP_NRT,1
-3.7385,14.7513,2026-07-30T00:30:00Z,5.78,N,n,N,VIIRS_SNPP_NRT,1
-3.7379,14.7478,2026-07-30T00:30:00Z,3.26,N,n,N,VIIRS_SNPP_NRT,1
-3.7374,14.7442,2026-07-30T00:30:00Z,3.26,N,n,N,VIIRS_SNPP_NRT,1
-3.7368,14.7407,2026-07-30T00:30:00Z,1.3,N,n,N,VIIRS_SNPP_NRT,1
-3.7351,14.7518,2026-07-30T00:30:00Z,5.78,N,n,N,VIIRS_SNPP_NRT,1
-3.7346,14.7482,2026-07-30T00:30:00Z,3.26,N,n,N,VIIRS_SNPP_NRT,1
-3.7818,12.9834,2026-07-30T00:30:00Z,5.1,N,n,N,VIIRS_SNPP_NRT,1
-3.7896,12.9863,2026-07-30T00:30:00Z,2.41,N,n,N,VIIRS_SNPP_NRT,1
-3.7905,12.9693,2026-07-30T00:30:00Z,0.53,N,n,N,VIIRS_SNPP_NRT,1
-3.958,14.8331,2026-07-30T00:30:00Z,0.72,N,n,N,VIIRS_SNPP_NRT,1
-4.1126,15.6095,2026-07-30T00:30:00Z,0.62,N,n,N,VIIRS_SNPP_NRT,1
-4.0799,14.7668,2026-07-30T00:30:00Z,0.37,N,n,N,VIIRS_SNPP_NRT,1
-4.0766,14.7892,2026-07-30T00:30:00Z,1.77,N,n,N,VIIRS_SNPP_NRT,1
-4.0761,14.7856,2026-07-30T00:30:00Z,1.77,N,n,N,VIIRS_SNPP_NRT,1
-4.0755,14.7821,2026-07-30T00:30:00Z,0.71,N,n,N,VIIRS_SNPP_NRT,1
-3.9585,14.8366,2026-07-30T00:30:00Z,0.72,N,n,N,VIIRS_SNPP_NRT,1
-3.9024,17.2176,2026-07-30T00:30:00Z,1.47,N,n,N,VIIRS_SNPP_NRT,1
-3.7919,12.9778,2026-07-30T00:30:00Z,1.61,N,n,N,VIIRS_SNPP_NRT,1
-3.8991,17.2182,2026-07-30T00:30:00Z,1.63,N,n,N,VIIRS_SNPP_NRT,1
-3.8796,18.3022,2026-07-30T00:30:00Z,0.53,N,n,N,VIIRS_SNPP_NRT,1
-3.7962,12.9812,2026-07-30T00:30:00Z,2.47,N,n,N,VIIRS_SNPP_NRT,1
-3.7955,12.9772,2026-07-30T00:30:00Z,3.71,N,n,N,VIIRS_SNPP_NRT,1
-3.7932,12.9858,2026-07-30T00:30:00Z,2.41,N,n,N,VIIRS_SNPP_NRT,1
-3.7926,12.9818,2026-07-30T00:30:00Z,2.41,N,n,N,VIIRS_SNPP_NRT,1
-9.3926,24.0218,2026-07-30T00:30:00Z,0.51,N,n,N,VIIRS_SNPP_NRT,1
-9.4027,21.761,2026-07-30T00:30:00Z,3.31,N,n,N,VIIRS_SNPP_NRT,1
-4.8569,12.0184,2026-07-30T00:30:00Z,0.61,N,n,N,VIIRS_SNPP_NRT,1
-10.4139,26.3817,2026-07-30T00:30:00Z,1.3,N,n,N,VIIRS_SNPP_NRT,1
-10.4177,26.3761,2026-07-30T00:30:00Z,2.51,N,n,N,VIIRS_SNPP_NRT,1
-10.4254,21.7935,2026-07-30T00:30:00Z,0.9,N,n,N,VIIRS_SNPP_NRT,1
-10.495,24.5779,2026-07-30T00:30:00Z,1.07,N,n,N,VIIRS_SNPP_NRT,1
-10.6113,24.2294,2026-07-30T00:30:00Z,0.68,N,n,N,VIIRS_SNPP_NRT,1
-10.6908,26.2862,2026-07-30T00:30:00Z,1.01,N,n,N,VIIRS_SNPP_NRT,1
-10.712,23.3901,2026-07-30T00:30:00Z,0.54,N,n,N,VIIRS_SNPP_NRT,1
-10.7733,25.9473,2026-07-30T00:30:00Z,0.91,N,n,N,VIIRS_SNPP_NRT,1
-10.7757,26.5558,2026-07-30T00:30:00Z,3.73,N,n,N,VIIRS_SNPP_NRT,1
-10.7761,26.5557,2026-07-30T00:30:00Z,2.98,N,n,N,VIIRS_SNPP_NRT,1
-10.7763,26.5611,2026-07-30T00:30:00Z,4.16,N,n,N,VIIRS_SNPP_NRT,1
-10.7768,26.5611,2026-07-30T00:30:00Z,2.98,N,n,N,VIIRS_SNPP_NRT,1
-10.7847,25.5845,2026-07-30T00:30:00Z,1.03,N,n,N,VIIRS_SNPP_NRT,1
-10.7852,25.5892,2026-07-30T00:30:00Z,1.03,N,n,N,VIIRS_SNPP_NRT,1
-10.8425,26.6739,2026-07-30T00:30:00Z,2.35,N,n,N,VIIRS_SNPP_NRT,1
-10.8432,26.6797,2026-07-30T00:30:00Z,2.35,N,n,N,VIIRS_SNPP_NRT,1
-10.4159,26.4137,2026-07-30T00:30:00Z,1.35,N,n,N,VIIRS_SNPP_NRT,1
-10.4117,26.4185,2026-07-30T00:30:00Z,2.67,N,n,N,VIIRS_SNPP_NRT,1
-10.1131,25.6775,2026-07-30T00:30:00Z,1.3,N,n,N,VIIRS_SNPP_NRT,1
-10.4096,26.4149,2026-07-30T00:30:00Z,1.35,N,n,N,VIIRS_SNPP_NRT,1
-10.1161,25.6609,2026-07-30T00:30:00Z,1.33,N,n,N,VIIRS_SNPP_NRT,1
-10.1166,25.6652,2026-07-30T00:30:00Z,1.33,N,n,N,VIIRS_SNPP_NRT,1
-10.1171,25.6594,2026-07-30T00:30:00Z,2.11,N,n,N,VIIRS_SNPP_NRT,1
-10.1176,25.6638,2026-07-30T00:30:00Z,1.95,N,n,N,VIIRS_SNPP_NRT,1
-10.1221,25.6599,2026-07-30T00:30:00Z,1.33,N,n,N,VIIRS_SNPP_NRT,1
-10.1367,25.6686,2026-07-30T00:30:00Z,0.77,N,n,N,VIIRS_SNPP_NRT,1
-10.1897,26.2908,2026-07-30T00:30:00Z,0.88,N,n,N,VIIRS_SNPP_NRT,1
-10.1978,26.3557,2026-07-30T00:30:00Z,2.38,N,n,N,VIIRS_SNPP_NRT,1
-10.2002,26.3532,2026-07-30T00:30:00Z,1.03,N,n,N,VIIRS_SNPP_NRT,1
-10.2009,26.3592,2026-07-30T00:30:00Z,1.03,N,n,N,VIIRS_SNPP_NRT,1
-10.2191,19.833,2026-07-30T00:30:00Z,0.32,N,n,N,VIIRS_SNPP_NRT,1
-10.2382,28.3057,2026-07-30T00:30:00Z,2.15,N,n,N,VIIRS_SNPP_NRT,1
-10.3459,26.485,2026-07-30T00:30:00Z,1.6,N,n,N,VIIRS_SNPP_NRT,1
-10.3466,26.4902,2026-07-30T00:30:00Z,1.62,N,n,N,VIIRS_SNPP_NRT,1
-10.3471,26.4897,2026-07-30T00:30:00Z,2.47,N,n,N,VIIRS_SNPP_NRT,1
-10.8489,26.6724,2026-07-30T00:30:00Z,2.07,N,n,N,VIIRS_SNPP_NRT,1
-10.8496,26.6784,2026-07-30T00:30:00Z,2.07,N,n,N,VIIRS_SNPP_NRT,1
-11.0486,26.1328,2026-07-30T00:30:00Z,2.8,N,n,N,VIIRS_SNPP_NRT,1
-11.0492,26.1379,2026-07-30T00:30:00Z,3.64,N,n,N,VIIRS_SNPP_NRT,1
59.3875,28.4596,2026-07-30T00:30:00Z,0.54,N20,n,N,VIIRS_NOAA20_NRT,1
59.3865,28.4663,2026-07-30T00:30:00Z,0.72,N20,n,N,VIIRS_NOAA20_NRT,1
59.3843,28.4578,2026-07-30T00:30:00Z,0.74,N20,n,N,VIIRS_NOAA20_NRT,1
59.1334,37.7951,2026-07-30T00:30:00Z,3.05,N20,n,N,VIIRS_NOAA20_NRT,1
59.13,37.7921,2026-07-30T00:30:00Z,2.78,N20,n,N,VIIRS_NOAA20_NRT,1
59.1147,28.1973,2026-07-30T00:30:00Z,0.43,N20,n,N,VIIRS_NOAA20_NRT,1
59.0613,28.1385,2026-07-30T00:30:00Z,0.84,N20,n,N,VIIRS_NOAA20_NRT,1
55.6096,51.9423,2026-07-30T00:30:00Z,4.08,N20,n,N,VIIRS_NOAA20_NRT,1
55.6061,51.9505,2026-07-30T00:30:00Z,4.02,N20,n,N,VIIRS_NOAA20_NRT,1
55.6033,51.8998,2026-07-30T00:30:00Z,1.81,N20,n,N,VIIRS_NOAA20_NRT,1
55.6002,51.9074,2026-07-30T00:30:00Z,3.45,N20,n,N,VIIRS_NOAA20_NRT,1
55.6001,51.9055,2026-07-30T00:30:00Z,3.49,N20,n,N,VIIRS_NOAA20_NRT,1
55.5885,51.9531,2026-07-30T00:30:00Z,1.41,N20,n,N,VIIRS_NOAA20_NRT,1
55.5635,51.9364,2026-07-30T00:30:00Z,0.93,N20,n,N,VIIRS_NOAA20_NRT,1
53.875,45.8579,2026-07-30T00:30:00Z,0.5,N20,n,N,VIIRS_NOAA20_NRT,1
59.5218,34.1673,2026-07-30T00:30:00Z,1.03,N20,n,N,VIIRS_NOAA20_NRT,1
59.5291,34.1489,2026-07-30T00:30:00Z,1.3,N20,n,N,VIIRS_NOAA20_NRT,1
59.5305,34.1419,2026-07-30T00:30:00Z,1.3,N20,n,N,VIIRS_NOAA20_NRT,1
-9.0486,24.2517,2026-07-30T00:30:00Z,2.14,N,n,N,VIIRS_SNPP_NRT,1
-11.0518,26.1312,2026-07-30T00:30:00Z,4.95,N,n,N,VIIRS_SNPP_NRT,1
-11.0524,26.1362,2026-07-30T00:30:00Z,3.74,N,n,N,VIIRS_SNPP_NRT,1
-11.0531,26.1412,2026-07-30T00:30:00Z,3.74,N,n,N,VIIRS_SNPP_NRT,1
-11.055,26.132,2026-07-30T00:30:00Z,2.8,N,n,N,VIIRS_SNPP_NRT,1
-11.0556,26.137,2026-07-30T00:30:00Z,3.64,N,n,N,VIIRS_SNPP_NRT,1
-11.0591,28.5914,2026-07-30T00:30:00Z,2.04,N,n,N,VIIRS_SNPP_NRT,1
64.664,21.2849,2026-07-30T00:30:00Z,0.9,N20,n,N,VIIRS_NOAA20_NRT,1
59.9132,32.3622,2026-07-30T00:30:00Z,0.59,N20,n,N,VIIRS_NOAA20_NRT,1
64.6519,24.4221,2026-07-30T00:30:00Z,1.41,N20,n,N,VIIRS_NOAA20_NRT,1
64.6472,24.4308,2026-07-30T00:30:00Z,1.72,N20,n,N,VIIRS_NOAA20_NRT,1
61.2518,28.8666,2026-07-30T00:30:00Z,0.82,N20,n,N,VIIRS_NOAA20_NRT,1
61.0658,28.237,2026-07-30T00:30:00Z,0.8,N20,n,N,VIIRS_NOAA20_NRT,1
61.0304,28.1775,2026-07-30T00:30:00Z,0.64,N20,n,N,VIIRS_NOAA20_NRT,1
60.5235,28.1293,2026-07-30T00:30:00Z,2.45,N20,n,N,VIIRS_NOAA20_NRT,1
-10.1144,18.5213,2026-07-30T00:30:00Z,1.31,N,n,N,VIIRS_SNPP_NRT,1
-10.1122,25.6788,2026-07-30T00:30:00Z,0.86,N,n,N,VIIRS_SNPP_NRT,1
-9.4034,21.7659,2026-07-30T00:30:00Z,3.31,N,n,N,VIIRS_SNPP_NRT,1
-9.4927,23.5079,2026-07-30T00:30:00Z,8.02,N,n,N,VIIRS_SNPP_NRT,1
-9.4979,23.5071,2026-07-30T00:30:00Z,8.02,N,h,N,VIIRS_SNPP_NRT,1
-9.4983,23.5103,2026-07-30T00:30:00Z,8.02,N,n,N,VIIRS_SNPP_NRT,1
-9.4988,23.5135,2026-07-30T00:30:00Z,11.37,N,n,N,VIIRS_SNPP_NRT,1
-9.4992,23.5167,2026-07-30T00:30:00Z,11.37,N,h,N,VIIRS_SNPP_NRT,1
-9.4996,23.52,2026-07-30T00:30:00Z,10.35,N,n,N,VIIRS_SNPP_NRT,1
-9.5,23.5232,2026-07-30T00:30:00Z,10.35,N,n,N,VIIRS_SNPP_NRT,1
-9.5023,23.5001,2026-07-30T00:30:00Z,1.1,N,n,N,VIIRS_SNPP_NRT,1
-9.5031,23.5064,2026-07-30T00:30:00Z,0.79,N,n,N,VIIRS_SNPP_NRT,1
-9.5036,23.5096,2026-07-30T00:30:00Z,0.79,N,n,N,VIIRS_SNPP_NRT,1
-9.504,23.5128,2026-07-30T00:30:00Z,16.93,N,n,N,VIIRS_SNPP_NRT,1
-9.5044,23.516,2026-07-30T00:30:00Z,16.93,N,h,N,VIIRS_SNPP_NRT,1
-9.5048,23.5192,2026-07-30T00:30:00Z,12.66,N,n,N,VIIRS_SNPP_NRT,1
-9.5053,23.5224,2026-07-30T00:30:00Z,12.66,N,n,N,VIIRS_SNPP_NRT,1
-9.5769,25.088,2026-07-30T00:30:00Z,0.51,N,n,N,VIIRS_SNPP_NRT,1
-9.6047,23.223,2026-07-30T00:30:00Z,1.24,N,n,N,VIIRS_SNPP_NRT,1
-9.4975,23.5039,2026-07-30T00:30:00Z,9.19,N,n,N,VIIRS_SNPP_NRT,1
-9.4829,20.8146,2026-07-30T00:30:00Z,0.95,N,n,N,VIIRS_SNPP_NRT,1
-10.1116,25.6648,2026-07-30T00:30:00Z,1.95,N,n,N,VIIRS_SNPP_NRT,1
-9.4814,20.813,2026-07-30T00:30:00Z,0.62,N,n,N,VIIRS_SNPP_NRT,1
-9.4137,24.2181,2026-07-30T00:30:00Z,0.81,N,n,N,VIIRS_SNPP_NRT,1
-9.4138,24.2188,2026-07-30T00:30:00Z,0.87,N,n,N,VIIRS_SNPP_NRT,1
-9.4569,21.7859,2026-07-30T00:30:00Z,7.59,N,n,N,VIIRS_SNPP_NRT,1
-9.4576,21.791,2026-07-30T00:30:00Z,7.59,N,n,N,VIIRS_SNPP_NRT,1
-9.4615,21.7853,2026-07-30T00:30:00Z,4.92,N,n,N,VIIRS_SNPP_NRT,1
-9.4622,21.7904,2026-07-30T00:30:00Z,4.92,N,n,N,VIIRS_SNPP_NRT,1
-9.4654,21.7795,2026-07-30T00:30:00Z,1.34,N,n,N,VIIRS_SNPP_NRT,1
-9.4666,17.163,2026-07-30T00:30:00Z,1.4,N,n,N,VIIRS_SNPP_NRT,1
-9.4711,19.6896,2026-07-30T00:30:00Z,0.59,N,n,N,VIIRS_SNPP_NRT,1
-9.4714,17.1708,2026-07-30T00:30:00Z,1.06,N,n,N,VIIRS_SNPP_NRT,1
-9.4751,19.689,2026-07-30T00:30:00Z,0.59,N,n,N,VIIRS_SNPP_NRT,1
-9.4756,19.6926,2026-07-30T00:30:00Z,0.59,N,n,N,VIIRS_SNPP_NRT,1
-9.477,20.8137,2026-07-30T00:30:00Z,0.62,N,n,N,VIIRS_SNPP_NRT,1
-9.478,20.8111,2026-07-30T00:30:00Z,0.89,N,n,N,VIIRS_SNPP_NRT,1
-9.4796,19.692,2026-07-30T00:30:00Z,1.19,N,n,N,VIIRS_SNPP_NRT,1
-9.6076,23.2229,2026-07-30T00:30:00Z,1.44,N,n,N,VIIRS_SNPP_NRT,1
-9.6151,21.5834,2026-07-30T00:30:00Z,0.95,N,n,N,VIIRS_SNPP_NRT,1
-9.6245,16.8047,2026-07-30T00:30:00Z,0.47,N,n,N,VIIRS_SNPP_NRT,1
-9.6508,26.3479,2026-07-30T00:30:00Z,2.09,N,n,N,VIIRS_SNPP_NRT,1
-9.9266,17.3694,2026-07-30T00:30:00Z,0.8,N,n,N,VIIRS_SNPP_NRT,1
-9.9295,17.3648,2026-07-30T00:30:00Z,1.68,N,n,N,VIIRS_SNPP_NRT,1
-9.9327,27.663,2026-07-30T00:30:00Z,1.6,N,n,N,VIIRS_SNPP_NRT,1
-9.9338,27.6638,2026-07-30T00:30:00Z,2.39,N,n,N,VIIRS_SNPP_NRT,1
-9.9836,18.3947,2026-07-30T00:30:00Z,1.14,N,n,N,VIIRS_SNPP_NRT,1
-9.9843,18.3993,2026-07-30T00:30:00Z,1.14,N,n,N,VIIRS_SNPP_NRT,1
-10.0188,20.2493,2026-07-30T00:30:00Z,1.45,N,n,N,VIIRS_SNPP_NRT,1
-10.0328,24.7339,2026-07-30T00:30:00Z,4.79,N,n,N,VIIRS_SNPP_NRT,1
-10.0348,24.7495,2026-07-30T00:30:00Z,0.68,N,n,N,VIIRS_SNPP_NRT,1
-10.0365,21.0662,2026-07-30T00:30:00Z,0.7,N,n,N,VIIRS_SNPP_NRT,1
-10.0405,24.7489,2026-07-30T00:30:00Z,0.68,N,n,N,VIIRS_SNPP_NRT,1
-10.0861,18.4082,2026-07-30T00:30:00Z,0.75,N,n,N,VIIRS_SNPP_NRT,1
-10.104,25.6627,2026-07-30T00:30:00Z,1.92,N,n,N,VIIRS_SNPP_NRT,1
-10.11,25.6618,2026-07-30T00:30:00Z,1.92,N,n,N,VIIRS_SNPP_NRT,1
-10.111,25.6603,2026-07-30T00:30:00Z,2.11,N,n,N,VIIRS_SNPP_NRT,1
-9.8666,27.4042,2026-07-30T00:30:00Z,1.56,N,n,N,VIIRS_SNPP_NRT,1
-9.8659,27.3982,2026-07-30T00:30:00Z,1.56,N,n,N,VIIRS_SNPP_NRT,1
-9.8466,17.7777,2026-07-30T00:30:00Z,1.21,N,n,N,VIIRS_SNPP_NRT,1
-9.7188,18.6641,2026-07-30T00:30:00Z,1.08,N,n,N,VIIRS_SNPP_NRT,1
-9.6514,26.353,2026-07-30T00:30:00Z,2.09,N,n,N,VIIRS_SNPP_NRT,1
-9.6521,26.3582,2026-07-30T00:30:00Z,1.56,N,n,N,VIIRS_SNPP_NRT,1
-9.653,18.2075,2026-07-30T00:30:00Z,0.51,N,n,N,VIIRS_SNPP_NRT,1
-9.6809,16.6069,2026-07-30T00:30:00Z,1.62,N,n,N,VIIRS_SNPP_NRT,1
-9.704,21.887,2026-07-30T00:30:00Z,0.79,N,n,N,VIIRS_SNPP_NRT,1
-9.7166,21.8746,2026-07-30T00:30:00Z,0.64,N,n,N,VIIRS_SNPP_NRT,1
-9.7201,18.6658,2026-07-30T00:30:00Z,1.17,N,n,N,VIIRS_SNPP_NRT,1
-9.843,17.7782,2026-07-30T00:30:00Z,0.73,N,n,N,VIIRS_SNPP_NRT,1
-9.7208,18.6779,2026-07-30T00:30:00Z,0.89,N,n,N,VIIRS_SNPP_NRT,1
-9.7215,18.675,2026-07-30T00:30:00Z,0.88,N,n,N,VIIRS_SNPP_NRT,1
-9.7226,18.6636,2026-07-30T00:30:00Z,1.06,N,n,N,VIIRS_SNPP_NRT,1
-9.7484,25.8953,2026-07-30T00:30:00Z,0.79,N,n,N,VIIRS_SNPP_NRT,1
-9.775,21.4626,2026-07-30T00:30:00Z,0.7,N,n,N,VIIRS_SNPP_NRT,1
-9.8424,17.7741,2026-07-30T00:30:00Z,0.73,N,n,N,VIIRS_SNPP_NRT,1
-4.8539,12.0235,2026-07-30T00:30:00Z,0.61,N,n,N,VIIRS_SNPP_NRT,1
-9.4917,19.6902,2026-07-30T00:30:00Z,0.75,N,n,N,VIIRS_SNPP_NRT,1
-4.8606,12.0178,2026-07-30T00:30:00Z,0.77,N,n,N,VIIRS_SNPP_NRT,1
-8.686,24.4706,2026-07-30T00:30:00Z,1.22,N,n,N,VIIRS_SNPP_NRT,1
-8.68,24.4677,2026-07-30T00:30:00Z,7.3,N,n,N,VIIRS_SNPP_NRT,1
-8.675,24.4718,2026-07-30T00:30:00Z,7.3,N,n,N,VIIRS_SNPP_NRT,1
-8.6745,24.4683,2026-07-30T00:30:00Z,7.3,N,h,N,VIIRS_SNPP_NRT,1
-8.674,24.4648,2026-07-30T00:30:00Z,10.65,N,n,N,VIIRS_SNPP_NRT,1
-8.6738,17.7756,2026-07-30T00:30:00Z,3.27,N,n,N,VIIRS_SNPP_NRT,1
-8.6552,16.8994,2026-07-30T00:30:00Z,0.98,N,n,N,VIIRS_SNPP_NRT,1
-8.651,22.4994,2026-07-30T00:30:00Z,2.58,N,n,N,VIIRS_SNPP_NRT,1
-8.6502,22.494,2026-07-30T00:30:00Z,7.34,N,n,N,VIIRS_SNPP_NRT,1
-8.6499,22.4967,2026-07-30T00:30:00Z,6.68,N,n,N,VIIRS_SNPP_NRT,1
-8.6492,22.4914,2026-07-30T00:30:00Z,6.68,N,n,N,VIIRS_SNPP_NRT,1
-8.6462,22.4999,2026-07-30T00:30:00Z,2.58,N,n,N,VIIRS_SNPP_NRT,1
-8.6455,19.9329,2026-07-30T00:30:00Z,0.71,N,n,N,VIIRS_SNPP_NRT,1
-8.6454,22.4946,2026-07-30T00:30:00Z,7.34,N,n,N,VIIRS_SNPP_NRT,1
-8.6451,22.4972,2026-07-30T00:30:00Z,6.68,N,n,N,VIIRS_SNPP_NRT,1
-8.6406,22.4952,2026-07-30T00:30:00Z,3.33,N,n,N,VIIRS_SNPP_NRT,1
-8.6805,24.4712,2026-07-30T00:30:00Z,7.3,N,h,N,VIIRS_SNPP_NRT,1
-8.6864,20.6952,2026-07-30T00:30:00Z,1.05,N,n,N,VIIRS_SNPP_NRT,1
-8.7608,16.6348,2026-07-30T00:30:00Z,0.74,N,n,N,VIIRS_SNPP_NRT,1
-8.6866,27.3188,2026-07-30T00:30:00Z,1.95,N,n,N,VIIRS_SNPP_NRT,1
-8.7483,21.412,2026-07-30T00:30:00Z,7.07,N,n,N,VIIRS_SNPP_NRT,1
-8.7477,21.4074,2026-07-30T00:30:00Z,7.07,N,n,N,VIIRS_SNPP_NRT,1
-8.7458,21.3941,2026-07-30T00:30:00Z,0.68,N,n,N,VIIRS_SNPP_NRT,1
-8.7432,21.4081,2026-07-30T00:30:00Z,10.77,N,h,N,VIIRS_SNPP_NRT,1
-8.7426,21.4036,2026-07-30T00:30:00Z,9.1,N,n,N,VIIRS_SNPP_NRT,1
-8.7387,21.4087,2026-07-30T00:30:00Z,10.77,N,n,N,VIIRS_SNPP_NRT,1
-8.7381,21.4042,2026-07-30T00:30:00Z,9.1,N,n,N,VIIRS_SNPP_NRT,1
-8.738,15.7581,2026-07-30T00:30:00Z,0.47,N,n,N,VIIRS_SNPP_NRT,1
-8.7371,19.9931,2026-07-30T00:30:00Z,0.87,N,n,N,VIIRS_SNPP_NRT,1
-8.7309,19.8052,2026-07-30T00:30:00Z,1.49,N,n,N,VIIRS_SNPP_NRT,1
-8.7304,19.8017,2026-07-30T00:30:00Z,0.88,N,n,N,VIIRS_SNPP_NRT,1
-8.7222,20.6513,2026-07-30T00:30:00Z,0.61,N,n,N,VIIRS_SNPP_NRT,1
-8.7179,20.6518,2026-07-30T00:30:00Z,3.04,N,n,N,VIIRS_SNPP_NRT,1
-8.6916,27.8577,2026-07-30T00:30:00Z,1.18,N,n,N,VIIRS_SNPP_NRT,1
-8.6903,27.8581,2026-07-30T00:30:00Z,0.7,N,n,N,VIIRS_SNPP_NRT,1
-8.6396,22.4926,2026-07-30T00:30:00Z,2.91,N,n,N,VIIRS_SNPP_NRT,1
-8.6369,19.9305,2026-07-30T00:30:00Z,1.15,N,n,N,VIIRS_SNPP_NRT,1
-8.6324,19.9275,2026-07-30T00:30:00Z,1.27,N,n,N,VIIRS_SNPP_NRT,1
-8.6187,19.9186,2026-07-30T00:30:00Z,0.47,N,n,N,VIIRS_SNPP_NRT,1
-8.5306,20.3642,2026-07-30T00:30:00Z,2.38,N,n,N,VIIRS_SNPP_NRT,1
-8.53,20.3604,2026-07-30T00:30:00Z,2.38,N,n,N,VIIRS_SNPP_NRT,1
-8.5295,20.3567,2026-07-30T00:30:00Z,8.34,N,n,N,VIIRS_SNPP_NRT,1
-8.529,20.3529,2026-07-30T00:30:00Z,8.34,N,n,N,VIIRS_SNPP_NRT,1
-8.5254,20.3573,2026-07-30T00:30:00Z,8.34,N,n,N,VIIRS_SNPP_NRT,1
-8.5248,20.3535,2026-07-30T00:30:00Z,8.34,N,n,N,VIIRS_SNPP_NRT,1
-8.5212,20.3579,2026-07-30T00:30:00Z,2.03,N,n,N,VIIRS_SNPP_NRT,1
-8.5206,20.3541,2026-07-30T00:30:00Z,2.03,N,n,N,VIIRS_SNPP_NRT,1
-8.5165,20.3547,2026-07-30T00:30:00Z,2.03,N,n,N,VIIRS_SNPP_NRT,1
-8.516,20.351,2026-07-30T00:30:00Z,2.89,N,n,N,VIIRS_SNPP_NRT,1
-8.5124,16.7639,2026-07-30T00:30:00Z,0.5,N,n,N,VIIRS_SNPP_NRT,1
-8.5067,26.888,2026-07-30T00:30:00Z,1.28,N,n,N,VIIRS_SNPP_NRT,1
-8.4906,18.6111,2026-07-30T00:30:00Z,1.47,N,n,N,VIIRS_SNPP_NRT,1
-8.4185,18.8222,2026-07-30T00:30:00Z,3.09,N,n,N,VIIRS_SNPP_NRT,1
-8.3762,17.7351,2026-07-30T00:30:00Z,0.67,N,n,N,VIIRS_SNPP_NRT,1
-8.5312,20.368,2026-07-30T00:30:00Z,1.49,N,n,N,VIIRS_SNPP_NRT,1
-8.5331,20.3523,2026-07-30T00:30:00Z,53.32,N,n,N,VIIRS_SNPP_NRT,1
-8.5336,20.3561,2026-07-30T00:30:00Z,53.32,N,h,N,VIIRS_SNPP_NRT,1
-8.5751,25.4879,2026-07-30T00:30:00Z,1.67,N,n,N,VIIRS_SNPP_NRT,1
-8.6137,19.9121,2026-07-30T00:30:00Z,0.4,N,n,N,VIIRS_SNPP_NRT,1
-8.5938,22.3368,2026-07-30T00:30:00Z,1.91,N,n,N,VIIRS_SNPP_NRT,1
-8.5936,22.4752,2026-07-30T00:30:00Z,0.67,N,n,N,VIIRS_SNPP_NRT,1
-8.5894,17.622,2026-07-30T00:30:00Z,0.52,N,n,N,VIIRS_SNPP_NRT,1
-8.581,25.4874,2026-07-30T00:30:00Z,1.67,N,n,N,VIIRS_SNPP_NRT,1
-8.5804,25.483,2026-07-30T00:30:00Z,1.67,N,n,N,VIIRS_SNPP_NRT,1
-8.5745,25.4833,2026-07-30T00:30:00Z,1.67,N,n,N,VIIRS_SNPP_NRT,1
-8.5342,20.3598,2026-07-30T00:30:00Z,50.91,N,n,N,VIIRS_SNPP_NRT,1
-8.5395,20.3668,2026-07-30T00:30:00Z,10.54,N,n,N,VIIRS_SNPP_NRT,1
-8.5389,20.363,2026-07-30T00:30:00Z,50.91,N,n,N,VIIRS_SNPP_NRT,1
-8.5384,20.3592,2026-07-30T00:30:00Z,50.91,N,n,N,VIIRS_SNPP_NRT,1
-8.5378,20.3555,2026-07-30T00:30:00Z,53.32,N,n,N,VIIRS_SNPP_NRT,1
-8.5353,20.3674,2026-07-30T00:30:00Z,10.54,N,n,N,VIIRS_SNPP_NRT,1
-8.5348,20.3636,2026-07-30T00:30:00Z,50.91,N,h,N,VIIRS_SNPP_NRT,1
-8.7522,21.4069,2026-07-30T00:30:00Z,7.07,N,n,N,VIIRS_SNPP_NRT,1
-8.7612,16.6347,2026-07-30T00:30:00Z,0.55,N,n,N,VIIRS_SNPP_NRT,1
-8.3687,27.149,2026-07-30T00:30:00Z,1.51,N,n,N,VIIRS_SNPP_NRT,1
-4.8643,12.0172,2026-07-30T00:30:00Z,0.77,N,n,N,VIIRS_SNPP_NRT,1
-8.9514,18.9923,2026-07-30T00:30:00Z,3.36,N,n,N,VIIRS_SNPP_NRT,1
-8.9507,18.9876,2026-07-30T00:30:00Z,3.36,N,n,N,VIIRS_SNPP_NRT,1
-8.95,18.983,2026-07-30T00:30:00Z,1.74,N,n,N,VIIRS_SNPP_NRT,1
-8.9476,16.3055,2026-07-30T00:30:00Z,4.64,N,n,N,VIIRS_SNPP_NRT,1
-8.9471,16.3019,2026-07-30T00:30:00Z,4.64,N,n,N,VIIRS_SNPP_NRT,1
-8.9316,25.5273,2026-07-30T00:30:00Z,0.53,N,n,N,VIIRS_SNPP_NRT,1
-8.9254,17.2993,2026-07-30T00:30:00Z,1.81,N,n,N,VIIRS_SNPP_NRT,1
-8.9219,17.2998,2026-07-30T00:30:00Z,14.72,N,n,N,VIIRS_SNPP_NRT,1
-8.9208,17.316,2026-07-30T00:30:00Z,1.15,N,n,N,VIIRS_SNPP_NRT,1
-8.9196,17.3082,2026-07-30T00:30:00Z,2.03,N,n,N,VIIRS_SNPP_NRT,1
-8.919,17.3043,2026-07-30T00:30:00Z,14.72,N,n,N,VIIRS_SNPP_NRT,1
-8.9184,17.3004,2026-07-30T00:30:00Z,14.72,N,n,N,VIIRS_SNPP_NRT,1
-8.9167,17.3126,2026-07-30T00:30:00Z,1.06,N,n,N,VIIRS_SNPP_NRT,1
-8.9155,17.3048,2026-07-30T00:30:00Z,1.59,N,n,N,VIIRS_SNPP_NRT,1
-8.9149,17.3009,2026-07-30T00:30:00Z,1.59,N,n,N,VIIRS_SNPP_NRT,1
-8.9552,18.9917,2026-07-30T00:30:00Z,2.5,N,n,N,VIIRS_SNPP_NRT,1
-8.962,16.5361,2026-07-30T00:30:00Z,2.0,N,n,N,VIIRS_SNPP_NRT,1
-8.7802,21.1647,2026-07-30T00:30:00Z,1.11,N,n,N,VIIRS_SNPP_NRT,1
-8.9622,16.5354,2026-07-30T00:30:00Z,1.13,N,n,N,VIIRS_SNPP_NRT,1
-9.0482,24.2481,2026-07-30T00:30:00Z,2.82,N,n,N,VIIRS_SNPP_NRT,1
-9.0478,22.0975,2026-07-30T00:30:00Z,0.68,N,n,N,VIIRS_SNPP_NRT,1
-9.0262,16.9712,2026-07-30T00:30:00Z,0.56,N,n,N,VIIRS_SNPP_NRT,1
-9.0228,16.9717,2026-07-30T00:30:00Z,0.74,N,n,N,VIIRS_SNPP_NRT,1
-9.0147,22.1813,2026-07-30T00:30:00Z,4.46,N,n,N,VIIRS_SNPP_NRT,1
-9.0052,16.3413,2026-07-30T00:30:00Z,0.35,N,n,N,VIIRS_SNPP_NRT,1
-9.0037,20.2991,2026-07-30T00:30:00Z,1.13,N,n,N,VIIRS_SNPP_NRT,1
-9.0028,17.0966,2026-07-30T00:30:00Z,1.23,N,n,N,VIIRS_SNPP_NRT,1
-8.9996,20.2996,2026-07-30T00:30:00Z,4.71,N,n,N,VIIRS_SNPP_NRT,1
-8.9798,17.9526,2026-07-30T00:30:00Z,0.77,N,n,N,VIIRS_SNPP_NRT,1
-8.9784,23.929,2026-07-30T00:30:00Z,1.49,N,n,N,VIIRS_SNPP_NRT,1
-8.9751,18.9939,2026-07-30T00:30:00Z,2.98,N,n,N,VIIRS_SNPP_NRT,1
-8.973,23.9298,2026-07-30T00:30:00Z,1.49,N,n,N,VIIRS_SNPP_NRT,1
-8.9628,16.5391,2026-07-30T00:30:00Z,2.15,N,n,N,VIIRS_SNPP_NRT,1
-8.9626,16.5398,2026-07-30T00:30:00Z,1.62,N,n,N,VIIRS_SNPP_NRT,1
-8.9096,25.801,2026-07-30T00:30:00Z,0.7,N,n,N,VIIRS_SNPP_NRT,1
-8.9013,21.8806,2026-07-30T00:30:00Z,1.79,N,n,N,VIIRS_SNPP_NRT,1
-8.8982,19.3082,2026-07-30T00:30:00Z,0.88,N,n,N,VIIRS_SNPP_NRT,1
-8.8924,21.9373,2026-07-30T00:30:00Z,1.23,N,n,N,VIIRS_SNPP_NRT,1
-8.8395,27.8735,2026-07-30T00:30:00Z,4.27,N,n,N,VIIRS_SNPP_NRT,1
-8.8321,19.1534,2026-07-30T00:30:00Z,1.36,N,n,N,VIIRS_SNPP_NRT,1
-8.8264,15.8859,2026-07-30T00:30:00Z,1.42,N,n,N,VIIRS_SNPP_NRT,1
-8.8231,15.8864,2026-07-30T00:30:00Z,1.42,N,n,N,VIIRS_SNPP_NRT,1
-8.8148,20.5745,2026-07-30T00:30:00Z,2.63,N,n,N,VIIRS_SNPP_NRT,1
-8.8132,16.7031,2026-07-30T00:30:00Z,1.12,N,n,N,VIIRS_SNPP_NRT,1
-8.8106,20.5737,2026-07-30T00:30:00Z,1.23,N,n,N,VIIRS_SNPP_NRT,1
-8.8105,20.575,2026-07-30T00:30:00Z,2.63,N,n,N,VIIRS_SNPP_NRT,1
-8.8019,15.8825,2026-07-30T00:30:00Z,3.5,N,n,N,VIIRS_SNPP_NRT,1
-8.8013,15.8789,2026-07-30T00:30:00Z,3.02,N,n,N,VIIRS_SNPP_NRT,1
-8.7996,15.8901,2026-07-30T00:30:00Z,2.36,N,n,N,VIIRS_SNPP_NRT,1
-8.7985,15.883,2026-07-30T00:30:00Z,10.02,N,n,N,VIIRS_SNPP_NRT,1
-8.798,15.8794,2026-07-30T00:30:00Z,7.75,N,n,N,VIIRS_SNPP_NRT,1
-8.7968,20.9636,2026-07-30T00:30:00Z,1.78,N,n,N,VIIRS_SNPP_NRT,1
-8.7807,21.1628,2026-07-30T00:30:00Z,1.22,N,n,N,VIIRS_SNPP_NRT,1
-8.84,27.8749,2026-07-30T00:30:00Z,2.33,N,n,N,VIIRS_SNPP_NRT,1
-8.8404,27.8805,2026-07-30T00:30:00Z,2.95,N,n,N,VIIRS_SNPP_NRT,1
-8.8408,27.8819,2026-07-30T00:30:00Z,2.33,N,n,N,VIIRS_SNPP_NRT,1
-8.8577,24.5865,2026-07-30T00:30:00Z,2.41,N,n,N,VIIRS_SNPP_NRT,1
-8.8899,21.9359,2026-07-30T00:30:00Z,0.43,N,n,N,VIIRS_SNPP_NRT,1
-8.8828,16.1152,2026-07-30T00:30:00Z,1.48,N,n,N,VIIRS_SNPP_NRT,1
-8.8822,21.8443,2026-07-30T00:30:00Z,0.72,N,n,N,VIIRS_SNPP_NRT,1
-8.8794,21.8466,2026-07-30T00:30:00Z,0.3,N,n,N,VIIRS_SNPP_NRT,1
-8.86,21.5457,2026-07-30T00:30:00Z,1.15,N,n,N,VIIRS_SNPP_NRT,1
-8.8582,21.3358,2026-07-30T00:30:00Z,2.84,N,n,N,VIIRS_SNPP_NRT,1
-8.8576,21.3315,2026-07-30T00:30:00Z,2.84,N,n,N,VIIRS_SNPP_NRT,1
-8.8463,27.8726,2026-07-30T00:30:00Z,4.09,N,n,N,VIIRS_SNPP_NRT,1
-8.8529,20.661,2026-07-30T00:30:00Z,0.55,N,n,N,VIIRS_SNPP_NRT,1
-8.8521,24.5872,2026-07-30T00:30:00Z,1.16,N,n,N,VIIRS_SNPP_NRT,1
-8.8517,25.9359,2026-07-30T00:30:00Z,0.68,N,n,N,VIIRS_SNPP_NRT,1
-8.8476,27.8807,2026-07-30T00:30:00Z,2.33,N,n,N,VIIRS_SNPP_NRT,1
-8.8472,27.8793,2026-07-30T00:30:00Z,2.72,N,n,N,VIIRS_SNPP_NRT,1
-8.8468,27.8739,2026-07-30T00:30:00Z,2.33,N,n,N,VIIRS_SNPP_NRT,1
-8.3696,27.1559,2026-07-30T00:30:00Z,1.51,N,n,N,VIIRS_SNPP_NRT,1
-8.9589,17.1118,2026-07-30T00:30:00Z,0.61,N,n,N,VIIRS_SNPP_NRT,1
-8.3344,17.4168,2026-07-30T00:30:00Z,0.74,N,n,N,VIIRS_SNPP_NRT,1
-6.5534,13.2449,2026-07-30T00:30:00Z,0.98,N,n,N,VIIRS_SNPP_NRT,1
-6.5343,24.6715,2026-07-30T00:30:00Z,0.39,N,n,N,VIIRS_SNPP_NRT,1
-6.5132,18.8961,2026-07-30T00:30:00Z,1.39,N,n,N,VIIRS_SNPP_NRT,1
-6.5118,18.8983,2026-07-30T00:30:00Z,3.14,N,n,N,VIIRS_SNPP_NRT,1
-6.5095,18.8967,2026-07-30T00:30:00Z,1.44,N,n,N,VIIRS_SNPP_NRT,1
-6.4649,14.2095,2026-07-30T00:30:00Z,1.81,N,n,N,VIIRS_SNPP_NRT,1
-6.4616,14.2101,2026-07-30T00:30:00Z,3.47,N,n,N,VIIRS_SNPP_NRT,1
-6.4029,26.0249,2026-07-30T00:30:00Z,0.89,N,n,N,VIIRS_SNPP_NRT,1
-6.3992,25.0682,2026-07-30T00:30:00Z,2.67,N,n,N,VIIRS_SNPP_NRT,1
-6.3986,25.0645,2026-07-30T00:30:00Z,2.67,N,n,N,VIIRS_SNPP_NRT,1
-6.3981,25.0608,2026-07-30T00:30:00Z,3.17,N,n,N,VIIRS_SNPP_NRT,1
-6.3931,25.0654,2026-07-30T00:30:00Z,2.67,N,n,N,VIIRS_SNPP_NRT,1
-6.3498,11.151,2026-07-30T00:30:00Z,3.41,N,n,N,VIIRS_SNPP_NRT,1
-6.2131,12.3954,2026-07-30T00:30:00Z,0.25,N,n,N,VIIRS_SNPP_NRT,1
-6.1622,11.2678,2026-07-30T00:30:00Z,1.02,N,n,N,VIIRS_SNPP_NRT,1
-6.161,11.2701,2026-07-30T00:30:00Z,1.75,N,n,N,VIIRS_SNPP_NRT,1
-6.5348,24.675,2026-07-30T00:30:00Z,0.39,N,n,N,VIIRS_SNPP_NRT,1
-6.6084,16.3046,2026-07-30T00:30:00Z,0.77,N,n,N,VIIRS_SNPP_NRT,1
-6.0733,11.3573,2026-07-30T00:30:00Z,2.4,N,n,N,VIIRS_SNPP_NRT,1
-6.6393,26.025,2026-07-30T00:30:00Z,0.72,N,n,N,VIIRS_SNPP_NRT,1
-7.2264,26.042,2026-07-30T00:30:00Z,1.3,N,n,N,VIIRS_SNPP_NRT,1
-7.2234,26.045,2026-07-30T00:30:00Z,1.07,N,n,N,VIIRS_SNPP_NRT,1
-7.2076,17.0138,2026-07-30T00:30:00Z,0.3,N,n,N,VIIRS_SNPP_NRT,1
-7.1265,19.505,2026-07-30T00:30:00Z,1.34,N,n,N,VIIRS_SNPP_NRT,1
-7.0422,15.9666,2026-07-30T00:30:00Z,1.33,N,n,N,VIIRS_SNPP_NRT,1
-7.0082,16.6954,2026-07-30T00:30:00Z,0.21,N,n,N,VIIRS_SNPP_NRT,1
-6.9806,16.7183,2026-07-30T00:30:00Z,6.45,N,n,N,VIIRS_SNPP_NRT,1
-6.98,16.7147,2026-07-30T00:30:00Z,6.45,N,n,N,VIIRS_SNPP_NRT,1
-6.9766,16.7152,2026-07-30T00:30:00Z,6.45,N,n,N,VIIRS_SNPP_NRT,1
-6.976,16.7116,2026-07-30T00:30:00Z,4.7,N,n,N,VIIRS_SNPP_NRT,1
-6.9755,16.708,2026-07-30T00:30:00Z,4.7,N,n,N,VIIRS_SNPP_NRT,1
-6.8588,12.3931,2026-07-30T00:30:00Z,5.39,N,n,N,VIIRS_SNPP_NRT,1
-6.8581,12.389,2026-07-30T00:30:00Z,5.39,N,n,N,VIIRS_SNPP_NRT,1
-6.8552,12.3937,2026-07-30T00:30:00Z,5.39,N,n,N,VIIRS_SNPP_NRT,1
-6.7031,16.5915,2026-07-30T00:30:00Z,0.53,N,n,N,VIIRS_SNPP_NRT,1
-6.1584,11.2684,2026-07-30T00:30:00Z,1.02,N,n,N,VIIRS_SNPP_NRT,1
-6.0704,11.3553,2026-07-30T00:30:00Z,4.2,N,n,N,VIIRS_SNPP_NRT,1
-7.2634,13.0115,2026-07-30T00:30:00Z,0.49,N,n,N,VIIRS_SNPP_NRT,1
-5.5831,29.2923,2026-07-30T00:30:00Z,2.15,N,n,N,VIIRS_SNPP_NRT,1
-5.5761,29.2945,2026-07-30T00:30:00Z,2.15,N,n,N,VIIRS_SNPP_NRT,1
-5.3359,18.63,2026-07-30T00:30:00Z,3.64,N,n,N,VIIRS_SNPP_NRT,1
-5.3111,26.2254,2026-07-30T00:30:00Z,1.15,N,n,N,VIIRS_SNPP_NRT,1
-5.3105,26.2212,2026-07-30T00:30:00Z,1.15,N,n,N,VIIRS_SNPP_NRT,1
-5.261,15.6146,2026-07-30T00:30:00Z,0.84,N,n,N,VIIRS_SNPP_NRT,1
-5.2418,18.795,2026-07-30T00:30:00Z,1.08,N,n,N,VIIRS_SNPP_NRT,1
-5.2328,26.7612,2026-07-30T00:30:00Z,0.71,N,n,N,VIIRS_SNPP_NRT,1
-5.1672,16.3931,2026-07-30T00:30:00Z,0.42,N,n,N,VIIRS_SNPP_NRT,1
-5.1402,17.4762,2026-07-30T00:30:00Z,1.5,N,n,N,VIIRS_SNPP_NRT,1
-5.1015,19.0459,2026-07-30T00:30:00Z,0.76,N,n,N,VIIRS_SNPP_NRT,1
-5.0279,20.7015,2026-07-30T00:30:00Z,1.95,N,n,N,VIIRS_SNPP_NRT,1
-5.0153,20.6999,2026-07-30T00:30:00Z,0.98,N,n,N,VIIRS_SNPP_NRT,1
-4.9547,20.6807,2026-07-30T00:30:00Z,1.16,N,n,N,VIIRS_SNPP_NRT,1
-4.8952,18.5515,2026-07-30T00:30:00Z,0.42,N,n,N,VIIRS_SNPP_NRT,1
-4.8681,12.0166,2026-07-30T00:30:00Z,1.1,N,n,N,VIIRS_SNPP_NRT,1
-5.5796,29.2924,2026-07-30T00:30:00Z,4.79,N,n,N,VIIRS_SNPP_NRT,1
-5.6116,16.2912,2026-07-30T00:30:00Z,1.37,N,n,N,VIIRS_SNPP_NRT,1
-6.0695,11.3579,2026-07-30T00:30:00Z,1.7,N,n,N,VIIRS_SNPP_NRT,1
-5.6333,13.2451,2026-07-30T00:30:00Z,0.48,N,n,N,VIIRS_SNPP_NRT,1
-6.0602,26.1772,2026-07-30T00:30:00Z,1.95,N,n,N,VIIRS_SNPP_NRT,1
-6.0572,26.1803,2026-07-30T00:30:00Z,0.93,N,n,N,VIIRS_SNPP_NRT,1
-6.0566,26.1759,2026-07-30T00:30:00Z,1.81,N,n,N,VIIRS_SNPP_NRT,1
-6.0173,18.1414,2026-07-30T00:30:00Z,0.68,N,n,N,VIIRS_SNPP_NRT,1
-5.9644,12.9732,2026-07-30T00:30:00Z,8.3,N,n,N,VIIRS_SNPP_NRT,1
-5.9637,12.9693,2026-07-30T00:30:00Z,8.3,N,n,N,VIIRS_SNPP_NRT,1
-8.2612,22.6385,2026-07-30T00:30:00Z,2.4,N,n,N,VIIRS_SNPP_NRT,1
-5.9609,12.9738,2026-07-30T00:30:00Z,8.3,N,n,N,VIIRS_SNPP_NRT,1
-5.9602,12.9699,2026-07-30T00:30:00Z,8.3,N,n,N,VIIRS_SNPP_NRT,1
-5.9433,13.27,2026-07-30T00:30:00Z,1.09,N,n,N,VIIRS_SNPP_NRT,1
-5.9371,14.1655,2026-07-30T00:30:00Z,0.71,N,n,N,VIIRS_SNPP_NRT,1
-5.8611,17.0636,2026-07-30T00:30:00Z,1.01,N,n,N,VIIRS_SNPP_NRT,1
-5.7795,12.6176,2026-07-30T00:30:00Z,0.75,N,n,N,VIIRS_SNPP_NRT,1
-5.7387,13.9111,2026-07-30T00:30:00Z,3.04,N,n,N,VIIRS_SNPP_NRT,1
-5.6427,26.842,2026-07-30T00:30:00Z,0.53,N,n,N,VIIRS_SNPP_NRT,1
-7.2599,13.0121,2026-07-30T00:30:00Z,0.49,N,n,N,VIIRS_SNPP_NRT,1
-6.3936,25.0691,2026-07-30T00:30:00Z,2.67,N,n,N,VIIRS_SNPP_NRT,1
-7.2806,19.7619,2026-07-30T00:30:00Z,3.72,N,n,N,VIIRS_SNPP_NRT,1
-8.223,16.3799,2026-07-30T00:30:00Z,0.76,N,n,N,VIIRS_SNPP_NRT,1
-8.2249,19.2325,2026-07-30T00:30:00Z,3.39,N,n,N,VIIRS_SNPP_NRT,1
-8.2268,22.771,2026-07-30T00:30:00Z,1.25,N,n,N,VIIRS_SNPP_NRT,1
-8.2288,19.232,2026-07-30T00:30:00Z,0.47,N,n,N,VIIRS_SNPP_NRT,1
-8.2345,17.3244,2026-07-30T00:30:00Z,0.74,N,n,N,VIIRS_SNPP_NRT,1
-8.2417,21.4631,2026-07-30T00:30:00Z,0.65,N,n,N,VIIRS_SNPP_NRT,1
-8.2439,16.9454,2026-07-30T00:30:00Z,0.57,N,n,N,VIIRS_SNPP_NRT,1
-7.281,19.7592,2026-07-30T00:30:00Z,0.54,N,n,N,VIIRS_SNPP_NRT,1
-8.1908,26.2075,2026-07-30T00:30:00Z,0.79,N,n,N,VIIRS_SNPP_NRT,1
-7.8614,16.41,2026-07-30T00:30:00Z,0.39,N,n,N,VIIRS_SNPP_NRT,1
-7.8076,16.4697,2026-07-30T00:30:00Z,0.43,N,n,N,VIIRS_SNPP_NRT,1
-7.7947,18.4906,2026-07-30T00:30:00Z,0.47,N,n,N,VIIRS_SNPP_NRT,1
-7.7941,18.4864,2026-07-30T00:30:00Z,0.47,N,n,N,VIIRS_SNPP_NRT,1
-7.763,22.2682,2026-07-30T00:30:00Z,1.81,N,n,N,VIIRS_SNPP_NRT,1
-7.7608,22.27,2026-07-30T00:30:00Z,1.5,N,n,N,VIIRS_SNPP_NRT,1
-7.736,16.2966,2026-07-30T00:30:00Z,0.86,N,n,N,VIIRS_SNPP_NRT,1
-8.2242,19.2277,2026-07-30T00:30:00Z,6.16,N,n,N,VIIRS_SNPP_NRT,1
-8.2204,19.2283,2026-07-30T00:30:00Z,6.16,N,n,N,VIIRS_SNPP_NRT,1
-7.7315,16.7914,2026-07-30T00:30:00Z,1.04,N,n,N,VIIRS_SNPP_NRT,1
-8.2196,19.2235,2026-07-30T00:30:00Z,6.16,N,n,N,VIIRS_SNPP_NRT,1
-8.104,21.7113,2026-07-30T00:30:00Z,1.18,N,n,N,VIIRS_SNPP_NRT,1
-8.1004,21.7087,2026-07-30T00:30:00Z,2.01,N,n,N,VIIRS_SNPP_NRT,1
-8.0988,21.7074,2026-07-30T00:30:00Z,1.29,N,n,N,VIIRS_SNPP_NRT,1
-8.1914,26.2122,2026-07-30T00:30:00Z,0.79,N,n,N,VIIRS_SNPP_NRT,1
-8.097,20.2853,2026-07-30T00:30:00Z,0.43,N,n,N,VIIRS_SNPP_NRT,1
-8.0929,21.6987,2026-07-30T00:30:00Z,1.74,N,n,N,VIIRS_SNPP_NRT,1
-8.0614,25.9025,2026-07-30T00:30:00Z,0.87,N,n,N,VIIRS_SNPP_NRT,1
-8.0608,25.898,2026-07-30T00:30:00Z,0.87,N,n,N,VIIRS_SNPP_NRT,1
-8.0594,21.6899,2026-07-30T00:30:00Z,2.69,N,n,N,VIIRS_SNPP_NRT,1
-8.0576,25.9014,2026-07-30T00:30:00Z,2.31,N,n,N,VIIRS_SNPP_NRT,1
-8.0554,25.9032,2026-07-30T00:30:00Z,0.87,N,n,N,VIIRS_SNPP_NRT,1
-8.0252,20.3107,2026-07-30T00:30:00Z,9.5,N,n,N,VIIRS_SNPP_NRT,1
-7.9837,16.7073,2026-07-30T00:30:00Z,0.26,N,n,N,VIIRS_SNPP_NRT,1
-8.2034,21.0417,2026-07-30T00:30:00Z,0.81,N,n,N,VIIRS_SNPP_NRT,1
-7.9763,16.7047,2026-07-30T00:30:00Z,0.38,N,n,N,VIIRS_SNPP_NRT,1
-7.7344,16.2972,2026-07-30T00:30:00Z,1.12,N,n,N,VIIRS_SNPP_NRT,1
-8.1901,26.2087,2026-07-30T00:30:00Z,0.82,N,n,N,VIIRS_SNPP_NRT,1
-7.73,16.2573,2026-07-30T00:30:00Z,0.85,N,n,N,VIIRS_SNPP_NRT,1
-7.6408,16.3377,2026-07-30T00:30:00Z,0.78,N,n,N,VIIRS_SNPP_NRT,1
-7.5507,16.8862,2026-07-30T00:30:00Z,1.1,N,n,N,VIIRS_SNPP_NRT,1
-7.5513,16.89,2026-07-30T00:30:00Z,1.03,N,n,N,VIIRS_SNPP_NRT,1
-7.5553,16.8932,2026-07-30T00:30:00Z,1.03,N,n,N,VIIRS_SNPP_NRT,1
-7.57,23.833,2026-07-30T00:30:00Z,1.92,N,n,N,VIIRS_SNPP_NRT,1
-7.5808,16.8778,2026-07-30T00:30:00Z,1.77,N,n,N,VIIRS_SNPP_NRT,1
-7.6205,16.5024,2026-07-30T00:30:00Z,1.05,N,n,N,VIIRS_SNPP_NRT,1
-7.643,22.9002,2026-07-30T00:30:00Z,4.78,N,n,N,VIIRS_SNPP_NRT,1
-7.6478,22.8995,2026-07-30T00:30:00Z,4.78,N,n,N,VIIRS_SNPP_NRT,1
-7.6437,22.9055,2026-07-30T00:30:00Z,3.86,N,n,N,VIIRS_SNPP_NRT,1
-7.6442,16.3372,2026-07-30T00:30:00Z,0.78,N,n,N,VIIRS_SNPP_NRT,1
-7.6455,22.8988,2026-07-30T00:30:00Z,7.14,N,n,N,VIIRS_SNPP_NRT,1
-7.7282,16.258,2026-07-30T00:30:00Z,1.04,N,n,N,VIIRS_SNPP_NRT,1
-7.6481,16.3403,2026-07-30T00:30:00Z,0.89,N,n,N,VIIRS_SNPP_NRT,1
-7.6463,22.9041,2026-07-30T00:30:00Z,7.14,N,n,N,VIIRS_SNPP_NRT,1
-7.5502,17.3537,2026-07-30T00:30:00Z,5.11,N,n,N,VIIRS_SNPP_NRT,1
-7.5467,17.3542,2026-07-30T00:30:00Z,4.97,N,n,N,VIIRS_SNPP_NRT,1
-7.5135,16.3132,2026-07-30T00:30:00Z,0.36,N,n,N,VIIRS_SNPP_NRT,1
-7.4928,16.3128,2026-07-30T00:30:00Z,0.55,N,n,N,VIIRS_SNPP_NRT,1
-7.4475,19.0044,2026-07-30T00:30:00Z,0.74,N,n,N,VIIRS_SNPP_NRT,1
-7.3958,13.1386,2026-07-30T00:30:00Z,0.41,N,n,N,VIIRS_SNPP_NRT,1
-7.3952,13.1348,2026-07-30T00:30:00Z,0.88,N,n,N,VIIRS_SNPP_NRT,1
-7.6486,22.9048,2026-07-30T00:30:00Z,3.86,N,n,N,VIIRS_SNPP_NRT,1
-7.3835,16.7501,2026-07-30T00:30:00Z,0.63,N,n,N,VIIRS_SNPP_NRT,1
-7.2857,19.7636,2026-07-30T00:30:00Z,9.91,N,n,N,VIIRS_SNPP_NRT,1
-7.6509,16.3361,2026-07-30T00:30:00Z,0.69,N,n,N,VIIRS_SNPP_NRT,1
-7.2852,19.7662,2026-07-30T00:30:00Z,4.48,N,n,N,VIIRS_SNPP_NRT,1
-7.2845,19.7613,2026-07-30T00:30:00Z,3.72,N,n,N,VIIRS_SNPP_NRT,1
-7.6634,16.239,2026-07-30T00:30:00Z,0.71,N,n,N,VIIRS_SNPP_NRT,1
-7.6764,16.7056,2026-07-30T00:30:00Z,0.7,N,n,N,VIIRS_SNPP_NRT,1
-7.6816,16.7161,2026-07-30T00:30:00Z,0.53,N,n,N,VIIRS_SNPP_NRT,1
-7.7156,16.8242,2026-07-30T00:30:00Z,0.55,N,n,N,VIIRS_SNPP_NRT,1
-7.647,16.3331,2026-07-30T00:30:00Z,0.69,N,n,N,VIIRS_SNPP_NRT,1
-2.1871,14.1798,2026-07-30T00:28:00Z,1.03,N,n,N,VIIRS_SNPP_NRT,1
-2.1865,14.176,2026-07-30T00:28:00Z,1.03,N,n,N,VIIRS_SNPP_NRT,1
-2.1919,14.2101,2026-07-30T00:28:00Z,1.01,N,n,N,VIIRS_SNPP_NRT,1
-2.1982,14.2053,2026-07-30T00:28:00Z,4.05,N,n,N,VIIRS_SNPP_NRT,1
-2.1988,14.2091,2026-07-30T00:28:00Z,4.05,N,n,N,VIIRS_SNPP_NRT,1
-2.1971,14.221,2026-07-30T00:28:00Z,2.3,N,n,N,VIIRS_SNPP_NRT,1
-2.1965,14.2172,2026-07-30T00:28:00Z,2.26,N,n,N,VIIRS_SNPP_NRT,1
-2.1954,14.2096,2026-07-30T00:28:00Z,4.05,N,n,N,VIIRS_SNPP_NRT,1
-2.1948,14.2058,2026-07-30T00:28:00Z,4.05,N,n,N,VIIRS_SNPP_NRT,1
-2.1943,14.2253,2026-07-30T00:28:00Z,3.16,N,n,N,VIIRS_SNPP_NRT,1
-2.1937,14.2215,2026-07-30T00:28:00Z,3.16,N,n,N,VIIRS_SNPP_NRT,1
-2.1931,14.2177,2026-07-30T00:28:00Z,6.28,N,n,N,VIIRS_SNPP_NRT,1
-2.1925,14.2139,2026-07-30T00:28:00Z,6.28,N,n,N,VIIRS_SNPP_NRT,1
-2.1913,14.2063,2026-07-30T00:28:00Z,1.01,N,n,N,VIIRS_SNPP_NRT,1
-2.1868,14.2226,2026-07-30T00:28:00Z,1.21,N,n,N,VIIRS_SNPP_NRT,1
-2.1908,14.2258,2026-07-30T00:28:00Z,3.16,N,n,N,VIIRS_SNPP_NRT,1
-2.1906,14.1793,2026-07-30T00:28:00Z,0.86,N,n,N,VIIRS_SNPP_NRT,1
-2.1902,14.222,2026-07-30T00:28:00Z,3.16,N,n,N,VIIRS_SNPP_NRT,1
-2.19,14.1756,2026-07-30T00:28:00Z,0.86,N,n,N,VIIRS_SNPP_NRT,1
-2.1896,14.2182,2026-07-30T00:28:00Z,6.28,N,n,N,VIIRS_SNPP_NRT,1
-2.189,14.2144,2026-07-30T00:28:00Z,6.28,N,n,N,VIIRS_SNPP_NRT,1
-2.1884,14.2106,2026-07-30T00:28:00Z,1.01,N,n,N,VIIRS_SNPP_NRT,1
-2.188,14.2302,2026-07-30T00:28:00Z,1.19,N,n,N,VIIRS_SNPP_NRT,1
-2.1878,14.2068,2026-07-30T00:28:00Z,1.01,N,n,N,VIIRS_SNPP_NRT,1
-2.1874,14.2264,2026-07-30T00:28:00Z,1.21,N,n,N,VIIRS_SNPP_NRT,1
-2.196,14.2134,2026-07-30T00:28:00Z,2.26,N,n,N,VIIRS_SNPP_NRT,1
-2.1812,14.1652,2026-07-30T00:28:00Z,0.52,N,n,N,VIIRS_SNPP_NRT,1
-2.0375,14.2532,2026-07-30T00:28:00Z,0.87,N,n,N,VIIRS_SNPP_NRT,1
-2.1746,14.2128,2026-07-30T00:28:00Z,1.34,N,n,N,VIIRS_SNPP_NRT,1
-2.178,14.2123,2026-07-30T00:28:00Z,1.34,N,n,N,VIIRS_SNPP_NRT,1
-2.1779,14.1888,2026-07-30T00:28:00Z,5.49,N,n,N,VIIRS_SNPP_NRT,1
-2.1774,14.2085,2026-07-30T00:28:00Z,1.34,N,n,N,VIIRS_SNPP_NRT,1
-2.1773,14.185,2026-07-30T00:28:00Z,5.49,N,n,N,VIIRS_SNPP_NRT,1
-2.1767,14.1812,2026-07-30T00:28:00Z,2.89,N,n,N,VIIRS_SNPP_NRT,1
-2.1758,14.2204,2026-07-30T00:28:00Z,1.33,N,n,N,VIIRS_SNPP_NRT,1
-2.1752,14.2166,2026-07-30T00:28:00Z,1.33,N,n,N,VIIRS_SNPP_NRT,1
-2.1744,14.1894,2026-07-30T00:28:00Z,0.72,N,n,N,VIIRS_SNPP_NRT,1
-2.1787,14.2161,2026-07-30T00:28:00Z,1.33,N,n,N,VIIRS_SNPP_NRT,1
-2.174,14.209,2026-07-30T00:28:00Z,1.34,N,n,N,VIIRS_SNPP_NRT,1
-2.1738,14.1856,2026-07-30T00:28:00Z,0.72,N,n,N,VIIRS_SNPP_NRT,1
-2.1728,14.2014,2026-07-30T00:28:00Z,1.63,N,n,N,VIIRS_SNPP_NRT,1
-2.1168,14.2065,2026-07-30T00:28:00Z,0.99,N,n,N,VIIRS_SNPP_NRT,1
-2.053,17.0519,2026-07-30T00:28:00Z,2.1,N,n,N,VIIRS_SNPP_NRT,1
-2.1995,14.178,2026-07-30T00:28:00Z,1.21,N,n,N,VIIRS_SNPP_NRT,1
-2.0409,14.2526,2026-07-30T00:28:00Z,0.87,N,n,N,VIIRS_SNPP_NRT,1
-2.1785,14.1926,2026-07-30T00:28:00Z,0.74,N,n,N,VIIRS_SNPP_NRT,1
-2.1793,14.2199,2026-07-30T00:28:00Z,1.33,N,n,N,VIIRS_SNPP_NRT,1
-2.1862,14.2188,2026-07-30T00:28:00Z,1.76,N,n,N,VIIRS_SNPP_NRT,1
-2.1827,14.2193,2026-07-30T00:28:00Z,1.76,N,n,N,VIIRS_SNPP_NRT,1
-2.1856,14.215,2026-07-30T00:28:00Z,1.76,N,n,N,VIIRS_SNPP_NRT,1
-2.185,14.2112,2026-07-30T00:28:00Z,1.46,N,n,N,VIIRS_SNPP_NRT,1
-2.1848,14.1879,2026-07-30T00:28:00Z,0.65,N,n,N,VIIRS_SNPP_NRT,1
-2.1842,14.1841,2026-07-30T00:28:00Z,0.65,N,n,N,VIIRS_SNPP_NRT,1
-2.1839,14.2269,2026-07-30T00:28:00Z,1.21,N,n,N,VIIRS_SNPP_NRT,1
-2.1836,14.1802,2026-07-30T00:28:00Z,1.03,N,n,N,VIIRS_SNPP_NRT,1
-2.1833,14.2231,2026-07-30T00:28:00Z,1.21,N,n,N,VIIRS_SNPP_NRT,1
-2.1821,14.2155,2026-07-30T00:28:00Z,1.76,N,n,N,VIIRS_SNPP_NRT,1
-2.1799,14.2236,2026-07-30T00:28:00Z,1.02,N,n,N,VIIRS_SNPP_NRT,1
-2.182,14.1922,2026-07-30T00:28:00Z,0.74,N,n,N,VIIRS_SNPP_NRT,1
-2.1815,14.2117,2026-07-30T00:28:00Z,1.46,N,n,N,VIIRS_SNPP_NRT,1
-2.1814,14.1884,2026-07-30T00:28:00Z,5.49,N,n,N,VIIRS_SNPP_NRT,1
-2.1809,14.2079,2026-07-30T00:28:00Z,1.46,N,n,N,VIIRS_SNPP_NRT,1
-2.1808,14.1845,2026-07-30T00:28:00Z,5.49,N,n,N,VIIRS_SNPP_NRT,1
-2.1806,14.1613,2026-07-30T00:28:00Z,0.52,N,n,N,VIIRS_SNPP_NRT,1
-2.1801,14.1807,2026-07-30T00:28:00Z,2.89,N,n,N,VIIRS_SNPP_NRT,1
-2.1994,14.2129,2026-07-30T00:28:00Z,2.26,N,n,N,VIIRS_SNPP_NRT,1
-2.9871,18.3336,2026-07-30T00:28:00Z,3.41,N,n,N,VIIRS_SNPP_NRT,1
-2.2,14.2166,2026-07-30T00:28:00Z,2.26,N,n,N,VIIRS_SNPP_NRT,1
-2.899,15.5777,2026-07-30T00:28:00Z,2.89,N,n,N,VIIRS_SNPP_NRT,1
-3.2123,17.8957,2026-07-30T00:28:00Z,1.14,N,n,N,VIIRS_SNPP_NRT,1
-3.187,16.8635,2026-07-30T00:28:00Z,1.67,N,n,N,VIIRS_SNPP_NRT,1
-3.1864,16.86,2026-07-30T00:28:00Z,1.67,N,n,N,VIIRS_SNPP_NRT,1
-2.0186,14.2677,2026-07-30T00:28:00Z,1.28,N,n,N,VIIRS_SNPP_NRT,1
-2.9612,17.6551,2026-07-30T00:28:00Z,1.4,N,n,N,VIIRS_SNPP_NRT,1
-2.8996,15.5811,2026-07-30T00:28:00Z,4.65,N,n,N,VIIRS_SNPP_NRT,1
-2.8963,15.5816,2026-07-30T00:28:00Z,4.15,N,n,N,VIIRS_SNPP_NRT,1
-2.2004,14.174,2026-07-30T00:28:00Z,1.13,N,n,N,VIIRS_SNPP_NRT,1
-2.8957,15.5782,2026-07-30T00:28:00Z,2.12,N,n,N,VIIRS_SNPP_NRT,1
-2.791,15.645,2026-07-30T00:28:00Z,0.88,N,n,N,VIIRS_SNPP_NRT,1
-2.7819,17.5322,2026-07-30T00:28:00Z,1.16,N,n,N,VIIRS_SNPP_NRT,1
-2.7813,17.5286,2026-07-30T00:28:00Z,1.16,N,n,N,VIIRS_SNPP_NRT,1
-2.7785,17.5327,2026-07-30T00:28:00Z,1.88,N,n,N,VIIRS_SNPP_NRT,1
-2.6836,17.0384,2026-07-30T00:28:00Z,4.23,N,n,N,VIIRS_SNPP_NRT,1
-3.2158,17.8952,2026-07-30T00:28:00Z,1.14,N,n,N,VIIRS_SNPP_NRT,1
-3.22,15.3816,2026-07-30T00:28:00Z,0.9,N,n,N,VIIRS_SNPP_NRT,1
-3.2205,15.3851,2026-07-30T00:28:00Z,0.9,N,n,N,VIIRS_SNPP_NRT,1
-3.2239,15.3846,2026-07-30T00:28:00Z,0.9,N,n,N,VIIRS_SNPP_NRT,1
-3.2297,15.6999,2026-07-30T00:28:00Z,0.49,N,n,N,VIIRS_SNPP_NRT,1
-3.2303,15.7034,2026-07-30T00:28:00Z,0.49,N,n,N,VIIRS_SNPP_NRT,1
-3.4213,19.3614,2026-07-30T00:28:00Z,0.88,N,n,N,VIIRS_SNPP_NRT,1
-3.4575,17.9457,2026-07-30T00:28:00Z,1.14,N,n,N,VIIRS_SNPP_NRT,1
-3.4581,17.9494,2026-07-30T00:28:00Z,1.14,N,n,N,VIIRS_SNPP_NRT,1
-3.4609,17.9452,2026-07-30T00:28:00Z,2.04,N,n,N,VIIRS_SNPP_NRT,1
-3.4615,17.9489,2026-07-30T00:28:00Z,2.04,N,n,N,VIIRS_SNPP_NRT,1
-3.4842,25.0846,2026-07-30T00:28:00Z,1.41,N,n,N,VIIRS_SNPP_NRT,1
-3.4847,25.0879,2026-07-30T00:28:00Z,1.41,N,n,N,VIIRS_SNPP_NRT,1
-3.4895,25.0838,2026-07-30T00:28:00Z,1.41,N,n,N,VIIRS_SNPP_NRT,1
-3.49,25.0871,2026-07-30T00:28:00Z,1.41,N,n,N,VIIRS_SNPP_NRT,1
-3.5015,17.3561,2026-07-30T00:28:00Z,0.64,N,n,N,VIIRS_SNPP_NRT,1
-3.536,17.8429,2026-07-30T00:28:00Z,0.82,N,n,N,VIIRS_SNPP_NRT,1
-2.6808,17.0424,2026-07-30T00:28:00Z,5.29,N,n,N,VIIRS_SNPP_NRT,1
-2.6802,17.039,2026-07-30T00:28:00Z,5.29,N,n,N,VIIRS_SNPP_NRT,1
-2.6292,17.8282,2026-07-30T00:28:00Z,1.19,N,n,N,VIIRS_SNPP_NRT,1
-2.2051,14.2042,2026-07-30T00:28:00Z,3.66,N,n,N,VIIRS_SNPP_NRT,1
-2.201,14.1778,2026-07-30T00:28:00Z,1.13,N,n,N,VIIRS_SNPP_NRT,1
-2.2011,14.201,2026-07-30T00:28:00Z,1.28,N,n,N,VIIRS_SNPP_NRT,1
-2.2017,14.2048,2026-07-30T00:28:00Z,3.66,N,n,N,VIIRS_SNPP_NRT,1
-2.2023,14.2086,2026-07-30T00:28:00Z,3.66,N,n,N,VIIRS_SNPP_NRT,1
-2.2023,14.1736,2026-07-30T00:28:00Z,1.21,N,n,N,VIIRS_SNPP_NRT,1
-2.2026,14.1968,2026-07-30T00:28:00Z,0.98,N,n,N,VIIRS_SNPP_NRT,1
-2.2029,14.2123,2026-07-30T00:28:00Z,0.86,N,n,N,VIIRS_SNPP_NRT,1
-2.203,14.1774,2026-07-30T00:28:00Z,1.21,N,n,N,VIIRS_SNPP_NRT,1
-2.2032,14.2006,2026-07-30T00:28:00Z,0.98,N,n,N,VIIRS_SNPP_NRT,1
-2.2038,14.2044,2026-07-30T00:28:00Z,1.47,N,n,N,VIIRS_SNPP_NRT,1
-2.2039,14.1967,2026-07-30T00:28:00Z,1.28,N,n,N,VIIRS_SNPP_NRT,1
-2.2044,14.2082,2026-07-30T00:28:00Z,1.47,N,n,N,VIIRS_SNPP_NRT,1
-2.2045,14.2005,2026-07-30T00:28:00Z,1.28,N,n,N,VIIRS_SNPP_NRT,1
-2.205,14.2119,2026-07-30T00:28:00Z,1.06,N,n,N,VIIRS_SNPP_NRT,1
-2.2057,14.208,2026-07-30T00:28:00Z,3.66,N,n,N,VIIRS_SNPP_NRT,1
-2.6258,17.8287,2026-07-30T00:28:00Z,1.19,N,n,N,VIIRS_SNPP_NRT,1
-2.206,14.1963,2026-07-30T00:28:00Z,0.98,N,n,N,VIIRS_SNPP_NRT,1
-2.2063,14.2118,2026-07-30T00:28:00Z,0.86,N,n,N,VIIRS_SNPP_NRT,1
-2.2265,14.1696,2026-07-30T00:28:00Z,1.01,N,n,N,VIIRS_SNPP_NRT,1
-2.2284,14.1152,2026-07-30T00:28:00Z,0.74,N,n,N,VIIRS_SNPP_NRT,1
-2.2408,14.1479,2026-07-30T00:28:00Z,1.11,N,n,N,VIIRS_SNPP_NRT,1
-2.2522,14.1302,2026-07-30T00:28:00Z,0.59,N,n,N,VIIRS_SNPP_NRT,1
-2.2664,14.1747,2026-07-30T00:28:00Z,0.59,N,n,N,VIIRS_SNPP_NRT,1
-2.3719,17.1017,2026-07-30T00:28:00Z,0.66,N,n,N,VIIRS_SNPP_NRT,1
-2.594,16.4494,2026-07-30T00:28:00Z,0.81,N,n,N,VIIRS_SNPP_NRT,1
-2.6145,16.6866,2026-07-30T00:28:00Z,3.34,N,n,N,VIIRS_SNPP_NRT,1
-2.615,16.69,2026-07-30T00:28:00Z,3.34,N,n,N,VIIRS_SNPP_NRT,1
-2.6173,17.7745,2026-07-30T00:28:00Z,1.03,N,n,N,VIIRS_SNPP_NRT,1
-2.6212,17.7776,2026-07-30T00:28:00Z,1.03,N,n,N,VIIRS_SNPP_NRT,1
-2.6253,17.8251,2026-07-30T00:28:00Z,1.19,N,n,N,VIIRS_SNPP_NRT,1
-2.0277,14.2586,2026-07-30T00:28:00Z,1.68,N,n,N,VIIRS_SNPP_NRT,1
-3.5391,17.8432,2026-07-30T00:28:00Z,1.63,N,n,N,VIIRS_SNPP_NRT,1
-2.0157,14.272,2026-07-30T00:28:00Z,0.8,N,n,N,VIIRS_SNPP_NRT,1
-0.8494,14.2967,2026-07-30T00:28:00Z,0.73,N,n,N,VIIRS_SNPP_NRT,1
-1.1187,14.4934,2026-07-30T00:28:00Z,0.32,N,n,N,VIIRS_SNPP_NRT,1
-2.0129,14.2763,2026-07-30T00:28:00Z,0.8,N,n,N,VIIRS_SNPP_NRT,1
-1.1075,15.3418,2026-07-30T00:28:00Z,1.28,N,n,N,VIIRS_SNPP_NRT,1
-1.1044,14.2231,2026-07-30T00:28:00Z,1.17,N,n,N,VIIRS_SNPP_NRT,1
-1.1009,14.2236,2026-07-30T00:28:00Z,1.17,N,n,N,VIIRS_SNPP_NRT,1
-1.0944,30.5308,2026-07-30T00:28:00Z,2.68,N,n,N,VIIRS_SNPP_NRT,1
-1.0895,30.5333,2026-07-30T00:28:00Z,3.13,N,n,N,VIIRS_SNPP_NRT,1
-1.0884,30.5261,2026-07-30T00:28:00Z,3.51,N,n,N,VIIRS_SNPP_NRT,1
-1.0872,30.532,2026-07-30T00:28:00Z,2.68,N,n,N,VIIRS_SNPP_NRT,1
-0.7306,17.0602,2026-07-30T00:28:00Z,9.39,N,n,N,VIIRS_SNPP_NRT,1
-1.1256,14.4923,2026-07-30T00:28:00Z,0.35,N,n,N,VIIRS_SNPP_NRT,1
-0.711,17.0851,2026-07-30T00:28:00Z,0.5,N,n,N,VIIRS_SNPP_NRT,1
-0.7082,17.089,2026-07-30T00:28:00Z,0.5,N,n,N,VIIRS_SNPP_NRT,1
-0.7007,14.3857,2026-07-30T00:28:00Z,0.59,N,n,N,VIIRS_SNPP_NRT,1
-0.4853,17.4357,2026-07-30T00:28:00Z,2.88,N,n,N,VIIRS_SNPP_NRT,1
-0.4229,15.3498,2026-07-30T00:28:00Z,1.38,N,n,N,VIIRS_SNPP_NRT,1
-0.2864,14.6618,2026-07-30T00:28:00Z,0.61,N,n,N,VIIRS_SNPP_NRT,1
0.2686,14.8422,2026-07-30T00:28:00Z,1.47,N,n,N,VIIRS_SNPP_NRT,1
0.2714,14.8465,2026-07-30T00:28:00Z,1.47,N,n,N,VIIRS_SNPP_NRT,1
0.272,14.8428,2026-07-30T00:28:00Z,1.47,N,n,N,VIIRS_SNPP_NRT,1
-1.1221,14.4928,2026-07-30T00:28:00Z,0.35,N,n,N,VIIRS_SNPP_NRT,1
-3.5394,17.8424,2026-07-30T00:28:00Z,0.82,N,n,N,VIIRS_SNPP_NRT,1
2.8074,18.0205,2026-07-30T00:28:00Z,2.7,N,n,N,VIIRS_SNPP_NRT,1
-1.405,29.1988,2026-07-30T00:28:00Z,142.63,N,n,N,VIIRS_SNPP_NRT,1
65.771,24.1989,2026-07-30T00:28:00Z,1.26,N20,n,N,VIIRS_NOAA20_NRT,1
65.7682,24.1852,2026-07-30T00:28:00Z,2.42,N20,n,N,VIIRS_NOAA20_NRT,1
65.7678,24.1909,2026-07-30T00:28:00Z,3.77,N20,n,N,VIIRS_NOAA20_NRT,1
65.7672,24.1969,2026-07-30T00:28:00Z,3.05,N20,n,N,VIIRS_NOAA20_NRT,1
65.7644,24.1832,2026-07-30T00:28:00Z,2.42,N20,n,N,VIIRS_NOAA20_NRT,1
65.7588,24.5249,2026-07-30T00:28:00Z,0.71,N20,n,N,VIIRS_NOAA20_NRT,1
65.5644,22.213,2026-07-30T00:28:00Z,2.84,N20,n,N,VIIRS_NOAA20_NRT,1
65.5638,22.2216,2026-07-30T00:28:00Z,51.76,N20,h,N,VIIRS_NOAA20_NRT,1
65.0457,56.6699,2026-07-30T00:28:00Z,5.61,N20,n,D,VIIRS_NOAA20_NRT,1
-1.4041,29.1936,2026-07-30T00:28:00Z,45.04,N,h,N,VIIRS_SNPP_NRT,1
-1.1307,14.5911,2026-07-30T00:28:00Z,1.1,N,n,N,VIIRS_SNPP_NRT,1
-1.4034,29.1889,2026-07-30T00:28:00Z,45.04,N,h,N,VIIRS_SNPP_NRT,1
-1.4015,29.2074,2026-07-30T00:28:00Z,204.28,N,n,N,VIIRS_SNPP_NRT,1
-1.4006,29.2151,2026-07-30T00:28:00Z,1.61,N,n,N,VIIRS_SNPP_NRT,1
-1.4006,29.2015,2026-07-30T00:28:00Z,84.7,N,h,N,VIIRS_SNPP_NRT,1
-1.3998,29.1963,2026-07-30T00:28:00Z,84.7,N,n,N,VIIRS_SNPP_NRT,1
-1.3995,29.2077,2026-07-30T00:28:00Z,1.96,N,n,N,VIIRS_SNPP_NRT,1
-1.3991,29.1915,2026-07-30T00:28:00Z,30.02,N,h,N,VIIRS_SNPP_NRT,1
-1.3985,29.2018,2026-07-30T00:28:00Z,1.96,N,n,N,VIIRS_SNPP_NRT,1
-1.397,29.1918,2026-07-30T00:28:00Z,7.42,N,n,N,VIIRS_SNPP_NRT,1
2.6289,16.0633,2026-07-30T00:28:00Z,1.3,N,n,N,VIIRS_SNPP_NRT,1
4.1772,8.4027,2026-07-30T00:28:00Z,1.42,N,n,N,VIIRS_SNPP_NRT,1
65.772,24.1872,2026-07-30T00:28:00Z,0.72,N20,n,N,VIIRS_NOAA20_NRT,1
-1.6678,16.7154,2026-07-30T00:28:00Z,1.31,N,n,N,VIIRS_SNPP_NRT,1
-1.4151,29.2198,2026-07-30T00:28:00Z,89.53,N,n,N,VIIRS_SNPP_NRT,1
-1.4157,29.2105,2026-07-30T00:28:00Z,63.42,N,n,N,VIIRS_SNPP_NRT,1
-1.4173,29.2215,2026-07-30T00:28:00Z,16.33,N,n,N,VIIRS_SNPP_NRT,1
-1.4193,29.2029,2026-07-30T00:28:00Z,76.09,N,h,N,VIIRS_SNPP_NRT,1
-1.4204,29.2094,2026-07-30T00:28:00Z,30.09,N,n,N,VIIRS_SNPP_NRT,1
-1.4215,29.2037,2026-07-30T00:28:00Z,63.42,N,h,N,VIIRS_SNPP_NRT,1
-1.422,29.2197,2026-07-30T00:28:00Z,30.09,N,n,N,VIIRS_SNPP_NRT,1
-1.4226,29.2108,2026-07-30T00:28:00Z,63.42,N,n,N,VIIRS_SNPP_NRT,1
-1.667,15.0207,2026-07-30T00:28:00Z,0.94,N,n,N,VIIRS_SNPP_NRT,1
-1.7537,15.2958,2026-07-30T00:28:00Z,0.94,N,n,N,VIIRS_SNPP_NRT,1
-1.4139,29.1987,2026-07-30T00:28:00Z,65.08,N,n,N,VIIRS_SNPP_NRT,1
-1.757,15.2953,2026-07-30T00:28:00Z,3.11,N,n,N,VIIRS_SNPP_NRT,1
-1.8275,15.4359,2026-07-30T00:28:00Z,1.11,N,n,N,VIIRS_SNPP_NRT,1
-1.8928,14.7896,2026-07-30T00:28:00Z,1.35,N,n,N,VIIRS_SNPP_NRT,1
-1.8946,14.8005,2026-07-30T00:28:00Z,2.94,N,n,N,VIIRS_SNPP_NRT,1
-1.8951,14.8042,2026-07-30T00:28:00Z,3.82,N,n,N,VIIRS_SNPP_NRT,1
-1.8957,14.8078,2026-07-30T00:28:00Z,3.82,N,n,N,VIIRS_SNPP_NRT,1
-1.8968,14.7927,2026-07-30T00:28:00Z,1.35,N,n,N,VIIRS_SNPP_NRT,1
-1.8974,14.7963,2026-07-30T00:28:00Z,2.94,N,n,N,VIIRS_SNPP_NRT,1
-1.898,14.8,2026-07-30T00:28:00Z,2.94,N,n,N,VIIRS_SNPP_NRT,1
-1.4148,29.2044,2026-07-30T00:28:00Z,63.42,N,h,N,VIIRS_SNPP_NRT,1
-1.4126,29.2038,2026-07-30T00:28:00Z,142.63,N,h,N,VIIRS_SNPP_NRT,1
4.1827,8.4036,2026-07-30T00:28:00Z,1.42,N,n,N,VIIRS_SNPP_NRT,1
-1.4117,29.1982,2026-07-30T00:28:00Z,142.63,N,n,N,VIIRS_SNPP_NRT,1
-4.8955,26.4579,2026-07-30T00:28:00Z,0.84,N,n,N,VIIRS_SNPP_NRT,1
-4.7144,25.2856,2026-07-30T00:28:00Z,1.42,N,n,N,VIIRS_SNPP_NRT,1
-4.7089,25.2864,2026-07-30T00:28:00Z,1.42,N,n,N,VIIRS_SNPP_NRT,1
-4.7084,25.2828,2026-07-30T00:28:00Z,1.42,N,n,N,VIIRS_SNPP_NRT,1
-3.9684,27.3807,2026-07-30T00:28:00Z,3.07,N,n,N,VIIRS_SNPP_NRT,1
-3.9677,27.3758,2026-07-30T00:28:00Z,6.61,N,n,N,VIIRS_SNPP_NRT,1
-3.7591,18.3592,2026-07-30T00:28:00Z,0.62,N,n,N,VIIRS_SNPP_NRT,1
-3.7447,18.4286,2026-07-30T00:28:00Z,1.41,N,n,N,VIIRS_SNPP_NRT,1
-3.6563,18.0989,2026-07-30T00:28:00Z,1.51,N,n,N,VIIRS_SNPP_NRT,1
-1.4056,29.1891,2026-07-30T00:28:00Z,30.02,N,n,N,VIIRS_SNPP_NRT,1
-1.4058,29.2046,2026-07-30T00:28:00Z,142.63,N,h,N,VIIRS_SNPP_NRT,1
-1.4063,29.194,2026-07-30T00:28:00Z,84.7,N,h,N,VIIRS_SNPP_NRT,1
-1.4069,29.211,2026-07-30T00:28:00Z,89.53,N,n,N,VIIRS_SNPP_NRT,1
-1.4071,29.1994,2026-07-30T00:28:00Z,84.7,N,n,N,VIIRS_SNPP_NRT,1
-1.408,29.2052,2026-07-30T00:28:00Z,204.28,N,h,N,VIIRS_SNPP_NRT,1
-1.4086,29.2221,2026-07-30T00:28:00Z,89.53,N,n,N,VIIRS_SNPP_NRT,1
-1.4107,29.2231,2026-07-30T00:28:00Z,6.11,N,n,N,VIIRS_SNPP_NRT,1
-1.4109,29.1929,2026-07-30T00:28:00Z,45.04,N,n,N,VIIRS_SNPP_NRT,1
65.7716,24.1929,2026-07-30T00:28:00Z,3.77,N20,n,N,VIIRS_NOAA20_NRT,1
10.2792,16.7342,2026-07-30T00:26:00Z,0.49,N,n,N,VIIRS_SNPP_NRT,1
10.2799,16.7331,2026-07-30T00:26:00Z,0.74,N,n,N,VIIRS_SNPP_NRT,1
66.5257,76.5085,2026-07-30T00:26:00Z,8.25,N20,n,D,VIIRS_NOAA20_NRT,1
71.175,72.345,2026-07-30T00:26:00Z,5.99,N20,n,D,VIIRS_NOAA20_NRT,1
68.1673,55.3621,2026-07-30T00:26:00Z,3.54,N20,n,D,VIIRS_NOAA20_NRT,1
66.3642,76.987,2026-07-30T00:26:00Z,14.42,N20,n,D,VIIRS_NOAA20_NRT,1
66.3226,76.801,2026-07-30T00:26:00Z,3.31,N20,n,D,VIIRS_NOAA20_NRT,1
66.2513,76.8253,2026-07-30T00:26:00Z,3.12,N20,n,D,VIIRS_NOAA20_NRT,1
66.2006,77.2348,2026-07-30T00:26:00Z,21.83,N20,l,D,VIIRS_NOAA20_NRT,1
66.2005,77.2331,2026-07-30T00:26:00Z,20.43,N20,l,D,VIIRS_NOAA20_NRT,1
66.1994,70.9871,2026-07-30T00:26:00Z,2.99,N20,n,D,VIIRS_NOAA20_NRT,1
66.1956,77.2418,2026-07-30T00:26:00Z,23.18,N20,n,D,VIIRS_NOAA20_NRT,1
66.1955,77.24,2026-07-30T00:26:00Z,20.22,N20,n,D,VIIRS_NOAA20_NRT,1
66.0762,77.3877,2026-07-30T00:26:00Z,12.25,N20,n,D,VIIRS_NOAA20_NRT,1
66.0757,77.384,2026-07-30T00:26:00Z,11.38,N20,n,D,VIIRS_NOAA20_NRT,1
65.9076,77.2388,2026-07-30T00:26:00Z,8.46,N20,n,D,VIIRS_NOAA20_NRT,1
65.9048,77.2503,2026-07-30T00:26:00Z,11.02,N20,n,D,VIIRS_NOAA20_NRT,1
65.8278,76.8701,2026-07-30T00:26:00Z,5.45,N20,n,D,VIIRS_NOAA20_NRT,1
65.8269,76.8601,2026-07-30T00:26:00Z,5.33,N20,n,D,VIIRS_NOAA20_NRT,1
65.0585,67.9776,2026-07-30T00:26:00Z,8.65,N20,n,D,VIIRS_NOAA20_NRT,1
64.9569,76.6367,2026-07-30T00:26:00Z,26.84,N20,n,D,VIIRS_NOAA20_NRT,1
64.8494,77.256,2026-07-30T00:26:00Z,3.3,N20,n,D,VIIRS_NOAA20_NRT,1
66.3647,76.9882,2026-07-30T00:26:00Z,12.11,N20,n,D,VIIRS_NOAA20_NRT,1
66.369,76.9802,2026-07-30T00:26:00Z,14.42,N20,l,D,VIIRS_NOAA20_NRT,1
66.3695,76.9815,2026-07-30T00:26:00Z,12.11,N20,l,D,VIIRS_NOAA20_NRT,1
66.7095,80.4423,2026-07-30T00:26:00Z,13.12,N20,n,D,VIIRS_NOAA20_NRT,1
68.1665,55.3471,2026-07-30T00:26:00Z,0.1,N20,l,D,VIIRS_NOAA20_NRT,1
68.164,55.3548,2026-07-30T00:26:00Z,0.05,N20,l,D,VIIRS_NOAA20_NRT,1
68.1616,55.3626,2026-07-30T00:26:00Z,0.05,N20,l,D,VIIRS_NOAA20_NRT,1
67.8385,58.9361,2026-07-30T00:26:00Z,5.01,N20,n,D,VIIRS_NOAA20_NRT,1
67.0273,75.5227,2026-07-30T00:26:00Z,3.31,N20,n,D,VIIRS_NOAA20_NRT,1
66.9554,75.5394,2026-07-30T00:26:00Z,7.45,N20,n,D,VIIRS_NOAA20_NRT,1
66.7116,80.445,2026-07-30T00:26:00Z,6.94,N20,n,D,VIIRS_NOAA20_NRT,1
66.7063,80.4515,2026-07-30T00:26:00Z,6.94,N20,n,D,VIIRS_NOAA20_NRT,1
66.4049,77.4787,2026-07-30T00:26:00Z,10.86,N20,n,D,VIIRS_NOAA20_NRT,1
66.6731,77.3902,2026-07-30T00:26:00Z,3.42,N20,n,D,VIIRS_NOAA20_NRT,1
66.6636,80.4666,2026-07-30T00:26:00Z,9.98,N20,n,D,VIIRS_NOAA20_NRT,1
66.6621,76.8501,2026-07-30T00:26:00Z,3.37,N20,n,D,VIIRS_NOAA20_NRT,1
66.6613,80.4633,2026-07-30T00:26:00Z,8.06,N20,n,D,VIIRS_NOAA20_NRT,1
66.5256,76.514,2026-07-30T00:26:00Z,8.52,N20,n,D,VIIRS_NOAA20_NRT,1
66.5068,76.4847,2026-07-30T00:26:00Z,7.05,N20,n,D,VIIRS_NOAA20_NRT,1
66.407,77.4749,2026-07-30T00:26:00Z,8.44,N20,n,D,VIIRS_NOAA20_NRT,1
66.6689,80.4601,2026-07-30T00:26:00Z,7.1,N20,n,D,VIIRS_NOAA20_NRT,1
67.5452,83.215,2026-07-30T00:24:00Z,33.88,N20,n,D,VIIRS_NOAA20_NRT,1
67.2738,83.2194,2026-07-30T00:24:00Z,6.13,N20,n,D,VIIRS_NOAA20_NRT,1
67.3635,81.9762,2026-07-30T00:24:00Z,5.82,N20,n,D,VIIRS_NOAA20_NRT,1
67.3641,81.9741,2026-07-30T00:24:00Z,4.42,N20,n,D,VIIRS_NOAA20_NRT,1
67.5502,83.2093,2026-07-30T00:24:00Z,33.88,N20,h,D,VIIRS_NOAA20_NRT,1
68.2092,83.4645,2026-07-30T00:24:00Z,2.4,N20,n,D,VIIRS_NOAA20_NRT,1
68.4118,83.6224,2026-07-30T00:24:00Z,8.87,N20,n,D,VIIRS_NOAA20_NRT,1
68.4123,83.6202,2026-07-30T00:24:00Z,9.36,N20,n,D,VIIRS_NOAA20_NRT,1
68.5254,79.9593,2026-07-30T00:24:00Z,3.76,N20,n,D,VIIRS_NOAA20_NRT,1
67.2819,83.0416,2026-07-30T00:24:00Z,18.92,N20,h,D,VIIRS_NOAA20_NRT,1
26.0305,11.9734,2026-07-30T00:22:00Z,1.45,N,n,N,VIIRS_SNPP_NRT,1
17.9346,34.0442,2026-07-30T00:22:00Z,1.25,N,n,N,VIIRS_SNPP_NRT,1
26.0301,11.9777,2026-07-30T00:22:00Z,1.05,N,n,N,VIIRS_SNPP_NRT,1
26.0314,11.9769,2026-07-30T00:22:00Z,1.13,N,n,N,VIIRS_SNPP_NRT,1
26.4324,11.8506,2026-07-30T00:22:00Z,0.96,N,n,N,VIIRS_SNPP_NRT,1
26.4328,11.8461,2026-07-30T00:22:00Z,0.96,N,n,N,VIIRS_SNPP_NRT,1
29.0503,31.1705,2026-07-30T00:20:00Z,1.45,N,n,N,VIIRS_SNPP_NRT,1
28.9167,19.7742,2026-07-30T00:20:00Z,1.19,N,n,N,VIIRS_SNPP_NRT,1
28.9197,9.742,2026-07-30T00:20:00Z,1.8,N,n,N,VIIRS_SNPP_NRT,1
28.9226,31.0804,2026-07-30T00:20:00Z,1.38,N,n,N,VIIRS_SNPP_NRT,1
28.9245,21.505,2026-07-30T00:20:00Z,0.66,N,n,N,VIIRS_SNPP_NRT,1
28.9163,9.7434,2026-07-30T00:20:00Z,5.11,N,n,N,VIIRS_SNPP_NRT,1
28.9628,33.1839,2026-07-30T00:20:00Z,2.34,N,n,N,VIIRS_SNPP_NRT,1
29.016,31.2016,2026-07-30T00:20:00Z,2.95,N,n,N,VIIRS_SNPP_NRT,1
29.0203,31.2028,2026-07-30T00:20:00Z,2.95,N,n,N,VIIRS_SNPP_NRT,1
29.0369,20.7856,2026-07-30T00:20:00Z,4.15,N,n,N,VIIRS_SNPP_NRT,1
29.0488,31.1717,2026-07-30T00:20:00Z,2.01,N,n,N,VIIRS_SNPP_NRT,1
29.1901,21.5278,2026-07-30T00:20:00Z,2.34,N,n,N,VIIRS_SNPP_NRT,1
29.0552,20.7842,2026-07-30T00:20:00Z,4.21,N,n,N,VIIRS_SNPP_NRT,1
29.0714,19.0632,2026-07-30T00:20:00Z,17.63,N,n,N,VIIRS_SNPP_NRT,1
29.0721,19.0578,2026-07-30T00:20:00Z,16.85,N,n,N,VIIRS_SNPP_NRT,1
29.0752,19.0638,2026-07-30T00:20:00Z,2.52,N,n,N,VIIRS_SNPP_NRT,1
29.0759,19.0584,2026-07-30T00:20:00Z,2.46,N,n,N,VIIRS_SNPP_NRT,1
29.1084,9.6652,2026-07-30T00:20:00Z,0.65,N,n,N,VIIRS_SNPP_NRT,1
28.916,9.75,2026-07-30T00:20:00Z,5.11,N,n,N,VIIRS_SNPP_NRT,1
29.1901,21.4266,2026-07-30T00:20:00Z,2.2,N,n,N,VIIRS_SNPP_NRT,1
29.2156,21.646,2026-07-30T00:20:00Z,2.08,N,n,N,VIIRS_SNPP_NRT,1
29.2302,19.6999,2026-07-30T00:20:00Z,10.63,N,n,N,VIIRS_SNPP_NRT,1
29.2308,19.6948,2026-07-30T00:20:00Z,45.31,N,n,N,VIIRS_SNPP_NRT,1
29.2345,19.6955,2026-07-30T00:20:00Z,1.11,N,n,N,VIIRS_SNPP_NRT,1
28.9161,19.7791,2026-07-30T00:20:00Z,0.87,N,n,N,VIIRS_SNPP_NRT,1
28.9087,19.7779,2026-07-30T00:20:00Z,6.61,N,n,N,VIIRS_SNPP_NRT,1
28.913,19.7736,2026-07-30T00:20:00Z,25.27,N,n,N,VIIRS_SNPP_NRT,1
28.913,9.7415,2026-07-30T00:20:00Z,6.5,N,n,N,VIIRS_SNPP_NRT,1
28.8168,21.2868,2026-07-30T00:20:00Z,1.66,N,n,N,VIIRS_SNPP_NRT,1
29.8207,31.3076,2026-07-30T00:20:00Z,2.26,N,n,N,VIIRS_SNPP_NRT,1
28.8202,22.2608,2026-07-30T00:20:00Z,1.19,N,n,N,VIIRS_SNPP_NRT,1
28.8208,22.2567,2026-07-30T00:20:00Z,1.19,N,n,N,VIIRS_SNPP_NRT,1
28.8294,22.1424,2026-07-30T00:20:00Z,3.59,N,n,N,VIIRS_SNPP_NRT,1
28.8298,21.3199,2026-07-30T00:20:00Z,2.55,N,n,N,VIIRS_SNPP_NRT,1
28.8301,22.1455,2026-07-30T00:20:00Z,1.66,N,n,N,VIIRS_SNPP_NRT,1
28.8307,22.1414,2026-07-30T00:20:00Z,1.66,N,n,N,VIIRS_SNPP_NRT,1
28.8358,22.1298,2026-07-30T00:20:00Z,1.65,N,n,N,VIIRS_SNPP_NRT,1
28.8699,33.1763,2026-07-30T00:20:00Z,1.76,N,n,N,VIIRS_SNPP_NRT,1
28.8907,20.9632,2026-07-30T00:20:00Z,4.38,N,n,N,VIIRS_SNPP_NRT,1
28.891,20.9603,2026-07-30T00:20:00Z,20.19,N,n,N,VIIRS_SNPP_NRT,1
28.8913,20.9587,2026-07-30T00:20:00Z,23.3,N,n,N,VIIRS_SNPP_NRT,1
28.8948,20.9594,2026-07-30T00:20:00Z,2.33,N,n,N,VIIRS_SNPP_NRT,1
28.9012,20.965,2026-07-30T00:20:00Z,0.52,N,n,N,VIIRS_SNPP_NRT,1
28.905,19.7773,2026-07-30T00:20:00Z,1.77,N,n,N,VIIRS_SNPP_NRT,1
28.9056,19.7724,2026-07-30T00:20:00Z,2.37,N,n,N,VIIRS_SNPP_NRT,1
28.9065,20.9524,2026-07-30T00:20:00Z,0.72,N,n,N,VIIRS_SNPP_NRT,1
28.9093,19.773,2026-07-30T00:20:00Z,25.27,N,n,N,VIIRS_SNPP_NRT,1
28.91,19.7682,2026-07-30T00:20:00Z,25.27,N,n,N,VIIRS_SNPP_NRT,1
28.9117,20.9669,2026-07-30T00:20:00Z,1.46,N,n,N,VIIRS_SNPP_NRT,1
28.9124,19.7785,2026-07-30T00:20:00Z,6.61,N,n,N,VIIRS_SNPP_NRT,1
28.9127,9.748,2026-07-30T00:20:00Z,4.49,N,n,N,VIIRS_SNPP_NRT,1
29.4429,17.9666,2026-07-30T00:20:00Z,2.3,N,n,N,VIIRS_SNPP_NRT,1
28.8174,21.2825,2026-07-30T00:20:00Z,1.66,N,n,N,VIIRS_SNPP_NRT,1
29.852,27.9422,2026-07-30T00:20:00Z,1.35,N,n,N,VIIRS_SNPP_NRT,1
30.2538,8.0834,2026-07-30T00:20:00Z,3.68,N,n,N,VIIRS_SNPP_NRT,1
31.1231,29.8127,2026-07-30T00:20:00Z,3.92,N,n,N,VIIRS_SNPP_NRT,1
31.3189,11.8018,2026-07-30T00:20:00Z,4.52,N,n,N,VIIRS_SNPP_NRT,1
31.3972,12.1464,2026-07-30T00:20:00Z,0.86,N,n,N,VIIRS_SNPP_NRT,1
31.3975,12.1414,2026-07-30T00:20:00Z,0.86,N,n,N,VIIRS_SNPP_NRT,1
31.9529,11.1434,2026-07-30T00:20:00Z,1.44,N,n,N,VIIRS_SNPP_NRT,1
31.9552,11.1428,2026-07-30T00:20:00Z,1.12,N,n,N,VIIRS_SNPP_NRT,1
32.0076,20.1335,2026-07-30T00:20:00Z,1.33,N,n,N,VIIRS_SNPP_NRT,1
32.0557,23.9814,2026-07-30T00:20:00Z,0.83,N,n,N,VIIRS_SNPP_NRT,1
32.1997,20.1302,2026-07-30T00:20:00Z,1.44,N,n,N,VIIRS_SNPP_NRT,1
32.2035,20.1309,2026-07-30T00:20:00Z,1.35,N,n,N,VIIRS_SNPP_NRT,1
32.3297,15.243,2026-07-30T00:20:00Z,2.62,N,n,N,VIIRS_SNPP_NRT,1
32.617,22.7257,2026-07-30T00:20:00Z,1.13,N,n,N,VIIRS_SNPP_NRT,1
32.6216,14.3263,2026-07-30T00:20:00Z,0.86,N,n,N,VIIRS_SNPP_NRT,1
32.6269,14.3268,2026-07-30T00:20:00Z,0.86,N,n,N,VIIRS_SNPP_NRT,1
32.7301,22.7412,2026-07-30T00:20:00Z,1.1,N,n,N,VIIRS_SNPP_NRT,1
32.8239,12.9705,2026-07-30T00:20:00Z,1.75,N,n,N,VIIRS_SNPP_NRT,1
32.8493,12.2332,2026-07-30T00:20:00Z,3.44,N,n,N,VIIRS_SNPP_NRT,1
33.3631,8.5445,2026-07-30T00:20:00Z,1.96,N,n,N,VIIRS_SNPP_NRT,1
33.3639,8.5499,2026-07-30T00:20:00Z,1.15,N,n,N,VIIRS_SNPP_NRT,1
33.859,12.0557,2026-07-30T00:20:00Z,3.2,N,n,N,VIIRS_SNPP_NRT,1
33.9275,10.0803,2026-07-30T00:20:00Z,2.99,N,n,N,VIIRS_SNPP_NRT,1
33.9293,10.0792,2026-07-30T00:20:00Z,2.66,N,n,N,VIIRS_SNPP_NRT,1
28.8133,21.2861,2026-07-30T00:20:00Z,1.66,N,n,N,VIIRS_SNPP_NRT,1
31.0977,29.7808,2026-07-30T00:20:00Z,2.45,N,n,N,VIIRS_SNPP_NRT,1
31.0968,29.7814,2026-07-30T00:20:00Z,2.39,N,n,N,VIIRS_SNPP_NRT,1
31.0161,8.1603,2026-07-30T00:20:00Z,3.35,N,n,N,VIIRS_SNPP_NRT,1
30.6707,26.3701,2026-07-30T00:20:00Z,1.05,N,n,N,VIIRS_SNPP_NRT,1
30.2775,31.8355,2026-07-30T00:20:00Z,1.67,N,n,N,VIIRS_SNPP_NRT,1
30.3706,27.2304,2026-07-30T00:20:00Z,1.77,N,n,N,VIIRS_SNPP_NRT,1
30.4037,19.6089,2026-07-30T00:20:00Z,2.7,N,n,N,VIIRS_SNPP_NRT,1
30.4088,19.5988,2026-07-30T00:20:00Z,2.04,N,n,N,VIIRS_SNPP_NRT,1
30.4114,19.5775,2026-07-30T00:20:00Z,1.64,N,n,N,VIIRS_SNPP_NRT,1
30.5022,25.9221,2026-07-30T00:20:00Z,0.8,N,n,N,VIIRS_SNPP_NRT,1
30.5309,26.0831,2026-07-30T00:20:00Z,1.33,N,n,N,VIIRS_SNPP_NRT,1
30.5328,26.0922,2026-07-30T00:20:00Z,1.04,N,n,N,VIIRS_SNPP_NRT,1
30.5391,28.4924,2026-07-30T00:20:00Z,1.94,N,n,N,VIIRS_SNPP_NRT,1
30.6649,8.104,2026-07-30T00:20:00Z,2.15,N,n,N,VIIRS_SNPP_NRT,1
30.6715,26.3659,2026-07-30T00:20:00Z,1.66,N,n,N,VIIRS_SNPP_NRT,1
31.016,8.1557,2026-07-30T00:20:00Z,2.51,N,n,N,VIIRS_SNPP_NRT,1
30.6884,12.4989,2026-07-30T00:20:00Z,1.03,N,n,N,VIIRS_SNPP_NRT,1
30.7038,33.8507,2026-07-30T00:20:00Z,6.42,N,n,N,VIIRS_SNPP_NRT,1
30.7218,33.7744,2026-07-30T00:20:00Z,2.02,N,n,N,VIIRS_SNPP_NRT,1
30.7266,33.7759,2026-07-30T00:20:00Z,1.95,N,n,N,VIIRS_SNPP_NRT,1
30.7609,27.1062,2026-07-30T00:20:00Z,1.05,N,n,N,VIIRS_SNPP_NRT,1
30.7617,27.1017,2026-07-30T00:20:00Z,1.05,N,n,N,VIIRS_SNPP_NRT,1
30.7678,27.1078,2026-07-30T00:20:00Z,0.96,N,n,N,VIIRS_SNPP_NRT,1
30.8493,27.0351,2026-07-30T00:20:00Z,0.88,N,n,N,VIIRS_SNPP_NRT,1
30.8554,26.6192,2026-07-30T00:20:00Z,0.84,N,n,N,VIIRS_SNPP_NRT,1
30.9552,20.1161,2026-07-30T00:20:00Z,1.97,N,n,N,VIIRS_SNPP_NRT,1
28.814,21.2818,2026-07-30T00:20:00Z,1.66,N,n,N,VIIRS_SNPP_NRT,1
28.4352,19.5857,2026-07-30T00:20:00Z,5.24,N,n,N,VIIRS_SNPP_NRT,1
28.7603,21.4126,2026-07-30T00:20:00Z,0.72,N,n,N,VIIRS_SNPP_NRT,1
27.7239,9.8754,2026-07-30T00:20:00Z,4.26,N,n,N,VIIRS_SNPP_NRT,1
27.5944,21.6186,2026-07-30T00:20:00Z,1.38,N,n,N,VIIRS_SNPP_NRT,1
27.6413,22.5034,2026-07-30T00:20:00Z,2.84,N,n,N,VIIRS_SNPP_NRT,1
27.6419,22.4995,2026-07-30T00:20:00Z,4.13,N,n,N,VIIRS_SNPP_NRT,1
27.6446,22.5041,2026-07-30T00:20:00Z,2.84,N,n,N,VIIRS_SNPP_NRT,1
27.6452,22.5002,2026-07-30T00:20:00Z,4.13,N,n,N,VIIRS_SNPP_NRT,1
27.6482,22.4805,2026-07-30T00:20:00Z,8.08,N,n,N,VIIRS_SNPP_NRT,1
27.7029,9.1742,2026-07-30T00:20:00Z,2.91,N,n,N,VIIRS_SNPP_NRT,1
27.7041,9.169,2026-07-30T00:20:00Z,1.6,N,n,N,VIIRS_SNPP_NRT,1
27.7379,9.1773,2026-07-30T00:20:00Z,3.13,N,n,N,VIIRS_SNPP_NRT,1
27.9466,22.3843,2026-07-30T00:20:00Z,0.88,N,n,N,VIIRS_SNPP_NRT,1
27.7752,7.8455,2026-07-30T00:20:00Z,1.13,N,n,N,VIIRS_SNPP_NRT,1
27.7755,7.8457,2026-07-30T00:20:00Z,1.18,N,n,N,VIIRS_SNPP_NRT,1
27.8117,22.4343,2026-07-30T00:20:00Z,6.47,N,n,N,VIIRS_SNPP_NRT,1
27.8137,22.4334,2026-07-30T00:20:00Z,6.73,N,n,N,VIIRS_SNPP_NRT,1
27.9212,9.2479,2026-07-30T00:20:00Z,2.25,N,n,N,VIIRS_SNPP_NRT,1
27.928,9.2483,2026-07-30T00:20:00Z,2.25,N,n,N,VIIRS_SNPP_NRT,1
27.9297,8.3718,2026-07-30T00:20:00Z,2.84,N,n,N,VIIRS_SNPP_NRT,1
27.9334,8.375,2026-07-30T00:20:00Z,3.2,N,n,N,VIIRS_SNPP_NRT,1
27.5824,22.4045,2026-07-30T00:20:00Z,6.74,N,n,N,VIIRS_SNPP_NRT,1
27.4111,8.8354,2026-07-30T00:20:00Z,2.26,N,n,N,VIIRS_SNPP_NRT,1
27.411,8.8345,2026-07-30T00:20:00Z,1.49,N,n,N,VIIRS_SNPP_NRT,1
27.1688,31.0134,2026-07-30T00:20:00Z,3.3,N,n,N,VIIRS_SNPP_NRT,1
10.0535,-64.8758,2026-07-30T00:20:00Z,40.9,Terra,70,N,MODIS_NRT,1
9.7353,-63.4659,2026-07-30T00:20:00Z,33.75,Terra,65,N,MODIS_NRT,1
9.7216,-63.4704,2026-07-30T00:20:00Z,21.08,Terra,27,N,MODIS_NRT,1
9.6497,-63.615,2026-07-30T00:20:00Z,108.57,Terra,85,N,MODIS_NRT,1
9.6496,-63.6201,2026-07-30T00:20:00Z,146.2,Terra,100,N,MODIS_NRT,1
9.6452,-63.6431,2026-07-30T00:20:00Z,108.27,Terra,74,N,MODIS_NRT,1
9.6449,-63.6481,2026-07-30T00:20:00Z,65.84,Terra,50,N,MODIS_NRT,1
9.6441,-63.5623,2026-07-30T00:20:00Z,88.67,Terra,96,N,MODIS_NRT,1
9.6438,-63.5571,2026-07-30T00:20:00Z,92.33,Terra,98,N,MODIS_NRT,1
9.6395,-63.59,2026-07-30T00:20:00Z,29.65,Terra,33,N,MODIS_NRT,1
26.255,32.971,2026-07-30T00:20:00Z,1.49,N,n,N,VIIRS_SNPP_NRT,1
26.5629,12.6778,2026-07-30T00:20:00Z,0.62,N,n,N,VIIRS_SNPP_NRT,1
26.5793,12.2085,2026-07-30T00:20:00Z,5.39,N,n,N,VIIRS_SNPP_NRT,1
26.6984,12.4503,2026-07-30T00:20:00Z,3.02,N,n,N,VIIRS_SNPP_NRT,1
26.704,12.4509,2026-07-30T00:20:00Z,4.25,N,n,N,VIIRS_SNPP_NRT,1
26.7563,12.4129,2026-07-30T00:20:00Z,6.65,N,n,N,VIIRS_SNPP_NRT,1
26.7566,12.4087,2026-07-30T00:20:00Z,6.65,N,n,N,VIIRS_SNPP_NRT,1
27.9433,22.3837,2026-07-30T00:20:00Z,0.88,N,n,N,VIIRS_SNPP_NRT,1
9.6394,-63.5848,2026-07-30T00:20:00Z,49.95,Terra,72,N,MODIS_NRT,1
27.9831,19.9039,2026-07-30T00:20:00Z,6.9,N,n,N,VIIRS_SNPP_NRT,1
28.5824,17.328,2026-07-30T00:20:00Z,7.91,N,n,N,VIIRS_SNPP_NRT,1
28.6395,9.783,2026-07-30T00:20:00Z,1.67,N,n,N,VIIRS_SNPP_NRT,1
28.6398,9.7765,2026-07-30T00:20:00Z,1.67,N,n,N,VIIRS_SNPP_NRT,1
28.6749,9.379,2026-07-30T00:20:00Z,1.98,N,n,N,VIIRS_SNPP_NRT,1
28.676,9.3836,2026-07-30T00:20:00Z,0.91,N,n,N,VIIRS_SNPP_NRT,1
28.6805,21.4608,2026-07-30T00:20:00Z,2.88,N,n,N,VIIRS_SNPP_NRT,1
28.695,22.3753,2026-07-30T00:20:00Z,7.55,N,n,N,VIIRS_SNPP_NRT,1
28.7097,21.453,2026-07-30T00:20:00Z,1.14,N,n,N,VIIRS_SNPP_NRT,1
28.7111,8.9479,2026-07-30T00:20:00Z,2.72,N,n,N,VIIRS_SNPP_NRT,1
27.9867,22.3225,2026-07-30T00:20:00Z,5.39,N,n,N,VIIRS_SNPP_NRT,1
28.7578,22.7973,2026-07-30T00:20:00Z,0.44,N,n,N,VIIRS_SNPP_NRT,1
28.7597,21.4168,2026-07-30T00:20:00Z,0.72,N,n,N,VIIRS_SNPP_NRT,1
28.7364,9.7823,2026-07-30T00:20:00Z,2.94,N,n,N,VIIRS_SNPP_NRT,1
28.7361,9.7888,2026-07-30T00:20:00Z,2.46,N,n,N,VIIRS_SNPP_NRT,1
28.7351,9.15,2026-07-30T00:20:00Z,1.91,N,n,N,VIIRS_SNPP_NRT,1
28.7184,8.941,2026-07-30T00:20:00Z,2.37,N,n,N,VIIRS_SNPP_NRT,1
28.7181,8.9483,2026-07-30T00:20:00Z,2.37,N,n,N,VIIRS_SNPP_NRT,1
28.7169,8.9455,2026-07-30T00:20:00Z,6.22,N,n,N,VIIRS_SNPP_NRT,1
28.7125,21.4518,2026-07-30T00:20:00Z,0.44,N,n,N,VIIRS_SNPP_NRT,1
28.6328,9.7825,2026-07-30T00:20:00Z,1.67,N,n,N,VIIRS_SNPP_NRT,1
28.5822,17.3301,2026-07-30T00:20:00Z,14.08,N,n,N,VIIRS_SNPP_NRT,1
28.582,17.3324,2026-07-30T00:20:00Z,7.91,N,n,N,VIIRS_SNPP_NRT,1
27.9867,19.9045,2026-07-30T00:20:00Z,7.34,N,n,N,VIIRS_SNPP_NRT,1
28.0562,19.9141,2026-07-30T00:20:00Z,1.85,N,n,N,VIIRS_SNPP_NRT,1
28.0563,19.9113,2026-07-30T00:20:00Z,3.23,N,n,N,VIIRS_SNPP_NRT,1
28.0568,19.9094,2026-07-30T00:20:00Z,2.04,N,n,N,VIIRS_SNPP_NRT,1
28.0792,9.7866,2026-07-30T00:20:00Z,3.88,N,n,N,VIIRS_SNPP_NRT,1
28.0818,9.7853,2026-07-30T00:20:00Z,6.81,N,n,N,VIIRS_SNPP_NRT,1
28.1008,19.2517,2026-07-30T00:20:00Z,1.21,N,n,N,VIIRS_SNPP_NRT,1
28.1307,18.7921,2026-07-30T00:20:00Z,1.01,N,n,N,VIIRS_SNPP_NRT,1
28.7125,21.3838,2026-07-30T00:20:00Z,1.68,N,n,N,VIIRS_SNPP_NRT,1
28.1893,9.8024,2026-07-30T00:20:00Z,1.42,N,n,N,VIIRS_SNPP_NRT,1
28.2083,19.9122,2026-07-30T00:20:00Z,1.32,N,n,N,VIIRS_SNPP_NRT,1
28.2851,19.9222,2026-07-30T00:20:00Z,1.03,N,n,N,VIIRS_SNPP_NRT,1
28.4527,9.1368,2026-07-30T00:20:00Z,3.35,N,n,N,VIIRS_SNPP_NRT,1
28.5291,9.1243,2026-07-30T00:20:00Z,2.25,N,n,N,VIIRS_SNPP_NRT,1
28.5294,9.1184,2026-07-30T00:20:00Z,5.08,N,n,N,VIIRS_SNPP_NRT,1
28.5295,9.1172,2026-07-30T00:20:00Z,2.25,N,n,N,VIIRS_SNPP_NRT,1
35.1311,24.5468,2026-07-30T00:18:00Z,5.92,N,n,N,VIIRS_SNPP_NRT,1
35.1316,24.6569,2026-07-30T00:18:00Z,1.15,N,n,N,VIIRS_SNPP_NRT,1
35.1318,24.5647,2026-07-30T00:18:00Z,11.42,N,n,N,VIIRS_SNPP_NRT,1
35.1312,24.5689,2026-07-30T00:18:00Z,3.91,N,n,N,VIIRS_SNPP_NRT,1
35.126,24.5809,2026-07-30T00:18:00Z,1.8,N,n,N,VIIRS_SNPP_NRT,1
35.1305,24.5732,2026-07-30T00:18:00Z,3.91,N,n,N,VIIRS_SNPP_NRT,1
35.1304,24.5511,2026-07-30T00:18:00Z,4.55,N,n,N,VIIRS_SNPP_NRT,1
35.1299,24.5774,2026-07-30T00:18:00Z,1.84,N,n,N,VIIRS_SNPP_NRT,1
35.1298,24.5554,2026-07-30T00:18:00Z,4.55,N,n,N,VIIRS_SNPP_NRT,1
35.1293,24.5817,2026-07-30T00:18:00Z,1.84,N,n,N,VIIRS_SNPP_NRT,1
35.1292,24.5596,2026-07-30T00:18:00Z,12.26,N,n,N,VIIRS_SNPP_NRT,1
35.1285,24.5638,2026-07-30T00:18:00Z,12.26,N,n,N,VIIRS_SNPP_NRT,1
35.128,24.5902,2026-07-30T00:18:00Z,2.1,N,n,N,VIIRS_SNPP_NRT,1
35.1279,24.5681,2026-07-30T00:18:00Z,2.79,N,n,N,VIIRS_SNPP_NRT,1
35.1278,24.546,2026-07-30T00:18:00Z,5.92,N,n,N,VIIRS_SNPP_NRT,1
35.1272,24.5724,2026-07-30T00:18:00Z,2.79,N,n,N,VIIRS_SNPP_NRT,1
35.1271,24.5503,2026-07-30T00:18:00Z,4.55,N,n,N,VIIRS_SNPP_NRT,1
35.1266,24.5766,2026-07-30T00:18:00Z,1.8,N,n,N,VIIRS_SNPP_NRT,1
35.1324,24.5604,2026-07-30T00:18:00Z,11.42,N,n,N,VIIRS_SNPP_NRT,1
35.1258,24.5588,2026-07-30T00:18:00Z,12.26,N,n,N,VIIRS_SNPP_NRT,1
35.1323,24.6527,2026-07-30T00:18:00Z,0.69,N,n,N,VIIRS_SNPP_NRT,1
35.1356,24.6533,2026-07-30T00:18:00Z,0.69,N,n,N,VIIRS_SNPP_NRT,1
35.1331,24.5562,2026-07-30T00:18:00Z,2.81,N,n,N,VIIRS_SNPP_NRT,1
35.1365,24.5791,2026-07-30T00:18:00Z,1.83,N,n,N,VIIRS_SNPP_NRT,1
35.1397,24.6716,2026-07-30T00:18:00Z,0.93,N,n,N,VIIRS_SNPP_NRT,1
35.1397,24.5579,2026-07-30T00:18:00Z,4.7,N,n,N,VIIRS_SNPP_NRT,1
35.139,24.5622,2026-07-30T00:18:00Z,5.4,N,n,N,VIIRS_SNPP_NRT,1
35.1389,24.654,2026-07-30T00:18:00Z,0.97,N,n,N,VIIRS_SNPP_NRT,1
35.1384,24.5664,2026-07-30T00:18:00Z,5.4,N,n,N,VIIRS_SNPP_NRT,1
35.1378,24.5706,2026-07-30T00:18:00Z,2.3,N,n,N,VIIRS_SNPP_NRT,1
35.1377,24.5485,2026-07-30T00:18:00Z,20.72,N,n,N,VIIRS_SNPP_NRT,1
35.1371,24.5749,2026-07-30T00:18:00Z,2.3,N,n,N,VIIRS_SNPP_NRT,1
35.137,24.5528,2026-07-30T00:18:00Z,2.81,N,n,N,VIIRS_SNPP_NRT,1
35.1364,24.6708,2026-07-30T00:18:00Z,0.93,N,n,N,VIIRS_SNPP_NRT,1
35.1332,24.5783,2026-07-30T00:18:00Z,1.84,N,n,N,VIIRS_SNPP_NRT,1
35.1364,24.557,2026-07-30T00:18:00Z,2.81,N,n,N,VIIRS_SNPP_NRT,1
35.1358,24.5613,2026-07-30T00:18:00Z,11.42,N,n,N,VIIRS_SNPP_NRT,1
35.1252,24.5631,2026-07-30T00:18:00Z,12.26,N,n,N,VIIRS_SNPP_NRT,1
35.1351,24.5655,2026-07-30T00:18:00Z,11.42,N,n,N,VIIRS_SNPP_NRT,1
35.135,24.6575,2026-07-30T00:18:00Z,1.15,N,n,N,VIIRS_SNPP_NRT,1
35.1345,24.5698,2026-07-30T00:18:00Z,3.91,N,n,N,VIIRS_SNPP_NRT,1
35.1344,24.5476,2026-07-30T00:18:00Z,20.72,N,n,N,VIIRS_SNPP_NRT,1
35.1338,24.574,2026-07-30T00:18:00Z,3.91,N,n,N,VIIRS_SNPP_NRT,1
35.1337,24.5519,2026-07-30T00:18:00Z,2.81,N,n,N,VIIRS_SNPP_NRT,1
35.1253,24.5851,2026-07-30T00:18:00Z,1.37,N,n,N,VIIRS_SNPP_NRT,1
34.7152,36.6361,2026-07-30T00:18:00Z,1.38,N,n,N,VIIRS_SNPP_NRT,1
35.1247,24.5894,2026-07-30T00:18:00Z,1.37,N,n,N,VIIRS_SNPP_NRT,1
31.741,36.2475,2026-07-30T00:18:00Z,1.03,N,n,N,VIIRS_SNPP_NRT,1
31.6934,36.2764,2026-07-30T00:18:00Z,1.07,N,n,N,VIIRS_SNPP_NRT,1
31.4762,31.7428,2026-07-30T00:18:00Z,4.63,N,n,N,VIIRS_SNPP_NRT,1
31.3345,36.1309,2026-07-30T00:18:00Z,1.38,N,n,N,VIIRS_SNPP_NRT,1
31.3232,32.1452,2026-07-30T00:18:00Z,0.4,N,n,N,VIIRS_SNPP_NRT,1
35.1403,24.5536,2026-07-30T00:18:00Z,4.7,N,n,N,VIIRS_SNPP_NRT,1
-2.5862,-55.1643,2026-07-30T00:18:00Z,8.85,Terra,75,N,MODIS_NRT,1
-2.5876,-55.1746,2026-07-30T00:18:00Z,24.11,Terra,100,N,MODIS_NRT,1
-3.1788,-48.0208,2026-07-30T00:18:00Z,21.09,Terra,87,N,MODIS_NRT,1
-3.1808,-48.0349,2026-07-30T00:18:00Z,9.52,Terra,63,N,MODIS_NRT,1
-4.372,-47.7677,2026-07-30T00:18:00Z,63.13,Terra,100,N,MODIS_NRT,1
-4.373,-47.761,2026-07-30T00:18:00Z,16.3,Terra,79,N,MODIS_NRT,1
-4.3751,-47.7752,2026-07-30T00:18:00Z,20.9,Terra,87,N,MODIS_NRT,1
-5.2351,-56.0093,2026-07-30T00:18:00Z,21.49,Terra,92,N,MODIS_NRT,1
-5.7516,-51.7037,2026-07-30T00:18:00Z,11.55,Terra,89,N,MODIS_NRT,1
-5.7528,-51.7126,2026-07-30T00:18:00Z,16.73,Terra,100,N,MODIS_NRT,1
-6.6499,-59.1135,2026-07-30T00:18:00Z,45.32,Terra,90,N,MODIS_NRT,1
-6.6541,-59.0963,2026-07-30T00:18:00Z,16.65,Terra,61,N,MODIS_NRT,1
-6.657,-59.1192,2026-07-30T00:18:00Z,48.47,Terra,91,N,MODIS_NRT,1
-6.6636,-59.1118,2026-07-30T00:18:00Z,17.61,Terra,61,N,MODIS_NRT,1
31.6977,36.2778,2026-07-30T00:18:00Z,0.88,N,n,N,VIIRS_SNPP_NRT,1
31.9149,34.8952,2026-07-30T00:18:00Z,1.28,N,n,N,VIIRS_SNPP_NRT,1
35.1246,24.5673,2026-07-30T00:18:00Z,2.79,N,n,N,VIIRS_SNPP_NRT,1
32.466,36.7169,2026-07-30T00:18:00Z,0.82,N,n,N,VIIRS_SNPP_NRT,1
35.124,24.5936,2026-07-30T00:18:00Z,1.74,N,n,N,VIIRS_SNPP_NRT,1
35.1239,24.5716,2026-07-30T00:18:00Z,2.79,N,n,N,VIIRS_SNPP_NRT,1
35.1238,24.5495,2026-07-30T00:18:00Z,18.02,N,n,N,VIIRS_SNPP_NRT,1
35.1232,24.5538,2026-07-30T00:18:00Z,18.02,N,n,N,VIIRS_SNPP_NRT,1
35.1225,24.558,2026-07-30T00:18:00Z,22.98,N,n,N,VIIRS_SNPP_NRT,1
35.1205,24.5487,2026-07-30T00:18:00Z,18.02,N,n,N,VIIRS_SNPP_NRT,1
35.1198,24.553,2026-07-30T00:18:00Z,18.02,N,n,N,VIIRS_SNPP_NRT,1
35.1192,24.5573,2026-07-30T00:18:00Z,22.98,N,n,N,VIIRS_SNPP_NRT,1
35.1173,24.57,2026-07-30T00:18:00Z,2.81,N,n,N,VIIRS_SNPP_NRT,1
35.1153,24.5608,2026-07-30T00:18:00Z,1.94,N,n,N,VIIRS_SNPP_NRT,1
35.1113,24.5642,2026-07-30T00:18:00Z,2.38,N,n,N,VIIRS_SNPP_NRT,1
35.1105,24.6609,2026-07-30T00:18:00Z,1.64,N,n,N,VIIRS_SNPP_NRT,1
35.1039,24.6592,2026-07-30T00:18:00Z,2.56,N,n,N,VIIRS_SNPP_NRT,1
34.9132,40.8297,2026-07-30T00:18:00Z,1.18,N,n,N,VIIRS_SNPP_NRT,1
34.9127,37.9472,2026-07-30T00:18:00Z,0.48,N,n,N,VIIRS_SNPP_NRT,1
34.907,40.827,2026-07-30T00:18:00Z,1.18,N,n,N,VIIRS_SNPP_NRT,1
34.7134,36.6386,2026-07-30T00:18:00Z,1.0,N,n,N,VIIRS_SNPP_NRT,1
34.4017,36.4511,2026-07-30T00:18:00Z,4.01,N,n,N,VIIRS_SNPP_NRT,1
34.4007,36.455,2026-07-30T00:18:00Z,2.84,N,n,N,VIIRS_SNPP_NRT,1
35.1398,24.5801,2026-07-30T00:18:00Z,1.83,N,n,N,VIIRS_SNPP_NRT,1
35.1265,24.5546,2026-07-30T00:18:00Z,4.55,N,n,N,VIIRS_SNPP_NRT,1
35.1403,24.6673,2026-07-30T00:18:00Z,0.93,N,n,N,VIIRS_SNPP_NRT,1
36.6513,29.4513,2026-07-30T00:18:00Z,6.01,N,n,N,VIIRS_SNPP_NRT,1
36.7194,36.1993,2026-07-30T00:18:00Z,6.36,N,n,N,VIIRS_SNPP_NRT,1
36.7184,36.1994,2026-07-30T00:18:00Z,6.92,N,n,N,VIIRS_SNPP_NRT,1
36.7056,29.4701,2026-07-30T00:18:00Z,2.26,N,n,N,VIIRS_SNPP_NRT,1
36.6924,29.4816,2026-07-30T00:18:00Z,2.13,N,n,N,VIIRS_SNPP_NRT,1
36.6837,29.4694,2026-07-30T00:18:00Z,3.86,N,n,N,VIIRS_SNPP_NRT,1
36.6828,29.4742,2026-07-30T00:18:00Z,8.98,N,n,N,VIIRS_SNPP_NRT,1
36.6802,29.4683,2026-07-30T00:18:00Z,3.86,N,n,N,VIIRS_SNPP_NRT,1
36.6793,29.4731,2026-07-30T00:18:00Z,8.98,N,n,N,VIIRS_SNPP_NRT,1
36.6759,29.4719,2026-07-30T00:18:00Z,3.13,N,n,N,VIIRS_SNPP_NRT,1
36.6587,29.4653,2026-07-30T00:18:00Z,2.91,N,n,N,VIIRS_SNPP_NRT,1
36.6509,29.4676,2026-07-30T00:18:00Z,1.82,N,n,N,VIIRS_SNPP_NRT,1
39.1697,22.84,2026-07-30T00:18:00Z,1.73,N,n,N,VIIRS_SNPP_NRT,1
36.6504,29.4557,2026-07-30T00:18:00Z,5.0,N,n,N,VIIRS_SNPP_NRT,1
36.6451,29.4056,2026-07-30T00:18:00Z,3.05,N,n,N,VIIRS_SNPP_NRT,1
36.6426,29.4581,2026-07-30T00:18:00Z,2.98,N,n,N,VIIRS_SNPP_NRT,1
36.6418,29.4626,2026-07-30T00:18:00Z,2.6,N,n,N,VIIRS_SNPP_NRT,1
36.6416,29.4046,2026-07-30T00:18:00Z,3.05,N,n,N,VIIRS_SNPP_NRT,1
36.6381,29.4035,2026-07-30T00:18:00Z,1.93,N,n,N,VIIRS_SNPP_NRT,1
36.6225,29.448,2026-07-30T00:18:00Z,2.39,N,n,N,VIIRS_SNPP_NRT,1
36.619,29.447,2026-07-30T00:18:00Z,2.39,N,n,N,VIIRS_SNPP_NRT,1
36.6189,29.4277,2026-07-30T00:18:00Z,2.79,N,n,N,VIIRS_SNPP_NRT,1
36.6181,29.4516,2026-07-30T00:18:00Z,2.39,N,n,N,VIIRS_SNPP_NRT,1
36.7309,29.1981,2026-07-30T00:18:00Z,91.47,N,n,N,VIIRS_SNPP_NRT,1
38.7935,15.205,2026-07-30T00:18:00Z,1.17,N,n,N,VIIRS_SNPP_NRT,1
36.4843,32.3245,2026-07-30T00:18:00Z,3.94,N,n,N,VIIRS_SNPP_NRT,1
36.7404,29.2059,2026-07-30T00:18:00Z,81.85,N,n,N,VIIRS_SNPP_NRT,1
35.1404,24.5758,2026-07-30T00:18:00Z,2.3,N,n,N,VIIRS_SNPP_NRT,1
36.7311,36.2117,2026-07-30T00:18:00Z,5.13,N,n,N,VIIRS_SNPP_NRT,1
36.7318,29.1935,2026-07-30T00:18:00Z,91.47,N,n,N,VIIRS_SNPP_NRT,1
36.7321,36.2114,2026-07-30T00:18:00Z,4.22,N,n,N,VIIRS_SNPP_NRT,1
36.7335,29.2037,2026-07-30T00:18:00Z,9.54,N,n,N,VIIRS_SNPP_NRT,1
36.7344,29.1991,2026-07-30T00:18:00Z,91.47,N,h,N,VIIRS_SNPP_NRT,1
36.7352,29.1945,2026-07-30T00:18:00Z,91.47,N,n,N,VIIRS_SNPP_NRT,1
36.737,29.2048,2026-07-30T00:18:00Z,81.85,N,h,N,VIIRS_SNPP_NRT,1
36.7378,29.2002,2026-07-30T00:18:00Z,93.23,N,h,N,VIIRS_SNPP_NRT,1
36.7387,29.1955,2026-07-30T00:18:00Z,93.23,N,n,N,VIIRS_SNPP_NRT,1
36.7413,29.2012,2026-07-30T00:18:00Z,93.23,N,n,N,VIIRS_SNPP_NRT,1
38.6202,16.0338,2026-07-30T00:18:00Z,0.9,N,n,N,VIIRS_SNPP_NRT,1
36.7438,29.207,2026-07-30T00:18:00Z,2.71,N,n,N,VIIRS_SNPP_NRT,1
37.4389,15.0292,2026-07-30T00:18:00Z,0.79,N,n,N,VIIRS_SNPP_NRT,1
37.6866,15.1143,2026-07-30T00:18:00Z,0.49,N,n,N,VIIRS_SNPP_NRT,1
37.8636,29.371,2026-07-30T00:18:00Z,1.08,N,n,N,VIIRS_SNPP_NRT,1
38.1293,23.5267,2026-07-30T00:18:00Z,1.48,N,n,N,VIIRS_SNPP_NRT,1
38.2661,28.7041,2026-07-30T00:18:00Z,1.06,N,n,N,VIIRS_SNPP_NRT,1
38.267,28.6995,2026-07-30T00:18:00Z,8.78,N,n,N,VIIRS_SNPP_NRT,1
38.3735,24.0634,2026-07-30T00:18:00Z,0.8,N,n,N,VIIRS_SNPP_NRT,1
38.4273,27.219,2026-07-30T00:18:00Z,0.99,N,n,N,VIIRS_SNPP_NRT,1
38.6151,16.0324,2026-07-30T00:18:00Z,2.68,N,n,N,VIIRS_SNPP_NRT,1
36.6146,29.4116,2026-07-30T00:18:00Z,2.01,N,n,N,VIIRS_SNPP_NRT,1
36.65,29.4533,2026-07-30T00:18:00Z,7.86,N,n,N,VIIRS_SNPP_NRT,1
36.4835,32.3283,2026-07-30T00:18:00Z,3.94,N,n,N,VIIRS_SNPP_NRT,1
35.1449,24.6596,2026-07-30T00:18:00Z,1.54,N,n,N,VIIRS_SNPP_NRT,1
35.1422,24.6547,2026-07-30T00:18:00Z,0.97,N,n,N,VIIRS_SNPP_NRT,1
35.1423,24.5631,2026-07-30T00:18:00Z,5.4,N,n,N,VIIRS_SNPP_NRT,1
35.1424,24.6765,2026-07-30T00:18:00Z,1.45,N,n,N,VIIRS_SNPP_NRT,1
35.1429,24.6505,2026-07-30T00:18:00Z,0.97,N,n,N,VIIRS_SNPP_NRT,1
35.143,24.5588,2026-07-30T00:18:00Z,4.7,N,n,N,VIIRS_SNPP_NRT,1
35.143,24.6723,2026-07-30T00:18:00Z,1.65,N,n,N,VIIRS_SNPP_NRT,1
36.4803,32.3232,2026-07-30T00:18:00Z,6.78,N,n,N,VIIRS_SNPP_NRT,1
35.1436,24.5546,2026-07-30T00:18:00Z,4.7,N,n,N,VIIRS_SNPP_NRT,1
35.1436,24.6681,2026-07-30T00:18:00Z,1.65,N,n,N,VIIRS_SNPP_NRT,1
35.1443,24.6639,2026-07-30T00:18:00Z,1.54,N,n,N,VIIRS_SNPP_NRT,1
35.1456,24.6554,2026-07-30T00:18:00Z,1.34,N,n,N,VIIRS_SNPP_NRT,1
36.4556,32.3006,2026-07-30T00:18:00Z,2.79,N,n,N,VIIRS_SNPP_NRT,1
36.4546,32.305,2026-07-30T00:18:00Z,5.23,N,n,N,VIIRS_SNPP_NRT,1
36.4526,32.2945,2026-07-30T00:18:00Z,3.49,N,n,N,VIIRS_SNPP_NRT,1
36.4517,32.2987,2026-07-30T00:18:00Z,3.49,N,n,N,VIIRS_SNPP_NRT,1
36.4508,32.303,2026-07-30T00:18:00Z,2.68,N,n,N,VIIRS_SNPP_NRT,1
36.3608,29.419,2026-07-30T00:18:00Z,1.06,N,n,N,VIIRS_SNPP_NRT,1
36.36,29.4235,2026-07-30T00:18:00Z,1.06,N,n,N,VIIRS_SNPP_NRT,1
35.3882,36.4124,2026-07-30T00:18:00Z,0.72,N,n,N,VIIRS_SNPP_NRT,1
35.1459,24.6075,2026-07-30T00:18:00Z,1.7,N,n,N,VIIRS_SNPP_NRT,1
35.2753,33.62,2026-07-30T00:18:00Z,1.02,N,n,N,VIIRS_SNPP_NRT,1
35.1495,24.652,2026-07-30T00:18:00Z,1.34,N,n,N,VIIRS_SNPP_NRT,1
35.1469,24.6688,2026-07-30T00:18:00Z,1.65,N,n,N,VIIRS_SNPP_NRT,1
35.1476,24.6646,2026-07-30T00:18:00Z,1.54,N,n,N,VIIRS_SNPP_NRT,1
36.4675,32.3239,2026-07-30T00:18:00Z,3.28,N,n,N,VIIRS_SNPP_NRT,1
36.4746,32.3302,2026-07-30T00:18:00Z,4.21,N,n,N,VIIRS_SNPP_NRT,1
36.4755,32.3262,2026-07-30T00:18:00Z,6.78,N,n,N,VIIRS_SNPP_NRT,1
36.4714,32.3252,2026-07-30T00:18:00Z,3.28,N,n,N,VIIRS_SNPP_NRT,1
36.4706,32.3293,2026-07-30T00:18:00Z,9.92,N,n,N,VIIRS_SNPP_NRT,1
35.141,24.5494,2026-07-30T00:18:00Z,6.6,N,n,N,VIIRS_SNPP_NRT,1
36.4697,32.2938,2026-07-30T00:18:00Z,3.96,N,n,N,VIIRS_SNPP_NRT,1
36.4683,32.3199,2026-07-30T00:18:00Z,3.28,N,n,N,VIIRS_SNPP_NRT,1
36.4564,32.2964,2026-07-30T00:18:00Z,2.79,N,n,N,VIIRS_SNPP_NRT,1
36.4658,32.2921,2026-07-30T00:18:00Z,3.96,N,n,N,VIIRS_SNPP_NRT,1
36.4652,32.3146,2026-07-30T00:18:00Z,7.32,N,n,N,VIIRS_SNPP_NRT,1
36.4649,32.2964,2026-07-30T00:18:00Z,3.96,N,n,N,VIIRS_SNPP_NRT,1
36.4644,32.3186,2026-07-30T00:18:00Z,5.3,N,n,N,VIIRS_SNPP_NRT,1
36.4622,32.309,2026-07-30T00:18:00Z,7.32,N,n,N,VIIRS_SNPP_NRT,1
36.462,32.2902,2026-07-30T00:18:00Z,6.68,N,n,N,VIIRS_SNPP_NRT,1
36.4613,32.3132,2026-07-30T00:18:00Z,7.32,N,h,N,VIIRS_SNPP_NRT,1
36.4604,32.3173,2026-07-30T00:18:00Z,5.3,N,n,N,VIIRS_SNPP_NRT,1
36.4573,32.2922,2026-07-30T00:18:00Z,6.68,N,n,N,VIIRS_SNPP_NRT,1
36.4776,32.2963,2026-07-30T00:18:00Z,6.98,N,n,N,VIIRS_SNPP_NRT,1
36.4787,32.3309,2026-07-30T00:18:00Z,4.21,N,n,N,VIIRS_SNPP_NRT,1
36.4795,32.3271,2026-07-30T00:18:00Z,6.78,N,n,N,VIIRS_SNPP_NRT,1
36.4736,32.2952,2026-07-30T00:18:00Z,6.98,N,h,N,VIIRS_SNPP_NRT,1
39.3243,26.9538,2026-07-30T00:16:00Z,1.16,N,n,N,VIIRS_SNPP_NRT,1
39.325,26.9493,2026-07-30T00:16:00Z,1.04,N,n,N,VIIRS_SNPP_NRT,1
39.3133,26.937,2026-07-30T00:16:00Z,3.32,N,n,N,VIIRS_SNPP_NRT,1
39.3185,26.9476,2026-07-30T00:16:00Z,14.42,N,n,N,VIIRS_SNPP_NRT,1
39.321,26.9529,2026-07-30T00:16:00Z,3.07,N,n,N,VIIRS_SNPP_NRT,1
39.3217,26.9485,2026-07-30T00:16:00Z,14.42,N,h,N,VIIRS_SNPP_NRT,1
39.3048,26.9256,2026-07-30T00:16:00Z,3.5,N,n,N,VIIRS_SNPP_NRT,1
36.3189,38.063,2026-07-30T00:16:00Z,0.91,N,n,N,VIIRS_SNPP_NRT,1
39.3107,26.9318,2026-07-30T00:16:00Z,2.18,N,n,N,VIIRS_SNPP_NRT,1
36.3177,38.0674,2026-07-30T00:16:00Z,0.91,N,n,N,VIIRS_SNPP_NRT,1
39.3342,26.9564,2026-07-30T00:16:00Z,1.25,N,n,N,VIIRS_SNPP_NRT,1
36.0837,43.6391,2026-07-30T00:16:00Z,0.99,N,n,N,VIIRS_SNPP_NRT,1
36.0217,43.6842,2026-07-30T00:16:00Z,3.39,N,n,N,VIIRS_SNPP_NRT,1
36.0206,43.6779,2026-07-30T00:16:00Z,2.82,N,n,N,VIIRS_SNPP_NRT,1
36.0002,43.7653,2026-07-30T00:16:00Z,4.65,N,n,N,VIIRS_SNPP_NRT,1
35.9969,43.7595,2026-07-30T00:16:00Z,4.42,N,n,N,VIIRS_SNPP_NRT,1
35.9846,43.7729,2026-07-30T00:16:00Z,3.46,N,n,N,VIIRS_SNPP_NRT,1
35.9841,43.7664,2026-07-30T00:16:00Z,4.51,N,n,N,VIIRS_SNPP_NRT,1
35.9813,43.775,2026-07-30T00:16:00Z,4.51,N,n,N,VIIRS_SNPP_NRT,1
35.9779,43.7691,2026-07-30T00:16:00Z,3.46,N,n,N,VIIRS_SNPP_NRT,1
35.9681,43.7669,2026-07-30T00:16:00Z,9.65,N,n,N,VIIRS_SNPP_NRT,1
39.3041,26.93,2026-07-30T00:16:00Z,2.5,N,n,N,VIIRS_SNPP_NRT,1
39.3055,26.9212,2026-07-30T00:16:00Z,3.5,N,n,N,VIIRS_SNPP_NRT,1
39.3067,26.9353,2026-07-30T00:16:00Z,2.18,N,n,N,VIIRS_SNPP_NRT,1
39.3074,26.9309,2026-07-30T00:16:00Z,2.18,N,n,N,VIIRS_SNPP_NRT,1
39.31,26.9362,2026-07-30T00:16:00Z,2.18,N,n,N,VIIRS_SNPP_NRT,1
39.3335,26.9607,2026-07-30T00:16:00Z,1.25,N,n,N,VIIRS_SNPP_NRT,1
40.241,29.9248,2026-07-30T00:16:00Z,0.58,N,n,N,VIIRS_SNPP_NRT,1
39.337,26.9387,2026-07-30T00:16:00Z,0.6,N,n,N,VIIRS_SNPP_NRT,1
39.3381,26.8884,2026-07-30T00:16:00Z,1.47,N,n,N,VIIRS_SNPP_NRT,1
39.8378,30.3035,2026-07-30T00:16:00Z,0.86,N,n,N,VIIRS_SNPP_NRT,1
39.866,26.2434,2026-07-30T00:16:00Z,3.08,N,n,N,VIIRS_SNPP_NRT,1
40.0174,27.0044,2026-07-30T00:16:00Z,0.67,N,n,N,VIIRS_SNPP_NRT,1
40.0501,32.6534,2026-07-30T00:16:00Z,0.32,N,n,N,VIIRS_SNPP_NRT,1
40.0615,32.7728,2026-07-30T00:16:00Z,0.61,N,n,N,VIIRS_SNPP_NRT,1
40.0681,31.8157,2026-07-30T00:16:00Z,0.54,N,n,N,VIIRS_SNPP_NRT,1
40.1208,26.4657,2026-07-30T00:16:00Z,0.74,N,n,N,VIIRS_SNPP_NRT,1
40.1215,26.4611,2026-07-30T00:16:00Z,0.74,N,n,N,VIIRS_SNPP_NRT,1
36.9163,41.895,2026-07-30T00:16:00Z,2.03,N,n,N,VIIRS_SNPP_NRT,1
40.2621,30.0453,2026-07-30T00:16:00Z,0.69,N,n,N,VIIRS_SNPP_NRT,1
40.4444,27.1402,2026-07-30T00:16:00Z,0.76,N,n,N,VIIRS_SNPP_NRT,1
40.6283,18.0008,2026-07-30T00:16:00Z,1.24,N,n,N,VIIRS_SNPP_NRT,1
40.6301,18.0011,2026-07-30T00:16:00Z,1.9,N,n,N,VIIRS_SNPP_NRT,1
40.6651,16.6512,2026-07-30T00:16:00Z,1.49,N,n,N,VIIRS_SNPP_NRT,1
40.7085,16.4494,2026-07-30T00:16:00Z,0.48,N,n,N,VIIRS_SNPP_NRT,1
40.7553,31.7854,2026-07-30T00:16:00Z,0.56,N,n,N,VIIRS_SNPP_NRT,1
40.7557,29.7602,2026-07-30T00:16:00Z,0.89,N,n,N,VIIRS_SNPP_NRT,1
40.7582,29.7627,2026-07-30T00:16:00Z,0.92,N,n,N,VIIRS_SNPP_NRT,1
40.7591,29.7613,2026-07-30T00:16:00Z,0.89,N,n,N,VIIRS_SNPP_NRT,1
40.7653,29.5275,2026-07-30T00:16:00Z,1.07,N,n,N,VIIRS_SNPP_NRT,1
40.7678,29.5332,2026-07-30T00:16:00Z,0.83,N,n,N,VIIRS_SNPP_NRT,1
40.7686,29.5285,2026-07-30T00:16:00Z,0.83,N,n,N,VIIRS_SNPP_NRT,1
40.7804,29.6019,2026-07-30T00:16:00Z,1.48,N,n,N,VIIRS_SNPP_NRT,1
39.7444,30.1982,2026-07-30T00:16:00Z,0.45,N,n,N,VIIRS_SNPP_NRT,1
39.6807,29.4668,2026-07-30T00:16:00Z,0.48,N,n,N,VIIRS_SNPP_NRT,1
39.582,26.7872,2026-07-30T00:16:00Z,0.95,N,n,N,VIIRS_SNPP_NRT,1
39.3499,26.9006,2026-07-30T00:16:00Z,1.22,N,n,N,VIIRS_SNPP_NRT,1
39.34,26.9624,2026-07-30T00:16:00Z,1.13,N,n,N,VIIRS_SNPP_NRT,1
39.3407,26.8936,2026-07-30T00:16:00Z,1.05,N,n,N,VIIRS_SNPP_NRT,1
39.3407,26.958,2026-07-30T00:16:00Z,1.13,N,n,N,VIIRS_SNPP_NRT,1
39.344,26.9589,2026-07-30T00:16:00Z,5.12,N,n,N,VIIRS_SNPP_NRT,1
39.3447,26.9545,2026-07-30T00:16:00Z,0.88,N,n,N,VIIRS_SNPP_NRT,1
39.3454,26.9501,2026-07-30T00:16:00Z,0.88,N,n,N,VIIRS_SNPP_NRT,1
39.3473,26.9598,2026-07-30T00:16:00Z,5.12,N,n,N,VIIRS_SNPP_NRT,1
39.348,26.9554,2026-07-30T00:16:00Z,0.88,N,n,N,VIIRS_SNPP_NRT,1
39.3487,26.951,2026-07-30T00:16:00Z,0.88,N,n,N,VIIRS_SNPP_NRT,1
39.3492,26.9051,2026-07-30T00:16:00Z,1.88,N,n,N,VIIRS_SNPP_NRT,1
39.3506,26.9606,2026-07-30T00:16:00Z,0.91,N,n,N,VIIRS_SNPP_NRT,1
39.574,26.7943,2026-07-30T00:16:00Z,0.76,N,n,N,VIIRS_SNPP_NRT,1
39.3513,26.9562,2026-07-30T00:16:00Z,2.06,N,n,N,VIIRS_SNPP_NRT,1
39.3518,26.9103,2026-07-30T00:16:00Z,0.63,N,n,N,VIIRS_SNPP_NRT,1
39.3524,26.9059,2026-07-30T00:16:00Z,0.63,N,n,N,VIIRS_SNPP_NRT,1
39.3546,26.9571,2026-07-30T00:16:00Z,2.06,N,n,N,VIIRS_SNPP_NRT,1
39.3553,26.9527,2026-07-30T00:16:00Z,2.06,N,n,N,VIIRS_SNPP_NRT,1
39.4843,30.0396,2026-07-30T00:16:00Z,1.38,N,n,N,VIIRS_SNPP_NRT,1
39.3016,26.9248,2026-07-30T00:16:00Z,3.5,N,n,N,VIIRS_SNPP_NRT,1
39.5281,26.4793,2026-07-30T00:16:00Z,1.35,N,n,N,VIIRS_SNPP_NRT,1
39.5485,26.4801,2026-07-30T00:16:00Z,2.29,N,n,N,VIIRS_SNPP_NRT,1
39.5708,26.7935,2026-07-30T00:16:00Z,1.59,N,n,N,VIIRS_SNPP_NRT,1
36.5149,39.0349,2026-07-30T00:16:00Z,1.54,N,n,N,VIIRS_SNPP_NRT,1
38.919,26.8512,2026-07-30T00:16:00Z,0.99,N,n,N,VIIRS_SNPP_NRT,1
36.9168,41.8962,2026-07-30T00:16:00Z,1.31,N,n,N,VIIRS_SNPP_NRT,1
36.9427,42.1743,2026-07-30T00:16:00Z,3.84,N,n,N,VIIRS_SNPP_NRT,1
39.2868,26.8887,2026-07-30T00:16:00Z,3.04,N,n,N,VIIRS_SNPP_NRT,1
39.2847,26.9019,2026-07-30T00:16:00Z,4.11,N,n,N,VIIRS_SNPP_NRT,1
39.2835,26.8878,2026-07-30T00:16:00Z,3.47,N,n,N,VIIRS_SNPP_NRT,1
39.2821,26.8966,2026-07-30T00:16:00Z,11.68,N,n,N,VIIRS_SNPP_NRT,1
39.2814,26.901,2026-07-30T00:16:00Z,11.68,N,n,N,VIIRS_SNPP_NRT,1
39.2802,26.8869,2026-07-30T00:16:00Z,3.47,N,n,N,VIIRS_SNPP_NRT,1
39.2788,26.8958,2026-07-30T00:16:00Z,11.68,N,n,N,VIIRS_SNPP_NRT,1
39.2781,26.9002,2026-07-30T00:16:00Z,11.68,N,n,N,VIIRS_SNPP_NRT,1
39.2767,26.893,2026-07-30T00:16:00Z,18.93,N,n,N,VIIRS_SNPP_NRT,1
39.276,26.8974,2026-07-30T00:16:00Z,31.7,N,n,N,VIIRS_SNPP_NRT,1
39.2741,26.8878,2026-07-30T00:16:00Z,18.93,N,n,N,VIIRS_SNPP_NRT,1
39.2734,26.8922,2026-07-30T00:16:00Z,18.93,N,n,N,VIIRS_SNPP_NRT,1
39.2727,26.8966,2026-07-30T00:16:00Z,31.7,N,n,N,VIIRS_SNPP_NRT,1
39.1697,27.6314,2026-07-30T00:16:00Z,1.17,N,n,N,VIIRS_SNPP_NRT,1
39.1208,27.5187,2026-07-30T00:16:00Z,0.98,N,n,N,VIIRS_SNPP_NRT,1
39.1175,27.5178,2026-07-30T00:16:00Z,0.98,N,n,N,VIIRS_SNPP_NRT,1
39.1167,27.5222,2026-07-30T00:16:00Z,0.98,N,n,N,VIIRS_SNPP_NRT,1
39.2873,26.9072,2026-07-30T00:16:00Z,2.51,N,n,N,VIIRS_SNPP_NRT,1
39.288,26.9028,2026-07-30T00:16:00Z,4.11,N,n,N,VIIRS_SNPP_NRT,1
39.2893,26.8939,2026-07-30T00:16:00Z,3.04,N,n,N,VIIRS_SNPP_NRT,1
39.2964,26.9142,2026-07-30T00:16:00Z,1.82,N,n,N,VIIRS_SNPP_NRT,1
39.3006,26.8877,2026-07-30T00:16:00Z,12.34,N,n,N,VIIRS_SNPP_NRT,1
40.9458,31.3952,2026-07-30T00:16:00Z,0.86,N,n,N,VIIRS_SNPP_NRT,1
39.2992,26.8965,2026-07-30T00:16:00Z,1.73,N,n,N,VIIRS_SNPP_NRT,1
39.299,26.9195,2026-07-30T00:16:00Z,3.45,N,n,N,VIIRS_SNPP_NRT,1
39.2985,26.9009,2026-07-30T00:16:00Z,5.29,N,n,N,VIIRS_SNPP_NRT,1
39.2983,26.9239,2026-07-30T00:16:00Z,3.45,N,n,N,VIIRS_SNPP_NRT,1
39.2978,26.9054,2026-07-30T00:16:00Z,5.29,N,n,N,VIIRS_SNPP_NRT,1
39.2959,26.8957,2026-07-30T00:16:00Z,3.58,N,n,N,VIIRS_SNPP_NRT,1
39.29,26.8895,2026-07-30T00:16:00Z,3.04,N,n,N,VIIRS_SNPP_NRT,1
39.2957,26.9186,2026-07-30T00:16:00Z,3.45,N,n,N,VIIRS_SNPP_NRT,1
39.2952,26.9001,2026-07-30T00:16:00Z,1.58,N,n,N,VIIRS_SNPP_NRT,1
39.295,26.923,2026-07-30T00:16:00Z,3.45,N,n,N,VIIRS_SNPP_NRT,1
39.2945,26.9045,2026-07-30T00:16:00Z,1.58,N,n,N,VIIRS_SNPP_NRT,1
39.2926,26.8948,2026-07-30T00:16:00Z,3.58,N,n,N,VIIRS_SNPP_NRT,1
39.2912,26.9036,2026-07-30T00:16:00Z,1.58,N,n,N,VIIRS_SNPP_NRT,1
39.2905,26.908,2026-07-30T00:16:00Z,2.06,N,n,N,VIIRS_SNPP_NRT,1
39.0945,27.5116,2026-07-30T00:16:00Z,0.55,N,n,N,VIIRS_SNPP_NRT,1
39.0937,27.516,2026-07-30T00:16:00Z,0.55,N,n,N,VIIRS_SNPP_NRT,1
39.0912,27.5107,2026-07-30T00:16:00Z,0.55,N,n,N,VIIRS_SNPP_NRT,1
38.6657,39.2346,2026-07-30T00:16:00Z,0.84,N,n,N,VIIRS_SNPP_NRT,1
38.752,26.9379,2026-07-30T00:16:00Z,0.75,N,n,N,VIIRS_SNPP_NRT,1
38.7466,26.9502,2026-07-30T00:16:00Z,0.77,N,n,N,VIIRS_SNPP_NRT,1
38.7433,26.9493,2026-07-30T00:16:00Z,1.59,N,n,N,VIIRS_SNPP_NRT,1
38.7395,26.9301,2026-07-30T00:16:00Z,4.04,N,n,N,VIIRS_SNPP_NRT,1
38.7374,26.9432,2026-07-30T00:16:00Z,1.15,N,n,N,VIIRS_SNPP_NRT,1
38.7367,26.9476,2026-07-30T00:16:00Z,1.15,N,n,N,VIIRS_SNPP_NRT,1
38.7339,26.9651,2026-07-30T00:16:00Z,1.57,N,n,N,VIIRS_SNPP_NRT,1
38.4635,33.9179,2026-07-30T00:16:00Z,0.57,N,n,N,VIIRS_SNPP_NRT,1
39.3011,26.9062,2026-07-30T00:16:00Z,5.29,N,n,N,VIIRS_SNPP_NRT,1
37.9388,32.5358,2026-07-30T00:16:00Z,0.83,N,n,N,VIIRS_SNPP_NRT,1
37.4504,37.6048,2026-07-30T00:16:00Z,2.55,N,n,N,VIIRS_SNPP_NRT,1
37.4454,37.6028,2026-07-30T00:16:00Z,1.87,N,n,N,VIIRS_SNPP_NRT,1
37.3777,39.4946,2026-07-30T00:16:00Z,1.33,N,n,N,VIIRS_SNPP_NRT,1
37.352,37.162,2026-07-30T00:16:00Z,1.55,N,n,N,VIIRS_SNPP_NRT,1
36.9652,42.0824,2026-07-30T00:16:00Z,1.67,N,n,N,VIIRS_SNPP_NRT,1
36.9449,42.1722,2026-07-30T00:16:00Z,2.29,N,n,N,VIIRS_SNPP_NRT,1
38.7803,26.9956,2026-07-30T00:16:00Z,3.43,N,n,N,VIIRS_SNPP_NRT,1
38.781,34.3598,2026-07-30T00:16:00Z,0.98,N,n,N,VIIRS_SNPP_NRT,1
39.0904,27.5151,2026-07-30T00:16:00Z,0.55,N,n,N,VIIRS_SNPP_NRT,1
38.9288,26.8538,2026-07-30T00:16:00Z,4.07,N,n,N,VIIRS_SNPP_NRT,1
38.9863,26.3791,2026-07-30T00:16:00Z,1.18,N,n,N,VIIRS_SNPP_NRT,1
38.9856,26.3835,2026-07-30T00:16:00Z,1.18,N,n,N,VIIRS_SNPP_NRT,1
38.9849,26.3879,2026-07-30T00:16:00Z,0.96,N,n,N,VIIRS_SNPP_NRT,1
38.983,26.3782,2026-07-30T00:16:00Z,0.95,N,n,N,VIIRS_SNPP_NRT,1
38.9823,26.3826,2026-07-30T00:16:00Z,0.95,N,n,N,VIIRS_SNPP_NRT,1
38.9816,26.3871,2026-07-30T00:16:00Z,0.66,N,n,N,VIIRS_SNPP_NRT,1
38.979,26.3818,2026-07-30T00:16:00Z,0.95,N,n,N,VIIRS_SNPP_NRT,1
38.9281,26.8582,2026-07-30T00:16:00Z,3.48,N,n,N,VIIRS_SNPP_NRT,1
38.9143,26.8591,2026-07-30T00:16:00Z,6.34,N,n,N,VIIRS_SNPP_NRT,1
38.9255,26.8529,2026-07-30T00:16:00Z,4.07,N,n,N,VIIRS_SNPP_NRT,1
38.9248,26.8573,2026-07-30T00:16:00Z,3.48,N,n,N,VIIRS_SNPP_NRT,1
38.9216,26.8564,2026-07-30T00:16:00Z,4.27,N,n,N,VIIRS_SNPP_NRT,1
38.9208,26.8608,2026-07-30T00:16:00Z,4.27,N,n,N,VIIRS_SNPP_NRT,1
38.9183,26.8556,2026-07-30T00:16:00Z,4.27,N,n,N,VIIRS_SNPP_NRT,1
38.9176,26.86,2026-07-30T00:16:00Z,4.27,N,n,N,VIIRS_SNPP_NRT,1
38.915,26.8547,2026-07-30T00:16:00Z,6.34,N,n,N,VIIRS_SNPP_NRT,1
40.9244,26.2871,2026-07-30T00:16:00Z,0.37,N,n,N,VIIRS_SNPP_NRT,1
39.3023,26.9203,2026-07-30T00:16:00Z,3.5,N,n,N,VIIRS_SNPP_NRT,1
41.0215,28.5566,2026-07-30T00:16:00Z,2.23,N,n,N,VIIRS_SNPP_NRT,1
-6.9958,-51.3059,2026-07-30T00:16:00Z,6.75,Terra,51,N,MODIS_NRT,1
-6.8648,-46.0227,2026-07-30T00:16:00Z,19.17,Terra,68,N,MODIS_NRT,1
-6.8621,-46.0043,2026-07-30T00:16:00Z,32.36,Terra,86,N,MODIS_NRT,1
-6.5908,-51.7102,2026-07-30T00:16:00Z,4.46,Terra,62,N,MODIS_NRT,1
-6.5715,-51.0997,2026-07-30T00:16:00Z,8.12,Terra,62,N,MODIS_NRT,1
-5.7674,-45.7856,2026-07-30T00:16:00Z,17.51,Terra,64,N,MODIS_NRT,1
43.6587,11.8384,2026-07-30T00:16:00Z,1.18,N,n,N,VIIRS_SNPP_NRT,1
44.0809,22.1079,2026-07-30T00:16:00Z,1.04,N,n,N,VIIRS_SNPP_NRT,1
44.1356,23.2717,2026-07-30T00:16:00Z,0.41,N,n,N,VIIRS_SNPP_NRT,1
44.161,23.0044,2026-07-30T00:16:00Z,0.46,N,n,N,VIIRS_SNPP_NRT,1
44.1664,23.0973,2026-07-30T00:16:00Z,0.7,N,n,N,VIIRS_SNPP_NRT,1
44.2174,23.2258,2026-07-30T00:16:00Z,1.27,N,n,N,VIIRS_SNPP_NRT,1
44.2839,23.0045,2026-07-30T00:16:00Z,3.97,N,n,N,VIIRS_SNPP_NRT,1
44.3682,23.109,2026-07-30T00:16:00Z,1.27,N,n,N,VIIRS_SNPP_NRT,1
44.3689,23.1025,2026-07-30T00:16:00Z,2.34,N,n,N,VIIRS_SNPP_NRT,1
44.4073,24.8414,2026-07-30T00:16:00Z,1.16,N,n,N,VIIRS_SNPP_NRT,1
44.4159,26.5183,2026-07-30T00:16:00Z,7.16,N,n,N,VIIRS_SNPP_NRT,1
44.4192,26.5192,2026-07-30T00:16:00Z,0.69,N,n,N,VIIRS_SNPP_NRT,1
44.5952,20.9751,2026-07-30T00:16:00Z,0.98,N,n,N,VIIRS_SNPP_NRT,1
44.7708,20.8085,2026-07-30T00:16:00Z,1.29,N,n,N,VIIRS_SNPP_NRT,1
-6.8684,-46.0149,2026-07-30T00:16:00Z,30.61,Terra,86,N,MODIS_NRT,1
-7.1948,-45.5035,2026-07-30T00:16:00Z,27.25,Terra,80,N,MODIS_NRT,1
45.1224,25.4162,2026-07-30T00:16:00Z,1.1,N,n,N,VIIRS_SNPP_NRT,1
-7.2387,-46.0642,2026-07-30T00:16:00Z,13.76,Terra,60,N,MODIS_NRT,1
-9.6186,-47.7669,2026-07-30T00:16:00Z,108.69,Terra,100,N,MODIS_NRT,1
-9.6169,-47.755,2026-07-30T00:16:00Z,51.53,Terra,100,N,MODIS_NRT,1
-9.6085,-47.7686,2026-07-30T00:16:00Z,66.59,Terra,100,N,MODIS_NRT,1
-9.6067,-47.7566,2026-07-30T00:16:00Z,38.33,Terra,100,N,MODIS_NRT,1
-9.5558,-48.6733,2026-07-30T00:16:00Z,10.55,Terra,77,N,MODIS_NRT,1
-9.5542,-48.6626,2026-07-30T00:16:00Z,11.65,Terra,80,N,MODIS_NRT,1
41.1747,32.6356,2026-07-30T00:16:00Z,1.36,N,n,N,VIIRS_SNPP_NRT,1
-9.5434,-49.2965,2026-07-30T00:16:00Z,15.89,Terra,94,N,MODIS_NRT,1
-9.4487,-50.316,2026-07-30T00:16:00Z,8.33,Terra,78,N,MODIS_NRT,1
-9.4474,-50.3069,2026-07-30T00:16:00Z,5.15,Terra,63,N,MODIS_NRT,1
-9.2247,-50.1043,2026-07-30T00:16:00Z,10.18,Terra,83,N,MODIS_NRT,1
-8.4428,-51.4992,2026-07-30T00:16:00Z,8.86,Terra,83,N,MODIS_NRT,1
-8.0055,-50.0189,2026-07-30T00:16:00Z,13.06,Terra,91,N,MODIS_NRT,1
-8.0042,-50.0094,2026-07-30T00:16:00Z,8.57,Terra,78,N,MODIS_NRT,1
-7.7039,-49.3235,2026-07-30T00:16:00Z,9.85,Terra,78,N,MODIS_NRT,1
-7.5873,-49.5532,2026-07-30T00:16:00Z,8.14,Terra,76,N,MODIS_NRT,1
-7.3759,-57.1916,2026-07-30T00:16:00Z,8.06,Terra,45,N,MODIS_NRT,1
-7.3412,-45.8553,2026-07-30T00:16:00Z,36.0,Terra,90,N,MODIS_NRT,1
-7.2432,-46.0569,2026-07-30T00:16:00Z,22.59,Terra,78,N,MODIS_NRT,1
39.3039,26.8886,2026-07-30T00:16:00Z,12.34,N,n,N,VIIRS_SNPP_NRT,1
-9.5448,-49.3064,2026-07-30T00:16:00Z,18.3,Terra,98,N,MODIS_NRT,1
41.2547,31.4117,2026-07-30T00:16:00Z,1.62,N,n,N,VIIRS_SNPP_NRT,1
46.0392,29.5699,2026-07-30T00:16:00Z,1.47,N,n,N,VIIRS_SNPP_NRT,1
46.0425,29.571,2026-07-30T00:16:00Z,0.51,N,n,N,VIIRS_SNPP_NRT,1
43.3233,10.5193,2026-07-30T00:16:00Z,1.91,N,n,N,VIIRS_SNPP_NRT,1
43.3217,10.5223,2026-07-30T00:16:00Z,1.65,N,n,N,VIIRS_SNPP_NRT,1
43.2336,27.5945,2026-07-30T00:16:00Z,1.05,N,n,N,VIIRS_SNPP_NRT,1
42.7169,24.1713,2026-07-30T00:16:00Z,3.32,N,n,N,VIIRS_SNPP_NRT,1
42.5486,27.3451,2026-07-30T00:16:00Z,1.2,N,n,N,VIIRS_SNPP_NRT,1
41.8273,15.2035,2026-07-30T00:16:00Z,0.54,N,n,N,VIIRS_SNPP_NRT,1
41.6632,19.6834,2026-07-30T00:16:00Z,0.65,N,n,N,VIIRS_SNPP_NRT,1
41.6626,19.6829,2026-07-30T00:16:00Z,0.74,N,n,N,VIIRS_SNPP_NRT,1
41.6357,27.5058,2026-07-30T00:16:00Z,1.12,N,n,N,VIIRS_SNPP_NRT,1
41.6313,27.6857,2026-07-30T00:16:00Z,0.73,N,n,N,VIIRS_SNPP_NRT,1
41.5573,19.735,2026-07-30T00:16:00Z,0.79,N,n,N,VIIRS_SNPP_NRT,1
41.2666,31.427,2026-07-30T00:16:00Z,1.25,N,n,N,VIIRS_SNPP_NRT,1
41.2631,31.4258,2026-07-30T00:16:00Z,2.14,N,n,N,VIIRS_SNPP_NRT,1
41.2586,31.4298,2026-07-30T00:16:00Z,0.94,N,n,N,VIIRS_SNPP_NRT,1
41.2576,31.435,2026-07-30T00:16:00Z,0.94,N,n,N,VIIRS_SNPP_NRT,1
41.1937,32.6246,2026-07-30T00:16:00Z,1.08,N,n,N,VIIRS_SNPP_NRT,1
41.1929,32.6235,2026-07-30T00:16:00Z,2.59,N,n,N,VIIRS_SNPP_NRT,1
41.1892,32.6222,2026-07-30T00:16:00Z,1.01,N,n,N,VIIRS_SNPP_NRT,1
46.04,29.565,2026-07-30T00:16:00Z,1.5,N,n,N,VIIRS_SNPP_NRT,1
41.7968,26.7016,2026-07-30T00:16:00Z,0.96,N,n,N,VIIRS_SNPP_NRT,1
45.9518,25.2817,2026-07-30T00:16:00Z,1.16,N,n,N,VIIRS_SNPP_NRT,1
45.1513,20.0964,2026-07-30T00:16:00Z,2.94,N,n,N,VIIRS_SNPP_NRT,1
44.7712,20.803,2026-07-30T00:16:00Z,1.29,N,n,N,VIIRS_SNPP_NRT,1
44.772,33.8619,2026-07-30T00:16:00Z,0.89,N,n,N,VIIRS_SNPP_NRT,1
45.376,30.9295,2026-07-30T00:16:00Z,1.47,N,n,N,VIIRS_SNPP_NRT,1
44.8162,20.0269,2026-07-30T00:16:00Z,0.84,N,n,N,VIIRS_SNPP_NRT,1
44.8178,20.0273,2026-07-30T00:16:00Z,0.9,N,n,N,VIIRS_SNPP_NRT,1
44.8261,20.1859,2026-07-30T00:16:00Z,0.53,N,n,N,VIIRS_SNPP_NRT,1
45.1226,25.4158,2026-07-30T00:16:00Z,0.79,N,n,N,VIIRS_SNPP_NRT,1
45.1298,33.9982,2026-07-30T00:16:00Z,0.58,N,n,N,VIIRS_SNPP_NRT,1
45.1311,33.9981,2026-07-30T00:16:00Z,0.71,N,n,N,VIIRS_SNPP_NRT,1
44.7923,20.011,2026-07-30T00:16:00Z,1.85,N,n,N,VIIRS_SNPP_NRT,1
45.1557,20.0972,2026-07-30T00:16:00Z,5.27,N,n,N,VIIRS_SNPP_NRT,1
45.2597,31.6758,2026-07-30T00:16:00Z,2.67,N,n,N,VIIRS_SNPP_NRT,1
45.1601,20.0977,2026-07-30T00:16:00Z,5.27,N,n,N,VIIRS_SNPP_NRT,1
45.3564,30.9014,2026-07-30T00:16:00Z,3.21,N,n,N,VIIRS_SNPP_NRT,1
45.2606,31.6707,2026-07-30T00:16:00Z,2.67,N,n,N,VIIRS_SNPP_NRT,1
45.2934,25.1114,2026-07-30T00:16:00Z,1.12,N,n,N,VIIRS_SNPP_NRT,1
45.2573,31.6694,2026-07-30T00:16:00Z,2.48,N,n,N,VIIRS_SNPP_NRT,1
45.2563,31.6746,2026-07-30T00:16:00Z,2.48,N,n,N,VIIRS_SNPP_NRT,1
50.1492,39.6844,2026-07-30T00:13:00Z,1.55,N,n,N,VIIRS_SNPP_NRT,1
50.4175,18.1444,2026-07-30T00:13:00Z,0.75,N,n,N,VIIRS_SNPP_NRT,1
50.1508,39.6876,2026-07-30T00:13:00Z,0.49,N,n,N,VIIRS_SNPP_NRT,1
50.3334,19.2902,2026-07-30T00:13:00Z,1.97,N,n,N,VIIRS_SNPP_NRT,1
50.3382,19.2909,2026-07-30T00:13:00Z,1.97,N,n,N,VIIRS_SNPP_NRT,1
50.1469,39.6853,2026-07-30T00:13:00Z,1.66,N,n,N,VIIRS_SNPP_NRT,1
50.3407,19.3334,2026-07-30T00:13:00Z,1.97,N,n,N,VIIRS_SNPP_NRT,1
50.3789,39.6351,2026-07-30T00:13:00Z,0.69,N,n,N,VIIRS_SNPP_NRT,1
50.4143,18.1396,2026-07-30T00:13:00Z,1.31,N,n,N,VIIRS_SNPP_NRT,1
50.4222,18.1545,2026-07-30T00:13:00Z,0.65,N,n,N,VIIRS_SNPP_NRT,1
50.4177,18.1397,2026-07-30T00:13:00Z,0.75,N,n,N,VIIRS_SNPP_NRT,1
50.419,18.1496,2026-07-30T00:13:00Z,0.53,N,n,N,VIIRS_SNPP_NRT,1
50.4192,18.1449,2026-07-30T00:13:00Z,0.53,N,n,N,VIIRS_SNPP_NRT,1
50.4224,18.1498,2026-07-30T00:13:00Z,0.65,N,n,N,VIIRS_SNPP_NRT,1
50.4231,18.1357,2026-07-30T00:13:00Z,0.48,N,n,N,VIIRS_SNPP_NRT,1
50.4241,18.1503,2026-07-30T00:13:00Z,0.64,N,n,N,VIIRS_SNPP_NRT,1
50.4252,30.3965,2026-07-30T00:13:00Z,1.1,N,n,N,VIIRS_SNPP_NRT,1
49.9063,31.1553,2026-07-30T00:13:00Z,0.85,N,n,N,VIIRS_SNPP_NRT,1
50.0696,45.6311,2026-07-30T00:13:00Z,0.91,N,n,N,VIIRS_SNPP_NRT,1
54.6142,160.3074,2026-07-30T00:13:00Z,42.22,N20,h,D,VIIRS_NOAA20_NRT,1
49.8812,32.2527,2026-07-30T00:13:00Z,0.67,N,n,N,VIIRS_SNPP_NRT,1
49.8795,32.2506,2026-07-30T00:13:00Z,0.86,N,n,N,VIIRS_SNPP_NRT,1
50.4357,35.4948,2026-07-30T00:13:00Z,0.17,N,n,N,VIIRS_SNPP_NRT,1
48.613,21.193,2026-07-30T00:13:00Z,1.05,N,n,N,VIIRS_SNPP_NRT,1
48.6178,21.1876,2026-07-30T00:13:00Z,2.26,N,n,N,VIIRS_SNPP_NRT,1
48.6217,21.1946,2026-07-30T00:13:00Z,1.71,N,n,N,VIIRS_SNPP_NRT,1
48.6676,44.0544,2026-07-30T00:13:00Z,2.43,N,n,N,VIIRS_SNPP_NRT,1
48.8211,46.2937,2026-07-30T00:13:00Z,0.56,N,n,N,VIIRS_SNPP_NRT,1
48.8228,46.2884,2026-07-30T00:13:00Z,0.56,N,n,N,VIIRS_SNPP_NRT,1
48.8943,37.7346,2026-07-30T00:13:00Z,0.64,N,n,N,VIIRS_SNPP_NRT,1
48.9353,37.7396,2026-07-30T00:13:00Z,0.88,N,n,N,VIIRS_SNPP_NRT,1
48.9773,24.7073,2026-07-30T00:13:00Z,1.42,N,n,N,VIIRS_SNPP_NRT,1
48.9774,24.7076,2026-07-30T00:13:00Z,2.46,N,n,N,VIIRS_SNPP_NRT,1
49.2156,16.7711,2026-07-30T00:13:00Z,0.58,N,n,N,VIIRS_SNPP_NRT,1
49.2169,16.7713,2026-07-30T00:13:00Z,0.72,N,n,N,VIIRS_SNPP_NRT,1
49.6015,31.6547,2026-07-30T00:13:00Z,0.29,N,n,N,VIIRS_SNPP_NRT,1
49.8609,18.2761,2026-07-30T00:13:00Z,1.16,N,n,N,VIIRS_SNPP_NRT,1
49.872,32.2533,2026-07-30T00:13:00Z,0.71,N,n,N,VIIRS_SNPP_NRT,1
49.8762,32.2493,2026-07-30T00:13:00Z,0.86,N,n,N,VIIRS_SNPP_NRT,1
50.4253,35.5095,2026-07-30T00:13:00Z,0.72,N,n,N,VIIRS_SNPP_NRT,1
52.3045,32.6499,2026-07-30T00:13:00Z,0.28,N,n,N,VIIRS_SNPP_NRT,1
50.4874,30.4877,2026-07-30T00:13:00Z,6.38,N,n,N,VIIRS_SNPP_NRT,1
52.8492,29.9903,2026-07-30T00:13:00Z,1.09,N,n,N,VIIRS_SNPP_NRT,1
52.3531,9.8876,2026-07-30T00:13:00Z,1.03,N,n,N,VIIRS_SNPP_NRT,1
52.582,19.665,2026-07-30T00:13:00Z,1.55,N,n,N,VIIRS_SNPP_NRT,1
52.5856,19.6918,2026-07-30T00:13:00Z,3.39,N,n,N,VIIRS_SNPP_NRT,1
52.5869,19.6657,2026-07-30T00:13:00Z,1.76,N,n,N,VIIRS_SNPP_NRT,1
52.5904,19.6925,2026-07-30T00:13:00Z,3.39,N,n,N,VIIRS_SNPP_NRT,1
52.8066,32.2236,2026-07-30T00:13:00Z,0.85,N,n,N,VIIRS_SNPP_NRT,1
52.8458,29.9891,2026-07-30T00:13:00Z,5.08,N,n,N,VIIRS_SNPP_NRT,1
53.9107,9.1957,2026-07-30T00:13:00Z,1.54,N,n,N,VIIRS_SNPP_NRT,1
52.1623,10.4122,2026-07-30T00:13:00Z,5.79,N,n,N,VIIRS_SNPP_NRT,1
53.9112,9.2084,2026-07-30T00:13:00Z,1.54,N,n,N,VIIRS_SNPP_NRT,1
53.9125,9.2,2026-07-30T00:13:00Z,2.56,N,n,N,VIIRS_SNPP_NRT,1
-10.9535,-49.8116,2026-07-30T00:13:00Z,5.05,Terra,18,N,MODIS_NRT,1
-10.7796,-50.878,2026-07-30T00:13:00Z,21.46,Terra,100,N,MODIS_NRT,1
-10.7783,-50.8691,2026-07-30T00:13:00Z,12.17,Terra,90,N,MODIS_NRT,1
-10.6329,-47.4988,2026-07-30T00:13:00Z,10.39,Terra,61,N,MODIS_NRT,1
-10.6311,-47.4868,2026-07-30T00:13:00Z,47.29,Terra,100,N,MODIS_NRT,1
54.6119,160.3022,2026-07-30T00:13:00Z,42.22,N20,h,D,VIIRS_NOAA20_NRT,1
52.1581,10.4102,2026-07-30T00:13:00Z,4.52,N,n,N,VIIRS_SNPP_NRT,1
50.535,17.9775,2026-07-30T00:13:00Z,1.09,N,n,N,VIIRS_SNPP_NRT,1
51.1842,16.1171,2026-07-30T00:13:00Z,0.78,N,n,N,VIIRS_SNPP_NRT,1
50.5362,17.9789,2026-07-30T00:13:00Z,0.69,N,n,N,VIIRS_SNPP_NRT,1
50.5364,17.9741,2026-07-30T00:13:00Z,0.69,N,n,N,VIIRS_SNPP_NRT,1
50.5563,22.0574,2026-07-30T00:13:00Z,0.59,N,n,N,VIIRS_SNPP_NRT,1
50.6142,36.6047,2026-07-30T00:13:00Z,0.89,N,n,N,VIIRS_SNPP_NRT,1
50.6144,36.605,2026-07-30T00:13:00Z,0.56,N,n,N,VIIRS_SNPP_NRT,1
50.9104,44.5336,2026-07-30T00:13:00Z,0.68,N,n,N,VIIRS_SNPP_NRT,1
50.9297,21.6755,2026-07-30T00:13:00Z,1.29,N,n,N,VIIRS_SNPP_NRT,1
51.2689,11.6572,2026-07-30T00:13:00Z,1.36,N,n,N,VIIRS_SNPP_NRT,1
52.1578,10.3993,2026-07-30T00:13:00Z,4.52,N,n,N,VIIRS_SNPP_NRT,1
51.691,15.9807,2026-07-30T00:13:00Z,1.53,N,n,N,VIIRS_SNPP_NRT,1
51.8866,29.335,2026-07-30T00:13:00Z,1.58,N,n,N,VIIRS_SNPP_NRT,1
51.89,29.3362,2026-07-30T00:13:00Z,1.95,N,n,N,VIIRS_SNPP_NRT,1
51.8925,29.3432,2026-07-30T00:13:00Z,1.95,N,n,N,VIIRS_SNPP_NRT,1
52.1507,10.3998,2026-07-30T00:13:00Z,3.07,N,n,N,VIIRS_SNPP_NRT,1
52.1547,10.3911,2026-07-30T00:13:00Z,5.56,N,n,N,VIIRS_SNPP_NRT,1
52.155,10.4019,2026-07-30T00:13:00Z,5.56,N,n,N,VIIRS_SNPP_NRT,1
48.6125,21.1992,2026-07-30T00:13:00Z,1.05,N,n,N,VIIRS_SNPP_NRT,1
48.6096,21.1796,2026-07-30T00:13:00Z,1.34,N,n,N,VIIRS_SNPP_NRT,1
48.6052,21.1788,2026-07-30T00:13:00Z,1.34,N,n,N,VIIRS_SNPP_NRT,1
-13.1029,-51.3658,2026-07-30T00:13:00Z,12.73,Terra,91,N,MODIS_NRT,1
45.0467,36.2413,2026-07-30T00:13:00Z,2.95,N,n,N,VIIRS_SNPP_NRT,1
45.0426,41.0962,2026-07-30T00:13:00Z,0.35,N,n,N,VIIRS_SNPP_NRT,1
44.915,48.9646,2026-07-30T00:13:00Z,10.54,N,n,N,VIIRS_SNPP_NRT,1
44.8853,38.1172,2026-07-30T00:13:00Z,2.8,N,n,N,VIIRS_SNPP_NRT,1
44.8382,37.6757,2026-07-30T00:13:00Z,1.19,N,n,N,VIIRS_SNPP_NRT,1
44.7895,39.2162,2026-07-30T00:13:00Z,4.62,N,n,N,VIIRS_SNPP_NRT,1
44.7354,37.8112,2026-07-30T00:13:00Z,0.81,N,n,N,VIIRS_SNPP_NRT,1
-11.0874,-47.7996,2026-07-30T00:13:00Z,13.09,Terra,81,N,MODIS_NRT,1
-11.0891,-47.8111,2026-07-30T00:13:00Z,8.77,Terra,70,N,MODIS_NRT,1
-11.2986,-44.7656,2026-07-30T00:13:00Z,15.74,Terra,46,N,MODIS_NRT,1
-11.3937,-50.1244,2026-07-30T00:13:00Z,6.15,Terra,69,N,MODIS_NRT,1
-11.4166,-50.0932,2026-07-30T00:13:00Z,8.07,Terra,76,N,MODIS_NRT,1
-12.149,-48.9549,2026-07-30T00:13:00Z,8.25,Terra,76,N,MODIS_NRT,1
-12.3145,-46.7563,2026-07-30T00:13:00Z,11.49,Terra,13,N,MODIS_NRT,1
-12.6164,-44.627,2026-07-30T00:13:00Z,16.62,Terra,53,N,MODIS_NRT,1
45.1282,36.6739,2026-07-30T00:13:00Z,1.78,N,n,N,VIIRS_SNPP_NRT,1
45.1294,36.6688,2026-07-30T00:13:00Z,1.47,N,n,N,VIIRS_SNPP_NRT,1
45.1334,36.6704,2026-07-30T00:13:00Z,39.17,N,n,N,VIIRS_SNPP_NRT,1
45.5974,41.4857,2026-07-30T00:13:00Z,2.14,N,n,N,VIIRS_SNPP_NRT,1
45.973,41.6641,2026-07-30T00:13:00Z,0.51,N,n,N,VIIRS_SNPP_NRT,1
45.9683,41.6612,2026-07-30T00:13:00Z,4.34,N,n,N,VIIRS_SNPP_NRT,1
45.9672,41.6651,2026-07-30T00:13:00Z,2.39,N,n,N,VIIRS_SNPP_NRT,1
45.629,40.5044,2026-07-30T00:13:00Z,1.48,N,n,N,VIIRS_SNPP_NRT,1
45.6281,40.5025,2026-07-30T00:13:00Z,2.44,N,n,N,VIIRS_SNPP_NRT,1
45.6244,40.5019,2026-07-30T00:13:00Z,1.48,N,n,N,VIIRS_SNPP_NRT,1
45.206,44.5128,2026-07-30T00:13:00Z,0.66,N,n,N,VIIRS_SNPP_NRT,1
45.1345,36.6653,2026-07-30T00:13:00Z,39.17,N,n,N,VIIRS_SNPP_NRT,1
48.5314,34.6491,2026-07-30T00:13:00Z,1.12,N,n,N,VIIRS_SNPP_NRT,1
45.2007,44.5091,2026-07-30T00:13:00Z,1.02,N,n,N,VIIRS_SNPP_NRT,1
45.199,44.5146,2026-07-30T00:13:00Z,1.02,N,n,N,VIIRS_SNPP_NRT,1
45.1402,36.6788,2026-07-30T00:13:00Z,1.07,N,n,N,VIIRS_SNPP_NRT,1
45.1374,36.672,2026-07-30T00:13:00Z,39.17,N,n,N,VIIRS_SNPP_NRT,1
45.1362,36.6772,2026-07-30T00:13:00Z,57.49,N,n,N,VIIRS_SNPP_NRT,1
-12.6286,-44.6249,2026-07-30T00:13:00Z,14.18,Terra,41,N,MODIS_NRT,1
-13.1041,-51.375,2026-07-30T00:13:00Z,9.24,Terra,82,N,MODIS_NRT,1
46.3627,38.7833,2026-07-30T00:13:00Z,0.88,N,n,N,VIIRS_SNPP_NRT,1
-13.3142,-43.5891,2026-07-30T00:13:00Z,41.86,Terra,86,N,MODIS_NRT,1
-16.7534,-49.3854,2026-07-30T00:13:00Z,12.97,Terra,89,N,MODIS_NRT,1
-16.7954,-49.1559,2026-07-30T00:13:00Z,7.77,Terra,68,N,MODIS_NRT,1
-17.2011,-60.1538,2026-07-30T00:13:00Z,76.87,Terra,79,N,MODIS_NRT,1
-17.2033,-60.1484,2026-07-30T00:13:00Z,69.44,Terra,76,N,MODIS_NRT,1
-17.3986,-59.5657,2026-07-30T00:13:00Z,25.47,Terra,37,N,MODIS_NRT,1
-17.4044,-59.5586,2026-07-30T00:13:00Z,25.45,Terra,37,N,MODIS_NRT,1
-17.4151,-59.5636,2026-07-30T00:13:00Z,25.97,Terra,40,N,MODIS_NRT,1
-17.6852,-60.3362,2026-07-30T00:13:00Z,71.27,Terra,74,N,MODIS_NRT,1
-17.6857,-60.3294,2026-07-30T00:13:00Z,56.37,Terra,66,N,MODIS_NRT,1
-17.6892,-60.3796,2026-07-30T00:13:00Z,43.93,Terra,16,N,MODIS_NRT,1
-17.6894,-60.3727,2026-07-30T00:13:00Z,71.88,Terra,73,N,MODIS_NRT,1
-17.735,-59.9064,2026-07-30T00:13:00Z,251.88,Terra,100,N,MODIS_NRT,1
-17.7383,-59.9014,2026-07-30T00:13:00Z,259.62,Terra,100,N,MODIS_NRT,1
-17.7388,-59.9466,2026-07-30T00:13:00Z,69.28,Terra,78,N,MODIS_NRT,1
-17.7418,-59.9415,2026-07-30T00:13:00Z,115.39,Terra,95,N,MODIS_NRT,1
-16.6873,-49.2357,2026-07-30T00:13:00Z,19.33,Terra,100,N,MODIS_NRT,1
-16.686,-49.2265,2026-07-30T00:13:00Z,8.51,Terra,81,N,MODIS_NRT,1
-16.4316,-59.5729,2026-07-30T00:13:00Z,29.33,Terra,58,N,MODIS_NRT,1
-13.9557,-49.1472,2026-07-30T00:13:00Z,24.05,Terra,100,N,MODIS_NRT,1
-13.3173,-43.595,2026-07-30T00:13:00Z,47.47,Terra,91,N,MODIS_NRT,1
-13.4131,-42.5004,2026-07-30T00:13:00Z,44.2,Terra,79,N,MODIS_NRT,1
-13.416,-42.494,2026-07-30T00:13:00Z,59.73,Terra,89,N,MODIS_NRT,1
-13.6798,-44.3669,2026-07-30T00:13:00Z,25.12,Terra,76,N,MODIS_NRT,1
-13.6828,-44.3849,2026-07-30T00:13:00Z,62.98,Terra,100,N,MODIS_NRT,1
-13.9544,-49.1378,2026-07-30T00:13:00Z,5.7,Terra,62,N,MODIS_NRT,1
-14.1879,-44.0003,2026-07-30T00:13:00Z,31.22,Terra,61,N,MODIS_NRT,1
-16.4248,-59.5787,2026-07-30T00:13:00Z,40.37,Terra,69,N,MODIS_NRT,1
-14.2063,-51.9204,2026-07-30T00:13:00Z,4.71,Terra,51,N,MODIS_NRT,1
-14.4686,-58.6027,2026-07-30T00:13:00Z,22.67,Terra,44,N,MODIS_NRT,1
-15.678,-54.9439,2026-07-30T00:13:00Z,47.68,Terra,100,N,MODIS_NRT,1
-15.6798,-54.959,2026-07-30T00:13:00Z,27.38,Terra,90,N,MODIS_NRT,1
-16.3823,-59.5772,2026-07-30T00:13:00Z,54.72,Terra,78,N,MODIS_NRT,1
-16.3919,-59.5817,2026-07-30T00:13:00Z,46.46,Terra,73,N,MODIS_NRT,1
46.2579,41.9273,2026-07-30T00:13:00Z,0.28,N,n,N,VIIRS_SNPP_NRT,1
45.2043,44.5183,2026-07-30T00:13:00Z,0.66,N,n,N,VIIRS_SNPP_NRT,1
46.377,41.8932,2026-07-30T00:13:00Z,0.17,N,n,N,VIIRS_SNPP_NRT,1
47.8291,30.06,2026-07-30T00:13:00Z,1.02,N,n,N,VIIRS_SNPP_NRT,1
48.2655,14.3273,2026-07-30T00:13:00Z,3.06,N,n,N,VIIRS_SNPP_NRT,1
48.2612,14.3252,2026-07-30T00:13:00Z,1.8,N,n,N,VIIRS_SNPP_NRT,1
48.0995,37.9236,2026-07-30T00:13:00Z,0.96,N,n,N,VIIRS_SNPP_NRT,1
48.057,37.9561,2026-07-30T00:13:00Z,0.34,N,n,N,VIIRS_SNPP_NRT,1
47.9702,37.8259,2026-07-30T00:13:00Z,0.92,N,n,N,VIIRS_SNPP_NRT,1
47.8961,29.832,2026-07-30T00:13:00Z,0.46,N,n,N,VIIRS_SNPP_NRT,1
46.3782,41.8917,2026-07-30T00:13:00Z,0.48,N,n,N,VIIRS_SNPP_NRT,1
47.8807,35.1903,2026-07-30T00:13:00Z,1.29,N,n,N,VIIRS_SNPP_NRT,1
47.8781,35.1891,2026-07-30T00:13:00Z,1.46,N,n,N,VIIRS_SNPP_NRT,1
47.8766,33.4069,2026-07-30T00:13:00Z,0.92,N,n,N,VIIRS_SNPP_NRT,1
47.8756,33.4124,2026-07-30T00:13:00Z,0.92,N,n,N,VIIRS_SNPP_NRT,1
47.8745,33.418,2026-07-30T00:13:00Z,1.19,N,n,N,VIIRS_SNPP_NRT,1
47.8737,33.4415,2026-07-30T00:13:00Z,0.67,N,n,N,VIIRS_SNPP_NRT,1
47.869,35.158,2026-07-30T00:13:00Z,1.31,N,n,N,VIIRS_SNPP_NRT,1
47.868,33.4331,2026-07-30T00:13:00Z,0.58,N,n,N,VIIRS_SNPP_NRT,1
48.2671,14.3255,2026-07-30T00:13:00Z,2.29,N,n,N,VIIRS_SNPP_NRT,1
48.2731,14.3258,2026-07-30T00:13:00Z,2.29,N,n,N,VIIRS_SNPP_NRT,1
48.2788,14.3456,2026-07-30T00:13:00Z,2.42,N,n,N,VIIRS_SNPP_NRT,1
48.4723,44.6525,2026-07-30T00:13:00Z,0.43,N,n,N,VIIRS_SNPP_NRT,1
48.52,34.6311,2026-07-30T00:13:00Z,0.48,N,n,N,VIIRS_SNPP_NRT,1
48.5154,44.5877,2026-07-30T00:13:00Z,0.72,N,n,N,VIIRS_SNPP_NRT,1
48.5105,44.5844,2026-07-30T00:13:00Z,0.72,N,n,N,VIIRS_SNPP_NRT,1
48.4843,44.6717,2026-07-30T00:13:00Z,0.33,N,n,N,VIIRS_SNPP_NRT,1
48.4752,34.6295,2026-07-30T00:13:00Z,0.61,N,n,N,VIIRS_SNPP_NRT,1
48.4745,44.6532,2026-07-30T00:13:00Z,0.85,N,n,N,VIIRS_SNPP_NRT,1
48.4718,34.628,2026-07-30T00:13:00Z,0.61,N,n,N,VIIRS_SNPP_NRT,1
48.2789,14.3391,2026-07-30T00:13:00Z,2.96,N,n,N,VIIRS_SNPP_NRT,1
48.4669,38.7586,2026-07-30T00:13:00Z,0.83,N,n,N,VIIRS_SNPP_NRT,1
48.4629,38.7565,2026-07-30T00:13:00Z,0.83,N,n,N,VIIRS_SNPP_NRT,1
48.4194,37.0498,2026-07-30T00:13:00Z,0.47,N,n,N,VIIRS_SNPP_NRT,1
48.3334,9.7279,2026-07-30T00:13:00Z,1.27,N,n,N,VIIRS_SNPP_NRT,1
48.3112,31.4022,2026-07-30T00:13:00Z,1.61,N,n,N,VIIRS_SNPP_NRT,1
48.279,14.3326,2026-07-30T00:13:00Z,2.96,N,n,N,VIIRS_SNPP_NRT,1
47.8678,35.1642,2026-07-30T00:13:00Z,0.52,N,n,N,VIIRS_SNPP_NRT,1
47.8821,33.3973,2026-07-30T00:13:00Z,1.01,N,n,N,VIIRS_SNPP_NRT,1
47.8283,30.065,2026-07-30T00:13:00Z,0.69,N,n,N,VIIRS_SNPP_NRT,1
46.6805,32.7108,2026-07-30T00:13:00Z,0.52,N,n,N,VIIRS_SNPP_NRT,1
46.7792,48.1278,2026-07-30T00:13:00Z,0.85,N,n,N,VIIRS_SNPP_NRT,1
46.7771,48.1286,2026-07-30T00:13:00Z,1.32,N,n,N,VIIRS_SNPP_NRT,1
46.7747,48.1356,2026-07-30T00:13:00Z,1.32,N,n,N,VIIRS_SNPP_NRT,1
46.7734,48.1234,2026-07-30T00:13:00Z,3.91,N,n,N,VIIRS_SNPP_NRT,1
46.7714,48.1242,2026-07-30T00:13:00Z,1.46,N,n,N,VIIRS_SNPP_NRT,1
46.7211,32.1419,2026-07-30T00:13:00Z,0.35,N,n,N,VIIRS_SNPP_NRT,1
46.7088,35.1133,2026-07-30T00:13:00Z,3.57,N,n,N,VIIRS_SNPP_NRT,1
46.6771,32.7095,2026-07-30T00:13:00Z,0.52,N,n,N,VIIRS_SNPP_NRT,1
47.791,28.9566,2026-07-30T00:13:00Z,0.48,N,n,N,VIIRS_SNPP_NRT,1
46.5381,32.862,2026-07-30T00:13:00Z,1.73,N,n,N,VIIRS_SNPP_NRT,1
46.5347,32.8606,2026-07-30T00:13:00Z,2.64,N,n,N,VIIRS_SNPP_NRT,1
46.5276,32.8403,2026-07-30T00:13:00Z,0.5,N,n,N,VIIRS_SNPP_NRT,1
46.4146,41.8968,2026-07-30T00:13:00Z,0.31,N,n,N,VIIRS_SNPP_NRT,1
46.412,41.8861,2026-07-30T00:13:00Z,1.97,N,n,N,VIIRS_SNPP_NRT,1
46.4109,41.8901,2026-07-30T00:13:00Z,1.97,N,n,N,VIIRS_SNPP_NRT,1
46.4098,41.894,2026-07-30T00:13:00Z,3.14,N,n,N,VIIRS_SNPP_NRT,1
46.7851,35.5608,2026-07-30T00:13:00Z,1.15,N,n,N,VIIRS_SNPP_NRT,1
-13.9647,-49.1459,2026-07-30T00:13:00Z,18.69,Terra,100,N,MODIS_NRT,1
46.8747,32.3557,2026-07-30T00:13:00Z,0.62,N,n,N,VIIRS_SNPP_NRT,1
47.4928,35.2838,2026-07-30T00:13:00Z,1.05,N,n,N,VIIRS_SNPP_NRT,1
46.8736,33.4229,2026-07-30T00:13:00Z,0.59,N,n,N,VIIRS_SNPP_NRT,1
47.1553,35.6377,2026-07-30T00:13:00Z,7.91,N,n,N,VIIRS_SNPP_NRT,1
47.1589,35.6394,2026-07-30T00:13:00Z,7.91,N,n,N,VIIRS_SNPP_NRT,1
47.1966,38.5668,2026-07-30T00:13:00Z,0.54,N,n,N,VIIRS_SNPP_NRT,1
47.3453,18.9099,2026-07-30T00:13:00Z,1.3,N,n,N,VIIRS_SNPP_NRT,1
47.3462,18.9111,2026-07-30T00:13:00Z,1.32,N,n,N,VIIRS_SNPP_NRT,1
47.4581,35.5442,2026-07-30T00:13:00Z,0.46,N,n,N,VIIRS_SNPP_NRT,1
47.4937,36.142,2026-07-30T00:13:00Z,0.62,N,n,N,VIIRS_SNPP_NRT,1
46.8972,26.0319,2026-07-30T00:13:00Z,0.44,N,n,N,VIIRS_SNPP_NRT,1
47.5642,33.8042,2026-07-30T00:13:00Z,0.57,N,n,N,VIIRS_SNPP_NRT,1
47.6748,36.2269,2026-07-30T00:13:00Z,1.24,N,n,N,VIIRS_SNPP_NRT,1
47.695,31.0257,2026-07-30T00:13:00Z,0.47,N,n,N,VIIRS_SNPP_NRT,1
47.7877,28.9556,2026-07-30T00:13:00Z,0.48,N,n,N,VIIRS_SNPP_NRT,1
47.1177,32.6772,2026-07-30T00:13:00Z,1.32,N,n,N,VIIRS_SNPP_NRT,1
51.5904,55.4809,2026-07-30T00:11:00Z,0.6,N,n,N,VIIRS_SNPP_NRT,1
51.444,45.9375,2026-07-30T00:11:00Z,0.43,N,n,N,VIIRS_SNPP_NRT,1
51.4427,45.9418,2026-07-30T00:11:00Z,0.43,N,n,N,VIIRS_SNPP_NRT,1
55.0961,21.8006,2026-07-30T00:11:00Z,0.88,N,n,N,VIIRS_SNPP_NRT,1
53.6637,55.9725,2026-07-30T00:11:00Z,0.88,N,n,N,VIIRS_SNPP_NRT,1
55.5041,28.5862,2026-07-30T00:11:00Z,0.59,N,n,N,VIIRS_SNPP_NRT,1
53.4114,55.9073,2026-07-30T00:11:00Z,2.6,N,n,N,VIIRS_SNPP_NRT,1
53.2678,44.7966,2026-07-30T00:11:00Z,2.32,N,n,N,VIIRS_SNPP_NRT,1
52.2292,54.1287,2026-07-30T00:11:00Z,1.65,N,n,N,VIIRS_SNPP_NRT,1
51.9494,47.769,2026-07-30T00:11:00Z,0.53,N,n,N,VIIRS_SNPP_NRT,1
51.9461,47.76,2026-07-30T00:11:00Z,0.53,N,n,N,VIIRS_SNPP_NRT,1
51.8991,51.3762,2026-07-30T00:11:00Z,1.46,N,n,N,VIIRS_SNPP_NRT,1
51.8747,54.7556,2026-07-30T00:11:00Z,7.87,N,n,N,VIIRS_SNPP_NRT,1
55.5628,51.8833,2026-07-30T00:11:00Z,1.1,N,n,N,VIIRS_SNPP_NRT,1
51.8721,54.7414,2026-07-30T00:11:00Z,2.09,N,n,N,VIIRS_SNPP_NRT,1
51.8713,54.7641,2026-07-30T00:11:00Z,5.34,N,n,N,VIIRS_SNPP_NRT,1
51.8688,54.7498,2026-07-30T00:11:00Z,2.09,N,n,N,VIIRS_SNPP_NRT,1
51.8457,49.9058,2026-07-30T00:11:00Z,0.56,N,n,N,VIIRS_SNPP_NRT,1
51.6457,55.5884,2026-07-30T00:11:00Z,1.21,N,n,N,VIIRS_SNPP_NRT,1
51.6202,52.7853,2026-07-30T00:11:00Z,1.84,N,n,N,VIIRS_SNPP_NRT,1
51.878,54.7472,2026-07-30T00:11:00Z,7.87,N,n,N,VIIRS_SNPP_NRT,1
55.6019,51.905,2026-07-30T00:11:00Z,1.81,N,n,N,VIIRS_SNPP_NRT,1
59.9133,32.3578,2026-07-30T00:11:00Z,0.46,N,n,N,VIIRS_SNPP_NRT,1
-20.3333,-47.5382,2026-07-30T00:11:00Z,4.66,Terra,26,N,MODIS_NRT,1
-20.5476,-43.7707,2026-07-30T00:11:00Z,11.93,Terra,25,N,MODIS_NRT,1
-20.5985,-48.1624,2026-07-30T00:11:00Z,12.72,Terra,79,N,MODIS_NRT,1
-20.5998,-48.1719,2026-07-30T00:11:00Z,23.91,Terra,100,N,MODIS_NRT,1
-20.7251,-54.609,2026-07-30T00:11:00Z,24.65,Terra,81,N,MODIS_NRT,1
-20.7292,-54.5972,2026-07-30T00:11:00Z,11.01,Terra,49,N,MODIS_NRT,1
-20.7311,-54.6149,2026-07-30T00:11:00Z,23.69,Terra,79,N,MODIS_NRT,1
-20.8742,-43.3821,2026-07-30T00:11:00Z,14.77,Terra,18,N,MODIS_NRT,1
-21.0365,-48.4636,2026-07-30T00:11:00Z,23.74,Terra,100,N,MODIS_NRT,1
-21.0454,-48.4622,2026-07-30T00:11:00Z,5.33,Terra,49,N,MODIS_NRT,1
-21.0467,-48.4716,2026-07-30T00:11:00Z,15.77,Terra,94,N,MODIS_NRT,1
-21.0661,-48.5457,2026-07-30T00:11:00Z,63.26,Terra,100,N,MODIS_NRT,1
-21.0674,-48.5551,2026-07-30T00:11:00Z,50.31,Terra,100,N,MODIS_NRT,1
-21.2024,-48.9321,2026-07-30T00:11:00Z,35.8,Terra,100,N,MODIS_NRT,1
-21.2037,-48.9415,2026-07-30T00:11:00Z,5.24,Terra,47,N,MODIS_NRT,1
-21.3488,-44.8167,2026-07-30T00:11:00Z,9.12,Terra,43,N,MODIS_NRT,1
-21.351,-44.8296,2026-07-30T00:11:00Z,7.46,Terra,13,N,MODIS_NRT,1
-21.8027,-53.3747,2026-07-30T00:11:00Z,10.52,Terra,31,N,MODIS_NRT,1
-21.8043,-53.3897,2026-07-30T00:11:00Z,8.71,Terra,29,N,MODIS_NRT,1
-22.9084,-43.7309,2026-07-30T00:11:00Z,12.03,Terra,49,N,MODIS_NRT,1
-20.3445,-40.9478,2026-07-30T00:11:00Z,32.78,Terra,56,N,MODIS_NRT,1
-19.8302,-48.2068,2026-07-30T00:11:00Z,23.3,Terra,100,N,MODIS_NRT,1
-23.3557,-59.2087,2026-07-30T00:11:00Z,134.33,Terra,96,N,MODIS_NRT,1
-19.2705,-42.1452,2026-07-30T00:11:00Z,44.89,Terra,88,N,MODIS_NRT,1
-17.7372,-50.4567,2026-07-30T00:11:00Z,9.26,Terra,24,N,MODIS_NRT,1
-17.8405,-41.9727,2026-07-30T00:11:00Z,21.17,Terra,40,N,MODIS_NRT,1
-18.0419,-51.3021,2026-07-30T00:11:00Z,6.74,Terra,54,N,MODIS_NRT,1
-18.0432,-51.3122,2026-07-30T00:11:00Z,12.33,Terra,81,N,MODIS_NRT,1
-18.2244,-42.2044,2026-07-30T00:11:00Z,54.12,Terra,93,N,MODIS_NRT,1
-18.2286,-42.2109,2026-07-30T00:11:00Z,57.51,Terra,95,N,MODIS_NRT,1
-18.3091,-59.0475,2026-07-30T00:11:00Z,25.34,Terra,54,N,MODIS_NRT,1
59.5299,34.1435,2026-07-30T00:11:00Z,1.94,N,n,N,VIIRS_SNPP_NRT,1
-18.3569,-47.2056,2026-07-30T00:11:00Z,7.8,Terra,56,N,MODIS_NRT,1
-18.3646,-47.1935,2026-07-30T00:11:00Z,26.4,Terra,100,N,MODIS_NRT,1
-18.3662,-47.204,2026-07-30T00:11:00Z,21.34,Terra,99,N,MODIS_NRT,1
-18.3772,-59.0773,2026-07-30T00:11:00Z,43.1,Terra,40,N,MODIS_NRT,1
-18.385,-59.0712,2026-07-30T00:11:00Z,39.32,Terra,69,N,MODIS_NRT,1
-18.3881,-59.1069,2026-07-30T00:11:00Z,46.14,Terra,74,N,MODIS_NRT,1
-18.5191,-46.1767,2026-07-30T00:11:00Z,7.31,Terra,44,N,MODIS_NRT,1
-18.5954,-48.2052,2026-07-30T00:11:00Z,7.79,Terra,58,N,MODIS_NRT,1
-18.9025,-46.0729,2026-07-30T00:11:00Z,7.47,Terra,35,N,MODIS_NRT,1
-19.1797,-47.3469,2026-07-30T00:11:00Z,20.57,Terra,98,N,MODIS_NRT,1
-19.1812,-47.3571,2026-07-30T00:11:00Z,31.24,Terra,100,N,MODIS_NRT,1
-23.3539,-59.214,2026-07-30T00:11:00Z,127.95,Terra,94,N,MODIS_NRT,1
-18.3553,-47.1951,2026-07-30T00:11:00Z,10.2,Terra,70,N,MODIS_NRT,1
-23.9937,-57.5542,2026-07-30T00:11:00Z,24.83,Terra,52,N,MODIS_NRT,1
58.6784,17.1273,2026-07-30T00:11:00Z,1.62,N,n,N,VIIRS_SNPP_NRT,1
58.6811,17.1285,2026-07-30T00:11:00Z,0.51,N,n,N,VIIRS_SNPP_NRT,1
58.684,17.1347,2026-07-30T00:11:00Z,1.16,N,n,N,VIIRS_SNPP_NRT,1
58.684,17.1276,2026-07-30T00:11:00Z,1.74,N,n,N,VIIRS_SNPP_NRT,1
58.6866,17.1359,2026-07-30T00:11:00Z,0.51,N,n,N,VIIRS_SNPP_NRT,1
58.6868,17.1289,2026-07-30T00:11:00Z,0.51,N,n,N,VIIRS_SNPP_NRT,1
59.0552,37.8611,2026-07-30T00:11:00Z,0.94,N,n,N,VIIRS_SNPP_NRT,1
59.0584,37.8632,2026-07-30T00:11:00Z,3.18,N,n,N,VIIRS_SNPP_NRT,1
59.0619,28.1331,2026-07-30T00:11:00Z,1.31,N,n,N,VIIRS_SNPP_NRT,1
59.1282,37.7925,2026-07-30T00:11:00Z,2.07,N,n,N,VIIRS_SNPP_NRT,1
59.1293,37.7859,2026-07-30T00:11:00Z,1.07,N,n,N,VIIRS_SNPP_NRT,1
59.1314,37.7946,2026-07-30T00:11:00Z,2.07,N,n,N,VIIRS_SNPP_NRT,1
59.1325,37.788,2026-07-30T00:11:00Z,1.07,N,n,N,VIIRS_SNPP_NRT,1
59.1346,37.7968,2026-07-30T00:11:00Z,0.8,N,n,N,VIIRS_SNPP_NRT,1
59.145,37.8484,2026-07-30T00:11:00Z,1.11,N,n,N,VIIRS_SNPP_NRT,1
59.1482,37.8506,2026-07-30T00:11:00Z,1.11,N,n,N,VIIRS_SNPP_NRT,1
59.1491,37.8658,2026-07-30T00:11:00Z,2.79,N,n,N,VIIRS_SNPP_NRT,1
59.384,28.4567,2026-07-30T00:11:00Z,1.53,N,n,N,VIIRS_SNPP_NRT,1
59.3877,28.4581,2026-07-30T00:11:00Z,1.53,N,n,N,VIIRS_SNPP_NRT,1
-24.0587,-56.5169,2026-07-30T00:11:00Z,25.2,Terra,62,N,MODIS_NRT,1
58.681,17.1355,2026-07-30T00:11:00Z,0.51,N,n,N,VIIRS_SNPP_NRT,1
59.0616,37.8653,2026-07-30T00:11:00Z,3.18,N,n,N,VIIRS_SNPP_NRT,1
58.6755,17.1282,2026-07-30T00:11:00Z,0.88,N,n,N,VIIRS_SNPP_NRT,1
55.6089,51.9414,2026-07-30T00:11:00Z,1.34,N,n,N,VIIRS_SNPP_NRT,1
-24.0707,-56.5209,2026-07-30T00:11:00Z,22.29,Terra,55,N,MODIS_NRT,1
58.6698,17.135,2026-07-30T00:11:00Z,0.88,N,n,N,VIIRS_SNPP_NRT,1
55.5662,51.9339,2026-07-30T00:11:00Z,0.43,N,n,N,VIIRS_SNPP_NRT,1
55.5872,51.9481,2026-07-30T00:11:00Z,1.04,N,n,N,VIIRS_SNPP_NRT,1
55.5883,51.9641,2026-07-30T00:11:00Z,0.57,N,n,N,VIIRS_SNPP_NRT,1
55.595,51.9022,2026-07-30T00:11:00Z,0.85,N,n,N,VIIRS_SNPP_NRT,1
55.5971,51.9,2026-07-30T00:11:00Z,0.81,N,n,N,VIIRS_SNPP_NRT,1
55.6015,51.902,2026-07-30T00:11:00Z,1.9,N,n,N,VIIRS_SNPP_NRT,1
55.6071,51.9468,2026-07-30T00:11:00Z,1.34,N,n,N,VIIRS_SNPP_NRT,1
55.5998,51.9072,2026-07-30T00:11:00Z,0.85,N,n,N,VIIRS_SNPP_NRT,1
55.6107,51.9359,2026-07-30T00:11:00Z,1.61,N,n,N,VIIRS_SNPP_NRT,1
57.7109,18.8047,2026-07-30T00:11:00Z,0.8,N,n,N,VIIRS_SNPP_NRT,1
58.616,31.2296,2026-07-30T00:11:00Z,0.83,N,n,N,VIIRS_SNPP_NRT,1
57.0596,9.9741,2026-07-30T00:11:00Z,1.1,N,n,N,VIIRS_SNPP_NRT,1
57.7111,18.7987,2026-07-30T00:11:00Z,0.89,N,n,N,VIIRS_SNPP_NRT,1
57.7123,18.803,2026-07-30T00:11:00Z,1.11,N,n,N,VIIRS_SNPP_NRT,1
57.0607,9.9744,2026-07-30T00:11:00Z,2.38,N,n,N,VIIRS_SNPP_NRT,1
57.0601,9.9866,2026-07-30T00:11:00Z,1.1,N,n,N,VIIRS_SNPP_NRT,1
54.8564,56.1142,2026-07-30T00:09:00Z,0.78,N,n,N,VIIRS_SNPP_NRT,1
54.8825,56.0878,2026-07-30T00:09:00Z,0.99,N,n,N,VIIRS_SNPP_NRT,1
54.8856,56.0801,2026-07-30T00:09:00Z,2.1,N,n,N,VIIRS_SNPP_NRT,1
65.7587,24.5237,2026-07-30T00:09:00Z,0.65,N,n,N,VIIRS_SNPP_NRT,1
56.1102,54.0364,2026-07-30T00:09:00Z,0.58,N,n,N,VIIRS_SNPP_NRT,1
56.3999,55.5602,2026-07-30T00:09:00Z,0.41,N,n,N,VIIRS_SNPP_NRT,1
54.9299,56.0665,2026-07-30T00:09:00Z,1.74,N,n,N,VIIRS_SNPP_NRT,1
65.7698,24.1862,2026-07-30T00:09:00Z,2.82,N,n,N,VIIRS_SNPP_NRT,1
65.7651,24.1849,2026-07-30T00:09:00Z,2.82,N,n,N,VIIRS_SNPP_NRT,1
57.6176,56.7676,2026-07-30T00:09:00Z,0.19,N,n,N,VIIRS_SNPP_NRT,1
65.5632,22.2121,2026-07-30T00:09:00Z,3.83,N,n,N,VIIRS_SNPP_NRT,1
65.5631,22.2166,2026-07-30T00:09:00Z,5.23,N,n,N,VIIRS_SNPP_NRT,1
65.5627,22.2252,2026-07-30T00:09:00Z,1.29,N,n,N,VIIRS_SNPP_NRT,1
65.5627,22.2296,2026-07-30T00:09:00Z,1.46,N,n,N,VIIRS_SNPP_NRT,1
64.6451,24.4236,2026-07-30T00:09:00Z,1.79,N,n,N,VIIRS_SNPP_NRT,1
60.525,28.1282,2026-07-30T00:09:00Z,0.67,N,n,N,VIIRS_SNPP_NRT,1
60.521,28.131,2026-07-30T00:09:00Z,1.34,N,n,N,VIIRS_SNPP_NRT,1
57.8702,56.163,2026-07-30T00:09:00Z,1.31,N,n,N,VIIRS_SNPP_NRT,1
54.848,56.1156,2026-07-30T00:09:00Z,1.77,N,n,N,VIIRS_SNPP_NRT,1
54.8512,56.1076,2026-07-30T00:09:00Z,2.31,N,n,N,VIIRS_SNPP_NRT,1
56.4026,55.5624,2026-07-30T00:09:00Z,0.35,N,n,N,VIIRS_SNPP_NRT,1
66.1996,70.9949,2026-07-30T00:07:00Z,2.98,N,n,D,VIIRS_SNPP_NRT,1
61.7525,66.9609,2026-07-30T00:07:00Z,5.13,N,n,D,VIIRS_SNPP_NRT,1
69.2654,57.2905,2026-07-30T00:07:00Z,2.59,N,n,D,VIIRS_SNPP_NRT,1
68.1718,55.351,2026-07-30T00:07:00Z,0.26,N,l,D,VIIRS_SNPP_NRT,1
68.1693,55.3609,2026-07-30T00:07:00Z,3.11,N,n,D,VIIRS_SNPP_NRT,1
68.1687,55.3453,2026-07-30T00:07:00Z,0.09,N,l,D,VIIRS_SNPP_NRT,1
60.9621,70.8659,2026-07-30T00:07:00Z,9.2,N,n,D,VIIRS_SNPP_NRT,1
65.0609,67.9794,2026-07-30T00:07:00Z,5.43,N,n,D,VIIRS_SNPP_NRT,1
65.0543,67.9761,2026-07-30T00:07:00Z,5.43,N,n,D,VIIRS_SNPP_NRT,1
64.9731,71.2175,2026-07-30T00:07:00Z,4.7,N,n,D,VIIRS_SNPP_NRT,1
64.9596,76.6315,2026-07-30T00:07:00Z,25.16,N,l,D,VIIRS_SNPP_NRT,1
64.9592,76.6268,2026-07-30T00:07:00Z,15.25,N,l,D,VIIRS_SNPP_NRT,1
64.9553,76.6388,2026-07-30T00:07:00Z,12.94,N,n,D,VIIRS_SNPP_NRT,1
64.955,76.6342,2026-07-30T00:07:00Z,8.94,N,n,D,VIIRS_SNPP_NRT,1
61.9459,68.4719,2026-07-30T00:07:00Z,7.4,N,n,D,VIIRS_SNPP_NRT,1
60.9596,70.8629,2026-07-30T00:07:00Z,6.78,N,n,D,VIIRS_SNPP_NRT,1
61.5132,70.0856,2026-07-30T00:07:00Z,4.67,N,n,D,VIIRS_SNPP_NRT,1
67.5501,83.2038,2026-07-30T00:05:00Z,28.32,N,n,D,VIIRS_SNPP_NRT,1
67.5461,83.2097,2026-07-30T00:05:00Z,28.32,N,n,D,VIIRS_SNPP_NRT,1
67.2849,83.0373,2026-07-30T00:05:00Z,12.94,N,n,D,VIIRS_SNPP_NRT,1
67.2807,83.0435,2026-07-30T00:05:00Z,10.51,N,n,D,VIIRS_SNPP_NRT,1
67.2734,83.2174,2026-07-30T00:05:00Z,3.52,N,n,D,VIIRS_SNPP_NRT,1
67.2716,83.2061,2026-07-30T00:05:00Z,2.62,N,n,D,VIIRS_SNPP_NRT,1
67.1943,81.9875,2026-07-30T00:05:00Z,3.76,N,n,D,VIIRS_SNPP_NRT,1
67.0253,75.5138,2026-07-30T00:05:00Z,2.78,N,n,D,VIIRS_SNPP_NRT,1
66.9547,75.5379,2026-07-30T00:05:00Z,5.35,N,n,D,VIIRS_SNPP_NRT,1
66.7089,80.4417,2026-07-30T00:05:00Z,11.12,N,n,D,VIIRS_SNPP_NRT,1
66.7048,80.4482,2026-07-30T00:05:00Z,7.36,N,n,D,VIIRS_SNPP_NRT,1
66.673,77.394,2026-07-30T00:05:00Z,2.49,N,n,D,VIIRS_SNPP_NRT,1
66.6728,77.3881,2026-07-30T00:05:00Z,3.64,N,n,D,VIIRS_SNPP_NRT,1
66.6662,80.4534,2026-07-30T00:05:00Z,8.05,N,n,D,VIIRS_SNPP_NRT,1
68.0629,83.3672,2026-07-30T00:05:00Z,3.57,N,n,D,VIIRS_SNPP_NRT,1
66.5215,76.5027,2026-07-30T00:05:00Z,6.08,N,n,D,VIIRS_SNPP_NRT,1
66.525,76.4964,2026-07-30T00:05:00Z,4.24,N,n,D,VIIRS_SNPP_NRT,1
66.2124,77.2412,2026-07-30T00:05:00Z,4.85,N,n,D,VIIRS_SNPP_NRT,1
66.4866,76.3118,2026-07-30T00:05:00Z,5.95,N,n,D,VIIRS_SNPP_NRT,1
66.407,77.4844,2026-07-30T00:05:00Z,3.35,N,n,D,VIIRS_SNPP_NRT,1
66.4036,77.4718,2026-07-30T00:05:00Z,3.11,N,n,D,VIIRS_SNPP_NRT,1
66.3676,76.9827,2026-07-30T00:05:00Z,13.02,N,h,D,VIIRS_SNPP_NRT,1
66.3648,76.9756,2026-07-30T00:05:00Z,15.02,N,h,D,VIIRS_SNPP_NRT,1
66.3198,76.7991,2026-07-30T00:05:00Z,3.31,N,n,D,VIIRS_SNPP_NRT,1
66.3189,76.7909,2026-07-30T00:05:00Z,3.55,N,n,D,VIIRS_SNPP_NRT,1
66.2086,77.2477,2026-07-30T00:05:00Z,3.97,N,n,D,VIIRS_SNPP_NRT,1
66.5041,76.4786,2026-07-30T00:05:00Z,5.78,N,n,D,VIIRS_SNPP_NRT,1
66.2086,77.2453,2026-07-30T00:05:00Z,16.11,N,n,D,VIIRS_SNPP_NRT,1
66.2014,77.2393,2026-07-30T00:05:00Z,16.11,N,l,D,VIIRS_SNPP_NRT,1
66.2014,77.2417,2026-07-30T00:05:00Z,32.42,N,h,D,VIIRS_SNPP_NRT,1
66.1976,77.2459,2026-07-30T00:05:00Z,21.37,N,n,D,VIIRS_SNPP_NRT,1
66.1976,77.2483,2026-07-30T00:05:00Z,19.65,N,n,D,VIIRS_SNPP_NRT,1
65.9077,76.629,2026-07-30T00:05:00Z,3.5,N,n,D,VIIRS_SNPP_NRT,1
65.8579,76.9594,2026-07-30T00:05:00Z,5.0,N,n,D,VIIRS_SNPP_NRT,1
69.3653,88.1115,2026-07-30T00:05:00Z,2.2,N,n,D,VIIRS_SNPP_NRT,1
65.8251,76.8669,2026-07-30T00:05:00Z,7.13,N,n,D,VIIRS_SNPP_NRT,1
65.8571,76.9606,2026-07-30T00:05:00Z,3.73,N,n,D,VIIRS_SNPP_NRT,1
-26.3882,28.2265,2026-07-30T00:01:00Z,1.83,N21,n,N,VIIRS_NOAA21_NRT,1
-26.6684,27.8059,2026-07-30T00:01:00Z,3.71,N21,n,N,VIIRS_NOAA21_NRT,1
-26.6674,27.8108,2026-07-30T00:01:00Z,7.12,N21,n,N,VIIRS_NOAA21_NRT,1
-26.6671,27.8067,2026-07-30T00:01:00Z,7.12,N21,n,N,VIIRS_NOAA21_NRT,1
-26.5524,29.1635,2026-07-30T00:01:00Z,1.56,N21,n,N,VIIRS_NOAA21_NRT,1
-26.4842,29.1444,2026-07-30T00:01:00Z,0.77,N21,n,N,VIIRS_NOAA21_NRT,1
-26.4651,27.7785,2026-07-30T00:01:00Z,2.02,N21,n,N,VIIRS_NOAA21_NRT,1
-26.4118,29.0944,2026-07-30T00:01:00Z,2.38,N21,n,N,VIIRS_NOAA21_NRT,1
-26.4079,29.0404,2026-07-30T00:01:00Z,1.13,N21,n,N,VIIRS_NOAA21_NRT,1
-25.8129,25.8432,2026-07-30T00:01:00Z,1.78,N21,n,N,VIIRS_NOAA21_NRT,1
-25.8178,25.8426,2026-07-30T00:01:00Z,1.61,N21,n,N,VIIRS_NOAA21_NRT,1
-25.9912,27.4821,2026-07-30T00:01:00Z,1.18,N21,n,N,VIIRS_NOAA21_NRT,1
-25.9915,27.486,2026-07-30T00:01:00Z,1.58,N21,n,N,VIIRS_NOAA21_NRT,1
-25.9953,27.4852,2026-07-30T00:01:00Z,3.32,N21,n,N,VIIRS_NOAA21_NRT,1
-25.9969,27.4851,2026-07-30T00:01:00Z,2.13,N21,n,N,VIIRS_NOAA21_NRT,1
-26.044,25.9286,2026-07-30T00:01:00Z,3.24,N21,n,N,VIIRS_NOAA21_NRT,1
-26.0489,25.928,2026-07-30T00:01:00Z,3.91,N21,n,N,VIIRS_NOAA21_NRT,1
-26.1815,25.993,2026-07-30T00:01:00Z,3.44,N21,n,N,VIIRS_NOAA21_NRT,1
-26.1826,25.992,2026-07-30T00:01:00Z,2.11,N21,n,N,VIIRS_NOAA21_NRT,1
-26.2256,29.3423,2026-07-30T00:01:00Z,2.24,N21,n,N,VIIRS_NOAA21_NRT,1
-26.2267,29.3429,2026-07-30T00:01:00Z,2.32,N21,n,N,VIIRS_NOAA21_NRT,1
-26.2393,29.3618,2026-07-30T00:01:00Z,5.14,N21,n,N,VIIRS_NOAA21_NRT,1
-26.2403,29.3624,2026-07-30T00:01:00Z,4.43,N21,n,N,VIIRS_NOAA21_NRT,1
-26.2458,29.3663,2026-07-30T00:01:00Z,3.09,N21,n,N,VIIRS_NOAA21_NRT,1
-26.2462,29.3715,2026-07-30T00:01:00Z,3.09,N21,n,N,VIIRS_NOAA21_NRT,1
-26.2467,29.3669,2026-07-30T00:01:00Z,4.43,N21,n,N,VIIRS_NOAA21_NRT,1
-26.247,29.372,2026-07-30T00:01:00Z,2.81,N21,n,N,VIIRS_NOAA21_NRT,1
-26.386,28.2252,2026-07-30T00:01:00Z,1.37,N21,n,N,VIIRS_NOAA21_NRT,1
-26.6688,27.8099,2026-07-30T00:01:00Z,3.71,N21,n,N,VIIRS_NOAA21_NRT,1
-26.8049,27.8574,2026-07-30T00:01:00Z,1.74,N21,n,N,VIIRS_NOAA21_NRT,1
-26.8322,27.8461,2026-07-30T00:01:00Z,2.05,N21,n,N,VIIRS_NOAA21_NRT,1
19.4041,-155.2709,2026-07-30T00:01:00Z,37.6,N20,l,D,VIIRS_NOAA20_NRT,1
19.3979,-155.287,2026-07-30T00:01:00Z,19.0,N20,n,D,VIIRS_NOAA20_NRT,1
19.3984,-155.2829,2026-07-30T00:01:00Z,51.66,N20,n,D,VIIRS_NOAA20_NRT,1
19.3989,-155.2787,2026-07-30T00:01:00Z,51.66,N20,n,D,VIIRS_NOAA20_NRT,1
19.3994,-155.2746,2026-07-30T00:01:00Z,37.6,N20,n,D,VIIRS_NOAA20_NRT,1
19.3999,-155.2705,2026-07-30T00:01:00Z,37.6,N20,n,D,VIIRS_NOAA20_NRT,1
19.4004,-155.2664,2026-07-30T00:01:00Z,5.58,N20,n,D,VIIRS_NOAA20_NRT,1
19.4009,-155.2623,2026-07-30T00:01:00Z,5.58,N20,n,D,VIIRS_NOAA20_NRT,1
19.4016,-155.2918,2026-07-30T00:01:00Z,19.0,N20,n,D,VIIRS_NOAA20_NRT,1
19.4021,-155.2875,2026-07-30T00:01:00Z,19.0,N20,l,D,VIIRS_NOAA20_NRT,1
19.4026,-155.2833,2026-07-30T00:01:00Z,51.66,N20,h,D,VIIRS_NOAA20_NRT,1
19.4031,-155.2792,2026-07-30T00:01:00Z,51.66,N20,h,D,VIIRS_NOAA20_NRT,1
19.4036,-155.275,2026-07-30T00:01:00Z,37.6,N20,l,D,VIIRS_NOAA20_NRT,1
19.4046,-155.2669,2026-07-30T00:01:00Z,5.58,N20,n,D,VIIRS_NOAA20_NRT,1
-27.0491,28.63,2026-07-30T00:01:00Z,1.53,N21,n,N,VIIRS_NOAA21_NRT,1
19.4051,-155.2628,2026-07-30T00:01:00Z,5.58,N20,n,D,VIIRS_NOAA20_NRT,1
19.4058,-155.2924,2026-07-30T00:01:00Z,17.52,N20,n,D,VIIRS_NOAA20_NRT,1
19.4063,-155.2881,2026-07-30T00:01:00Z,17.52,N20,h,D,VIIRS_NOAA20_NRT,1
19.4068,-155.2839,2026-07-30T00:01:00Z,15.18,N20,h,D,VIIRS_NOAA20_NRT,1
19.4073,-155.2797,2026-07-30T00:01:00Z,15.18,N20,n,D,VIIRS_NOAA20_NRT,1
19.4078,-155.2756,2026-07-30T00:01:00Z,8.6,N20,n,D,VIIRS_NOAA20_NRT,1
19.4088,-155.2674,2026-07-30T00:01:00Z,5.1,N20,n,D,VIIRS_NOAA20_NRT,1
19.4093,-155.2633,2026-07-30T00:01:00Z,5.1,N20,n,D,VIIRS_NOAA20_NRT,1
19.4105,-155.2888,2026-07-30T00:01:00Z,17.52,N20,n,D,VIIRS_NOAA20_NRT,1
19.4131,-155.2679,2026-07-30T00:01:00Z,5.1,N20,n,D,VIIRS_NOAA20_NRT,1
-27.2378,27.563,2026-07-30T00:01:00Z,1.09,N21,n,N,VIIRS_NOAA21_NRT,1
-27.2375,27.5589,2026-07-30T00:01:00Z,2.29,N21,n,N,VIIRS_NOAA21_NRT,1
-26.4058,29.0952,2026-07-30T00:01:00Z,1.83,N21,n,N,VIIRS_NOAA21_NRT,1
